business_id,business_name,category,location,cluster,latitude,longitude,price_level,business_age_years,is_our_business,date,rating,review_count,monthly_reviews,sentiment_score,response_rate,response_time_hours,service_score,value_score,website_visits,social_engagement,engagement_rate,repeat_customer_rate,review_velocity,rating_momentum,review_growth_rate,relative_rating,relative_review_volume,relative_sentiment,market_share_estimate,competitive_score,year,month,quarter,month_name
BIZ_001,Cafe Niloufer,Cafe,Banjara Hills,Central,17.435934,78.446235,1,48.0,True,2025-01-01,4.2,7655,20,0.801,0.78,2.7,4.09,4.33,647,179,0.0609,0.504,0.42,0.0,0.0,1.0322,0.5744,1.5039,0.003829,49.5,2025,1,1,Jan 2025
BIZ_001,Cafe Niloufer,Cafe,Banjara Hills,Central,17.435934,78.446235,1,48.1,True,2025-02-01,4.1,7674,19,0.606,0.704,2.4,3.51,4.59,818,194,0.09,0.387,0.4,-0.1,-0.05,1.0039,0.5741,1.1463,0.003828,40.7,2025,2,1,Feb 2025
BIZ_001,Cafe Niloufer,Cafe,Banjara Hills,Central,17.435934,78.446235,1,48.2,True,2025-03-01,4.32,7679,5,0.772,0.714,7.7,4.32,4.18,716,194,0.0237,0.449,0.1,0.22,-0.7368,1.0529,0.152,1.4765,0.001013,41.0,2025,3,1,Mar 2025
BIZ_001,Cafe Niloufer,Cafe,Banjara Hills,Central,17.435934,78.446235,1,48.2,True,2025-04-01,4.52,7693,14,0.793,0.843,3.9,4.24,4.67,778,156,0.0352,0.458,0.29,0.2,1.8,1.0957,0.4257,1.4952,0.002838,50.8,2025,4,2,Apr 2025
BIZ_001,Cafe Niloufer,Cafe,Banjara Hills,Central,17.435934,78.446235,1,48.3,True,2025-05-01,4.27,7704,11,0.802,0.681,4.4,4.11,4.58,709,197,0.0345,0.569,0.23,-0.25,-0.2143,1.0365,0.3845,1.524,0.002564,43.3,2025,5,2,May 2025
BIZ_001,Cafe Niloufer,Cafe,Banjara Hills,Central,17.435934,78.446235,1,48.4,True,2025-06-01,4.32,7719,15,0.689,0.801,2.2,3.94,5.0,657,147,0.0436,0.463,0.31,0.05,0.3636,1.0566,0.5367,1.2975,0.003578,43.3,2025,6,2,Jun 2025
BIZ_001,Cafe Niloufer,Cafe,Banjara Hills,Central,17.435934,78.446235,1,48.5,True,2025-07-01,4.47,7734,15,0.804,0.695,4.4,4.33,4.78,501,166,0.0415,0.547,0.31,0.15,0.0,1.0989,0.6195,1.5029,0.00413,47.3,2025,7,3,Jul 2025
BIZ_001,Cafe Niloufer,Cafe,Banjara Hills,Central,17.435934,78.446235,1,48.6,True,2025-08-01,4.2,7746,12,0.726,0.734,4.8,4.09,4.5,942,159,0.0622,0.381,0.25,-0.27,-0.2,1.04,0.4852,1.3466,0.003235,46.2,2025,8,3,Aug 2025
BIZ_001,Cafe Niloufer,Cafe,Banjara Hills,Central,17.435934,78.446235,1,48.7,True,2025-09-01,4.2,7762,16,0.839,0.812,5.0,4.38,4.33,749,97,0.0201,0.41,0.33,0.0,0.3333,1.0432,0.5493,1.5708,0.003662,42.8,2025,9,3,Sep 2025
BIZ_001,Cafe Niloufer,Cafe,Banjara Hills,Central,17.435934,78.446235,1,48.8,True,2025-10-01,4.15,7781,19,0.732,0.641,1.6,3.76,4.02,1049,159,0.0393,0.353,0.39,-0.05,0.1875,1.0307,0.6532,1.3702,0.004355,41.8,2025,10,4,Oct 2025
BIZ_001,Cafe Niloufer,Cafe,Banjara Hills,Central,17.435934,78.446235,1,48.8,True,2025-11-01,4.22,7795,14,0.897,0.695,4.3,3.67,4.04,1077,83,0.0353,0.534,0.29,0.07,-0.2632,1.0476,0.4492,1.6484,0.002995,43.2,2025,11,4,Nov 2025
BIZ_001,Cafe Niloufer,Cafe,Banjara Hills,Central,17.435934,78.446235,1,48.9,True,2025-12-01,4.34,7812,17,0.801,0.816,4.1,4.17,4.52,773,165,0.0333,0.421,0.35,0.12,0.2143,1.0729,0.5204,1.4791,0.003469,44.9,2025,12,4,Dec 2025
BIZ_001,Cafe Niloufer,Cafe,Banjara Hills,Central,17.435934,78.446235,1,49.0,True,2026-01-01,4.24,7831,19,0.771,0.549,6.5,4.5,4.64,813,106,0.0226,0.493,0.39,-0.1,0.1176,1.0388,0.582,1.4361,0.00388,43.3,2026,1,1,Jan 2026
BIZ_001,Cafe Niloufer,Cafe,Banjara Hills,Central,17.435934,78.446235,1,49.1,True,2026-02-01,4.27,7846,15,0.721,0.68,5.2,3.59,4.58,773,204,0.0528,0.436,0.31,0.03,-0.2105,1.0421,0.4573,1.3496,0.003049,44.8,2026,2,1,Feb 2026
BIZ_001,Cafe Niloufer,Cafe,Banjara Hills,Central,17.435934,78.446235,1,49.2,True,2026-03-01,4.37,7862,16,0.846,0.861,4.1,4.09,4.67,928,108,0.0306,0.403,0.33,0.1,0.0667,1.0631,0.4826,1.5206,0.003217,46.5,2026,3,1,Mar 2026
BIZ_001,Cafe Niloufer,Cafe,Banjara Hills,Central,17.435934,78.446235,1,49.2,True,2026-04-01,4.32,7872,10,0.913,0.711,7.8,3.92,4.59,658,259,0.0377,0.491,0.2,-0.05,-0.375,1.0465,0.3492,1.6841,0.002328,47.2,2026,4,2,Apr 2026
BIZ_001,Cafe Niloufer,Cafe,Banjara Hills,Central,17.435934,78.446235,1,49.3,True,2026-05-01,4.31,7882,10,0.884,0.862,7.5,3.65,4.58,961,66,0.0337,0.425,0.2,-0.01,0.0,1.0475,0.3565,1.6199,0.002377,43.2,2026,5,2,May 2026
BIZ_001,Cafe Niloufer,Cafe,Banjara Hills,Central,17.435934,78.446235,1,49.4,True,2026-06-01,4.49,7900,18,0.811,0.797,8.3,4.17,4.63,595,89,0.0251,0.436,0.36,0.18,0.8,1.0936,0.6861,1.481,0.004574,48.1,2026,6,2,Jun 2026
BIZ_002,Roastery Coffee House,Coffee Shop,Somajiguda,Central,17.438954,78.479461,2,9.0,False,2025-01-01,4.46,15501,206,0.689,0.591,14.5,3.9,4.15,1931,519,0.0462,0.435,22.89,0.0,0.0,1.0961,5.9161,1.2936,0.039441,57.9,2025,1,1,Jan 2025
BIZ_002,Roastery Coffee House,Coffee Shop,Somajiguda,Central,17.438954,78.479461,2,9.1,False,2025-02-01,4.42,15684,183,0.682,0.599,3.1,4.27,4.07,1659,257,0.0482,0.536,20.11,-0.04,-0.1117,1.0822,5.5298,1.29,0.036865,54.4,2025,2,1,Feb 2025
BIZ_002,Roastery Coffee House,Coffee Shop,Somajiguda,Central,17.438954,78.479461,2,9.2,False,2025-03-01,4.35,15813,129,0.559,0.552,7.9,4.17,4.66,1386,342,0.0482,0.477,14.02,-0.07,-0.2951,1.0602,3.9218,1.0691,0.026145,48.3,2025,3,1,Mar 2025
BIZ_002,Roastery Coffee House,Coffee Shop,Somajiguda,Central,17.438954,78.479461,2,9.2,False,2025-04-01,4.44,15984,171,0.744,0.466,3.1,3.69,4.57,1167,106,0.0384,0.512,18.59,0.09,0.3256,1.0763,5.1997,1.4029,0.034665,49.9,2025,4,2,Apr 2025
BIZ_002,Roastery Coffee House,Coffee Shop,Somajiguda,Central,17.438954,78.479461,2,9.3,False,2025-05-01,4.45,16125,141,0.664,0.507,7.2,4.12,4.74,1556,331,0.0273,0.461,15.16,0.01,-0.1754,1.0801,4.9289,1.2618,0.032859,48.5,2025,5,2,May 2025
BIZ_002,Roastery Coffee House,Coffee Shop,Somajiguda,Central,17.438954,78.479461,2,9.4,False,2025-06-01,4.37,16271,146,0.588,0.548,5.3,4.5,4.49,1296,334,0.0386,0.437,15.53,-0.08,0.0355,1.0688,5.2242,1.1073,0.034828,51.6,2025,6,2,Jun 2025
BIZ_002,Roastery Coffee House,Coffee Shop,Somajiguda,Central,17.438954,78.479461,2,9.5,False,2025-07-01,4.45,16284,13,0.661,0.508,3.5,4.4,4.46,733,196,0.0341,0.423,1.37,0.08,-0.911,1.094,0.5369,1.2356,0.003579,43.0,2025,7,3,Jul 2025
BIZ_002,Roastery Coffee House,Coffee Shop,Somajiguda,Central,17.438954,78.479461,2,9.6,False,2025-08-01,4.37,16355,71,0.699,0.698,7.9,4.11,4.74,1348,230,0.1023,0.442,7.4,-0.08,4.4615,1.0821,2.8706,1.2965,0.019137,63.3,2025,8,3,Aug 2025
BIZ_002,Roastery Coffee House,Coffee Shop,Somajiguda,Central,17.438954,78.479461,2,9.7,False,2025-09-01,4.33,16470,115,0.591,0.575,3.8,4.14,4.15,926,359,0.0396,0.342,11.86,-0.04,0.6197,1.0755,3.9483,1.1065,0.026322,45.7,2025,9,3,Sep 2025
BIZ_002,Roastery Coffee House,Coffee Shop,Somajiguda,Central,17.438954,78.479461,2,9.8,False,2025-10-01,4.44,16553,83,0.625,0.428,2.6,4.4,4.62,1325,66,0.0204,0.513,8.47,0.11,-0.2783,1.1028,2.8535,1.1699,0.019024,44.6,2025,10,4,Oct 2025
BIZ_002,Roastery Coffee House,Coffee Shop,Somajiguda,Central,17.438954,78.479461,2,9.8,False,2025-11-01,4.3,16709,156,0.55,0.446,6.1,3.52,4.82,1253,318,0.0279,0.461,15.92,-0.14,0.8795,1.0675,5.0053,1.0107,0.033369,45.5,2025,11,4,Nov 2025
BIZ_002,Roastery Coffee House,Coffee Shop,Somajiguda,Central,17.438954,78.479461,2,9.9,False,2025-12-01,4.52,16810,101,0.506,0.692,3.9,4.12,4.78,1511,502,0.0259,0.466,10.2,0.22,-0.3526,1.1174,3.0918,0.9344,0.020612,44.8,2025,12,4,Dec 2025
BIZ_002,Roastery Coffee House,Coffee Shop,Somajiguda,Central,17.438954,78.479461,2,10.0,False,2026-01-01,4.49,17032,222,0.728,0.573,7.7,4.1,4.53,1366,350,0.0467,0.571,22.2,-0.03,1.198,1.1,6.8001,1.356,0.045334,63.9,2026,1,1,Jan 2026
BIZ_002,Roastery Coffee House,Coffee Shop,Somajiguda,Central,17.438954,78.479461,2,10.1,False,2026-02-01,4.45,17176,144,0.641,0.41,4.1,4.61,4.29,1379,386,0.0238,0.484,14.26,-0.04,-0.3514,1.086,4.3902,1.1998,0.029268,51.4,2026,2,1,Feb 2026
BIZ_002,Roastery Coffee House,Coffee Shop,Somajiguda,Central,17.438954,78.479461,2,10.2,False,2026-03-01,4.4,17295,119,0.693,0.606,9.5,3.83,4.28,1695,238,0.0498,0.493,11.67,-0.05,-0.1736,1.0704,3.5894,1.2456,0.023929,50.2,2026,3,1,Mar 2026
BIZ_002,Roastery Coffee House,Coffee Shop,Somajiguda,Central,17.438954,78.479461,2,10.2,False,2026-04-01,4.64,17409,114,0.693,0.551,6.1,4.9,4.77,1659,396,0.0227,0.498,11.18,0.24,-0.042,1.124,3.9814,1.2783,0.026542,58.0,2026,4,2,Apr 2026
BIZ_002,Roastery Coffee House,Coffee Shop,Somajiguda,Central,17.438954,78.479461,2,10.3,False,2026-05-01,4.44,17514,105,0.512,0.371,2.6,4.42,4.48,1241,247,0.0244,0.485,10.19,-0.2,-0.0789,1.0791,3.7438,0.9382,0.024958,44.7,2026,5,2,May 2026
BIZ_002,Roastery Coffee House,Coffee Shop,Somajiguda,Central,17.438954,78.479461,2,10.4,False,2026-06-01,4.51,17673,159,0.564,0.528,6.4,4.24,4.91,1450,326,0.05,0.418,15.29,0.07,0.5143,1.0984,6.061,1.0299,0.040407,60.1,2026,6,2,Jun 2026
BIZ_003,Roast CCX,Coffee Shop,Gachibowli,West,17.443317,78.376317,2,2.0,False,2025-01-01,4.59,6105,335,0.897,0.513,2.7,4.54,4.77,921,168,0.0324,0.508,167.5,0.0,0.0,1.1281,9.6209,1.6841,0.064139,70.9,2025,1,1,Jan 2025
BIZ_003,Roast CCX,Coffee Shop,Gachibowli,West,17.443317,78.376317,2,2.1,False,2025-02-01,4.49,6430,325,0.889,0.639,6.5,4.24,4.18,622,100,0.0522,0.493,154.76,-0.1,-0.0299,1.0994,9.8207,1.6816,0.065471,68.4,2025,2,1,Feb 2025
BIZ_003,Roast CCX,Coffee Shop,Gachibowli,West,17.443317,78.376317,2,2.2,False,2025-03-01,4.53,6740,310,0.982,0.523,5.2,4.42,4.9,449,85,0.0232,0.516,140.91,0.04,-0.0462,1.104,9.4244,1.8781,0.062829,67.8,2025,3,1,Mar 2025
BIZ_003,Roast CCX,Coffee Shop,Gachibowli,West,17.443317,78.376317,2,2.2,False,2025-04-01,4.62,7104,364,0.842,0.532,8.7,4.0,4.18,397,157,0.0516,0.489,165.45,0.09,0.1742,1.1199,11.0683,1.5876,0.073789,64.1,2025,4,2,Apr 2025
BIZ_003,Roast CCX,Coffee Shop,Gachibowli,West,17.443317,78.376317,2,2.3,False,2025-05-01,4.58,7486,382,0.858,0.523,3.9,4.94,5.0,570,138,0.0527,0.519,166.09,-0.04,0.0495,1.1117,13.3535,1.6304,0.089024,75.3,2025,5,2,May 2025
BIZ_003,Roast CCX,Coffee Shop,Gachibowli,West,17.443317,78.376317,2,2.4,False,2025-06-01,4.59,7636,150,0.889,0.493,5.2,4.6,4.83,508,150,0.0316,0.458,62.5,0.01,-0.6073,1.1226,5.3674,1.6742,0.035782,58.3,2025,6,2,Jun 2025
BIZ_003,Roast CCX,Coffee Shop,Gachibowli,West,17.443317,78.376317,2,2.5,False,2025-07-01,4.54,7779,143,0.886,0.558,2.7,4.39,4.68,699,60,0.0508,0.469,57.2,-0.05,-0.0467,1.1161,5.9058,1.6562,0.039372,61.2,2025,7,3,Jul 2025
BIZ_003,Roast CCX,Coffee Shop,Gachibowli,West,17.443317,78.376317,2,2.6,False,2025-08-01,4.51,7961,182,0.992,0.698,9.2,4.16,4.23,514,38,0.0271,0.532,70.0,-0.03,0.2727,1.1167,7.3585,1.8399,0.049057,59.0,2025,8,3,Aug 2025
BIZ_003,Roast CCX,Coffee Shop,Gachibowli,West,17.443317,78.376317,2,2.7,False,2025-09-01,4.55,8156,195,0.945,0.491,11.7,4.02,4.54,552,92,0.0337,0.563,72.22,0.04,0.0714,1.1302,6.6949,1.7692,0.044633,55.4,2025,9,3,Sep 2025
BIZ_003,Roast CCX,Coffee Shop,Gachibowli,West,17.443317,78.376317,2,2.8,False,2025-10-01,4.53,8352,196,0.958,0.41,7.7,4.56,4.83,560,107,0.0261,0.498,70.0,-0.02,0.0051,1.1251,6.7385,1.7933,0.044923,59.3,2025,10,4,Oct 2025
BIZ_003,Roast CCX,Coffee Shop,Gachibowli,West,17.443317,78.376317,2,2.8,False,2025-11-01,4.55,8549,197,0.854,0.48,13.0,4.19,4.55,626,84,0.0306,0.517,70.36,0.02,0.0051,1.1295,6.3209,1.5693,0.042139,57.2,2025,11,4,Nov 2025
BIZ_003,Roast CCX,Coffee Shop,Gachibowli,West,17.443317,78.376317,2,2.9,False,2025-12-01,4.57,8825,276,0.977,0.354,5.5,4.61,4.25,680,82,0.0325,0.484,95.17,0.02,0.401,1.1298,8.449,1.8041,0.056327,65.8,2025,12,4,Dec 2025
BIZ_003,Roast CCX,Coffee Shop,Gachibowli,West,17.443317,78.376317,2,3.0,False,2026-01-01,4.64,9043,218,0.919,0.467,4.6,4.63,4.53,774,223,0.0224,0.501,72.67,0.07,-0.2101,1.1368,6.6776,1.7118,0.044517,62.2,2026,1,1,Jan 2026
BIZ_003,Roast CCX,Coffee Shop,Gachibowli,West,17.443317,78.376317,2,3.1,False,2026-02-01,4.7,9327,284,0.922,0.427,6.7,4.18,3.97,696,160,0.0324,0.568,91.61,0.06,0.3028,1.1471,8.6585,1.7258,0.057724,68.2,2026,2,1,Feb 2026
BIZ_003,Roast CCX,Coffee Shop,Gachibowli,West,17.443317,78.376317,2,3.2,False,2026-03-01,4.58,9534,207,0.965,0.65,4.7,4.19,4.56,543,143,0.026,0.456,64.69,-0.12,-0.2711,1.1142,6.2437,1.7345,0.041625,57.4,2026,3,1,Mar 2026
BIZ_003,Roast CCX,Coffee Shop,Gachibowli,West,17.443317,78.376317,2,3.2,False,2026-04-01,4.59,9783,249,1.0,0.542,4.8,4.31,4.2,673,111,0.0355,0.431,77.81,0.01,0.2029,1.1119,8.6962,1.8446,0.057974,74.2,2026,4,2,Apr 2026
BIZ_003,Roast CCX,Coffee Shop,Gachibowli,West,17.443317,78.376317,2,3.3,False,2026-05-01,4.66,10080,297,1.0,0.641,3.5,3.92,4.71,570,152,0.0401,0.458,90.0,0.07,0.1928,1.1326,10.5895,1.8325,0.070597,65.5,2026,5,2,May 2026
BIZ_003,Roast CCX,Coffee Shop,Gachibowli,West,17.443317,78.376317,2,3.4,False,2026-06-01,4.75,10294,214,1.0,0.558,3.5,4.36,5.0,459,85,0.0241,0.495,62.94,0.09,-0.2795,1.1569,8.1576,1.8261,0.054384,68.0,2026,6,2,Jun 2026
BIZ_004,Concu,Bakery & Cafe,Banjara Hills,Central,17.457584,78.464349,3,14.0,False,2025-01-01,4.52,8310,59,0.857,0.622,4.8,4.4,4.31,1087,249,0.0236,0.466,4.21,0.0,0.0,1.1109,1.6944,1.609,0.011296,53.1,2025,1,1,Jan 2025
BIZ_004,Concu,Bakery & Cafe,Banjara Hills,Central,17.457584,78.464349,3,14.1,False,2025-02-01,4.6,8382,72,1.0,0.569,5.6,4.3,4.31,944,164,0.0542,0.565,5.11,0.08,0.2203,1.1263,2.1757,1.8915,0.014504,57.0,2025,2,1,Feb 2025
BIZ_004,Concu,Bakery & Cafe,Banjara Hills,Central,17.457584,78.464349,3,14.2,False,2025-03-01,4.57,8430,48,0.671,0.553,10.2,4.34,3.81,768,216,0.0238,0.517,3.38,-0.03,-0.3333,1.1138,1.4593,1.2833,0.009728,46.1,2025,3,1,Mar 2025
BIZ_004,Concu,Bakery & Cafe,Banjara Hills,Central,17.457584,78.464349,3,14.2,False,2025-04-01,4.59,8475,45,0.799,0.569,3.5,4.87,4.31,980,229,0.0287,0.47,3.17,0.02,-0.0625,1.1126,1.3683,1.5066,0.009122,50.9,2025,4,2,Apr 2025
BIZ_004,Concu,Bakery & Cafe,Banjara Hills,Central,17.457584,78.464349,3,14.3,False,2025-05-01,4.63,8520,45,0.84,0.607,3.3,4.79,4.15,665,170,0.0563,0.519,3.15,0.04,0.0,1.1238,1.5731,1.5962,0.010487,57.9,2025,5,2,May 2025
BIZ_004,Concu,Bakery & Cafe,Banjara Hills,Central,17.457584,78.464349,3,14.4,False,2025-06-01,4.41,8564,44,0.985,0.47,4.3,4.36,4.25,741,160,0.0511,0.414,3.06,-0.22,-0.0222,1.0786,1.5744,1.8549,0.010496,53.7,2025,6,2,Jun 2025
BIZ_004,Concu,Bakery & Cafe,Banjara Hills,Central,17.457584,78.464349,3,14.5,False,2025-07-01,4.56,8609,45,0.882,0.473,6.5,3.84,3.79,692,186,0.0296,0.448,3.1,0.15,0.0227,1.121,1.8585,1.6487,0.01239,48.2,2025,7,3,Jul 2025
BIZ_004,Concu,Bakery & Cafe,Banjara Hills,Central,17.457584,78.464349,3,14.6,False,2025-08-01,4.46,8656,47,0.857,0.641,3.7,4.41,4.19,802,166,0.0204,0.519,3.22,-0.1,0.0444,1.1044,1.9003,1.5895,0.012668,48.1,2025,8,3,Aug 2025
BIZ_004,Concu,Bakery & Cafe,Banjara Hills,Central,17.457584,78.464349,3,14.7,False,2025-09-01,4.4,8711,55,0.801,0.604,3.6,3.93,4.23,802,131,0.0382,0.422,3.74,-0.06,0.1702,1.0929,1.8883,1.4996,0.012589,46.4,2025,9,3,Sep 2025
BIZ_004,Concu,Bakery & Cafe,Banjara Hills,Central,17.457584,78.464349,3,14.8,False,2025-10-01,4.35,8774,63,0.969,0.56,4.8,4.17,4.44,642,168,0.022,0.488,4.26,-0.05,0.1455,1.0804,2.1659,1.8139,0.01444,49.2,2025,10,4,Oct 2025
BIZ_004,Concu,Bakery & Cafe,Banjara Hills,Central,17.457584,78.464349,3,14.8,False,2025-11-01,4.49,8836,62,1.0,0.389,4.8,4.73,4.2,987,180,0.0317,0.556,4.19,0.14,-0.0159,1.1146,1.9893,1.8376,0.013262,54.2,2025,11,4,Nov 2025
BIZ_004,Concu,Bakery & Cafe,Banjara Hills,Central,17.457584,78.464349,3,14.9,False,2025-12-01,4.56,8915,79,0.893,0.578,2.3,4.29,4.15,1232,169,0.0801,0.549,5.3,0.07,0.2742,1.1273,2.4184,1.649,0.016122,59.1,2025,12,4,Dec 2025
BIZ_004,Concu,Bakery & Cafe,Banjara Hills,Central,17.457584,78.464349,3,15.0,False,2026-01-01,4.53,9005,90,0.843,0.559,4.8,4.2,3.78,871,83,0.0296,0.4,6.0,-0.03,0.1392,1.1098,2.7568,1.5702,0.018379,52.6,2026,1,1,Jan 2026
BIZ_004,Concu,Bakery & Cafe,Banjara Hills,Central,17.457584,78.464349,3,15.1,False,2026-02-01,4.56,9061,56,0.719,0.539,3.7,4.46,4.7,595,183,0.0737,0.436,3.71,0.03,-0.3778,1.1129,1.7073,1.3458,0.011382,55.8,2026,2,1,Feb 2026
BIZ_004,Concu,Bakery & Cafe,Banjara Hills,Central,17.457584,78.464349,3,15.2,False,2026-03-01,4.5,9100,39,0.858,0.58,1.7,4.3,4.57,784,138,0.03,0.385,2.57,-0.06,-0.3036,1.0947,1.1764,1.5422,0.007842,49.0,2026,3,1,Mar 2026
BIZ_004,Concu,Bakery & Cafe,Banjara Hills,Central,17.457584,78.464349,3,15.2,False,2026-04-01,4.4,9153,53,0.878,0.412,10.3,4.05,4.23,1042,200,0.0224,0.433,3.49,-0.1,0.359,1.0658,1.851,1.6195,0.01234,51.7,2026,4,2,Apr 2026
BIZ_004,Concu,Bakery & Cafe,Banjara Hills,Central,17.457584,78.464349,3,15.3,False,2026-05-01,4.34,9185,32,0.813,0.722,3.2,4.29,4.1,922,200,0.029,0.47,2.09,-0.06,-0.3962,1.0548,1.141,1.4898,0.007606,44.9,2026,5,2,May 2026
BIZ_004,Concu,Bakery & Cafe,Banjara Hills,Central,17.457584,78.464349,3,15.4,False,2026-06-01,4.5,9238,53,0.857,0.665,5.2,4.11,4.39,505,142,0.0202,0.39,3.44,0.16,0.6562,1.096,2.0203,1.565,0.013469,50.2,2026,6,2,Jun 2026
BIZ_005,Habitat Cafe,Cafe,Miyapur,West,17.438611,78.391851,1,2.0,False,2025-01-01,4.56,6642,367,0.788,0.557,8.1,4.91,4.57,509,87,0.0511,0.545,183.5,0.0,0.0,1.1207,10.5399,1.4795,0.070266,73.8,2025,1,1,Jan 2025
BIZ_005,Habitat Cafe,Cafe,Miyapur,West,17.438611,78.391851,1,2.1,False,2025-02-01,4.51,6960,318,0.709,0.497,8.7,4.54,4.27,736,66,0.0445,0.426,151.43,-0.05,-0.1335,1.1043,9.6092,1.3411,0.064061,65.0,2025,2,1,Feb 2025
BIZ_005,Habitat Cafe,Cafe,Miyapur,West,17.438611,78.391851,1,2.2,False,2025-03-01,4.66,7221,261,0.593,0.484,5.3,4.48,4.82,419,152,0.0445,0.391,118.64,0.15,-0.1792,1.1357,7.9347,1.1341,0.052898,61.4,2025,3,1,Mar 2025
BIZ_005,Habitat Cafe,Cafe,Miyapur,West,17.438611,78.391851,1,2.2,False,2025-04-01,4.49,7558,337,0.822,0.387,5.1,4.28,4.76,443,119,0.0333,0.475,153.18,-0.17,0.2912,1.0884,10.2473,1.5499,0.068315,60.5,2025,4,2,Apr 2025
BIZ_005,Habitat Cafe,Cafe,Miyapur,West,17.438611,78.391851,1,2.3,False,2025-05-01,4.51,7791,233,0.728,0.484,5.6,3.77,4.62,479,105,0.0639,0.534,101.3,0.02,-0.3086,1.0947,8.145,1.3834,0.0543,60.4,2025,5,2,May 2025
BIZ_005,Habitat Cafe,Cafe,Miyapur,West,17.438611,78.391851,1,2.4,False,2025-06-01,4.56,8010,219,0.734,0.353,4.1,4.0,4.79,644,163,0.0487,0.464,91.25,0.05,-0.0601,1.1153,7.8364,1.3823,0.052242,60.0,2025,6,2,Jun 2025
BIZ_005,Habitat Cafe,Cafe,Miyapur,West,17.438611,78.391851,1,2.5,False,2025-07-01,4.6,8148,138,0.631,0.384,4.4,4.42,4.93,551,32,0.023,0.579,55.2,0.04,-0.3699,1.1308,5.6993,1.1795,0.037996,53.0,2025,7,3,Jul 2025
BIZ_005,Habitat Cafe,Cafe,Miyapur,West,17.438611,78.391851,1,2.6,False,2025-08-01,4.41,8177,29,0.68,0.62,12.8,3.84,4.73,411,88,0.0329,0.399,11.15,-0.19,-0.7899,1.092,1.1725,1.2612,0.007817,42.3,2025,8,3,Aug 2025
BIZ_005,Habitat Cafe,Cafe,Miyapur,West,17.438611,78.391851,1,2.7,False,2025-09-01,4.48,8439,262,0.847,0.474,6.9,4.08,4.9,476,60,0.0993,0.531,97.04,0.07,8.0345,1.1128,8.9952,1.5857,0.059968,71.2,2025,9,3,Sep 2025
BIZ_005,Habitat Cafe,Cafe,Miyapur,West,17.438611,78.391851,1,2.8,False,2025-10-01,4.45,8561,122,0.809,0.419,4.7,4.08,5.0,303,205,0.0372,0.535,43.57,-0.03,-0.5344,1.1052,4.1944,1.5144,0.027962,51.1,2025,10,4,Oct 2025
BIZ_005,Habitat Cafe,Cafe,Miyapur,West,17.438611,78.391851,1,2.8,False,2025-11-01,4.44,8874,313,0.83,0.627,4.3,4.2,4.89,816,119,0.0722,0.474,111.79,-0.01,1.5656,1.1022,10.0428,1.5252,0.066952,70.4,2025,11,4,Nov 2025
BIZ_005,Habitat Cafe,Cafe,Miyapur,West,17.438611,78.391851,1,2.9,False,2025-12-01,4.45,9257,383,0.789,0.433,7.8,3.96,4.31,531,147,0.0247,0.448,132.07,0.01,0.2236,1.1001,11.7245,1.457,0.078163,63.2,2025,12,4,Dec 2025
BIZ_005,Habitat Cafe,Cafe,Miyapur,West,17.438611,78.391851,1,3.0,False,2026-01-01,4.58,9598,341,0.773,0.552,4.0,4.59,5.0,670,136,0.039,0.474,113.67,0.13,-0.1097,1.1221,10.4452,1.4399,0.069634,69.8,2026,1,1,Jan 2026
BIZ_005,Habitat Cafe,Cafe,Miyapur,West,17.438611,78.391851,1,3.1,False,2026-02-01,4.47,9880,282,0.658,0.442,5.8,4.03,4.59,397,126,0.0216,0.548,90.97,-0.11,-0.173,1.0909,8.5976,1.2316,0.057317,57.1,2026,2,1,Feb 2026
BIZ_005,Habitat Cafe,Cafe,Miyapur,West,17.438611,78.391851,1,3.2,False,2026-03-01,4.56,10147,267,0.727,0.494,4.1,4.06,4.57,661,93,0.073,0.516,83.44,0.09,-0.0532,1.1093,8.0535,1.3067,0.05369,63.6,2026,3,1,Mar 2026
BIZ_005,Habitat Cafe,Cafe,Miyapur,West,17.438611,78.391851,1,3.2,False,2026-04-01,4.55,10387,240,0.563,0.574,2.8,4.37,4.82,673,64,0.0226,0.475,75.0,-0.01,-0.1011,1.1022,8.3818,1.0385,0.055879,62.8,2026,4,2,Apr 2026
BIZ_005,Habitat Cafe,Cafe,Miyapur,West,17.438611,78.391851,1,3.3,False,2026-05-01,4.64,10800,413,0.622,0.445,6.9,4.11,5.0,579,115,0.0526,0.528,125.15,0.09,0.7208,1.1277,14.7255,1.1398,0.09817,67.9,2026,5,2,May 2026
BIZ_005,Habitat Cafe,Cafe,Miyapur,West,17.438611,78.391851,1,3.4,False,2026-06-01,4.76,11058,258,0.687,0.507,2.3,4.35,4.86,405,96,0.0476,0.444,75.88,0.12,-0.3753,1.1593,9.8348,1.2546,0.065565,71.1,2026,6,2,Jun 2026
BIZ_006,F3 Cafe,Cafe,Uppal,East,17.473415,78.528357,3,7.0,False,2025-01-01,4.49,1519,19,0.639,0.608,3.8,4.6,4.12,279,71,0.0681,0.49,2.71,0.0,0.0,1.1035,0.5457,1.1997,0.003638,52.7,2025,1,1,Jan 2025
BIZ_006,F3 Cafe,Cafe,Uppal,East,17.473415,78.528357,3,7.1,False,2025-02-01,4.42,1540,21,0.659,0.291,7.4,4.64,4.45,330,75,0.0877,0.417,2.96,-0.07,0.1053,1.0822,0.6346,1.2465,0.00423,50.4,2025,2,1,Feb 2025
BIZ_006,F3 Cafe,Cafe,Uppal,East,17.473415,78.528357,3,7.2,False,2025-03-01,4.53,1560,20,0.687,0.491,6.3,4.45,4.3,127,54,0.0322,0.442,2.78,0.11,-0.0476,1.104,0.608,1.3139,0.004054,46.8,2025,3,1,Mar 2025
BIZ_006,F3 Cafe,Cafe,Uppal,East,17.473415,78.528357,3,7.2,False,2025-04-01,4.35,1575,15,0.702,0.49,12.1,4.25,4.23,281,32,0.0328,0.456,2.08,-0.18,-0.25,1.0544,0.4561,1.3237,0.003041,42.4,2025,4,2,Apr 2025
BIZ_006,F3 Cafe,Cafe,Uppal,East,17.473415,78.528357,3,7.3,False,2025-05-01,4.47,1596,21,0.846,0.461,5.0,4.65,4.47,285,25,0.0301,0.425,2.88,0.12,0.4,1.085,0.7341,1.6076,0.004894,50.0,2025,5,2,May 2025
BIZ_006,F3 Cafe,Cafe,Uppal,East,17.473415,78.528357,3,7.4,False,2025-06-01,4.47,1609,13,0.771,0.481,5.5,4.28,4.02,254,35,0.0203,0.394,1.76,0.0,-0.381,1.0932,0.4652,1.4519,0.003101,43.6,2025,6,2,Jun 2025
BIZ_006,F3 Cafe,Cafe,Uppal,East,17.473415,78.528357,3,7.5,False,2025-07-01,4.3,1623,14,0.516,0.491,1.5,4.08,4.11,239,41,0.0346,0.411,1.87,-0.17,0.0769,1.0571,0.5782,0.9645,0.003855,38.2,2025,7,3,Jul 2025
BIZ_006,F3 Cafe,Cafe,Uppal,East,17.473415,78.528357,3,7.6,False,2025-08-01,4.46,1642,19,0.788,0.579,5.2,4.46,4.41,199,34,0.0204,0.519,2.5,0.16,0.3571,1.1044,0.7682,1.4616,0.005121,46.0,2025,8,3,Aug 2025
BIZ_006,F3 Cafe,Cafe,Uppal,East,17.473415,78.528357,3,7.7,False,2025-09-01,4.29,1646,4,0.756,0.634,2.4,4.29,4.26,117,32,0.0272,0.465,0.52,-0.17,-0.7895,1.0656,0.1373,1.4154,0.000916,41.5,2025,9,3,Sep 2025
BIZ_006,F3 Cafe,Cafe,Uppal,East,17.473415,78.528357,3,7.8,False,2025-10-01,4.21,1662,16,0.872,0.537,6.1,3.63,3.86,231,45,0.0395,0.49,2.05,-0.08,3.0,1.0456,0.5501,1.6323,0.003667,50.1,2025,10,4,Oct 2025
BIZ_006,F3 Cafe,Cafe,Uppal,East,17.473415,78.528357,3,7.8,False,2025-11-01,4.46,1682,20,0.714,0.405,14.6,3.91,4.47,300,50,0.0269,0.519,2.56,0.25,0.25,1.1072,0.6417,1.3121,0.004278,43.4,2025,11,4,Nov 2025
BIZ_006,F3 Cafe,Cafe,Uppal,East,17.473415,78.528357,3,7.9,False,2025-12-01,4.36,1700,18,0.76,0.451,17.6,3.68,4.21,383,56,0.0216,0.512,2.28,-0.1,-0.1,1.0779,0.551,1.4034,0.003673,40.5,2025,12,4,Dec 2025
BIZ_006,F3 Cafe,Cafe,Uppal,East,17.473415,78.528357,3,8.0,False,2026-01-01,4.34,1732,32,0.6,0.479,5.7,4.08,3.83,309,63,0.0255,0.39,4.0,-0.02,0.7778,1.0633,0.9802,1.1176,0.006535,42.8,2026,1,1,Jan 2026
BIZ_006,F3 Cafe,Cafe,Uppal,East,17.473415,78.528357,3,8.1,False,2026-02-01,4.45,1763,31,0.647,0.554,3.8,4.38,4.26,250,63,0.033,0.422,3.83,0.11,-0.0312,1.086,0.9451,1.2111,0.006301,47.3,2026,2,1,Feb 2026
BIZ_006,F3 Cafe,Cafe,Uppal,East,17.473415,78.528357,3,8.2,False,2026-03-01,4.5,1789,26,0.854,0.558,2.9,4.3,4.69,299,50,0.0252,0.407,3.17,0.05,-0.1613,1.0947,0.7842,1.535,0.005228,48.0,2026,3,1,Mar 2026
BIZ_006,F3 Cafe,Cafe,Uppal,East,17.473415,78.528357,3,8.2,False,2026-04-01,4.49,1811,22,0.728,0.488,6.7,4.16,4.27,354,46,0.0225,0.432,2.68,-0.01,-0.1538,1.0876,0.7683,1.3429,0.005122,46.4,2026,4,2,Apr 2026
BIZ_006,F3 Cafe,Cafe,Uppal,East,17.473415,78.528357,3,8.3,False,2026-05-01,4.31,1820,9,0.64,0.56,5.7,4.14,4.25,290,37,0.0258,0.371,1.08,-0.18,-0.5909,1.0475,0.3209,1.1728,0.002139,39.2,2026,5,2,May 2026
BIZ_006,F3 Cafe,Cafe,Uppal,East,17.473415,78.528357,3,8.4,False,2026-06-01,4.48,1829,9,0.831,0.536,3.4,4.16,4.45,222,52,0.0315,0.497,1.07,0.17,0.0,1.0911,0.3431,1.5175,0.002287,47.4,2026,6,2,Jun 2026
BIZ_007,HC Cafe,Cafe,Sainikpuri,East,17.491049,78.492168,1,5.0,False,2025-01-01,4.88,147,7,0.868,0.489,1.0,4.8,4.75,259,42,0.0586,0.365,1.4,0.0,0.0,1.1994,0.201,1.6297,0.00134,60.3,2025,1,1,Jan 2025
BIZ_007,HC Cafe,Cafe,Sainikpuri,East,17.491049,78.492168,1,5.1,False,2025-02-01,4.94,153,6,0.931,0.649,2.7,4.95,5.0,256,61,0.0311,0.53,1.18,0.06,-0.1429,1.2096,0.1813,1.761,0.001209,55.3,2025,2,1,Feb 2025
BIZ_007,HC Cafe,Cafe,Sainikpuri,East,17.491049,78.492168,1,5.2,False,2025-03-01,4.74,157,4,0.815,0.422,4.4,4.91,5.0,256,70,0.0272,0.555,0.77,-0.2,-0.3333,1.1552,0.1216,1.5587,0.000811,50.9,2025,3,1,Mar 2025
BIZ_007,HC Cafe,Cafe,Sainikpuri,East,17.491049,78.492168,1,5.2,False,2025-04-01,4.88,161,4,0.933,0.603,4.3,4.5,5.0,336,47,0.0216,0.585,0.77,0.14,0.0,1.1829,0.1216,1.7592,0.000811,52.8,2025,4,2,Apr 2025
BIZ_007,HC Cafe,Cafe,Sainikpuri,East,17.491049,78.492168,1,5.3,False,2025-05-01,4.99,166,5,0.849,0.582,5.4,4.31,5.0,279,58,0.0222,0.595,0.94,0.11,0.25,1.2112,0.1748,1.6133,0.001165,52.3,2025,5,2,May 2025
BIZ_007,HC Cafe,Cafe,Sainikpuri,East,17.491049,78.492168,1,5.4,False,2025-06-01,5.0,171,5,0.879,0.578,8.0,4.7,5.0,229,50,0.0461,0.474,0.93,0.01,0.0,1.2229,0.1789,1.6553,0.001193,57.1,2025,6,2,Jun 2025
BIZ_007,HC Cafe,Cafe,Sainikpuri,East,17.491049,78.492168,1,5.5,False,2025-07-01,4.97,174,3,0.935,0.395,3.7,5.0,5.0,244,43,0.0337,0.44,0.55,-0.03,-0.4,1.2218,0.1239,1.7478,0.000826,56.2,2025,7,3,Jul 2025
BIZ_007,HC Cafe,Cafe,Sainikpuri,East,17.491049,78.492168,1,5.6,False,2025-08-01,4.87,179,5,0.959,0.496,5.6,4.21,4.98,262,47,0.0358,0.586,0.89,-0.1,0.6667,1.2059,0.2022,1.7787,0.001348,54.8,2025,8,3,Aug 2025
BIZ_007,HC Cafe,Cafe,Sainikpuri,East,17.491049,78.492168,1,5.7,False,2025-09-01,4.88,183,4,0.911,0.549,10.7,4.39,5.0,175,31,0.061,0.548,0.7,0.01,-0.2,1.2121,0.1373,1.7056,0.000916,55.8,2025,9,3,Sep 2025
BIZ_007,HC Cafe,Cafe,Sainikpuri,East,17.491049,78.492168,1,5.8,False,2025-10-01,4.93,189,6,0.779,0.646,5.3,4.62,5.0,161,56,0.0273,0.557,1.03,0.05,0.5,1.2245,0.2063,1.4582,0.001375,52.8,2025,10,4,Oct 2025
BIZ_007,HC Cafe,Cafe,Sainikpuri,East,17.491049,78.492168,1,5.8,False,2025-11-01,4.77,196,7,0.817,0.456,5.7,4.36,5.0,359,43,0.0281,0.487,1.21,-0.16,0.1667,1.1841,0.2246,1.5013,0.001497,49.8,2025,11,4,Nov 2025
BIZ_007,HC Cafe,Cafe,Sainikpuri,East,17.491049,78.492168,1,5.9,False,2025-12-01,4.86,201,5,0.926,0.637,9.7,4.56,4.73,261,60,0.0265,0.47,0.85,0.09,-0.2857,1.2015,0.1531,1.71,0.00102,52.1,2025,12,4,Dec 2025
BIZ_007,HC Cafe,Cafe,Sainikpuri,East,17.491049,78.492168,1,6.0,False,2026-01-01,4.8,204,3,0.89,0.676,5.6,4.41,5.0,232,32,0.0261,0.491,0.5,-0.06,-0.4,1.176,0.0919,1.6578,0.000613,50.3,2026,1,1,Jan 2026
BIZ_007,HC Cafe,Cafe,Sainikpuri,East,17.491049,78.492168,1,6.1,False,2026-02-01,4.85,208,4,0.802,0.546,5.6,4.43,5.0,255,52,0.0383,0.57,0.66,0.05,0.3333,1.1837,0.122,1.5012,0.000813,55.5,2026,2,1,Feb 2026
BIZ_007,HC Cafe,Cafe,Sainikpuri,East,17.491049,78.492168,1,6.2,False,2026-03-01,5.0,215,7,0.963,0.368,11.2,5.0,4.82,258,57,0.0377,0.547,1.13,0.15,0.75,1.2164,0.2111,1.7309,0.001408,62.0,2026,3,1,Mar 2026
BIZ_007,HC Cafe,Cafe,Sainikpuri,East,17.491049,78.492168,1,6.2,False,2026-04-01,5.0,219,4,0.877,0.372,9.0,4.97,5.0,306,44,0.0242,0.452,0.65,0.0,-0.4286,1.2112,0.1397,1.6177,0.000931,55.8,2026,4,2,Apr 2026
BIZ_007,HC Cafe,Cafe,Sainikpuri,East,17.491049,78.492168,1,6.3,False,2026-05-01,4.98,224,5,0.894,0.364,5.7,5.0,5.0,232,44,0.039,0.43,0.79,-0.02,0.25,1.2103,0.1783,1.6382,0.001188,57.7,2026,5,2,May 2026
BIZ_007,HC Cafe,Cafe,Sainikpuri,East,17.491049,78.492168,1,6.4,False,2026-06-01,5.0,227,3,0.899,0.554,4.7,4.56,5.0,171,31,0.0213,0.58,0.47,0.02,-0.4,1.2178,0.1144,1.6417,0.000762,53.1,2026,6,2,Jun 2026
BIZ_008,SAGE Farm Cafe,Cafe,Mehdipatnam,South,17.358502,78.426754,2,9.0,False,2025-01-01,4.34,878,5,0.636,0.687,6.1,4.18,4.76,278,48,0.0707,0.519,0.56,0.0,0.0,1.0666,0.1436,1.1941,0.000957,48.8,2025,1,1,Jan 2025
BIZ_008,SAGE Farm Cafe,Cafe,Mehdipatnam,South,17.358502,78.426754,2,9.1,False,2025-02-01,4.52,885,7,0.513,0.575,7.4,4.25,4.88,215,66,0.0444,0.384,0.77,0.18,0.4,1.1067,0.2115,0.9704,0.00141,42.0,2025,2,1,Feb 2025
BIZ_008,SAGE Farm Cafe,Cafe,Mehdipatnam,South,17.358502,78.426754,2,9.2,False,2025-03-01,4.18,894,9,0.642,0.497,2.4,3.78,4.19,308,53,0.0222,0.44,0.98,-0.34,0.2857,1.0187,0.2736,1.2278,0.001824,38.6,2025,3,1,Mar 2025
BIZ_008,SAGE Farm Cafe,Cafe,Mehdipatnam,South,17.358502,78.426754,2,9.2,False,2025-04-01,4.47,899,5,0.696,0.517,4.9,4.51,4.56,278,53,0.0223,0.415,0.54,0.29,-0.4444,1.0835,0.152,1.3123,0.001014,42.9,2025,4,2,Apr 2025
BIZ_008,SAGE Farm Cafe,Cafe,Mehdipatnam,South,17.358502,78.426754,2,9.3,False,2025-05-01,4.26,906,7,0.502,0.331,9.7,4.38,4.14,197,61,0.069,0.459,0.75,-0.21,0.4,1.034,0.2447,0.9539,0.001631,46.3,2025,5,2,May 2025
BIZ_008,SAGE Farm Cafe,Cafe,Mehdipatnam,South,17.358502,78.426754,2,9.4,False,2025-06-01,4.36,913,7,0.461,0.522,3.6,4.21,4.46,235,38,0.0426,0.474,0.74,0.1,0.0,1.0663,0.2505,0.8682,0.00167,40.0,2025,6,2,Jun 2025
BIZ_008,SAGE Farm Cafe,Cafe,Mehdipatnam,South,17.358502,78.426754,2,9.5,False,2025-07-01,4.32,918,5,0.636,0.435,7.6,3.83,4.46,160,53,0.0225,0.514,0.53,-0.04,-0.2857,1.062,0.2065,1.1888,0.001377,36.6,2025,7,3,Jul 2025
BIZ_008,SAGE Farm Cafe,Cafe,Mehdipatnam,South,17.358502,78.426754,2,9.6,False,2025-08-01,4.36,922,4,0.651,0.474,3.2,4.1,4.28,338,49,0.0256,0.458,0.42,0.04,-0.2,1.0796,0.1617,1.2074,0.001078,40.4,2025,8,3,Aug 2025
BIZ_008,SAGE Farm Cafe,Cafe,Mehdipatnam,South,17.358502,78.426754,2,9.7,False,2025-09-01,4.22,927,5,0.594,0.556,6.6,3.4,4.58,257,11,0.0438,0.422,0.52,-0.14,0.25,1.0482,0.1717,1.1121,0.001144,37.9,2025,9,3,Sep 2025
BIZ_008,SAGE Farm Cafe,Cafe,Mehdipatnam,South,17.358502,78.426754,2,9.8,False,2025-10-01,4.31,928,1,0.654,0.578,8.1,3.81,4.33,203,53,0.0282,0.487,0.1,0.09,-0.8,1.0705,0.0344,1.2242,0.000229,37.7,2025,10,4,Oct 2025
BIZ_008,SAGE Farm Cafe,Cafe,Mehdipatnam,South,17.358502,78.426754,2,9.8,False,2025-11-01,4.21,935,7,0.555,0.532,6.0,3.21,4.28,266,42,0.0365,0.538,0.71,-0.1,6.0,1.0451,0.2246,1.0199,0.001497,44.7,2025,11,4,Nov 2025
BIZ_008,SAGE Farm Cafe,Cafe,Mehdipatnam,South,17.358502,78.426754,2,9.9,False,2025-12-01,4.38,944,9,0.802,0.582,6.2,4.16,4.68,337,47,0.032,0.482,0.91,0.17,0.2857,1.0828,0.2755,1.481,0.001837,44.8,2025,12,4,Dec 2025
BIZ_008,SAGE Farm Cafe,Cafe,Mehdipatnam,South,17.358502,78.426754,2,10.0,False,2026-01-01,4.3,953,9,0.747,0.527,6.6,4.16,4.53,257,58,0.0214,0.435,0.9,-0.08,0.0,1.0535,0.2757,1.3914,0.001838,41.0,2026,1,1,Jan 2026
BIZ_008,SAGE Farm Cafe,Cafe,Mehdipatnam,South,17.358502,78.426754,2,10.1,False,2026-02-01,4.37,965,12,0.629,0.357,9.7,3.98,4.07,251,53,0.0292,0.553,1.19,0.07,0.3333,1.0665,0.3659,1.1774,0.002439,44.4,2026,2,1,Feb 2026
BIZ_008,SAGE Farm Cafe,Cafe,Mehdipatnam,South,17.358502,78.426754,2,10.2,False,2026-03-01,4.35,976,11,0.75,0.524,15.9,4.23,4.72,338,59,0.0479,0.469,1.08,-0.02,-0.0833,1.0582,0.3318,1.3481,0.002212,47.6,2026,3,1,Mar 2026
BIZ_008,SAGE Farm Cafe,Cafe,Mehdipatnam,South,17.358502,78.426754,2,10.2,False,2026-04-01,4.49,985,9,0.607,0.685,6.2,4.16,4.37,264,56,0.0678,0.492,0.88,0.14,-0.1818,1.0876,0.3143,1.1197,0.002095,50.1,2026,4,2,Apr 2026
BIZ_008,SAGE Farm Cafe,Cafe,Mehdipatnam,South,17.358502,78.426754,2,10.3,False,2026-05-01,4.49,994,9,0.705,0.731,7.1,4.26,4.18,181,60,0.0245,0.411,0.87,0.0,0.0,1.0913,0.3209,1.2919,0.002139,43.3,2026,5,2,May 2026
BIZ_008,SAGE Farm Cafe,Cafe,Mehdipatnam,South,17.358502,78.426754,2,10.4,False,2026-06-01,4.29,1000,6,0.571,0.547,8.4,3.82,4.67,243,58,0.0518,0.511,0.58,-0.2,-0.3333,1.0449,0.2287,1.0427,0.001525,43.0,2026,6,2,Jun 2026
BIZ_009,Lemerian Workin Cafe,Cafe,Alwal,East,17.459679,78.547856,3,3.0,False,2025-01-01,4.79,1033,25,0.691,0.414,9.3,4.13,4.74,339,65,0.0501,0.45,8.33,0.0,0.0,1.1772,0.718,1.2974,0.004787,53.4,2025,1,1,Jan 2025
BIZ_009,Lemerian Workin Cafe,Cafe,Alwal,East,17.459679,78.547856,3,3.1,False,2025-02-01,4.77,1066,33,0.704,0.414,2.5,4.68,4.18,287,52,0.0278,0.519,10.65,-0.02,0.32,1.1679,0.9972,1.3316,0.006648,50.0,2025,2,1,Feb 2025
BIZ_009,Lemerian Workin Cafe,Cafe,Alwal,East,17.459679,78.547856,3,3.2,False,2025-03-01,4.72,1092,26,0.806,0.444,6.7,4.87,4.32,287,58,0.1409,0.434,8.12,-0.05,-0.2121,1.1503,0.7904,1.5415,0.00527,65.2,2025,3,1,Mar 2025
BIZ_009,Lemerian Workin Cafe,Cafe,Alwal,East,17.459679,78.547856,3,3.2,False,2025-04-01,4.73,1119,27,0.751,0.548,10.9,4.85,4.2,248,69,0.0487,0.539,8.44,0.01,0.0385,1.1466,0.821,1.4161,0.005473,53.5,2025,4,2,Apr 2025
BIZ_009,Lemerian Workin Cafe,Cafe,Alwal,East,17.459679,78.547856,3,3.3,False,2025-05-01,4.9,1153,34,0.795,0.678,10.6,5.0,4.58,163,37,0.0382,0.503,10.3,0.17,0.2593,1.1894,1.1885,1.5107,0.007924,57.8,2025,5,2,May 2025
BIZ_009,Lemerian Workin Cafe,Cafe,Alwal,East,17.459679,78.547856,3,3.4,False,2025-06-01,4.55,1182,29,0.847,0.456,6.5,4.94,4.23,164,65,0.0768,0.485,8.53,-0.35,-0.1471,1.1128,1.0377,1.5951,0.006918,58.1,2025,6,2,Jun 2025
BIZ_009,Lemerian Workin Cafe,Cafe,Alwal,East,17.459679,78.547856,3,3.5,False,2025-07-01,4.59,1215,33,0.87,0.384,10.6,4.51,4.14,152,48,0.0444,0.584,9.43,0.04,0.1379,1.1284,1.3629,1.6262,0.009086,52.7,2025,7,3,Jul 2025
BIZ_009,Lemerian Workin Cafe,Cafe,Alwal,East,17.459679,78.547856,3,3.6,False,2025-08-01,4.63,1236,21,0.818,0.67,6.8,4.55,4.54,219,51,0.0387,0.43,5.83,0.04,-0.3636,1.1465,0.8491,1.5172,0.00566,50.9,2025,8,3,Aug 2025
BIZ_009,Lemerian Workin Cafe,Cafe,Alwal,East,17.459679,78.547856,3,3.7,False,2025-09-01,4.62,1248,12,0.841,0.53,8.1,3.9,4.7,190,44,0.0387,0.428,3.24,-0.01,-0.4286,1.1476,0.412,1.5745,0.002747,47.4,2025,9,3,Sep 2025
BIZ_009,Lemerian Workin Cafe,Cafe,Alwal,East,17.459679,78.547856,3,3.8,False,2025-10-01,4.69,1281,33,0.741,0.605,3.6,4.57,4.7,248,56,0.0576,0.476,8.68,0.07,1.75,1.1649,1.1345,1.3871,0.007564,57.9,2025,10,4,Oct 2025
BIZ_009,Lemerian Workin Cafe,Cafe,Alwal,East,17.459679,78.547856,3,3.8,False,2025-11-01,4.61,1313,32,0.837,0.448,5.7,4.21,4.23,182,50,0.0221,0.472,8.42,-0.08,-0.0303,1.1444,1.0267,1.5381,0.006845,47.8,2025,11,4,Nov 2025
BIZ_009,Lemerian Workin Cafe,Cafe,Alwal,East,17.459679,78.547856,3,3.9,False,2025-12-01,4.65,1344,31,0.858,0.602,3.6,4.08,4.19,258,51,0.0259,0.553,7.95,0.04,-0.0312,1.1496,0.949,1.5844,0.006327,48.4,2025,12,4,Dec 2025
BIZ_009,Lemerian Workin Cafe,Cafe,Alwal,East,17.459679,78.547856,3,4.0,False,2026-01-01,4.6,1373,29,0.853,0.603,4.1,3.82,4.36,355,61,0.023,0.494,7.25,-0.05,-0.0645,1.127,0.8883,1.5889,0.005922,46.4,2026,1,1,Jan 2026
BIZ_009,Lemerian Workin Cafe,Cafe,Alwal,East,17.459679,78.547856,3,4.1,False,2026-02-01,4.93,1407,34,0.818,0.505,2.3,4.7,4.52,328,48,0.0212,0.426,8.29,0.33,0.1724,1.2032,1.0366,1.5311,0.006911,56.3,2026,2,1,Feb 2026
BIZ_009,Lemerian Workin Cafe,Cafe,Alwal,East,17.459679,78.547856,3,4.2,False,2026-03-01,4.55,1441,34,0.972,0.628,6.7,4.22,4.55,329,55,0.111,0.471,8.1,-0.38,0.0,1.1069,1.0255,1.7471,0.006837,65.0,2026,3,1,Mar 2026
BIZ_009,Lemerian Workin Cafe,Cafe,Alwal,East,17.459679,78.547856,3,4.2,False,2026-04-01,4.8,1468,27,0.736,0.51,13.3,4.98,4.59,297,44,0.0304,0.459,6.43,0.25,-0.2059,1.1627,0.943,1.3576,0.006286,54.5,2026,4,2,Apr 2026
BIZ_009,Lemerian Workin Cafe,Cafe,Alwal,East,17.459679,78.547856,3,4.3,False,2026-05-01,4.57,1489,21,0.883,0.541,2.9,4.27,5.0,169,56,0.0361,0.559,4.88,-0.23,-0.2222,1.1107,0.7488,1.6181,0.004992,49.5,2026,5,2,May 2026
BIZ_009,Lemerian Workin Cafe,Cafe,Alwal,East,17.459679,78.547856,3,4.4,False,2026-06-01,4.62,1515,26,0.775,0.456,4.0,4.23,4.28,190,56,0.0724,0.488,5.91,0.05,0.2381,1.1252,0.9911,1.4152,0.006607,58.0,2026,6,2,Jun 2026
BIZ_010,Thrivesome Cafe Co,Cafe,Miyapur,West,17.42984,78.352754,1,2.0,False,2025-01-01,4.9,218,10,0.832,0.55,6.7,4.85,4.85,253,47,0.0614,0.448,5.0,0.0,0.0,1.2043,0.2872,1.5621,0.001915,60.5,2025,1,1,Jan 2025
BIZ_010,Thrivesome Cafe Co,Cafe,Miyapur,West,17.42984,78.352754,1,2.1,False,2025-02-01,4.75,229,11,0.923,0.504,7.8,3.93,4.81,280,42,0.0707,0.457,5.24,-0.15,0.1,1.163,0.3324,1.7459,0.002216,53.9,2025,2,1,Feb 2025
BIZ_010,Thrivesome Cafe Co,Cafe,Miyapur,West,17.42984,78.352754,1,2.2,False,2025-03-01,4.78,238,9,0.971,0.669,4.0,4.57,4.68,365,32,0.15,0.464,4.09,0.03,-0.1818,1.165,0.2736,1.8571,0.001824,68.0,2025,3,1,Mar 2025
BIZ_010,Thrivesome Cafe Co,Cafe,Miyapur,West,17.42984,78.352754,1,2.2,False,2025-04-01,4.96,245,7,0.93,0.524,1.9,4.99,5.0,275,108,0.021,0.493,3.18,0.18,-0.2222,1.2023,0.2129,1.7536,0.001419,55.5,2025,4,2,Apr 2025
BIZ_010,Thrivesome Cafe Co,Cafe,Miyapur,West,17.42984,78.352754,1,2.3,False,2025-05-01,4.79,256,11,0.882,0.355,6.2,4.67,4.77,190,38,0.0296,0.467,4.78,-0.17,0.5714,1.1627,0.3845,1.676,0.002564,54.4,2025,5,2,May 2025
BIZ_010,Thrivesome Cafe Co,Cafe,Miyapur,West,17.42984,78.352754,1,2.4,False,2025-06-01,4.92,262,6,0.928,0.437,9.2,4.92,5.0,208,53,0.0214,0.567,2.5,0.13,-0.4545,1.2033,0.2147,1.7476,0.001431,53.9,2025,6,2,Jun 2025
BIZ_010,Thrivesome Cafe Co,Cafe,Miyapur,West,17.42984,78.352754,1,2.5,False,2025-07-01,4.8,267,5,0.803,0.561,5.8,4.81,4.63,153,44,0.0577,0.446,2.0,-0.12,-0.1667,1.18,0.2065,1.501,0.001377,54.9,2025,7,3,Jul 2025
BIZ_010,Thrivesome Cafe Co,Cafe,Miyapur,West,17.42984,78.352754,1,2.6,False,2025-08-01,4.84,276,9,1.0,0.45,5.5,4.15,4.94,267,36,0.0748,0.467,3.46,0.04,0.8,1.1985,0.3639,1.8548,0.002426,61.6,2025,8,3,Aug 2025
BIZ_010,Thrivesome Cafe Co,Cafe,Miyapur,West,17.42984,78.352754,1,2.7,False,2025-09-01,4.65,281,5,0.923,0.504,7.3,3.95,4.85,335,40,0.0478,0.513,1.85,-0.19,-0.4444,1.155,0.1717,1.728,0.001144,50.0,2025,9,3,Sep 2025
BIZ_010,Thrivesome Cafe Co,Cafe,Miyapur,West,17.42984,78.352754,1,2.8,False,2025-10-01,4.85,287,6,1.0,0.603,4.4,5.0,4.78,208,40,0.0241,0.448,2.14,0.2,0.2,1.2046,0.2063,1.8719,0.001375,56.2,2025,10,4,Oct 2025
BIZ_010,Thrivesome Cafe Co,Cafe,Miyapur,West,17.42984,78.352754,1,2.8,False,2025-11-01,4.59,296,9,1.0,0.504,2.3,4.62,4.38,208,50,0.0225,0.536,3.21,-0.26,0.5,1.1394,0.2888,1.8376,0.001925,51.5,2025,11,4,Nov 2025
BIZ_010,Thrivesome Cafe Co,Cafe,Miyapur,West,17.42984,78.352754,1,2.9,False,2025-12-01,4.76,309,13,0.831,0.564,5.8,4.64,5.0,267,60,0.0302,0.513,4.48,0.17,0.4444,1.1768,0.398,1.5345,0.002653,51.9,2025,12,4,Dec 2025
BIZ_010,Thrivesome Cafe Co,Cafe,Miyapur,West,17.42984,78.352754,1,3.0,False,2026-01-01,4.82,319,10,0.825,0.407,6.3,4.66,4.85,308,88,0.0222,0.503,3.33,0.06,-0.2308,1.1809,0.3063,1.5367,0.002042,50.5,2026,1,1,Jan 2026
BIZ_010,Thrivesome Cafe Co,Cafe,Miyapur,West,17.42984,78.352754,1,3.1,False,2026-02-01,4.7,329,10,0.886,0.319,4.9,4.38,5.0,310,36,0.0258,0.397,3.23,-0.12,0.0,1.1471,0.3049,1.6584,0.002033,52.3,2026,2,1,Feb 2026
BIZ_010,Thrivesome Cafe Co,Cafe,Miyapur,West,17.42984,78.352754,1,3.2,False,2026-03-01,4.9,339,10,0.933,0.294,6.7,5.0,4.97,214,44,0.0218,0.414,3.12,0.2,0.0,1.192,0.3016,1.677,0.002011,55.9,2026,3,1,Mar 2026
BIZ_010,Thrivesome Cafe Co,Cafe,Miyapur,West,17.42984,78.352754,1,3.2,False,2026-04-01,4.6,346,7,0.942,0.63,3.8,4.27,5.0,156,44,0.0296,0.507,2.19,-0.3,-0.3,1.1143,0.2445,1.7376,0.00163,51.1,2026,4,2,Apr 2026
BIZ_010,Thrivesome Cafe Co,Cafe,Miyapur,West,17.42984,78.352754,1,3.3,False,2026-05-01,4.97,353,7,0.857,0.395,5.8,4.82,5.0,317,53,0.0214,0.442,2.12,0.37,0.0,1.2079,0.2496,1.5704,0.001664,53.1,2026,5,2,May 2026
BIZ_010,Thrivesome Cafe Co,Cafe,Miyapur,West,17.42984,78.352754,1,3.4,False,2026-06-01,4.78,362,9,0.91,0.451,6.9,4.79,4.46,275,38,0.0537,0.412,2.65,-0.19,0.2857,1.1642,0.3431,1.6618,0.002287,59.4,2026,6,2,Jun 2026
BIZ_011,Mikro Neighbourhood Cafe,Cafe,Ameerpet,Central,17.455313,78.444484,2,3.0,False,2025-01-01,4.26,162,7,0.941,0.498,4.1,3.94,4.17,227,53,0.0623,0.394,2.33,0.0,0.0,1.047,0.201,1.7667,0.00134,51.7,2025,1,1,Jan 2025
BIZ_011,Mikro Neighbourhood Cafe,Cafe,Ameerpet,Central,17.455313,78.444484,2,3.1,False,2025-02-01,4.45,170,8,0.836,0.538,7.7,3.87,4.88,292,80,0.0426,0.551,2.58,0.19,0.1429,1.0896,0.2417,1.5813,0.001612,45.0,2025,2,1,Feb 2025
BIZ_011,Mikro Neighbourhood Cafe,Cafe,Ameerpet,Central,17.455313,78.444484,2,3.2,False,2025-03-01,4.4,174,4,0.853,0.53,10.3,4.13,4.69,305,50,0.0258,0.467,1.25,-0.05,-0.5,1.0724,0.1216,1.6314,0.000811,43.8,2025,3,1,Mar 2025
BIZ_011,Mikro Neighbourhood Cafe,Cafe,Ameerpet,Central,17.455313,78.444484,2,3.2,False,2025-04-01,4.54,176,2,0.839,0.333,10.8,4.32,4.65,206,69,0.0422,0.537,0.62,0.14,-0.5,1.1005,0.0608,1.582,0.000405,47.4,2025,4,2,Apr 2025
BIZ_011,Mikro Neighbourhood Cafe,Cafe,Ameerpet,Central,17.455313,78.444484,2,3.3,False,2025-05-01,4.4,180,4,0.797,0.643,8.0,4.33,4.11,195,30,0.0358,0.412,1.21,-0.14,1.0,1.068,0.1398,1.5145,0.000932,48.1,2025,5,2,May 2025
BIZ_011,Mikro Neighbourhood Cafe,Cafe,Ameerpet,Central,17.455313,78.444484,2,3.4,False,2025-06-01,4.4,183,3,0.723,0.554,6.0,4.14,4.21,269,68,0.0236,0.451,0.88,0.0,-0.25,1.0761,0.1073,1.3615,0.000716,41.3,2025,6,2,Jun 2025
BIZ_011,Mikro Neighbourhood Cafe,Cafe,Ameerpet,Central,17.455313,78.444484,2,3.5,False,2025-07-01,4.35,186,3,0.808,0.523,4.3,4.05,4.33,203,42,0.051,0.466,0.86,-0.05,0.0,1.0694,0.1239,1.5104,0.000826,45.1,2025,7,3,Jul 2025
BIZ_011,Mikro Neighbourhood Cafe,Cafe,Ameerpet,Central,17.455313,78.444484,2,3.6,False,2025-08-01,4.37,187,0,0.932,0.519,7.0,4.45,4.11,241,39,0.0294,0.438,0.0,0.02,-1.0,1.0821,0.0,1.7286,0.0,46.0,2025,8,3,Aug 2025
BIZ_011,Mikro Neighbourhood Cafe,Cafe,Ameerpet,Central,17.455313,78.444484,2,3.7,False,2025-09-01,4.35,193,6,0.797,0.456,8.5,4.35,4.22,131,37,0.0609,0.325,1.62,-0.02,0.0,1.0805,0.206,1.4921,0.001373,47.8,2025,9,3,Sep 2025
BIZ_011,Mikro Neighbourhood Cafe,Cafe,Ameerpet,Central,17.455313,78.444484,2,3.8,False,2025-10-01,4.31,196,3,0.675,0.391,7.2,4.51,4.39,219,56,0.0232,0.43,0.79,-0.04,-0.5,1.0705,0.1031,1.2635,0.000688,40.6,2025,10,4,Oct 2025
BIZ_011,Mikro Neighbourhood Cafe,Cafe,Ameerpet,Central,17.455313,78.444484,2,3.8,False,2025-11-01,4.24,203,7,0.733,0.672,2.9,4.2,3.96,294,48,0.0422,0.42,1.84,-0.07,1.3333,1.0526,0.2246,1.347,0.001497,45.6,2025,11,4,Nov 2025
BIZ_011,Mikro Neighbourhood Cafe,Cafe,Ameerpet,Central,17.455313,78.444484,2,3.9,False,2025-12-01,4.3,206,3,0.758,0.613,6.3,4.4,4.43,227,51,0.0468,0.54,0.77,0.06,-0.5714,1.063,0.0918,1.3997,0.000612,44.5,2025,12,4,Dec 2025
BIZ_011,Mikro Neighbourhood Cafe,Cafe,Ameerpet,Central,17.455313,78.444484,2,4.0,False,2026-01-01,4.3,211,5,0.778,0.576,9.0,4.41,4.35,273,30,0.0393,0.393,1.25,0.0,0.6667,1.0535,0.1532,1.4492,0.001021,47.9,2026,1,1,Jan 2026
BIZ_011,Mikro Neighbourhood Cafe,Cafe,Ameerpet,Central,17.455313,78.444484,2,4.1,False,2026-02-01,4.26,217,6,0.64,0.478,7.4,4.12,4.37,293,75,0.0502,0.503,1.46,-0.04,0.2,1.0397,0.1829,1.1979,0.00122,46.0,2026,2,1,Feb 2026
BIZ_011,Mikro Neighbourhood Cafe,Cafe,Ameerpet,Central,17.455313,78.444484,2,4.2,False,2026-03-01,4.37,223,6,0.756,0.47,9.4,4.44,4.79,349,67,0.0371,0.387,1.43,0.11,0.0,1.0631,0.181,1.3589,0.001207,47.0,2026,3,1,Mar 2026
BIZ_011,Mikro Neighbourhood Cafe,Cafe,Ameerpet,Central,17.455313,78.444484,2,4.2,False,2026-04-01,4.39,226,3,0.841,0.41,9.6,4.6,4.57,264,35,0.0579,0.456,0.71,0.02,-0.5,1.0634,0.1048,1.5513,0.000698,51.3,2026,4,2,Apr 2026
BIZ_011,Mikro Neighbourhood Cafe,Cafe,Ameerpet,Central,17.455313,78.444484,2,4.3,False,2026-05-01,4.26,230,4,0.823,0.483,5.8,4.0,4.18,235,42,0.0311,0.406,0.93,-0.13,0.3333,1.0354,0.1426,1.5081,0.000951,42.8,2026,5,2,May 2026
BIZ_011,Mikro Neighbourhood Cafe,Cafe,Ameerpet,Central,17.455313,78.444484,2,4.4,False,2026-06-01,4.42,235,5,0.676,0.533,8.7,4.23,5.0,134,59,0.0698,0.417,1.14,0.16,0.25,1.0765,0.1906,1.2345,0.001271,52.1,2026,6,2,Jun 2026
BIZ_012,Pearl Swirl,Cafe,Ameerpet,Central,17.47719,78.456885,3,1.3,False,2025-01-01,4.19,210,14,0.569,0.625,8.5,3.95,4.05,320,40,0.0401,0.447,10.77,0.0,0.0,1.0298,0.4021,1.0683,0.00268,42.0,2025,1,1,Jan 2025
BIZ_012,Pearl Swirl,Cafe,Ameerpet,Central,17.47719,78.456885,3,1.4,False,2025-02-01,4.2,220,10,0.65,0.573,13.6,3.74,3.91,294,66,0.0222,0.535,7.14,0.01,-0.2857,1.0284,0.3022,1.2295,0.002015,34.9,2025,2,1,Feb 2025
BIZ_012,Pearl Swirl,Cafe,Ameerpet,Central,17.47719,78.456885,3,1.5,False,2025-03-01,4.17,232,12,0.577,0.377,4.7,3.97,3.89,299,95,0.0218,0.351,8.0,-0.03,0.2,1.0163,0.3648,1.1035,0.002432,37.8,2025,3,1,Mar 2025
BIZ_012,Pearl Swirl,Cafe,Ameerpet,Central,17.47719,78.456885,3,1.6,False,2025-04-01,4.3,238,6,0.674,0.473,5.4,3.91,4.03,320,12,0.0614,0.43,3.75,0.13,-0.5,1.0423,0.1824,1.2709,0.001216,42.2,2025,4,2,Apr 2025
BIZ_012,Pearl Swirl,Cafe,Ameerpet,Central,17.47719,78.456885,3,1.6,False,2025-05-01,4.31,246,8,0.422,0.627,8.4,3.87,4.01,185,51,0.0373,0.514,5.0,0.01,0.3333,1.0462,0.2797,0.8019,0.001864,36.9,2025,5,2,May 2025
BIZ_012,Pearl Swirl,Cafe,Ameerpet,Central,17.47719,78.456885,3,1.7,False,2025-06-01,4.29,258,12,0.58,0.683,4.4,3.74,4.21,321,28,0.0579,0.444,7.06,-0.02,0.5,1.0492,0.4294,1.0923,0.002863,42.3,2025,6,2,Jun 2025
BIZ_012,Pearl Swirl,Cafe,Ameerpet,Central,17.47719,78.456885,3,1.8,False,2025-07-01,4.17,278,20,0.499,0.421,6.8,4.32,4.54,245,23,0.0543,0.458,11.11,-0.12,0.6667,1.0251,0.826,0.9328,0.005507,41.2,2025,7,3,Jul 2025
BIZ_012,Pearl Swirl,Cafe,Ameerpet,Central,17.47719,78.456885,3,1.9,False,2025-08-01,4.12,284,6,0.616,0.598,2.3,4.39,4.06,287,23,0.0326,0.488,3.16,-0.05,-0.7,1.0202,0.2426,1.1425,0.001617,38.8,2025,8,3,Aug 2025
BIZ_012,Pearl Swirl,Cafe,Ameerpet,Central,17.47719,78.456885,3,2.0,False,2025-09-01,4.07,287,3,0.612,0.469,5.6,4.1,4.13,292,28,0.0301,0.444,1.5,-0.05,-0.5,1.0109,0.103,1.1458,0.000687,36.5,2025,9,3,Sep 2025
BIZ_012,Pearl Swirl,Cafe,Ameerpet,Central,17.47719,78.456885,3,2.0,False,2025-10-01,4.27,302,15,0.535,0.455,5.2,4.2,4.09,220,47,0.0283,0.396,7.5,0.2,4.0,1.0605,0.5157,1.0015,0.003438,46.7,2025,10,4,Oct 2025
BIZ_012,Pearl Swirl,Cafe,Ameerpet,Central,17.47719,78.456885,3,2.1,False,2025-11-01,4.16,307,5,0.49,0.414,5.8,3.89,4.2,347,36,0.0317,0.432,2.38,-0.11,-0.6667,1.0327,0.1604,0.9004,0.00107,34.7,2025,11,4,Nov 2025
BIZ_012,Pearl Swirl,Cafe,Ameerpet,Central,17.47719,78.456885,3,2.2,False,2025-12-01,4.19,322,15,0.554,0.499,3.2,4.42,4.44,198,41,0.0227,0.403,6.82,0.03,2.0,1.0358,0.4592,1.023,0.003061,41.6,2025,12,4,Dec 2025
BIZ_012,Pearl Swirl,Cafe,Ameerpet,Central,17.47719,78.456885,3,2.3,False,2026-01-01,4.17,333,11,0.597,0.515,4.0,4.27,4.04,195,71,0.0525,0.418,4.78,-0.02,-0.2667,1.0216,0.3369,1.112,0.002246,43.2,2026,1,1,Jan 2026
BIZ_012,Pearl Swirl,Cafe,Ameerpet,Central,17.47719,78.456885,3,2.4,False,2026-02-01,4.24,350,0,0.553,0.349,4.8,4.01,4.02,381,35,0.0217,0.519,0.0,0.07,-1.0,1.0348,0.0,1.0351,0.0,35.1,2026,2,1,Feb 2026
BIZ_012,Pearl Swirl,Cafe,Ameerpet,Central,17.47719,78.456885,3,2.5,False,2026-03-01,4.28,363,13,0.474,0.616,6.0,3.86,4.3,296,41,0.0208,0.48,5.2,0.04,0.0,1.0412,0.3921,0.852,0.002614,36.8,2026,3,1,Mar 2026
BIZ_012,Pearl Swirl,Cafe,Ameerpet,Central,17.47719,78.456885,3,2.5,False,2026-04-01,4.06,378,15,0.549,0.484,16.4,3.66,3.76,349,37,0.0296,0.465,6.0,-0.22,0.1538,0.9835,0.5239,1.0127,0.003492,38.0,2026,4,2,Apr 2026
BIZ_012,Pearl Swirl,Cafe,Ameerpet,Central,17.47719,78.456885,3,2.6,False,2026-05-01,4.21,388,10,0.603,0.477,2.9,4.11,4.31,288,37,0.0317,0.481,3.85,0.15,-0.3333,1.0232,0.3565,1.105,0.002377,38.6,2026,5,2,May 2026
BIZ_012,Pearl Swirl,Cafe,Ameerpet,Central,17.47719,78.456885,3,2.7,False,2026-06-01,4.33,400,12,0.645,0.559,5.0,4.81,4.35,246,24,0.037,0.529,4.44,0.12,0.2,1.0546,0.4574,1.1779,0.00305,47.2,2026,6,2,Jun 2026
BIZ_013,Steam Lounge,Cafe,Uppal,East,17.477708,78.539663,3,1.4,False,2025-01-01,3.92,673,30,0.489,0.455,4.7,3.56,3.68,301,20,0.0332,0.499,21.43,0.0,0.0,0.9634,0.8616,0.9181,0.005744,36.0,2025,1,1,Jan 2025
BIZ_013,Steam Lounge,Cafe,Uppal,East,17.477708,78.539663,3,1.5,False,2025-02-01,3.9,716,43,0.41,0.677,11.4,3.74,3.95,291,36,0.0407,0.421,28.67,-0.02,0.4333,0.9549,1.2994,0.7755,0.008662,32.2,2025,2,1,Feb 2025
BIZ_013,Steam Lounge,Cafe,Uppal,East,17.477708,78.539663,3,1.6,False,2025-03-01,4.01,738,22,0.511,0.484,5.8,3.71,3.56,229,55,0.0201,0.503,13.75,0.11,-0.4884,0.9773,0.6688,0.9773,0.004459,31.6,2025,3,1,Mar 2025
BIZ_013,Steam Lounge,Cafe,Uppal,East,17.477708,78.539663,3,1.6,False,2025-04-01,4.06,772,34,0.291,0.471,5.8,3.56,3.74,326,59,0.0276,0.375,21.25,0.05,0.5455,0.9841,1.0339,0.5487,0.006892,30.7,2025,4,2,Apr 2025
BIZ_013,Steam Lounge,Cafe,Uppal,East,17.477708,78.539663,3,1.7,False,2025-05-01,3.9,814,42,0.58,0.367,26.4,3.43,3.37,256,41,0.0555,0.42,24.71,-0.16,0.2353,0.9466,1.4682,1.1021,0.009788,38.0,2025,5,2,May 2025
BIZ_013,Steam Lounge,Cafe,Uppal,East,17.477708,78.539663,3,1.8,False,2025-06-01,3.82,851,37,0.49,0.557,4.0,3.99,3.4,303,17,0.0557,0.462,20.56,-0.08,-0.119,0.9343,1.324,0.9228,0.008826,36.9,2025,6,2,Jun 2025
BIZ_013,Steam Lounge,Cafe,Uppal,East,17.477708,78.539663,3,1.9,False,2025-07-01,3.93,885,34,0.464,0.482,3.5,3.07,4.01,220,42,0.0229,0.397,17.89,0.11,-0.0811,0.9661,1.4042,0.8673,0.009361,28.1,2025,7,3,Jul 2025
BIZ_013,Steam Lounge,Cafe,Uppal,East,17.477708,78.539663,3,2.0,False,2025-08-01,4.01,911,26,0.397,0.487,16.5,3.26,3.55,292,71,0.0235,0.573,13.0,0.08,-0.2353,0.9929,1.0512,0.7363,0.007008,29.7,2025,8,3,Aug 2025
BIZ_013,Steam Lounge,Cafe,Uppal,East,17.477708,78.539663,3,2.1,False,2025-09-01,3.76,930,19,0.516,0.627,3.5,3.07,3.67,261,72,0.0518,0.479,9.05,-0.25,-0.2692,0.9339,0.6523,0.9661,0.004349,31.0,2025,9,3,Sep 2025
BIZ_013,Steam Lounge,Cafe,Uppal,East,17.477708,78.539663,3,2.1,False,2025-10-01,3.98,955,25,0.484,0.454,2.8,3.88,4.41,157,49,0.0465,0.448,11.9,0.22,0.3158,0.9885,0.8595,0.906,0.00573,37.5,2025,10,4,Oct 2025
BIZ_013,Steam Lounge,Cafe,Uppal,East,17.477708,78.539663,3,2.2,False,2025-11-01,3.84,985,30,0.48,0.592,14.5,3.81,3.01,266,54,0.0205,0.456,13.64,-0.14,0.2,0.9533,0.9626,0.8821,0.006417,31.3,2025,11,4,Nov 2025
BIZ_013,Steam Lounge,Cafe,Uppal,East,17.477708,78.539663,3,2.3,False,2025-12-01,3.97,1030,45,0.555,0.477,11.5,3.87,3.82,218,60,0.0263,0.414,19.57,0.13,0.5,0.9815,1.3776,1.0249,0.009184,36.5,2025,12,4,Dec 2025
BIZ_013,Steam Lounge,Cafe,Uppal,East,17.477708,78.539663,3,2.4,False,2026-01-01,3.85,1080,50,0.334,0.351,18.3,3.44,3.7,213,58,0.0267,0.507,20.83,-0.12,0.1111,0.9432,1.5315,0.6221,0.01021,28.9,2026,1,1,Jan 2026
BIZ_013,Steam Lounge,Cafe,Uppal,East,17.477708,78.539663,3,2.5,False,2026-02-01,3.91,1135,55,0.527,0.737,1.9,4.09,4.0,233,71,0.0624,0.431,22.0,0.06,0.1,0.9542,1.6768,0.9864,0.011179,43.8,2026,2,1,Feb 2026
BIZ_013,Steam Lounge,Cafe,Uppal,East,17.477708,78.539663,3,2.6,False,2026-03-01,4.0,1170,35,0.447,0.507,10.1,3.46,3.99,308,65,0.0275,0.378,13.46,0.09,-0.3636,0.9731,1.0557,0.8035,0.007038,32.6,2026,3,1,Mar 2026
BIZ_013,Steam Lounge,Cafe,Uppal,East,17.477708,78.539663,3,2.6,False,2026-04-01,3.93,1208,38,0.484,0.484,7.1,3.94,3.92,200,45,0.0423,0.472,14.62,-0.07,0.0857,0.952,1.3271,0.8928,0.008847,39.9,2026,4,2,Apr 2026
BIZ_013,Steam Lounge,Cafe,Uppal,East,17.477708,78.539663,3,2.7,False,2026-05-01,4.09,1243,35,0.356,0.438,6.1,4.28,4.08,206,24,0.0263,0.475,12.96,0.16,-0.0789,0.994,1.2479,0.6524,0.008319,34.4,2026,5,2,May 2026
BIZ_013,Steam Lounge,Cafe,Uppal,East,17.477708,78.539663,3,2.8,False,2026-06-01,3.89,1273,30,0.484,0.549,6.1,3.59,3.79,211,50,0.0283,0.444,10.71,-0.2,-0.1429,0.9474,1.1436,0.8838,0.007624,33.8,2026,6,2,Jun 2026
BIZ_014,Bean Works,Cafe,Alwal,East,17.554458,78.569841,2,6.0,False,2025-01-01,4.03,356,5,0.525,0.474,7.4,3.93,4.07,230,75,0.0339,0.462,0.83,0.0,0.0,0.9904,0.1436,0.9857,0.000957,38.1,2025,1,1,Jan 2025
BIZ_014,Bean Works,Cafe,Alwal,East,17.554458,78.569841,2,6.1,False,2025-02-01,4.28,361,5,0.407,0.567,6.1,4.44,3.97,319,65,0.0783,0.495,0.82,0.25,0.0,1.048,0.1511,0.7699,0.001007,40.9,2025,2,1,Feb 2025
BIZ_014,Bean Works,Cafe,Alwal,East,17.554458,78.569841,2,6.2,False,2025-03-01,4.08,366,5,0.406,0.615,8.6,4.05,3.99,258,80,0.0578,0.398,0.81,-0.2,0.0,0.9944,0.152,0.7765,0.001013,36.9,2025,3,1,Mar 2025
BIZ_014,Bean Works,Cafe,Alwal,East,17.554458,78.569841,2,6.2,False,2025-04-01,4.09,371,5,0.56,0.59,3.3,4.64,4.16,313,47,0.0554,0.424,0.81,0.01,0.0,0.9914,0.152,1.0559,0.001014,41.4,2025,4,2,Apr 2025
BIZ_014,Bean Works,Cafe,Alwal,East,17.554458,78.569841,2,6.3,False,2025-05-01,4.14,376,5,0.535,0.432,12.9,4.05,4.29,220,32,0.0635,0.507,0.79,0.05,0.0,1.0049,0.1748,1.0166,0.001165,42.0,2025,5,2,May 2025
BIZ_014,Bean Works,Cafe,Alwal,East,17.554458,78.569841,2,6.4,False,2025-06-01,4.21,378,2,0.391,0.516,6.6,3.85,4.55,238,44,0.0292,0.386,0.31,0.07,-0.6,1.0297,0.0716,0.7363,0.000477,32.5,2025,6,2,Jun 2025
BIZ_014,Bean Works,Cafe,Alwal,East,17.554458,78.569841,2,6.5,False,2025-07-01,3.97,378,0,0.532,0.532,9.3,3.43,3.97,223,34,0.0381,0.372,0.0,-0.24,-1.0,0.976,0.0,0.9944,0.0,30.2,2025,7,3,Jul 2025
BIZ_014,Bean Works,Cafe,Alwal,East,17.554458,78.569841,2,6.6,False,2025-08-01,3.9,381,3,0.501,0.58,8.7,3.34,3.32,260,31,0.0344,0.499,0.45,-0.07,0.0,0.9657,0.1213,0.9292,0.000809,31.3,2025,8,3,Aug 2025
BIZ_014,Bean Works,Cafe,Alwal,East,17.554458,78.569841,2,6.7,False,2025-09-01,3.89,385,4,0.455,0.507,7.8,3.26,3.78,255,56,0.0237,0.47,0.6,-0.01,0.3333,0.9662,0.1373,0.8518,0.000916,29.0,2025,9,3,Sep 2025
BIZ_014,Bean Works,Cafe,Alwal,East,17.554458,78.569841,2,6.8,False,2025-10-01,4.02,388,3,0.437,0.312,8.3,4.25,3.66,220,54,0.0207,0.449,0.44,0.13,-0.25,0.9984,0.1031,0.818,0.000688,32.0,2025,10,4,Oct 2025
BIZ_014,Bean Works,Cafe,Alwal,East,17.554458,78.569841,2,6.8,False,2025-11-01,3.98,392,4,0.537,0.72,3.1,4.12,3.99,258,76,0.1099,0.47,0.59,-0.04,0.3333,0.988,0.1283,0.9868,0.000856,47.8,2025,11,4,Nov 2025
BIZ_014,Bean Works,Cafe,Alwal,East,17.554458,78.569841,2,6.9,False,2025-12-01,4.03,396,4,0.514,0.553,5.4,3.54,4.36,315,48,0.0282,0.401,0.58,0.05,0.0,0.9963,0.1224,0.9492,0.000816,32.6,2025,12,4,Dec 2025
BIZ_014,Bean Works,Cafe,Alwal,East,17.554458,78.569841,2,7.0,False,2026-01-01,3.99,402,6,0.34,0.464,2.6,4.07,3.92,258,71,0.028,0.446,0.86,-0.04,0.5,0.9775,0.1838,0.6333,0.001225,32.1,2026,1,1,Jan 2026
BIZ_014,Bean Works,Cafe,Alwal,East,17.554458,78.569841,2,7.1,False,2026-02-01,4.05,406,4,0.35,0.576,3.9,3.95,3.83,291,76,0.0216,0.444,0.56,0.06,-0.3333,0.9884,0.122,0.6551,0.000813,31.9,2026,2,1,Feb 2026
BIZ_014,Bean Works,Cafe,Alwal,East,17.554458,78.569841,2,7.2,False,2026-03-01,4.11,413,7,0.448,0.466,3.9,3.66,3.75,315,20,0.0235,0.409,0.97,0.06,0.75,0.9999,0.2111,0.8053,0.001408,35.7,2026,3,1,Mar 2026
BIZ_014,Bean Works,Cafe,Alwal,East,17.554458,78.569841,2,7.2,False,2026-04-01,4.14,418,5,0.283,0.595,7.5,3.64,4.24,207,51,0.0295,0.429,0.69,0.03,-0.2857,1.0029,0.1746,0.522,0.001164,32.1,2026,4,2,Apr 2026
BIZ_014,Bean Works,Cafe,Alwal,East,17.554458,78.569841,2,7.3,False,2026-05-01,4.08,422,4,0.472,0.586,4.7,4.0,3.94,296,37,0.0284,0.395,0.55,-0.06,-0.2,0.9916,0.1426,0.8649,0.000951,33.8,2026,5,2,May 2026
BIZ_014,Bean Works,Cafe,Alwal,East,17.554458,78.569841,2,7.4,False,2026-06-01,4.11,428,6,0.476,0.51,4.4,4.22,3.75,169,37,0.0381,0.432,0.81,0.03,0.5,1.001,0.2287,0.8692,0.001525,39.9,2026,6,2,Jun 2026
BIZ_015,Modern Drip,Cafe,Somajiguda,Central,17.419978,78.439787,3,7.7,False,2025-01-01,3.41,481,7,0.497,0.44,12.7,3.06,3.34,358,55,0.024,0.489,0.91,0.0,0.0,0.8381,0.201,0.9331,0.00134,26.2,2025,1,1,Jan 2025
BIZ_015,Modern Drip,Cafe,Somajiguda,Central,17.419978,78.439787,3,7.8,False,2025-02-01,3.42,486,5,0.349,0.399,9.0,3.01,3.18,259,44,0.0219,0.371,0.64,0.01,-0.2857,0.8374,0.1511,0.6601,0.001007,16.3,2025,2,1,Feb 2025
BIZ_015,Modern Drip,Cafe,Somajiguda,Central,17.419978,78.439787,3,7.9,False,2025-03-01,3.53,492,6,0.341,0.605,3.3,3.63,3.36,346,89,0.0243,0.37,0.76,0.11,0.2,0.8603,0.1824,0.6522,0.001216,24.5,2025,3,1,Mar 2025
BIZ_015,Modern Drip,Cafe,Somajiguda,Central,17.419978,78.439787,3,8.0,False,2025-04-01,3.42,495,3,0.451,0.634,5.3,2.76,3.17,265,52,0.031,0.439,0.38,-0.11,-0.5,0.829,0.0912,0.8504,0.000608,18.9,2025,4,2,Apr 2025
BIZ_015,Modern Drip,Cafe,Somajiguda,Central,17.419978,78.439787,3,8.0,False,2025-05-01,3.52,498,3,0.121,0.608,4.3,3.77,3.42,204,62,0.0314,0.405,0.38,0.1,0.0,0.8544,0.1049,0.2299,0.000699,18.9,2025,5,2,May 2025
BIZ_015,Modern Drip,Cafe,Somajiguda,Central,17.419978,78.439787,3,8.1,False,2025-06-01,3.59,504,6,0.408,0.581,6.2,3.22,3.35,300,29,0.032,0.387,0.74,0.07,1.0,0.878,0.2147,0.7683,0.001431,25.4,2025,6,2,Jun 2025
BIZ_015,Modern Drip,Cafe,Somajiguda,Central,17.419978,78.439787,3,8.2,False,2025-07-01,3.58,506,2,0.388,0.568,11.7,3.19,3.15,206,67,0.0249,0.42,0.24,-0.01,-0.6667,0.8801,0.0826,0.7253,0.000551,20.4,2025,7,3,Jul 2025
BIZ_015,Modern Drip,Cafe,Somajiguda,Central,17.419978,78.439787,3,8.3,False,2025-08-01,3.5,511,5,0.341,0.724,4.6,3.19,2.89,204,38,0.02,0.462,0.6,-0.08,1.5,0.8667,0.2022,0.6325,0.001348,23.0,2025,8,3,Aug 2025
BIZ_015,Modern Drip,Cafe,Somajiguda,Central,17.419978,78.439787,3,8.4,False,2025-09-01,3.34,516,5,0.441,0.586,3.5,3.59,3.3,138,59,0.0409,0.407,0.6,-0.16,0.0,0.8296,0.1717,0.8256,0.001144,25.1,2025,9,3,Sep 2025
BIZ_015,Modern Drip,Cafe,Somajiguda,Central,17.419978,78.439787,3,8.4,False,2025-10-01,3.36,521,5,0.44,0.479,1.8,3.04,3.39,276,56,0.024,0.364,0.6,0.02,0.0,0.8345,0.1719,0.8236,0.001146,21.2,2025,10,4,Oct 2025
BIZ_015,Modern Drip,Cafe,Somajiguda,Central,17.419978,78.439787,3,8.5,False,2025-11-01,3.41,526,5,0.486,0.422,8.4,3.4,2.74,289,66,0.0314,0.427,0.59,0.05,0.0,0.8465,0.1604,0.8931,0.00107,25.1,2025,11,4,Nov 2025
BIZ_015,Modern Drip,Cafe,Somajiguda,Central,17.419978,78.439787,3,8.6,False,2025-12-01,3.51,530,4,0.365,0.57,2.0,3.91,3.63,262,39,0.0392,0.428,0.47,0.1,-0.2,0.8677,0.1224,0.674,0.000816,26.9,2025,12,4,Dec 2025
BIZ_015,Modern Drip,Cafe,Somajiguda,Central,17.419978,78.439787,3,8.7,False,2026-01-01,3.48,533,3,0.364,0.65,9.8,3.2,3.9,184,62,0.0347,0.452,0.34,-0.03,-0.25,0.8526,0.0919,0.678,0.000613,21.8,2026,1,1,Jan 2026
BIZ_015,Modern Drip,Cafe,Somajiguda,Central,17.419978,78.439787,3,8.8,False,2026-02-01,3.45,541,8,0.269,0.37,5.5,2.65,3.43,179,56,0.0467,0.423,0.91,-0.03,1.6667,0.842,0.2439,0.5035,0.001626,29.9,2026,2,1,Feb 2026
BIZ_015,Modern Drip,Cafe,Somajiguda,Central,17.419978,78.439787,3,8.9,False,2026-03-01,3.46,547,6,0.31,0.541,4.7,3.23,3.69,388,59,0.0254,0.289,0.67,0.01,-0.25,0.8417,0.181,0.5572,0.001207,21.8,2026,3,1,Mar 2026
BIZ_015,Modern Drip,Cafe,Somajiguda,Central,17.419978,78.439787,3,8.9,False,2026-04-01,3.46,551,4,0.377,0.541,2.7,2.96,3.31,246,41,0.0572,0.398,0.45,0.0,-0.3333,0.8381,0.1397,0.6954,0.000931,27.0,2026,4,2,Apr 2026
BIZ_015,Modern Drip,Cafe,Somajiguda,Central,17.419978,78.439787,3,9.0,False,2026-05-01,3.38,555,4,0.28,0.707,10.6,2.81,2.9,217,34,0.0221,0.504,0.44,-0.08,0.0,0.8215,0.1426,0.5131,0.000951,16.7,2026,5,2,May 2026
BIZ_015,Modern Drip,Cafe,Somajiguda,Central,17.419978,78.439787,3,9.1,False,2026-06-01,3.55,560,5,0.208,0.423,1.6,3.1,3.59,243,40,0.0212,0.468,0.55,0.17,0.25,0.8646,0.1906,0.3798,0.001271,21.0,2026,6,2,Jun 2026
BIZ_016,Royal Drip Coffee,Bakery & Cafe,Banjara Hills,Central,17.437642,78.466755,2,1.7,False,2025-01-01,3.76,635,35,0.519,0.414,6.7,3.97,3.35,299,49,0.0739,0.392,20.59,0.0,0.0,0.9241,1.0052,0.9744,0.006701,41.3,2025,1,1,Jan 2025
BIZ_016,Royal Drip Coffee,Bakery & Cafe,Banjara Hills,Central,17.437642,78.466755,2,1.8,False,2025-02-01,3.9,681,46,0.465,0.605,4.4,3.93,3.97,234,61,0.0274,0.481,25.56,0.14,0.3143,0.9549,1.39,0.8796,0.009267,32.4,2025,2,1,Feb 2025
BIZ_016,Royal Drip Coffee,Bakery & Cafe,Banjara Hills,Central,17.437642,78.466755,2,1.9,False,2025-03-01,4.0,704,23,0.385,0.492,13.1,3.97,3.8,264,50,0.0326,0.424,12.11,0.1,-0.5,0.9749,0.6992,0.7363,0.004662,31.6,2025,3,1,Mar 2025
BIZ_016,Royal Drip Coffee,Bakery & Cafe,Banjara Hills,Central,17.437642,78.466755,2,1.9,False,2025-04-01,3.89,739,35,0.377,0.676,1.7,4.08,3.84,292,51,0.0298,0.434,18.42,-0.11,0.5217,0.9429,1.0643,0.7109,0.007095,32.7,2025,4,2,Apr 2025
BIZ_016,Royal Drip Coffee,Bakery & Cafe,Banjara Hills,Central,17.437642,78.466755,2,2.0,False,2025-05-01,3.92,767,28,0.469,0.564,4.8,3.45,3.62,282,57,0.073,0.473,14.0,0.03,-0.2,0.9515,0.9788,0.8912,0.006525,37.9,2025,5,2,May 2025
BIZ_016,Royal Drip Coffee,Bakery & Cafe,Banjara Hills,Central,17.437642,78.466755,2,2.1,False,2025-06-01,3.85,791,24,0.443,0.358,4.8,4.05,4.07,214,47,0.0524,0.496,11.43,-0.07,-0.1429,0.9416,0.8588,0.8343,0.005725,35.4,2025,6,2,Jun 2025
BIZ_016,Royal Drip Coffee,Bakery & Cafe,Banjara Hills,Central,17.437642,78.466755,2,2.2,False,2025-07-01,3.86,810,19,0.352,0.45,12.6,3.33,3.8,170,53,0.0212,0.431,8.64,0.01,-0.2083,0.9489,0.7847,0.658,0.005231,25.0,2025,7,3,Jul 2025
BIZ_016,Royal Drip Coffee,Bakery & Cafe,Banjara Hills,Central,17.437642,78.466755,2,2.3,False,2025-08-01,3.7,831,21,0.358,0.448,5.8,3.78,3.75,232,27,0.0419,0.528,9.13,-0.16,0.1053,0.9162,0.8491,0.664,0.00566,30.6,2025,8,3,Aug 2025
BIZ_016,Royal Drip Coffee,Bakery & Cafe,Banjara Hills,Central,17.437642,78.466755,2,2.4,False,2025-09-01,3.78,859,28,0.234,0.48,6.2,3.62,3.77,234,5,0.0681,0.474,11.67,0.08,0.3333,0.9389,0.9613,0.4381,0.006409,31.4,2025,9,3,Sep 2025
BIZ_016,Royal Drip Coffee,Bakery & Cafe,Banjara Hills,Central,17.437642,78.466755,2,2.5,False,2025-10-01,3.96,891,32,0.471,0.357,1.9,3.87,3.93,224,53,0.0597,0.405,12.8,0.18,0.1429,0.9835,1.1002,0.8817,0.007334,39.2,2025,10,4,Oct 2025
BIZ_016,Royal Drip Coffee,Bakery & Cafe,Banjara Hills,Central,17.437642,78.466755,2,2.5,False,2025-11-01,3.83,903,12,0.554,0.484,6.9,3.7,4.15,175,55,0.0327,0.421,4.8,-0.13,-0.625,0.9508,0.385,1.018,0.002567,31.9,2025,11,4,Nov 2025
BIZ_016,Royal Drip Coffee,Bakery & Cafe,Banjara Hills,Central,17.437642,78.466755,2,2.6,False,2025-12-01,3.92,933,30,0.43,0.607,3.4,3.26,3.88,258,42,0.0762,0.377,11.54,0.09,1.5,0.9691,0.9184,0.794,0.006122,39.2,2025,12,4,Dec 2025
BIZ_016,Royal Drip Coffee,Bakery & Cafe,Banjara Hills,Central,17.437642,78.466755,2,2.7,False,2026-01-01,3.88,965,32,0.53,0.411,10.7,3.65,3.6,222,86,0.0205,0.463,11.85,-0.04,0.0667,0.9506,0.9802,0.9872,0.006535,31.2,2026,1,1,Jan 2026
BIZ_016,Royal Drip Coffee,Bakery & Cafe,Banjara Hills,Central,17.437642,78.466755,2,2.8,False,2026-02-01,3.93,1009,44,0.26,0.27,6.3,4.06,3.54,132,65,0.0265,0.361,15.71,0.05,0.375,0.9591,1.3415,0.4867,0.008943,34.8,2026,2,1,Feb 2026
BIZ_016,Royal Drip Coffee,Bakery & Cafe,Banjara Hills,Central,17.437642,78.466755,2,2.9,False,2026-03-01,3.98,1034,25,0.331,0.429,6.9,3.72,3.68,183,54,0.0276,0.43,8.62,0.05,-0.4318,0.9682,0.7541,0.595,0.005027,31.0,2026,3,1,Mar 2026
BIZ_016,Royal Drip Coffee,Bakery & Cafe,Banjara Hills,Central,17.437642,78.466755,2,3.0,False,2026-04-01,3.9,1070,36,0.31,0.513,7.5,4.25,3.77,266,22,0.0352,0.384,12.0,-0.08,0.44,0.9447,1.2573,0.5718,0.008382,37.6,2026,4,2,Apr 2026
BIZ_016,Royal Drip Coffee,Bakery & Cafe,Banjara Hills,Central,17.437642,78.466755,2,3.0,False,2026-05-01,3.91,1119,49,0.457,0.533,2.6,3.75,4.39,295,37,0.0237,0.365,16.33,0.01,0.3611,0.9503,1.7471,0.8374,0.011647,32.5,2026,5,2,May 2026
BIZ_016,Royal Drip Coffee,Bakery & Cafe,Banjara Hills,Central,17.437642,78.466755,2,3.1,False,2026-06-01,3.82,1157,38,0.435,0.654,4.4,3.07,4.05,188,53,0.0251,0.357,12.26,-0.09,-0.2245,0.9304,1.4485,0.7944,0.009657,29.9,2026,6,2,Jun 2026
BIZ_017,Leaf Spot,Bakery & Cafe,Somajiguda,Central,17.445511,78.426873,3,1.3,False,2025-01-01,4.43,618,43,0.731,0.612,5.4,4.72,4.38,249,53,0.0322,0.519,33.08,0.0,0.0,1.0888,1.2349,1.3725,0.008233,51.2,2025,1,1,Jan 2025
BIZ_017,Leaf Spot,Bakery & Cafe,Somajiguda,Central,17.445511,78.426873,3,1.4,False,2025-02-01,4.38,668,50,0.673,0.501,7.4,4.27,3.68,226,70,0.0467,0.39,35.71,-0.05,0.1628,1.0724,1.5109,1.273,0.010073,45.8,2025,2,1,Feb 2025
BIZ_017,Leaf Spot,Bakery & Cafe,Somajiguda,Central,17.445511,78.426873,3,1.5,False,2025-03-01,4.32,706,38,0.541,0.406,4.9,3.72,3.59,283,54,0.0255,0.527,25.33,-0.06,-0.24,1.0529,1.1552,1.0347,0.007702,38.3,2025,3,1,Mar 2025
BIZ_017,Leaf Spot,Bakery & Cafe,Somajiguda,Central,17.445511,78.426873,3,1.6,False,2025-04-01,4.5,734,28,0.72,0.461,6.7,4.75,4.45,275,43,0.0206,0.462,17.5,0.18,-0.2632,1.0908,0.8514,1.3576,0.005676,45.9,2025,4,2,Apr 2025
BIZ_017,Leaf Spot,Bakery & Cafe,Somajiguda,Central,17.445511,78.426873,3,1.6,False,2025-05-01,4.51,763,29,0.68,0.45,3.5,4.55,4.85,212,36,0.0255,0.448,18.12,0.01,0.0357,1.0947,1.0137,1.2922,0.006758,45.6,2025,5,2,May 2025
BIZ_017,Leaf Spot,Bakery & Cafe,Somajiguda,Central,17.445511,78.426873,3,1.7,False,2025-06-01,4.28,784,21,0.767,0.376,3.1,3.89,4.26,207,36,0.0262,0.546,12.35,-0.23,-0.2759,1.0468,0.7514,1.4444,0.00501,41.1,2025,6,2,Jun 2025
BIZ_017,Leaf Spot,Bakery & Cafe,Somajiguda,Central,17.445511,78.426873,3,1.8,False,2025-07-01,4.37,816,32,0.722,0.646,2.7,4.05,4.12,126,28,0.0436,0.431,17.78,0.09,0.5238,1.0743,1.3216,1.3496,0.008811,45.5,2025,7,3,Jul 2025
BIZ_017,Leaf Spot,Bakery & Cafe,Somajiguda,Central,17.445511,78.426873,3,1.9,False,2025-08-01,4.42,841,25,0.789,0.676,3.6,4.42,3.93,255,46,0.0234,0.49,13.16,0.05,-0.2188,1.0945,1.0108,1.4634,0.006739,45.5,2025,8,3,Aug 2025
BIZ_017,Leaf Spot,Bakery & Cafe,Somajiguda,Central,17.445511,78.426873,3,2.0,False,2025-09-01,4.44,872,31,0.579,0.593,2.0,4.29,4.48,247,80,0.0211,0.467,15.5,0.02,0.24,1.1028,1.0643,1.084,0.007095,41.7,2025,9,3,Sep 2025
BIZ_017,Leaf Spot,Bakery & Cafe,Somajiguda,Central,17.445511,78.426873,3,2.0,False,2025-10-01,4.18,898,26,0.679,0.303,7.9,3.9,3.56,270,60,0.0222,0.501,13.0,-0.26,-0.1613,1.0382,0.8939,1.271,0.005959,38.5,2025,10,4,Oct 2025
BIZ_017,Leaf Spot,Bakery & Cafe,Somajiguda,Central,17.445511,78.426873,3,2.1,False,2025-11-01,4.35,933,35,0.75,0.61,6.1,4.71,4.4,354,16,0.0207,0.435,16.67,0.17,0.3462,1.0799,1.123,1.3782,0.007487,45.6,2025,11,4,Nov 2025
BIZ_017,Leaf Spot,Bakery & Cafe,Somajiguda,Central,17.445511,78.426873,3,2.2,False,2025-12-01,4.34,955,22,0.687,0.397,7.2,4.44,4.3,163,87,0.0262,0.513,10.0,-0.01,-0.3714,1.0729,0.6735,1.2686,0.00449,42.6,2025,12,4,Dec 2025
BIZ_017,Leaf Spot,Bakery & Cafe,Somajiguda,Central,17.445511,78.426873,3,2.3,False,2026-01-01,4.37,1002,47,0.823,0.466,4.4,4.35,4.14,343,63,0.0448,0.485,20.43,0.03,1.1364,1.0706,1.4397,1.533,0.009598,54.2,2026,1,1,Jan 2026
BIZ_017,Leaf Spot,Bakery & Cafe,Somajiguda,Central,17.445511,78.426873,3,2.4,False,2026-02-01,4.32,1052,50,0.629,0.416,4.0,4.45,4.36,306,72,0.0408,0.487,20.83,-0.05,0.0638,1.0543,1.5244,1.1774,0.010163,48.2,2026,2,1,Feb 2026
BIZ_017,Leaf Spot,Bakery & Cafe,Somajiguda,Central,17.445511,78.426873,3,2.5,False,2026-03-01,4.31,1085,33,0.735,0.615,3.9,4.35,4.57,263,44,0.0327,0.479,13.2,-0.01,-0.34,1.0485,0.9954,1.3211,0.006636,45.1,2026,3,1,Mar 2026
BIZ_017,Leaf Spot,Bakery & Cafe,Somajiguda,Central,17.445511,78.426873,3,2.5,False,2026-04-01,4.43,1124,39,0.589,0.471,2.0,4.65,3.96,312,64,0.0262,0.431,15.6,0.12,0.1818,1.0731,1.362,1.0865,0.00908,48.1,2026,4,2,Apr 2026
BIZ_017,Leaf Spot,Bakery & Cafe,Somajiguda,Central,17.445511,78.426873,3,2.6,False,2026-05-01,4.35,1154,30,0.757,0.607,5.6,4.11,4.39,191,45,0.0422,0.441,11.54,-0.08,-0.2308,1.0572,1.0696,1.3872,0.007131,45.6,2026,5,2,May 2026
BIZ_017,Leaf Spot,Bakery & Cafe,Somajiguda,Central,17.445511,78.426873,3,2.7,False,2026-06-01,4.41,1199,45,0.73,0.472,7.7,3.8,4.27,245,53,0.021,0.458,16.67,0.06,0.5,1.0741,1.7154,1.3331,0.011436,45.2,2026,6,2,Jun 2026
BIZ_018,Fresh Brew,Coffee Shop,Begumpet,Central,17.445459,78.464912,1,3.2,False,2025-01-01,4.67,20,3,0.927,0.467,4.7,4.51,4.72,292,48,0.0542,0.427,0.94,0.0,0.0,1.1477,0.0862,1.7405,0.000574,57.1,2025,1,1,Jan 2025
BIZ_018,Fresh Brew,Coffee Shop,Begumpet,Central,17.445459,78.464912,1,3.3,False,2025-02-01,4.62,23,3,0.955,0.635,11.9,4.67,5.0,253,39,0.0227,0.504,0.91,-0.05,0.0,1.1312,0.0907,1.8064,0.000604,49.7,2025,2,1,Feb 2025
BIZ_018,Fresh Brew,Coffee Shop,Begumpet,Central,17.445459,78.464912,1,3.4,False,2025-03-01,4.68,26,3,0.941,0.703,7.9,4.69,5.0,300,60,0.0267,0.415,0.88,0.06,0.0,1.1406,0.0912,1.7997,0.000608,52.8,2025,3,1,Mar 2025
BIZ_018,Fresh Brew,Coffee Shop,Begumpet,Central,17.445459,78.464912,1,3.5,False,2025-04-01,4.83,29,3,0.929,0.431,8.4,4.62,4.63,271,41,0.0339,0.423,0.86,0.15,0.0,1.1708,0.0912,1.7517,0.000608,54.0,2025,4,2,Apr 2025
BIZ_018,Fresh Brew,Coffee Shop,Begumpet,Central,17.445459,78.464912,1,3.5,False,2025-05-01,4.8,34,5,0.838,0.663,5.9,4.44,4.53,242,45,0.0269,0.437,1.43,-0.03,0.6667,1.1651,0.1748,1.5924,0.001165,52.0,2025,5,2,May 2025
BIZ_018,Fresh Brew,Coffee Shop,Begumpet,Central,17.445459,78.464912,1,3.6,False,2025-06-01,4.62,35,1,0.944,0.495,7.0,4.62,4.88,250,42,0.0426,0.439,0.28,-0.18,-0.8,1.1299,0.0358,1.7777,0.000239,51.8,2025,6,2,Jun 2025
BIZ_018,Fresh Brew,Coffee Shop,Begumpet,Central,17.445459,78.464912,1,3.7,False,2025-07-01,4.65,38,3,0.891,0.652,3.8,4.11,4.99,279,23,0.0354,0.544,0.81,0.03,2.0,1.1431,0.1239,1.6655,0.000826,49.7,2025,7,3,Jul 2025
BIZ_018,Fresh Brew,Coffee Shop,Begumpet,Central,17.445459,78.464912,1,3.8,False,2025-08-01,4.76,40,2,0.976,0.511,4.3,4.62,5.0,242,30,0.0424,0.43,0.53,0.11,-0.3333,1.1786,0.0809,1.8102,0.000539,55.0,2025,8,3,Aug 2025
BIZ_018,Fresh Brew,Coffee Shop,Begumpet,Central,17.445459,78.464912,1,3.9,False,2025-09-01,4.72,44,4,0.928,0.529,5.8,4.98,4.58,256,17,0.0274,0.504,1.03,-0.04,1.0,1.1724,0.1373,1.7374,0.000916,53.5,2025,9,3,Sep 2025
BIZ_018,Fresh Brew,Coffee Shop,Begumpet,Central,17.445459,78.464912,1,4.0,False,2025-10-01,4.69,48,4,0.914,0.557,4.7,4.91,5.0,293,35,0.0206,0.557,1.0,-0.03,0.0,1.1649,0.1375,1.7109,0.000917,51.4,2025,10,4,Oct 2025
BIZ_018,Fresh Brew,Coffee Shop,Begumpet,Central,17.445459,78.464912,1,4.0,False,2025-11-01,4.54,53,5,0.897,0.586,2.8,4.83,4.34,256,60,0.0543,0.528,1.25,-0.15,0.25,1.127,0.1604,1.6484,0.00107,54.3,2025,11,4,Nov 2025
BIZ_018,Fresh Brew,Coffee Shop,Begumpet,Central,17.445459,78.464912,1,4.1,False,2025-12-01,4.57,60,7,0.924,0.456,5.3,4.62,4.63,245,53,0.0284,0.486,1.71,0.03,0.4,1.1298,0.2143,1.7063,0.001429,50.4,2025,12,4,Dec 2025
BIZ_018,Fresh Brew,Coffee Shop,Begumpet,Central,17.445459,78.464912,1,4.2,False,2026-01-01,4.71,63,3,0.901,0.482,5.4,4.72,4.94,348,57,0.0318,0.536,0.71,0.14,-0.5714,1.1539,0.0919,1.6783,0.000613,51.5,2026,1,1,Jan 2026
BIZ_018,Fresh Brew,Coffee Shop,Begumpet,Central,17.445459,78.464912,1,4.3,False,2026-02-01,4.8,67,4,0.841,0.455,6.8,4.76,4.45,282,58,0.0539,0.554,0.93,0.09,0.3333,1.1715,0.122,1.5742,0.000813,59.0,2026,2,1,Feb 2026
BIZ_018,Fresh Brew,Coffee Shop,Begumpet,Central,17.445459,78.464912,1,4.4,False,2026-03-01,4.71,73,6,0.948,0.689,2.1,4.17,5.0,232,43,0.0466,0.488,1.36,-0.09,0.5,1.1458,0.181,1.704,0.001207,55.9,2026,3,1,Mar 2026
BIZ_018,Fresh Brew,Coffee Shop,Begumpet,Central,17.445459,78.464912,1,4.5,False,2026-04-01,4.58,80,7,0.891,0.522,4.8,4.73,4.08,249,48,0.0453,0.568,1.56,-0.13,0.1667,1.1094,0.2445,1.6435,0.00163,55.6,2026,4,2,Apr 2026
BIZ_018,Fresh Brew,Coffee Shop,Begumpet,Central,17.445459,78.464912,1,4.5,False,2026-05-01,4.71,85,5,0.888,0.38,8.5,4.62,4.58,215,64,0.026,0.504,1.11,0.13,-0.2857,1.1447,0.1783,1.6272,0.001188,50.2,2026,5,2,May 2026
BIZ_018,Fresh Brew,Coffee Shop,Begumpet,Central,17.445459,78.464912,1,4.6,False,2026-06-01,4.79,88,3,0.924,0.568,2.8,3.98,4.28,258,45,0.0523,0.572,0.65,0.08,-0.4,1.1666,0.1144,1.6873,0.000762,54.6,2026,6,2,Jun 2026
BIZ_019,Green Filter,Cafe,Banjara Hills,Central,17.442438,78.450741,2,2.6,False,2025-01-01,4.3,428,16,0.652,0.55,5.0,4.76,4.44,233,59,0.0294,0.483,6.15,0.0,0.0,1.0568,0.4595,1.2241,0.003063,46.7,2025,1,1,Jan 2025
BIZ_019,Green Filter,Cafe,Banjara Hills,Central,17.442438,78.450741,2,2.7,False,2025-02-01,4.37,448,20,0.645,0.456,4.9,4.39,4.33,250,81,0.0346,0.409,7.41,0.07,0.25,1.07,0.6044,1.22,0.004029,42.6,2025,2,1,Feb 2025
BIZ_019,Green Filter,Cafe,Banjara Hills,Central,17.442438,78.450741,2,2.8,False,2025-03-01,4.53,458,10,0.685,0.387,9.8,4.61,4.72,320,77,0.0646,0.459,3.57,0.16,-0.5,1.104,0.304,1.3101,0.002027,48.9,2025,3,1,Mar 2025
BIZ_019,Green Filter,Cafe,Banjara Hills,Central,17.442438,78.450741,2,2.9,False,2025-04-01,4.42,477,19,0.614,0.409,9.2,3.98,4.18,177,42,0.0204,0.407,6.55,-0.11,0.9,1.0714,0.5777,1.1577,0.003852,41.8,2025,4,2,Apr 2025
BIZ_019,Green Filter,Cafe,Banjara Hills,Central,17.442438,78.450741,2,2.9,False,2025-05-01,4.36,488,11,0.693,0.556,4.1,4.02,4.39,156,60,0.0292,0.504,3.79,-0.06,-0.4211,1.0583,0.3845,1.3169,0.002564,40.5,2025,5,2,May 2025
BIZ_019,Green Filter,Cafe,Banjara Hills,Central,17.442438,78.450741,2,3.0,False,2025-06-01,4.49,501,13,0.663,0.654,3.6,4.58,4.48,187,52,0.0527,0.447,4.33,0.13,0.1818,1.0981,0.4652,1.2486,0.003101,48.6,2025,6,2,Jun 2025
BIZ_019,Green Filter,Cafe,Banjara Hills,Central,17.442438,78.450741,2,3.1,False,2025-07-01,4.48,512,11,0.58,0.7,6.9,4.29,4.41,222,50,0.0546,0.472,3.55,-0.01,-0.1538,1.1013,0.4543,1.0842,0.003029,44.9,2025,7,3,Jul 2025
BIZ_019,Green Filter,Cafe,Banjara Hills,Central,17.442438,78.450741,2,3.2,False,2025-08-01,4.37,523,11,0.422,0.534,4.3,4.65,4.38,158,42,0.0409,0.477,3.44,-0.11,0.0,1.0821,0.4447,0.7827,0.002965,41.8,2025,8,3,Aug 2025
BIZ_019,Green Filter,Cafe,Banjara Hills,Central,17.442438,78.450741,2,3.3,False,2025-09-01,4.37,530,7,0.706,0.515,7.4,4.23,4.21,269,36,0.0541,0.471,2.12,0.0,-0.3636,1.0855,0.2403,1.3218,0.001602,45.0,2025,9,3,Sep 2025
BIZ_019,Green Filter,Cafe,Banjara Hills,Central,17.442438,78.450741,2,3.4,False,2025-10-01,4.41,549,19,0.656,0.527,3.2,3.95,4.43,305,46,0.0588,0.5,5.59,0.04,1.7143,1.0953,0.6532,1.228,0.004355,50.3,2025,10,4,Oct 2025
BIZ_019,Green Filter,Cafe,Banjara Hills,Central,17.442438,78.450741,2,3.4,False,2025-11-01,4.35,564,15,0.627,0.538,3.6,4.51,4.21,301,34,0.0254,0.504,4.41,-0.06,-0.2105,1.0799,0.4813,1.1522,0.003209,41.6,2025,11,4,Nov 2025
BIZ_019,Green Filter,Cafe,Banjara Hills,Central,17.442438,78.450741,2,3.5,False,2025-12-01,4.43,574,10,0.701,0.395,5.9,4.54,4.63,283,41,0.0537,0.472,2.86,0.08,-0.3333,1.0952,0.3061,1.2945,0.002041,47.4,2025,12,4,Dec 2025
BIZ_019,Green Filter,Cafe,Banjara Hills,Central,17.442438,78.450741,2,3.6,False,2026-01-01,4.49,589,15,0.734,0.621,4.1,3.31,4.28,347,56,0.0557,0.386,4.17,0.06,0.5,1.1,0.4595,1.3672,0.003063,48.4,2026,1,1,Jan 2026
BIZ_019,Green Filter,Cafe,Banjara Hills,Central,17.442438,78.450741,2,3.7,False,2026-02-01,4.38,614,25,0.66,0.586,3.7,3.55,4.34,269,50,0.0796,0.426,6.76,-0.11,0.6667,1.069,0.7622,1.2354,0.005081,52.4,2026,2,1,Feb 2026
BIZ_019,Green Filter,Cafe,Banjara Hills,Central,17.442438,78.450741,2,3.8,False,2026-03-01,4.44,620,6,0.655,0.508,5.3,4.88,4.89,231,23,0.0873,0.401,1.58,0.06,-0.76,1.0801,0.181,1.1773,0.001207,54.3,2026,3,1,Mar 2026
BIZ_019,Green Filter,Cafe,Banjara Hills,Central,17.442438,78.450741,2,3.9,False,2026-04-01,4.43,632,12,0.559,0.439,8.7,4.66,4.32,287,21,0.0246,0.453,3.08,-0.01,1.0,1.0731,0.4191,1.0311,0.002794,48.1,2026,4,2,Apr 2026
BIZ_019,Green Filter,Cafe,Banjara Hills,Central,17.442438,78.450741,2,3.9,False,2026-05-01,4.51,642,10,0.758,0.419,11.6,4.3,4.18,265,43,0.0357,0.517,2.56,0.08,-0.1667,1.0961,0.3565,1.389,0.002377,46.3,2026,5,2,May 2026
BIZ_019,Green Filter,Cafe,Banjara Hills,Central,17.442438,78.450741,2,4.0,False,2026-06-01,4.38,656,14,0.595,0.572,7.0,3.61,4.4,194,32,0.0294,0.483,3.5,-0.13,0.4,1.0668,0.5337,1.0865,0.003558,41.1,2026,6,2,Jun 2026
BIZ_020,Happy Whisk,Cafe,Uppal,East,17.465269,78.558593,3,1.7,False,2025-01-01,3.7,1281,71,0.592,0.493,11.7,3.26,3.43,302,63,0.0237,0.307,41.76,0.0,0.0,0.9093,2.0391,1.1115,0.013594,35.3,2025,1,1,Jan 2025
BIZ_020,Happy Whisk,Cafe,Uppal,East,17.465269,78.558593,3,1.8,False,2025-02-01,4.0,1357,76,0.552,0.627,15.4,3.39,4.03,289,54,0.0234,0.386,42.22,0.3,0.0704,0.9794,2.2965,1.0441,0.01531,34.0,2025,2,1,Feb 2025
BIZ_020,Happy Whisk,Cafe,Uppal,East,17.465269,78.558593,3,1.9,False,2025-03-01,3.74,1396,39,0.479,0.493,7.2,3.38,3.58,270,72,0.035,0.376,20.53,-0.26,-0.4868,0.9115,1.1857,0.9161,0.007904,29.2,2025,3,1,Mar 2025
BIZ_020,Happy Whisk,Cafe,Uppal,East,17.465269,78.558593,3,1.9,False,2025-04-01,3.83,1444,48,0.45,0.374,8.6,3.43,3.87,299,70,0.0505,0.447,25.26,0.09,0.2308,0.9284,1.4596,0.8485,0.00973,32.6,2025,4,2,Apr 2025
BIZ_020,Happy Whisk,Cafe,Uppal,East,17.465269,78.558593,3,2.0,False,2025-05-01,3.84,1490,46,0.476,0.466,7.8,3.7,3.53,268,43,0.041,0.397,23.0,0.01,-0.0417,0.9321,1.608,0.9045,0.01072,33.3,2025,5,2,May 2025
BIZ_020,Happy Whisk,Cafe,Uppal,East,17.465269,78.558593,3,2.1,False,2025-06-01,3.69,1531,41,0.492,0.402,6.6,2.98,3.21,251,52,0.0233,0.37,19.52,-0.15,-0.1087,0.9025,1.4671,0.9265,0.009781,26.6,2025,6,2,Jun 2025
BIZ_020,Happy Whisk,Cafe,Uppal,East,17.465269,78.558593,3,2.2,False,2025-07-01,3.64,1588,57,0.481,0.418,8.8,3.2,3.58,167,47,0.1053,0.413,25.91,-0.05,0.3902,0.8948,2.3541,0.8991,0.015694,39.7,2025,7,3,Jul 2025
BIZ_020,Happy Whisk,Cafe,Uppal,East,17.465269,78.558593,3,2.3,False,2025-08-01,3.83,1654,66,0.524,0.381,7.6,3.95,3.54,285,62,0.0603,0.443,28.7,0.19,0.1579,0.9484,2.6685,0.9719,0.01779,41.1,2025,8,3,Aug 2025
BIZ_020,Happy Whisk,Cafe,Uppal,East,17.465269,78.558593,3,2.4,False,2025-09-01,3.64,1724,70,0.572,0.395,8.1,3.63,3.66,227,33,0.0238,0.493,29.17,-0.19,0.0606,0.9041,2.4033,1.0709,0.016022,31.4,2025,9,3,Sep 2025
BIZ_020,Happy Whisk,Cafe,Uppal,East,17.465269,78.558593,3,2.5,False,2025-10-01,3.52,1810,86,0.592,0.463,8.0,3.32,3.63,299,28,0.0286,0.549,34.4,-0.12,0.2286,0.8743,2.9567,1.1082,0.019711,32.0,2025,10,4,Oct 2025
BIZ_020,Happy Whisk,Cafe,Uppal,East,17.465269,78.558593,3,2.5,False,2025-11-01,3.8,1851,41,0.56,0.611,4.0,3.75,3.48,345,59,0.045,0.455,16.4,0.28,-0.5233,0.9433,1.3155,1.0291,0.00877,35.4,2025,11,4,Nov 2025
BIZ_020,Happy Whisk,Cafe,Uppal,East,17.465269,78.558593,3,2.6,False,2025-12-01,3.61,1914,63,0.578,0.503,7.4,3.31,3.15,276,61,0.0605,0.422,24.23,-0.19,0.5366,0.8925,1.9286,1.0673,0.012857,36.1,2025,12,4,Dec 2025
BIZ_020,Happy Whisk,Cafe,Uppal,East,17.465269,78.558593,3,2.7,False,2026-01-01,3.81,1986,72,0.455,0.612,3.4,3.39,2.9,259,77,0.0317,0.365,26.67,0.2,0.1429,0.9334,2.2054,0.8475,0.014703,32.8,2026,1,1,Jan 2026
BIZ_020,Happy Whisk,Cafe,Uppal,East,17.465269,78.558593,3,2.8,False,2026-02-01,3.65,2077,91,0.492,0.547,1.8,3.09,3.68,296,54,0.0457,0.531,32.5,-0.16,0.2639,0.8908,2.7744,0.9209,0.018496,36.5,2026,2,1,Feb 2026
BIZ_020,Happy Whisk,Cafe,Uppal,East,17.465269,78.558593,3,2.9,False,2026-03-01,3.86,2142,65,0.452,0.81,4.9,3.46,3.6,224,54,0.0211,0.474,22.41,0.21,-0.2857,0.939,1.9606,0.8124,0.013071,31.3,2026,3,1,Mar 2026
BIZ_020,Happy Whisk,Cafe,Uppal,East,17.465269,78.558593,3,3.0,False,2026-04-01,4.03,2215,73,0.406,0.466,4.8,3.29,3.75,286,54,0.0411,0.423,24.33,0.17,0.1231,0.9762,2.5495,0.7489,0.016997,40.2,2026,4,2,Apr 2026
BIZ_020,Happy Whisk,Cafe,Uppal,East,17.465269,78.558593,3,3.0,False,2026-05-01,3.87,2266,51,0.443,0.514,6.5,3.51,3.68,270,48,0.0891,0.333,17.0,-0.16,-0.3014,0.9406,1.8184,0.8118,0.012123,40.8,2026,5,2,May 2026
BIZ_020,Happy Whisk,Cafe,Uppal,East,17.465269,78.558593,3,3.1,False,2026-06-01,3.92,2320,54,0.496,0.503,4.0,3.66,3.32,331,24,0.0288,0.439,17.42,0.05,0.0588,0.9547,2.0584,0.9058,0.013723,36.9,2026,6,2,Jun 2026
BIZ_021,Toast Kitchen,Restaurant & Cafe,Banjara Hills,Central,17.432575,78.450942,2,7.2,False,2025-01-01,3.84,916,12,0.376,0.489,5.9,3.57,3.84,333,88,0.0471,0.468,1.67,0.0,0.0,0.9438,0.3446,0.7059,0.002298,33.8,2025,1,1,Jan 2025
BIZ_021,Toast Kitchen,Restaurant & Cafe,Banjara Hills,Central,17.432575,78.450942,2,7.3,False,2025-02-01,3.75,927,11,0.242,0.619,8.2,2.93,3.75,338,47,0.0431,0.432,1.51,-0.09,-0.0833,0.9182,0.3324,0.4577,0.002216,21.3,2025,2,1,Feb 2025
BIZ_021,Toast Kitchen,Restaurant & Cafe,Banjara Hills,Central,17.432575,78.450942,2,7.4,False,2025-03-01,3.93,937,10,0.37,0.549,2.0,4.02,3.84,205,47,0.0311,0.48,1.35,0.18,-0.0909,0.9578,0.304,0.7076,0.002027,31.2,2025,3,1,Mar 2025
BIZ_021,Toast Kitchen,Restaurant & Cafe,Banjara Hills,Central,17.432575,78.450942,2,7.5,False,2025-04-01,3.9,947,10,0.443,0.534,6.3,3.35,3.85,280,26,0.0456,0.52,1.33,-0.03,0.0,0.9454,0.3041,0.8353,0.002027,30.3,2025,4,2,Apr 2025
BIZ_021,Toast Kitchen,Restaurant & Cafe,Banjara Hills,Central,17.432575,78.450942,2,7.5,False,2025-05-01,3.92,962,15,0.483,0.363,7.9,3.75,3.82,255,46,0.0332,0.447,2.0,0.02,0.5,0.9515,0.5244,0.9178,0.003496,32.7,2025,5,2,May 2025
BIZ_021,Toast Kitchen,Restaurant & Cafe,Banjara Hills,Central,17.432575,78.450942,2,7.6,False,2025-06-01,3.85,965,3,0.265,0.397,15.8,3.61,3.76,261,26,0.0794,0.483,0.39,-0.07,-0.8,0.9416,0.1073,0.499,0.000716,32.3,2025,6,2,Jun 2025
BIZ_021,Toast Kitchen,Restaurant & Cafe,Banjara Hills,Central,17.432575,78.450942,2,7.7,False,2025-07-01,3.83,974,9,0.272,0.607,8.9,3.78,4.1,214,47,0.0225,0.389,1.17,-0.02,2.0,0.9415,0.3717,0.5084,0.002478,26.4,2025,7,3,Jul 2025
BIZ_021,Toast Kitchen,Restaurant & Cafe,Banjara Hills,Central,17.432575,78.450942,2,7.8,False,2025-08-01,3.87,981,7,0.532,0.532,2.7,3.63,4.0,301,34,0.0385,0.406,0.9,0.04,-0.2222,0.9583,0.283,0.9867,0.001887,33.2,2025,8,3,Aug 2025
BIZ_021,Toast Kitchen,Restaurant & Cafe,Banjara Hills,Central,17.432575,78.450942,2,7.9,False,2025-09-01,3.71,989,8,0.258,0.471,8.2,3.5,3.51,260,56,0.0693,0.465,1.01,-0.16,0.1429,0.9215,0.2747,0.483,0.001831,29.7,2025,9,3,Sep 2025
BIZ_021,Toast Kitchen,Restaurant & Cafe,Banjara Hills,Central,17.432575,78.450942,2,8.0,False,2025-10-01,3.91,1000,11,0.373,0.378,7.1,3.85,4.09,215,40,0.0515,0.422,1.38,0.2,0.375,0.9711,0.3782,0.6982,0.002521,34.8,2025,10,4,Oct 2025
BIZ_021,Toast Kitchen,Restaurant & Cafe,Banjara Hills,Central,17.432575,78.450942,2,8.0,False,2025-11-01,3.94,1011,11,0.436,0.616,2.7,3.71,4.19,207,60,0.0527,0.4,1.38,0.03,0.0,0.9781,0.3529,0.8012,0.002353,35.1,2025,11,4,Nov 2025
BIZ_021,Toast Kitchen,Restaurant & Cafe,Banjara Hills,Central,17.432575,78.450942,2,8.1,False,2025-12-01,3.87,1023,12,0.577,0.518,3.2,3.76,3.36,255,56,0.0486,0.399,1.48,-0.07,0.0909,0.9567,0.3673,1.0655,0.002449,35.9,2025,12,4,Dec 2025
BIZ_021,Toast Kitchen,Restaurant & Cafe,Banjara Hills,Central,17.432575,78.450942,2,8.2,False,2026-01-01,4.02,1031,8,0.303,0.421,7.4,4.23,3.77,184,73,0.0309,0.437,0.98,0.15,-0.3333,0.9849,0.245,0.5644,0.001634,31.0,2026,1,1,Jan 2026
BIZ_021,Toast Kitchen,Restaurant & Cafe,Banjara Hills,Central,17.432575,78.450942,2,8.3,False,2026-02-01,3.93,1043,12,0.315,0.516,6.8,4.05,3.44,264,59,0.0421,0.403,1.45,-0.09,0.5,0.9591,0.3659,0.5896,0.002439,36.7,2026,2,1,Feb 2026
BIZ_021,Toast Kitchen,Restaurant & Cafe,Banjara Hills,Central,17.432575,78.450942,2,8.4,False,2026-03-01,3.76,1053,10,0.47,0.447,2.9,3.69,3.91,239,48,0.0258,0.45,1.19,-0.17,-0.1667,0.9147,0.3016,0.8448,0.002011,30.1,2026,3,1,Mar 2026
BIZ_021,Toast Kitchen,Restaurant & Cafe,Banjara Hills,Central,17.432575,78.450942,2,8.4,False,2026-04-01,4.03,1070,17,0.424,0.652,3.6,3.52,4.04,255,33,0.0752,0.481,2.02,0.27,0.7,0.9762,0.5937,0.7821,0.003958,44.0,2026,4,2,Apr 2026
BIZ_021,Toast Kitchen,Restaurant & Cafe,Banjara Hills,Central,17.432575,78.450942,2,8.5,False,2026-05-01,3.93,1077,7,0.427,0.452,8.5,3.74,3.35,202,51,0.0304,0.59,0.82,-0.1,-0.5882,0.9552,0.2496,0.7825,0.001664,30.2,2026,5,2,May 2026
BIZ_021,Toast Kitchen,Restaurant & Cafe,Banjara Hills,Central,17.432575,78.450942,2,8.6,False,2026-06-01,3.86,1084,7,0.399,0.596,8.0,4.2,3.99,164,39,0.0419,0.554,0.81,-0.07,0.0,0.9401,0.2668,0.7286,0.001779,35.7,2026,6,2,Jun 2026
BIZ_022,Cedar Steam Works,Restaurant & Cafe,Somajiguda,Central,17.451475,78.443161,2,3.3,False,2025-01-01,3.9,81,8,0.459,0.514,11.7,3.61,4.03,331,54,0.0653,0.485,2.42,0.0,0.0,0.9585,0.2298,0.8618,0.001532,38.0,2025,1,1,Jan 2025
BIZ_022,Cedar Steam Works,Restaurant & Cafe,Somajiguda,Central,17.451475,78.443161,2,3.4,False,2025-02-01,3.95,85,4,0.448,0.47,2.9,3.5,3.67,261,45,0.037,0.346,1.18,0.05,-0.5,0.9672,0.1209,0.8474,0.000806,28.0,2025,2,1,Feb 2025
BIZ_022,Cedar Steam Works,Restaurant & Cafe,Somajiguda,Central,17.451475,78.443161,2,3.5,False,2025-03-01,3.87,91,6,0.521,0.44,11.3,3.48,3.99,250,40,0.053,0.378,1.71,-0.08,0.5,0.9432,0.1824,0.9964,0.001216,35.7,2025,3,1,Mar 2025
BIZ_022,Cedar Steam Works,Restaurant & Cafe,Somajiguda,Central,17.451475,78.443161,2,3.5,False,2025-04-01,4.0,97,6,0.712,0.397,9.5,3.67,4.19,176,31,0.0357,0.478,1.71,0.13,0.0,0.9696,0.1824,1.3425,0.001216,36.3,2025,4,2,Apr 2025
BIZ_022,Cedar Steam Works,Restaurant & Cafe,Somajiguda,Central,17.451475,78.443161,2,3.6,False,2025-05-01,3.85,102,5,0.62,0.599,9.2,3.98,3.87,261,20,0.0474,0.37,1.39,-0.15,-0.1667,0.9345,0.1748,1.1782,0.001165,36.3,2025,5,2,May 2025
BIZ_022,Cedar Steam Works,Restaurant & Cafe,Somajiguda,Central,17.451475,78.443161,2,3.7,False,2025-06-01,3.84,108,6,0.505,0.524,8.1,3.85,3.91,207,38,0.0447,0.459,1.62,-0.01,0.2,0.9392,0.2147,0.951,0.001431,33.6,2025,6,2,Jun 2025
BIZ_022,Cedar Steam Works,Restaurant & Cafe,Somajiguda,Central,17.451475,78.443161,2,3.8,False,2025-07-01,3.91,111,3,0.511,0.366,5.9,4.0,3.72,307,20,0.0219,0.412,0.79,0.07,-0.5,0.9612,0.1239,0.9552,0.000826,29.9,2025,7,3,Jul 2025
BIZ_022,Cedar Steam Works,Restaurant & Cafe,Somajiguda,Central,17.451475,78.443161,2,3.9,False,2025-08-01,3.84,113,2,0.514,0.497,7.6,3.71,3.54,271,46,0.033,0.364,0.51,-0.07,-0.3333,0.9508,0.0809,0.9533,0.000539,31.5,2025,8,3,Aug 2025
BIZ_022,Cedar Steam Works,Restaurant & Cafe,Somajiguda,Central,17.451475,78.443161,2,4.0,False,2025-09-01,3.79,114,1,0.581,0.639,4.3,3.29,3.54,216,41,0.0267,0.427,0.25,-0.05,-0.5,0.9414,0.0343,1.0877,0.000229,29.4,2025,9,3,Sep 2025
BIZ_022,Cedar Steam Works,Restaurant & Cafe,Somajiguda,Central,17.451475,78.443161,2,4.0,False,2025-10-01,3.9,117,3,0.579,0.346,5.5,3.6,4.32,236,16,0.0447,0.501,0.75,0.11,2.0,0.9686,0.1031,1.0838,0.000688,39.3,2025,10,4,Oct 2025
BIZ_022,Cedar Steam Works,Restaurant & Cafe,Somajiguda,Central,17.451475,78.443161,2,4.1,False,2025-11-01,3.77,122,5,0.58,0.644,5.1,3.32,3.37,251,24,0.0267,0.442,1.22,-0.13,0.6667,0.9359,0.1604,1.0658,0.00107,30.9,2025,11,4,Nov 2025
BIZ_022,Cedar Steam Works,Restaurant & Cafe,Somajiguda,Central,17.451475,78.443161,2,4.2,False,2025-12-01,3.87,127,5,0.485,0.497,2.7,4.08,3.79,258,80,0.0281,0.498,1.19,0.1,0.0,0.9567,0.1531,0.8956,0.00102,32.5,2025,12,4,Dec 2025
BIZ_022,Cedar Steam Works,Restaurant & Cafe,Somajiguda,Central,17.451475,78.443161,2,4.3,False,2026-01-01,3.83,132,5,0.681,0.48,4.6,3.58,4.29,309,57,0.0875,0.475,1.16,-0.04,0.0,0.9383,0.1532,1.2685,0.001021,45.3,2026,1,1,Jan 2026
BIZ_022,Cedar Steam Works,Restaurant & Cafe,Somajiguda,Central,17.451475,78.443161,2,4.4,False,2026-02-01,3.87,136,4,0.523,0.426,14.9,3.92,3.87,350,33,0.0235,0.427,0.91,0.04,-0.2,0.9445,0.122,0.9789,0.000813,33.4,2026,2,1,Feb 2026
BIZ_022,Cedar Steam Works,Restaurant & Cafe,Somajiguda,Central,17.451475,78.443161,2,4.5,False,2026-03-01,3.83,144,8,0.489,0.626,2.3,3.76,3.76,237,56,0.0679,0.35,1.78,-0.04,1.0,0.9317,0.2413,0.8789,0.001609,41.3,2026,3,1,Mar 2026
BIZ_022,Cedar Steam Works,Restaurant & Cafe,Somajiguda,Central,17.451475,78.443161,2,4.5,False,2026-04-01,3.96,147,3,0.554,0.57,5.4,3.51,3.96,173,67,0.0587,0.378,0.67,0.13,-0.625,0.9593,0.1048,1.0219,0.000698,37.1,2026,4,2,Apr 2026
BIZ_022,Cedar Steam Works,Restaurant & Cafe,Somajiguda,Central,17.451475,78.443161,2,4.6,False,2026-05-01,3.91,152,5,0.539,0.604,3.3,3.52,3.64,265,45,0.0737,0.416,1.09,-0.05,0.6667,0.9503,0.1783,0.9877,0.001188,39.3,2026,5,2,May 2026
BIZ_022,Cedar Steam Works,Restaurant & Cafe,Somajiguda,Central,17.451475,78.443161,2,4.7,False,2026-06-01,3.82,156,4,0.504,0.609,4.7,3.56,3.98,265,43,0.0529,0.372,0.85,-0.09,-0.2,0.9304,0.1525,0.9204,0.001017,35.7,2026,6,2,Jun 2026
BIZ_023,Cozy Leaf Place,Coffee Shop,Kompally,East,17.474484,78.535968,4,4.6,False,2025-01-01,3.64,2224,50,0.277,0.263,6.3,3.23,3.0,266,40,0.0683,0.362,10.87,0.0,0.0,0.8946,1.436,0.5201,0.009573,32.8,2025,1,1,Jan 2025
BIZ_023,Cozy Leaf Place,Coffee Shop,Kompally,East,17.474484,78.535968,4,4.7,False,2025-02-01,3.75,2272,48,0.131,0.479,6.3,4.06,3.07,266,77,0.0277,0.421,10.21,0.11,-0.04,0.9182,1.4504,0.2478,0.00967,24.4,2025,2,1,Feb 2025
BIZ_023,Cozy Leaf Place,Coffee Shop,Kompally,East,17.474484,78.535968,4,4.8,False,2025-03-01,3.55,2290,18,0.217,0.522,12.3,3.64,3.01,288,66,0.021,0.505,3.75,-0.2,-0.625,0.8652,0.5472,0.415,0.003648,19.7,2025,3,1,Mar 2025
BIZ_023,Cozy Leaf Place,Coffee Shop,Kompally,East,17.474484,78.535968,4,4.8,False,2025-04-01,3.66,2324,34,0.194,0.506,12.9,3.4,3.25,225,66,0.0356,0.488,7.08,0.11,0.8889,0.8872,1.0339,0.3658,0.006892,25.1,2025,4,2,Apr 2025
BIZ_023,Cozy Leaf Place,Coffee Shop,Kompally,East,17.474484,78.535968,4,4.9,False,2025-05-01,3.7,2360,36,0.278,0.576,4.8,3.09,3.54,301,28,0.0327,0.451,7.35,0.04,0.0588,0.8981,1.2584,0.5283,0.00839,23.2,2025,5,2,May 2025
BIZ_023,Cozy Leaf Place,Coffee Shop,Kompally,East,17.474484,78.535968,4,5.0,False,2025-06-01,3.5,2392,32,0.173,0.304,17.2,3.51,3.23,225,22,0.0746,0.444,6.4,-0.2,-0.1111,0.856,1.145,0.3258,0.007634,28.1,2025,6,2,Jun 2025
BIZ_023,Cozy Leaf Place,Coffee Shop,Kompally,East,17.474484,78.535968,4,5.1,False,2025-07-01,3.59,2418,26,0.08,0.401,6.3,3.16,3.0,302,49,0.0685,0.489,5.1,0.09,-0.1875,0.8825,1.0738,0.1495,0.007159,23.8,2025,7,3,Jul 2025
BIZ_023,Cozy Leaf Place,Coffee Shop,Kompally,East,17.474484,78.535968,4,5.2,False,2025-08-01,3.42,2458,40,0.266,0.399,3.2,3.0,2.86,255,34,0.0266,0.43,7.69,-0.17,0.5385,0.8468,1.6173,0.4934,0.010782,21.9,2025,8,3,Aug 2025
BIZ_023,Cozy Leaf Place,Coffee Shop,Kompally,East,17.474484,78.535968,4,5.3,False,2025-09-01,3.41,2489,31,0.255,0.501,4.2,3.31,3.42,254,65,0.0336,0.376,5.85,-0.01,-0.225,0.847,1.0643,0.4774,0.007095,21.9,2025,9,3,Sep 2025
BIZ_023,Cozy Leaf Place,Coffee Shop,Kompally,East,17.474484,78.535968,4,5.3,False,2025-10-01,3.49,2513,24,0.283,0.692,9.9,3.66,3.04,231,24,0.0354,0.485,4.53,0.08,-0.2258,0.8668,0.8251,0.5298,0.005501,24.4,2025,10,4,Oct 2025
BIZ_023,Cozy Leaf Place,Coffee Shop,Kompally,East,17.474484,78.535968,4,5.4,False,2025-11-01,3.57,2574,61,0.108,0.668,3.1,3.69,3.17,307,54,0.0332,0.377,11.3,0.08,1.5417,0.8862,1.9572,0.1985,0.013048,27.0,2025,11,4,Nov 2025
BIZ_023,Cozy Leaf Place,Coffee Shop,Kompally,East,17.474484,78.535968,4,5.5,False,2025-12-01,3.54,2611,37,0.258,0.526,7.8,3.66,3.31,296,49,0.0207,0.368,6.73,-0.03,-0.3934,0.8752,1.1327,0.4764,0.007551,23.5,2025,12,4,Dec 2025
BIZ_023,Cozy Leaf Place,Coffee Shop,Kompally,East,17.474484,78.535968,4,5.6,False,2026-01-01,3.56,2650,39,0.104,0.721,2.4,3.36,2.96,302,38,0.0403,0.511,6.96,0.02,0.0541,0.8722,1.1946,0.1937,0.007964,23.0,2026,1,1,Jan 2026
BIZ_023,Cozy Leaf Place,Coffee Shop,Kompally,East,17.474484,78.535968,4,5.7,False,2026-02-01,3.62,2708,58,0.131,0.459,1.6,3.77,3.6,254,52,0.0219,0.44,10.18,0.06,0.4872,0.8835,1.7683,0.2452,0.011789,28.4,2026,2,1,Feb 2026
BIZ_023,Cozy Leaf Place,Coffee Shop,Kompally,East,17.474484,78.535968,4,5.8,False,2026-03-01,3.64,2746,38,0.114,0.639,5.5,3.01,3.42,293,48,0.0308,0.45,6.55,0.02,-0.3448,0.8855,1.1462,0.2049,0.007641,22.0,2026,3,1,Mar 2026
BIZ_023,Cozy Leaf Place,Coffee Shop,Kompally,East,17.474484,78.535968,4,5.8,False,2026-04-01,3.63,2770,24,0.15,0.506,5.0,3.62,3.67,301,51,0.0306,0.39,4.14,-0.01,-0.3684,0.8793,0.8382,0.2767,0.005588,25.0,2026,4,2,Apr 2026
BIZ_023,Cozy Leaf Place,Coffee Shop,Kompally,East,17.474484,78.535968,4,5.9,False,2026-05-01,3.6,2795,25,0.194,0.515,6.1,4.0,3.08,228,27,0.0468,0.445,4.24,-0.03,0.0417,0.8749,0.8914,0.3555,0.005942,27.9,2026,5,2,May 2026
BIZ_023,Cozy Leaf Place,Coffee Shop,Kompally,East,17.474484,78.535968,4,6.0,False,2026-06-01,3.66,2819,24,0.201,0.449,9.6,3.5,3.33,178,54,0.0317,0.496,4.0,0.06,-0.04,0.8914,0.9149,0.3671,0.006099,26.8,2026,6,2,Jun 2026
BIZ_024,Whisk Co,Cafe,Nampally,Old City,17.361322,78.449597,2,3.5,False,2025-01-01,5.0,328,8,1.0,0.325,6.1,5.0,5.0,376,39,0.044,0.491,2.29,0.0,0.0,1.2288,0.2298,1.8775,0.001532,63.1,2025,1,1,Jan 2025
BIZ_024,Whisk Co,Cafe,Nampally,Old City,17.361322,78.449597,2,3.6,False,2025-02-01,5.0,336,8,0.998,0.43,4.3,5.0,4.99,351,46,0.022,0.512,2.22,0.0,0.0,1.2242,0.2417,1.8877,0.001612,56.8,2025,2,1,Feb 2025
BIZ_024,Whisk Co,Cafe,Nampally,Old City,17.361322,78.449597,2,3.7,False,2025-03-01,5.0,342,6,0.968,0.359,7.1,5.0,4.89,232,64,0.0711,0.413,1.62,0.0,-0.25,1.2186,0.1824,1.8513,0.001216,62.7,2025,3,1,Mar 2025
BIZ_024,Whisk Co,Cafe,Nampally,Old City,17.361322,78.449597,2,3.8,False,2025-04-01,5.0,355,13,0.989,0.453,25.3,4.4,5.0,258,70,0.0228,0.493,3.42,0.0,1.1667,1.212,0.3953,1.8648,0.002635,57.9,2025,4,2,Apr 2025
BIZ_024,Whisk Co,Cafe,Nampally,Old City,17.361322,78.449597,2,3.8,False,2025-05-01,5.0,362,7,0.84,0.46,4.2,4.29,4.66,220,67,0.0346,0.503,1.84,0.0,-0.4615,1.2137,0.2447,1.5962,0.001631,53.2,2025,5,2,May 2025
BIZ_024,Whisk Co,Cafe,Nampally,Old City,17.361322,78.449597,2,3.9,False,2025-06-01,4.87,369,7,0.854,0.689,5.6,4.55,4.69,212,52,0.0202,0.47,1.79,-0.13,0.0,1.1911,0.2505,1.6082,0.00167,50.9,2025,6,2,Jun 2025
BIZ_024,Whisk Co,Cafe,Nampally,Old City,17.361322,78.449597,2,4.0,False,2025-07-01,4.98,370,1,0.989,0.753,3.0,4.89,5.0,276,38,0.0672,0.504,0.25,0.11,-0.8571,1.2242,0.0413,1.8487,0.000275,61.1,2025,7,3,Jul 2025
BIZ_024,Whisk Co,Cafe,Nampally,Old City,17.361322,78.449597,2,4.1,False,2025-08-01,4.88,378,8,0.984,0.557,4.3,4.81,4.81,245,14,0.021,0.419,1.95,-0.1,7.0,1.2084,0.3235,1.8251,0.002156,63.3,2025,8,3,Aug 2025
BIZ_024,Whisk Co,Cafe,Nampally,Old City,17.361322,78.449597,2,4.2,False,2025-09-01,4.91,386,8,0.877,0.485,1.8,4.3,4.63,236,51,0.0205,0.551,1.9,0.03,0.0,1.2196,0.2747,1.6419,0.001831,50.9,2025,9,3,Sep 2025
BIZ_024,Whisk Co,Cafe,Nampally,Old City,17.361322,78.449597,2,4.2,False,2025-10-01,4.92,392,6,0.945,0.575,10.4,4.53,4.94,266,35,0.0346,0.654,1.43,0.01,-0.25,1.222,0.2063,1.769,0.001375,55.1,2025,10,4,Oct 2025
BIZ_024,Whisk Co,Cafe,Nampally,Old City,17.361322,78.449597,2,4.3,False,2025-11-01,4.96,400,8,0.989,0.567,7.6,4.38,4.95,155,50,0.0404,0.49,1.86,0.04,0.3333,1.2313,0.2567,1.8174,0.001711,57.2,2025,11,4,Nov 2025
BIZ_024,Whisk Co,Cafe,Nampally,Old City,17.361322,78.449597,2,4.4,False,2025-12-01,4.87,409,9,0.956,0.466,9.3,4.68,5.0,233,35,0.0214,0.464,2.05,-0.09,0.125,1.204,0.2755,1.7654,0.001837,53.3,2025,12,4,Dec 2025
BIZ_024,Whisk Co,Cafe,Nampally,Old City,17.361322,78.449597,2,4.5,False,2026-01-01,5.0,414,5,1.0,0.478,6.5,4.63,4.85,248,66,0.037,0.523,1.11,0.13,-0.4444,1.225,0.1532,1.8627,0.001021,57.9,2026,1,1,Jan 2026
BIZ_024,Whisk Co,Cafe,Nampally,Old City,17.361322,78.449597,2,4.6,False,2026-02-01,4.97,422,8,1.0,0.394,4.8,4.91,5.0,275,65,0.0437,0.641,1.74,-0.03,0.6,1.2129,0.2439,1.8718,0.001626,64.0,2026,2,1,Feb 2026
BIZ_024,Whisk Co,Cafe,Nampally,Old City,17.361322,78.449597,2,4.7,False,2026-03-01,4.82,429,7,0.989,0.703,3.7,4.57,4.93,268,44,0.0357,0.526,1.49,-0.15,-0.125,1.1726,0.2111,1.7777,0.001408,56.1,2026,3,1,Mar 2026
BIZ_024,Whisk Co,Cafe,Nampally,Old City,17.361322,78.449597,2,4.8,False,2026-04-01,4.97,437,8,0.994,0.476,14.8,4.6,5.0,134,44,0.0336,0.435,1.67,0.15,0.1429,1.2039,0.2794,1.8335,0.001863,59.8,2026,4,2,Apr 2026
BIZ_024,Whisk Co,Cafe,Nampally,Old City,17.361322,78.449597,2,4.8,False,2026-05-01,5.0,444,7,1.0,0.439,7.2,4.6,5.0,233,33,0.0303,0.459,1.46,0.03,-0.125,1.2152,0.2496,1.8325,0.001664,56.3,2026,5,2,May 2026
BIZ_024,Whisk Co,Cafe,Nampally,Old City,17.361322,78.449597,2,4.9,False,2026-06-01,5.0,447,3,1.0,0.521,6.4,4.47,5.0,187,18,0.041,0.412,0.61,0.0,-0.5714,1.2178,0.1144,1.8261,0.000762,57.7,2026,6,2,Jun 2026
BIZ_025,Grand Press Kitchen,Cafe,Kondapur,West,17.454031,78.403856,3,6.1,False,2025-01-01,3.69,2162,39,0.491,0.359,3.9,3.69,3.22,214,85,0.0318,0.468,6.39,0.0,0.0,0.9069,1.12,0.9219,0.007467,34.3,2025,1,1,Jan 2025
BIZ_025,Grand Press Kitchen,Cafe,Kondapur,West,17.454031,78.403856,3,6.2,False,2025-02-01,3.62,2220,58,0.267,0.438,4.8,3.49,3.3,313,41,0.0299,0.387,9.35,-0.07,0.4872,0.8864,1.7526,0.505,0.011684,24.8,2025,2,1,Feb 2025
BIZ_025,Grand Press Kitchen,Cafe,Kondapur,West,17.454031,78.403856,3,6.3,False,2025-03-01,3.48,2244,24,0.322,0.639,2.5,2.91,3.52,199,51,0.0247,0.399,3.81,-0.14,-0.5862,0.8481,0.7296,0.6158,0.004864,18.9,2025,3,1,Mar 2025
BIZ_025,Grand Press Kitchen,Cafe,Kondapur,West,17.454031,78.403856,3,6.3,False,2025-04-01,3.63,2267,23,0.31,0.467,6.7,3.53,3.2,313,35,0.0363,0.471,3.65,0.15,-0.0417,0.8799,0.6994,0.5845,0.004662,24.9,2025,4,2,Apr 2025
BIZ_025,Grand Press Kitchen,Cafe,Kondapur,West,17.454031,78.403856,3,6.4,False,2025-05-01,3.57,2294,27,0.256,0.365,5.6,3.67,3.44,161,39,0.0259,0.319,4.22,-0.06,0.1739,0.8665,0.9438,0.4865,0.006292,22.2,2025,5,2,May 2025
BIZ_025,Grand Press Kitchen,Cafe,Kondapur,West,17.454031,78.403856,3,6.5,False,2025-06-01,3.62,2317,23,0.392,0.391,3.2,3.56,3.68,138,59,0.0541,0.307,3.54,0.05,-0.1481,0.8854,0.823,0.7382,0.005487,29.9,2025,6,2,Jun 2025
BIZ_025,Grand Press Kitchen,Cafe,Kondapur,West,17.454031,78.403856,3,6.6,False,2025-07-01,3.65,2359,42,0.345,0.332,5.3,3.39,3.18,84,41,0.0427,0.457,6.36,0.03,0.8261,0.8973,1.7346,0.6449,0.011564,28.3,2025,7,3,Jul 2025
BIZ_025,Grand Press Kitchen,Cafe,Kondapur,West,17.454031,78.403856,3,6.7,False,2025-08-01,3.59,2395,36,0.361,0.507,3.6,3.63,2.92,249,27,0.0357,0.44,5.37,-0.06,-0.1429,0.8889,1.4555,0.6696,0.009704,28.3,2025,8,3,Aug 2025
BIZ_025,Grand Press Kitchen,Cafe,Kondapur,West,17.454031,78.403856,3,6.8,False,2025-09-01,3.49,2420,25,0.375,0.63,2.1,3.37,3.07,202,58,0.0255,0.437,3.68,-0.1,-0.3056,0.8669,0.8583,0.7021,0.005722,23.7,2025,9,3,Sep 2025
BIZ_025,Grand Press Kitchen,Cafe,Kondapur,West,17.454031,78.403856,3,6.8,False,2025-10-01,3.38,2463,43,0.358,0.653,2.1,3.56,3.74,183,61,0.0318,0.417,6.32,-0.11,0.72,0.8395,1.4783,0.6701,0.009856,26.4,2025,10,4,Oct 2025
BIZ_025,Grand Press Kitchen,Cafe,Kondapur,West,17.454031,78.403856,3,6.9,False,2025-11-01,3.54,2504,41,0.345,0.628,6.7,3.01,2.91,206,47,0.0213,0.439,5.94,0.16,-0.0465,0.8788,1.3155,0.634,0.00877,23.0,2025,11,4,Nov 2025
BIZ_025,Grand Press Kitchen,Cafe,Kondapur,West,17.454031,78.403856,3,7.0,False,2025-12-01,3.59,2530,26,0.382,0.584,7.8,3.35,3.54,260,87,0.0399,0.365,3.71,0.05,-0.3659,0.8875,0.7959,0.7054,0.005306,26.8,2025,12,4,Dec 2025
BIZ_025,Grand Press Kitchen,Cafe,Kondapur,West,17.454031,78.403856,3,7.1,False,2026-01-01,3.59,2591,61,0.386,0.591,7.5,3.16,3.47,287,84,0.0649,0.466,8.59,0.0,1.3462,0.8795,1.8685,0.719,0.012457,37.5,2026,1,1,Jan 2026
BIZ_025,Grand Press Kitchen,Cafe,Kondapur,West,17.454031,78.403856,3,7.2,False,2026-02-01,3.46,2627,36,0.26,0.696,5.9,3.33,3.38,232,80,0.02,0.437,5.0,-0.13,-0.4098,0.8444,1.0976,0.4867,0.007317,22.3,2026,2,1,Feb 2026
BIZ_025,Grand Press Kitchen,Cafe,Kondapur,West,17.454031,78.403856,3,7.3,False,2026-03-01,3.57,2650,23,0.45,0.547,12.8,3.51,3.55,315,35,0.0239,0.475,3.15,0.11,-0.3611,0.8685,0.6937,0.8088,0.004625,26.6,2026,3,1,Mar 2026
BIZ_025,Grand Press Kitchen,Cafe,Kondapur,West,17.454031,78.403856,3,7.3,False,2026-04-01,3.67,2689,39,0.208,0.577,2.9,3.13,3.31,202,41,0.0664,0.36,5.34,0.1,0.6957,0.889,1.362,0.3837,0.00908,35.1,2026,4,2,Apr 2026
BIZ_025,Grand Press Kitchen,Cafe,Kondapur,West,17.454031,78.403856,3,7.4,False,2026-05-01,3.6,2699,10,0.259,0.64,4.2,3.04,3.45,238,75,0.041,0.425,1.35,-0.07,-0.7436,0.8749,0.3565,0.4746,0.002377,22.3,2026,5,2,May 2026
BIZ_025,Grand Press Kitchen,Cafe,Kondapur,West,17.454031,78.403856,3,7.5,False,2026-06-01,3.7,2726,27,0.332,0.78,3.3,3.39,3.53,271,20,0.0212,0.43,3.6,0.1,1.7,0.9012,1.0292,0.6063,0.006861,29.9,2026,6,2,Jun 2026
BIZ_026,Cedar Whisk,Restaurant & Cafe,Madhapur,West,17.430387,78.382538,3,1.5,False,2025-01-01,3.71,484,30,0.491,0.446,3.7,3.29,3.55,316,68,0.048,0.485,20.0,0.0,0.0,0.9118,0.8616,0.9219,0.005744,34.3,2025,1,1,Jan 2025
BIZ_026,Cedar Whisk,Restaurant & Cafe,Madhapur,West,17.430387,78.382538,3,1.6,False,2025-02-01,3.87,529,45,0.306,0.518,4.5,3.67,4.06,215,43,0.0361,0.475,28.12,0.16,0.5,0.9476,1.3598,0.5788,0.009065,29.3,2025,2,1,Feb 2025
BIZ_026,Cedar Whisk,Restaurant & Cafe,Madhapur,West,17.430387,78.382538,3,1.7,False,2025-03-01,3.82,565,36,0.28,0.607,5.3,4.15,3.56,345,60,0.0869,0.44,21.18,-0.05,-0.2,0.931,1.0944,0.5355,0.007296,36.3,2025,3,1,Mar 2025
BIZ_026,Cedar Whisk,Restaurant & Cafe,Madhapur,West,17.430387,78.382538,3,1.8,False,2025-04-01,3.86,587,22,0.527,0.526,4.8,3.41,3.93,293,42,0.0215,0.42,12.22,0.04,-0.3889,0.9357,0.669,0.9937,0.00446,28.4,2025,4,2,Apr 2025
BIZ_026,Cedar Whisk,Restaurant & Cafe,Madhapur,West,17.430387,78.382538,3,1.8,False,2025-05-01,3.83,615,28,0.348,0.424,15.4,3.31,3.96,268,65,0.0288,0.515,15.56,-0.03,0.2727,0.9297,0.9788,0.6613,0.006525,26.4,2025,5,2,May 2025
BIZ_026,Cedar Whisk,Restaurant & Cafe,Madhapur,West,17.430387,78.382538,3,1.9,False,2025-06-01,3.8,646,31,0.348,0.498,4.9,3.51,3.21,230,42,0.0362,0.457,16.32,-0.03,0.1071,0.9294,1.1093,0.6554,0.007395,29.2,2025,6,2,Jun 2025
BIZ_026,Cedar Whisk,Restaurant & Cafe,Madhapur,West,17.430387,78.382538,3,2.0,False,2025-07-01,3.77,672,26,0.328,0.672,15.8,3.78,3.62,243,25,0.0216,0.381,13.0,-0.03,-0.1613,0.9268,1.0738,0.6131,0.007159,26.1,2025,7,3,Jul 2025
BIZ_026,Cedar Whisk,Restaurant & Cafe,Madhapur,West,17.430387,78.382538,3,2.1,False,2025-08-01,3.75,687,15,0.423,0.741,2.6,3.71,3.37,269,24,0.0234,0.399,7.14,-0.02,-0.4231,0.9286,0.6065,0.7846,0.004043,28.0,2025,8,3,Aug 2025
BIZ_026,Cedar Whisk,Restaurant & Cafe,Madhapur,West,17.430387,78.382538,3,2.2,False,2025-09-01,3.73,698,11,0.303,0.423,10.0,3.67,3.23,221,34,0.045,0.496,5.0,-0.02,-0.2667,0.9265,0.3777,0.5673,0.002518,28.2,2025,9,3,Sep 2025
BIZ_026,Cedar Whisk,Restaurant & Cafe,Madhapur,West,17.430387,78.382538,3,2.2,False,2025-10-01,3.82,717,19,0.223,0.492,4.1,4.18,3.63,209,32,0.0281,0.439,8.64,0.09,0.7273,0.9488,0.6532,0.4174,0.004355,29.5,2025,10,4,Oct 2025
BIZ_026,Cedar Whisk,Restaurant & Cafe,Madhapur,West,17.430387,78.382538,3,2.3,False,2025-11-01,3.71,722,5,0.433,0.294,7.3,3.9,4.06,250,32,0.0411,0.399,2.17,-0.11,-0.7368,0.921,0.1604,0.7957,0.00107,29.9,2025,11,4,Nov 2025
BIZ_026,Cedar Whisk,Restaurant & Cafe,Madhapur,West,17.430387,78.382538,3,2.4,False,2025-12-01,3.65,755,33,0.377,0.492,3.7,3.48,3.06,289,69,0.0361,0.372,13.75,-0.06,5.6,0.9023,1.0102,0.6962,0.006735,37.3,2025,12,4,Dec 2025
BIZ_026,Cedar Whisk,Restaurant & Cafe,Madhapur,West,17.430387,78.382538,3,2.5,False,2026-01-01,3.6,781,26,0.479,0.579,2.0,3.0,3.31,399,43,0.0435,0.486,10.4,-0.05,-0.2121,0.882,0.7964,0.8922,0.005309,27.8,2026,1,1,Jan 2026
BIZ_026,Cedar Whisk,Restaurant & Cafe,Madhapur,West,17.430387,78.382538,3,2.6,False,2026-02-01,3.75,796,15,0.499,0.501,3.9,3.67,3.84,281,75,0.0225,0.487,5.77,0.15,-0.4231,0.9152,0.4573,0.934,0.003049,30.3,2026,2,1,Feb 2026
BIZ_026,Cedar Whisk,Restaurant & Cafe,Madhapur,West,17.430387,78.382538,3,2.7,False,2026-03-01,3.84,822,26,0.192,0.328,3.4,3.49,3.55,194,69,0.0923,0.41,9.63,0.09,0.7333,0.9342,0.7842,0.3451,0.005228,39.8,2026,3,1,Mar 2026
BIZ_026,Cedar Whisk,Restaurant & Cafe,Madhapur,West,17.430387,78.382538,3,2.8,False,2026-04-01,3.71,864,42,0.493,0.391,14.9,3.39,3.54,246,40,0.036,0.412,15.0,-0.13,0.6154,0.8987,1.4668,0.9094,0.009779,36.6,2026,4,2,Apr 2026
BIZ_026,Cedar Whisk,Restaurant & Cafe,Madhapur,West,17.430387,78.382538,3,2.8,False,2026-05-01,3.83,875,11,0.271,0.399,5.7,4.06,3.64,208,2,0.0578,0.433,3.93,0.12,-0.7381,0.9308,0.3922,0.4966,0.002615,32.3,2026,5,2,May 2026
BIZ_026,Cedar Whisk,Restaurant & Cafe,Madhapur,West,17.430387,78.382538,3,2.9,False,2026-06-01,3.92,900,25,0.319,0.365,8.6,3.97,3.56,232,38,0.03,0.49,8.62,0.09,1.2727,0.9547,0.953,0.5825,0.006353,35.5,2026,6,2,Jun 2026
BIZ_027,Pearl Roast,Coffee Shop,Ameerpet,Central,17.41593,78.417987,2,3.5,False,2025-01-01,4.15,142,8,0.533,0.432,8.4,4.15,4.04,306,64,0.0237,0.489,2.29,0.0,0.0,1.0199,0.2298,1.0007,0.001532,39.4,2025,1,1,Jan 2025
BIZ_027,Pearl Roast,Coffee Shop,Ameerpet,Central,17.41593,78.417987,2,3.6,False,2025-02-01,4.32,145,3,0.7,0.461,5.1,4.91,4.39,263,23,0.029,0.5,0.83,0.17,-0.625,1.0578,0.0907,1.3241,0.000604,41.8,2025,2,1,Feb 2025
BIZ_027,Pearl Roast,Coffee Shop,Ameerpet,Central,17.41593,78.417987,2,3.7,False,2025-03-01,4.31,149,4,0.534,0.552,3.2,4.19,4.34,276,44,0.0212,0.466,1.08,-0.01,0.3333,1.0504,0.1216,1.0213,0.000811,39.5,2025,3,1,Mar 2025
BIZ_027,Pearl Roast,Coffee Shop,Ameerpet,Central,17.41593,78.417987,2,3.8,False,2025-04-01,4.37,155,6,0.663,0.481,8.6,4.14,4.1,229,51,0.0264,0.458,1.58,0.06,0.5,1.0593,0.1824,1.2501,0.001216,42.1,2025,4,2,Apr 2025
BIZ_027,Pearl Roast,Coffee Shop,Ameerpet,Central,17.41593,78.417987,2,3.8,False,2025-05-01,4.25,158,3,0.66,0.521,8.8,4.29,4.47,185,55,0.0247,0.41,0.79,-0.12,-0.5,1.0316,0.1049,1.2542,0.000699,38.3,2025,5,2,May 2025
BIZ_027,Pearl Roast,Coffee Shop,Ameerpet,Central,17.41593,78.417987,2,3.9,False,2025-06-01,4.32,164,6,0.603,0.493,12.1,4.27,4.43,157,53,0.0264,0.426,1.54,0.07,1.0,1.0566,0.2147,1.1356,0.001431,40.9,2025,6,2,Jun 2025
BIZ_027,Pearl Roast,Coffee Shop,Ameerpet,Central,17.41593,78.417987,2,4.0,False,2025-07-01,4.21,166,2,0.575,0.606,4.7,4.11,4.08,181,46,0.0712,0.365,0.5,-0.11,-0.6667,1.035,0.0826,1.0748,0.000551,42.1,2025,7,3,Jul 2025
BIZ_027,Pearl Roast,Coffee Shop,Ameerpet,Central,17.41593,78.417987,2,4.1,False,2025-08-01,4.3,169,3,0.643,0.511,5.7,4.17,4.6,155,52,0.0426,0.454,0.73,0.09,0.5,1.0647,0.1213,1.1926,0.000809,43.4,2025,8,3,Aug 2025
BIZ_027,Pearl Roast,Coffee Shop,Ameerpet,Central,17.41593,78.417987,2,4.2,False,2025-09-01,4.32,172,3,0.81,0.517,9.1,4.24,4.44,159,39,0.0304,0.436,0.71,0.02,0.0,1.073,0.103,1.5165,0.000687,43.6,2025,9,3,Sep 2025
BIZ_027,Pearl Roast,Coffee Shop,Ameerpet,Central,17.41593,78.417987,2,4.2,False,2025-10-01,4.24,179,7,0.645,0.517,2.3,3.91,4.17,244,51,0.0263,0.442,1.67,-0.08,1.3333,1.0531,0.2407,1.2074,0.001604,41.3,2025,10,4,Oct 2025
BIZ_027,Pearl Roast,Coffee Shop,Ameerpet,Central,17.41593,78.417987,2,4.3,False,2025-11-01,4.27,183,4,0.782,0.547,4.0,4.37,4.43,186,38,0.0253,0.601,0.93,0.03,-0.4286,1.06,0.1283,1.437,0.000856,42.0,2025,11,4,Nov 2025
BIZ_027,Pearl Roast,Coffee Shop,Ameerpet,Central,17.41593,78.417987,2,4.4,False,2025-12-01,4.14,186,3,0.698,0.31,6.8,4.58,3.75,183,34,0.0464,0.507,0.68,-0.13,-0.25,1.0235,0.0918,1.2889,0.000612,42.9,2025,12,4,Dec 2025
BIZ_027,Pearl Roast,Coffee Shop,Ameerpet,Central,17.41593,78.417987,2,4.5,False,2026-01-01,4.28,192,6,0.528,0.337,13.3,3.49,4.25,269,50,0.029,0.518,1.33,0.14,1.0,1.0486,0.1838,0.9835,0.001225,38.1,2026,1,1,Jan 2026
BIZ_027,Pearl Roast,Coffee Shop,Ameerpet,Central,17.41593,78.417987,2,4.6,False,2026-02-01,4.37,197,5,0.732,0.553,5.5,4.44,4.39,385,34,0.0539,0.399,1.09,0.09,-0.1667,1.0665,0.1524,1.3702,0.001016,49.2,2026,2,1,Feb 2026
BIZ_027,Pearl Roast,Coffee Shop,Ameerpet,Central,17.41593,78.417987,2,4.7,False,2026-03-01,4.32,204,7,0.643,0.517,12.3,3.83,4.75,317,39,0.0255,0.468,1.49,-0.05,0.4,1.0509,0.2111,1.1558,0.001408,41.4,2026,3,1,Mar 2026
BIZ_027,Pearl Roast,Coffee Shop,Ameerpet,Central,17.41593,78.417987,2,4.8,False,2026-04-01,4.19,210,6,0.533,0.551,3.6,3.88,4.32,276,70,0.0907,0.536,1.25,-0.13,-0.1429,1.015,0.2095,0.9832,0.001397,47.6,2026,4,2,Apr 2026
BIZ_027,Pearl Roast,Coffee Shop,Ameerpet,Central,17.41593,78.417987,2,4.8,False,2026-05-01,4.21,214,4,0.598,0.522,7.3,3.81,4.11,279,66,0.0294,0.487,0.83,0.02,-0.3333,1.0232,0.1426,1.0958,0.000951,36.6,2026,5,2,May 2026
BIZ_027,Pearl Roast,Coffee Shop,Ameerpet,Central,17.41593,78.417987,2,4.9,False,2026-06-01,4.25,216,2,0.586,0.648,4.9,4.17,4.38,176,66,0.0303,0.451,0.41,0.04,-0.5,1.0351,0.0762,1.0701,0.000508,39.5,2026,6,2,Jun 2026
BIZ_028,Cozy Roast,Cafe,Sultan Bazaar,Old City,17.355776,78.461417,3,6.4,False,2025-01-01,3.45,536,6,0.27,0.584,4.0,3.22,3.59,335,36,0.0268,0.462,0.94,0.0,0.0,0.8479,0.1723,0.5069,0.001149,23.4,2025,1,1,Jan 2025
BIZ_028,Cozy Roast,Cafe,Sultan Bazaar,Old City,17.355776,78.461417,3,6.5,False,2025-02-01,3.4,542,6,0.086,0.307,9.1,3.12,3.45,227,47,0.0295,0.48,0.92,-0.05,0.0,0.8325,0.1813,0.1627,0.001209,13.1,2025,2,1,Feb 2025
BIZ_028,Cozy Roast,Cafe,Sultan Bazaar,Old City,17.355776,78.461417,3,6.6,False,2025-03-01,3.4,550,8,-0.011,0.598,4.6,3.65,2.92,240,48,0.0212,0.38,1.21,0.0,0.3333,0.8286,0.2432,-0.021,0.001621,16.7,2025,3,1,Mar 2025
BIZ_028,Cozy Roast,Cafe,Sultan Bazaar,Old City,17.355776,78.461417,3,6.7,False,2025-04-01,3.46,557,7,0.07,0.536,4.7,3.3,2.67,158,59,0.0308,0.453,1.04,0.06,-0.125,0.8387,0.2129,0.132,0.001419,16.2,2025,4,2,Apr 2025
BIZ_028,Cozy Roast,Cafe,Sultan Bazaar,Old City,17.355776,78.461417,3,6.7,False,2025-05-01,3.53,562,5,0.183,0.326,10.9,3.4,3.08,159,48,0.032,0.443,0.75,0.07,-0.2857,0.8568,0.1748,0.3477,0.001165,18.2,2025,5,2,May 2025
BIZ_028,Cozy Roast,Cafe,Sultan Bazaar,Old City,17.355776,78.461417,3,6.8,False,2025-06-01,3.58,568,6,0.05,0.628,6.6,3.08,3.48,267,61,0.0205,0.335,0.88,0.05,0.2,0.8756,0.2147,0.0942,0.001431,15.9,2025,6,2,Jun 2025
BIZ_028,Cozy Roast,Cafe,Sultan Bazaar,Old City,17.355776,78.461417,3,6.9,False,2025-07-01,3.38,571,3,0.175,0.612,5.3,2.8,3.63,191,51,0.0993,0.486,0.43,-0.2,-0.5,0.8309,0.1239,0.3271,0.000826,23.7,2025,7,3,Jul 2025
BIZ_028,Cozy Roast,Cafe,Sultan Bazaar,Old City,17.355776,78.461417,3,7.0,False,2025-08-01,3.47,574,3,0.237,0.687,6.8,3.04,3.19,224,32,0.0347,0.426,0.43,0.09,0.0,0.8592,0.1213,0.4396,0.000809,20.7,2025,8,3,Aug 2025
BIZ_028,Cozy Roast,Cafe,Sultan Bazaar,Old City,17.355776,78.461417,3,7.1,False,2025-09-01,3.55,576,2,0.009,0.584,2.0,3.29,3.64,256,46,0.0308,0.451,0.28,0.08,-0.3333,0.8818,0.0687,0.0168,0.000458,17.9,2025,9,3,Sep 2025
BIZ_028,Cozy Roast,Cafe,Sultan Bazaar,Old City,17.355776,78.461417,3,7.2,False,2025-10-01,3.44,586,10,0.223,0.463,9.2,2.96,3.42,247,34,0.0308,0.26,1.39,-0.11,4.0,0.8544,0.3438,0.4174,0.002292,27.1,2025,10,4,Oct 2025
BIZ_028,Cozy Roast,Cafe,Sultan Bazaar,Old City,17.355776,78.461417,3,7.2,False,2025-11-01,3.51,590,4,0.248,0.606,4.0,3.5,3.42,213,53,0.0438,0.408,0.56,0.07,-0.6,0.8713,0.1283,0.4557,0.000856,23.5,2025,11,4,Nov 2025
BIZ_028,Cozy Roast,Cafe,Sultan Bazaar,Old City,17.355776,78.461417,3,7.3,False,2025-12-01,3.32,597,7,0.211,0.601,10.0,3.03,3.46,272,78,0.0766,0.273,0.96,-0.19,0.75,0.8208,0.2143,0.3896,0.001429,25.6,2025,12,4,Dec 2025
BIZ_028,Cozy Roast,Cafe,Sultan Bazaar,Old City,17.355776,78.461417,3,7.4,False,2026-01-01,3.37,606,9,0.163,0.403,7.4,3.32,3.16,323,66,0.0207,0.53,1.22,0.05,0.2857,0.8256,0.2757,0.3036,0.001838,16.3,2026,1,1,Jan 2026
BIZ_028,Cozy Roast,Cafe,Sultan Bazaar,Old City,17.355776,78.461417,3,7.5,False,2026-02-01,3.45,614,8,0.214,0.471,3.6,3.32,2.8,268,60,0.0308,0.475,1.07,0.08,-0.1111,0.842,0.2439,0.4006,0.001626,22.6,2026,2,1,Feb 2026
BIZ_028,Cozy Roast,Cafe,Sultan Bazaar,Old City,17.355776,78.461417,3,7.6,False,2026-03-01,3.28,620,6,0.245,0.584,9.6,2.47,2.77,294,77,0.0298,0.397,0.79,-0.17,-0.25,0.7979,0.181,0.4404,0.001207,16.4,2026,3,1,Mar 2026
BIZ_028,Cozy Roast,Cafe,Sultan Bazaar,Old City,17.355776,78.461417,3,7.7,False,2026-04-01,3.46,623,3,0.261,0.403,6.9,3.54,3.37,247,24,0.0942,0.471,0.39,0.18,-0.5,0.8381,0.1048,0.4814,0.000698,32.0,2026,4,2,Apr 2026
BIZ_028,Cozy Roast,Cafe,Sultan Bazaar,Old City,17.355776,78.461417,3,7.7,False,2026-05-01,3.37,629,6,0.058,0.624,6.7,3.39,3.58,287,43,0.0829,0.461,0.78,-0.09,1.0,0.819,0.2139,0.1063,0.001426,26.4,2026,5,2,May 2026
BIZ_028,Cozy Roast,Cafe,Sultan Bazaar,Old City,17.355776,78.461417,3,7.8,False,2026-06-01,3.49,637,8,0.311,0.388,6.1,2.58,3.34,235,42,0.0286,0.368,1.03,0.12,0.3333,0.85,0.305,0.5679,0.002033,21.5,2026,6,2,Jun 2026
BIZ_029,Sip Station,Cafe,Ameerpet,Central,17.452143,78.454198,4,6.2,False,2025-01-01,4.61,148,6,0.685,0.449,4.3,4.2,4.12,273,52,0.0377,0.459,0.97,0.0,0.0,1.133,0.1723,1.2861,0.001149,49.1,2025,1,1,Jan 2025
BIZ_029,Sip Station,Cafe,Ameerpet,Central,17.452143,78.454198,4,6.3,False,2025-02-01,4.6,152,4,0.785,0.446,4.5,4.11,4.65,310,42,0.0367,0.512,0.63,-0.01,-0.3333,1.1263,0.1209,1.4848,0.000806,45.1,2025,2,1,Feb 2025
BIZ_029,Sip Station,Cafe,Ameerpet,Central,17.452143,78.454198,4,6.4,False,2025-03-01,4.7,157,5,0.731,0.596,4.8,4.62,4.07,292,51,0.028,0.521,0.78,0.1,0.25,1.1455,0.152,1.3981,0.001013,50.0,2025,3,1,Mar 2025
BIZ_029,Sip Station,Cafe,Ameerpet,Central,17.452143,78.454198,4,6.5,False,2025-04-01,4.57,163,6,0.785,0.459,3.9,4.0,4.12,269,60,0.0218,0.545,0.92,-0.13,0.2,1.1078,0.1824,1.4802,0.001216,44.8,2025,4,2,Apr 2025
BIZ_029,Sip Station,Cafe,Ameerpet,Central,17.452143,78.454198,4,6.5,False,2025-05-01,4.72,167,4,0.789,0.547,6.3,4.44,4.36,152,47,0.024,0.463,0.62,0.15,-0.3333,1.1457,0.1398,1.4993,0.000932,47.5,2025,5,2,May 2025
BIZ_029,Sip Station,Cafe,Ameerpet,Central,17.452143,78.454198,4,6.6,False,2025-06-01,4.61,172,5,0.797,0.533,5.9,4.26,3.98,129,33,0.0266,0.518,0.76,-0.11,0.25,1.1275,0.1789,1.5009,0.001193,46.7,2025,6,2,Jun 2025
BIZ_029,Sip Station,Cafe,Ameerpet,Central,17.452143,78.454198,4,6.7,False,2025-07-01,4.58,174,2,0.759,0.662,7.2,4.04,4.47,208,54,0.0574,0.368,0.3,-0.03,-0.6,1.1259,0.0826,1.4188,0.000551,47.4,2025,7,3,Jul 2025
BIZ_029,Sip Station,Cafe,Ameerpet,Central,17.452143,78.454198,4,6.8,False,2025-08-01,4.42,177,3,0.718,0.49,5.9,4.66,3.95,271,64,0.0681,0.481,0.44,-0.16,0.5,1.0945,0.1213,1.3317,0.000809,52.1,2025,8,3,Aug 2025
BIZ_029,Sip Station,Cafe,Ameerpet,Central,17.452143,78.454198,4,6.9,False,2025-09-01,4.49,181,4,0.933,0.448,5.1,4.27,4.34,242,61,0.0424,0.507,0.58,0.07,0.3333,1.1153,0.1373,1.7468,0.000916,49.5,2025,9,3,Sep 2025
BIZ_029,Sip Station,Cafe,Ameerpet,Central,17.452143,78.454198,4,7.0,False,2025-10-01,4.59,186,5,0.622,0.481,10.8,4.15,4.14,197,76,0.0304,0.456,0.71,0.1,0.25,1.14,0.1719,1.1643,0.001146,44.2,2025,10,4,Oct 2025
BIZ_029,Sip Station,Cafe,Ameerpet,Central,17.452143,78.454198,4,7.0,False,2025-11-01,4.53,193,7,0.865,0.493,7.0,4.41,4.31,266,69,0.0298,0.393,1.0,-0.06,0.4,1.1246,0.2246,1.5895,0.001497,48.6,2025,11,4,Nov 2025
BIZ_029,Sip Station,Cafe,Ameerpet,Central,17.452143,78.454198,4,7.1,False,2025-12-01,4.58,196,3,0.712,0.431,4.0,4.01,4.22,257,53,0.0298,0.5,0.42,0.05,-0.5714,1.1323,0.0918,1.3148,0.000612,43.2,2025,12,4,Dec 2025
BIZ_029,Sip Station,Cafe,Ameerpet,Central,17.452143,78.454198,4,7.2,False,2026-01-01,4.57,201,5,0.716,0.638,4.5,4.4,4.57,332,64,0.0202,0.52,0.69,-0.01,0.6667,1.1196,0.1532,1.3337,0.001021,46.1,2026,1,1,Jan 2026
BIZ_029,Sip Station,Cafe,Ameerpet,Central,17.452143,78.454198,4,7.3,False,2026-02-01,4.56,207,6,0.975,0.319,9.3,5.0,4.23,365,47,0.0595,0.471,0.82,-0.01,0.2,1.1129,0.1829,1.825,0.00122,59.8,2026,2,1,Feb 2026
BIZ_029,Sip Station,Cafe,Ameerpet,Central,17.452143,78.454198,4,7.4,False,2026-03-01,4.49,214,7,0.781,0.604,2.6,4.23,4.34,256,48,0.0801,0.539,0.95,-0.07,0.1667,1.0923,0.2111,1.4038,0.001408,55.6,2026,3,1,Mar 2026
BIZ_029,Sip Station,Cafe,Ameerpet,Central,17.452143,78.454198,4,7.5,False,2026-04-01,4.59,219,5,0.831,0.599,4.0,4.68,3.91,195,60,0.0207,0.398,0.67,0.1,-0.2857,1.1119,0.1746,1.5329,0.001164,49.1,2026,4,2,Apr 2026
BIZ_029,Sip Station,Cafe,Ameerpet,Central,17.452143,78.454198,4,7.5,False,2026-05-01,4.53,224,5,0.901,0.756,2.5,4.68,4.22,257,38,0.0262,0.361,0.67,-0.06,0.0,1.101,0.1783,1.6511,0.001188,48.9,2026,5,2,May 2026
BIZ_029,Sip Station,Cafe,Ameerpet,Central,17.452143,78.454198,4,7.6,False,2026-06-01,4.69,227,3,0.852,0.44,8.9,4.38,3.97,239,21,0.0293,0.564,0.39,0.16,-0.4,1.1423,0.1144,1.5559,0.000762,49.6,2026,6,2,Jun 2026
BIZ_030,Cedar Drip Co,Cafe,Mehdipatnam,South,17.405353,78.462341,3,4.2,False,2025-01-01,3.76,3860,75,0.1,0.819,3.4,4.09,3.69,384,69,0.0533,0.359,17.86,0.0,0.0,0.9241,2.1539,0.1878,0.01436,33.9,2025,1,1,Jan 2025
BIZ_030,Cedar Drip Co,Cafe,Mehdipatnam,South,17.405353,78.462341,3,4.3,False,2025-02-01,3.7,3940,80,0.07,0.565,3.6,3.16,3.53,446,57,0.0282,0.348,18.6,-0.06,0.0667,0.9059,2.4174,0.1324,0.016116,21.3,2025,2,1,Feb 2025
BIZ_030,Cedar Drip Co,Cafe,Mehdipatnam,South,17.405353,78.462341,3,4.4,False,2025-03-01,3.78,4018,78,0.092,0.491,3.0,3.21,3.79,398,72,0.0386,0.439,17.73,0.08,-0.025,0.9212,2.3713,0.176,0.015809,26.1,2025,3,1,Mar 2025
BIZ_030,Cedar Drip Co,Cafe,Mehdipatnam,South,17.405353,78.462341,3,4.5,False,2025-04-01,3.76,4150,132,0.019,0.409,4.5,3.57,3.13,371,111,0.0214,0.477,29.33,-0.02,0.6923,0.9114,4.0138,0.0358,0.026759,25.9,2025,4,2,Apr 2025
BIZ_030,Cedar Drip Co,Cafe,Mehdipatnam,South,17.405353,78.462341,3,4.5,False,2025-05-01,3.77,4241,91,-0.004,0.616,4.4,3.59,3.87,394,76,0.0337,0.489,20.22,0.01,-0.3106,0.9151,3.1811,-0.0076,0.021207,23.3,2025,5,2,May 2025
BIZ_030,Cedar Drip Co,Cafe,Mehdipatnam,South,17.405353,78.462341,3,4.6,False,2025-06-01,3.63,4294,53,-0.013,0.562,7.3,3.03,3.32,222,44,0.0239,0.391,11.52,-0.14,-0.4176,0.8878,1.8965,-0.0245,0.012643,17.9,2025,6,2,Jun 2025
BIZ_030,Cedar Drip Co,Cafe,Mehdipatnam,South,17.405353,78.462341,3,4.7,False,2025-07-01,3.74,4308,14,0.019,0.516,6.2,4.05,3.93,195,20,0.0211,0.485,2.98,0.11,-0.7358,0.9194,0.5782,0.0355,0.003855,20.2,2025,7,3,Jul 2025
BIZ_030,Cedar Drip Co,Cafe,Mehdipatnam,South,17.405353,78.462341,3,4.8,False,2025-08-01,3.93,4345,37,0.123,0.45,4.7,3.51,3.45,318,31,0.0204,0.448,7.71,0.19,1.6429,0.9731,1.496,0.2281,0.009973,27.5,2025,8,3,Aug 2025
BIZ_030,Cedar Drip Co,Cafe,Mehdipatnam,South,17.405353,78.462341,3,4.9,False,2025-09-01,3.79,4427,82,0.131,0.494,3.6,3.43,3.41,371,31,0.0306,0.4,16.73,-0.14,1.2162,0.9414,2.8153,0.2453,0.018769,27.7,2025,9,3,Sep 2025
BIZ_030,Cedar Drip Co,Cafe,Mehdipatnam,South,17.405353,78.462341,3,5.0,False,2025-10-01,3.71,4526,99,-0.022,0.412,23.6,4.04,3.5,388,59,0.0652,0.409,19.8,-0.08,0.2073,0.9214,3.4036,-0.0412,0.022691,32.2,2025,10,4,Oct 2025
BIZ_030,Cedar Drip Co,Cafe,Mehdipatnam,South,17.405353,78.462341,3,5.0,False,2025-11-01,3.76,4583,57,0.038,0.413,6.6,4.04,3.53,387,41,0.1166,0.478,11.4,0.05,-0.4242,0.9334,1.8289,0.0698,0.012193,39.0,2025,11,4,Nov 2025
BIZ_030,Cedar Drip Co,Cafe,Mehdipatnam,South,17.405353,78.462341,3,5.1,False,2025-12-01,3.68,4700,117,0.038,0.478,3.1,3.35,3.72,513,104,0.0376,0.484,22.94,-0.08,1.0526,0.9098,3.5816,0.0702,0.023878,29.4,2025,12,4,Dec 2025
BIZ_030,Cedar Drip Co,Cafe,Mehdipatnam,South,17.405353,78.462341,3,5.2,False,2026-01-01,3.51,4771,71,0.052,0.622,2.5,3.01,2.91,364,57,0.0306,0.439,13.65,-0.17,-0.3932,0.8599,2.1748,0.0969,0.014499,18.6,2026,1,1,Jan 2026
BIZ_030,Cedar Drip Co,Cafe,Mehdipatnam,South,17.405353,78.462341,3,5.3,False,2026-02-01,3.83,4915,144,0.076,0.633,5.3,3.78,3.55,384,95,0.0316,0.41,27.17,0.32,1.0282,0.9347,4.3902,0.1423,0.029268,37.7,2026,2,1,Feb 2026
BIZ_030,Cedar Drip Co,Cafe,Mehdipatnam,South,17.405353,78.462341,3,5.4,False,2026-03-01,3.7,4991,76,0.222,0.492,4.8,3.54,3.33,405,132,0.054,0.45,14.07,-0.13,-0.4722,0.9001,2.2924,0.399,0.015283,31.5,2026,3,1,Mar 2026
BIZ_030,Cedar Drip Co,Cafe,Mehdipatnam,South,17.405353,78.462341,3,5.5,False,2026-04-01,3.79,5101,110,-0.093,0.389,13.1,3.51,3.42,277,61,0.0376,0.409,20.0,0.09,0.4474,0.9181,3.8417,-0.1715,0.025611,33.2,2026,4,2,Apr 2026
BIZ_030,Cedar Drip Co,Cafe,Mehdipatnam,South,17.405353,78.462341,3,5.5,False,2026-05-01,3.7,5192,91,0.014,0.632,7.5,3.18,3.78,321,57,0.0557,0.434,16.55,-0.09,-0.1727,0.8993,3.2446,0.0257,0.021631,26.9,2026,5,2,May 2026
BIZ_030,Cedar Drip Co,Cafe,Mehdipatnam,South,17.405353,78.462341,3,5.6,False,2026-06-01,3.71,5275,83,-0.085,0.592,4.5,3.51,3.71,440,94,0.0403,0.478,14.82,0.01,-0.0879,0.9036,3.1639,-0.1552,0.021093,29.3,2026,6,2,Jun 2026
BIZ_031,Urban Drip Place,Cafe,Somajiguda,Central,17.435477,78.429506,3,6.2,False,2025-01-01,4.38,1893,45,0.665,0.51,10.6,4.47,4.82,292,51,0.0552,0.483,7.26,0.0,0.0,1.0765,1.2924,1.2485,0.008616,51.3,2025,1,1,Jan 2025
BIZ_031,Urban Drip Place,Cafe,Somajiguda,Central,17.435477,78.429506,3,6.3,False,2025-02-01,4.29,1912,19,0.914,0.395,5.2,4.24,3.84,362,74,0.0218,0.455,3.02,-0.09,-0.5778,1.0504,0.5741,1.7289,0.003828,42.9,2025,2,1,Feb 2025
BIZ_031,Urban Drip Place,Cafe,Somajiguda,Central,17.435477,78.429506,3,6.4,False,2025-03-01,4.47,1935,23,0.738,0.631,4.1,4.21,4.38,286,60,0.0734,0.491,3.59,0.18,0.2105,1.0894,0.6992,1.4114,0.004662,51.9,2025,3,1,Mar 2025
BIZ_031,Urban Drip Place,Cafe,Somajiguda,Central,17.435477,78.429506,3,6.5,False,2025-04-01,4.29,1965,30,0.853,0.532,5.2,3.71,3.8,298,55,0.0388,0.445,4.62,-0.18,0.3043,1.0399,0.9122,1.6084,0.006081,44.4,2025,4,2,Apr 2025
BIZ_031,Urban Drip Place,Cafe,Somajiguda,Central,17.435477,78.429506,3,6.5,False,2025-05-01,4.47,1967,2,0.989,0.534,4.8,4.56,4.7,255,70,0.0214,0.479,0.31,0.18,-0.9333,1.085,0.0699,1.8793,0.000466,47.0,2025,5,2,May 2025
BIZ_031,Urban Drip Place,Cafe,Somajiguda,Central,17.435477,78.429506,3,6.6,False,2025-06-01,4.32,1985,18,0.89,0.692,1.5,4.49,3.89,148,61,0.0481,0.532,2.73,-0.15,8.0,1.0566,0.6441,1.676,0.004294,58.5,2025,6,2,Jun 2025
BIZ_031,Urban Drip Place,Cafe,Somajiguda,Central,17.435477,78.429506,3,6.7,False,2025-07-01,4.49,2004,19,0.908,0.438,13.3,3.84,4.42,182,25,0.0329,0.474,2.84,0.17,0.0556,1.1038,0.7847,1.6973,0.005231,46.3,2025,7,3,Jul 2025
BIZ_031,Urban Drip Place,Cafe,Somajiguda,Central,17.435477,78.429506,3,6.8,False,2025-08-01,4.21,2026,22,0.984,0.483,13.6,3.57,4.31,251,17,0.0338,0.384,3.24,-0.28,0.1579,1.0425,0.8895,1.8251,0.00593,45.1,2025,8,3,Aug 2025
BIZ_031,Urban Drip Place,Cafe,Somajiguda,Central,17.435477,78.429506,3,6.9,False,2025-09-01,4.4,2043,17,0.902,0.405,10.3,4.18,4.47,240,17,0.0296,0.419,2.46,0.19,-0.2273,1.0929,0.5837,1.6887,0.003891,46.1,2025,9,3,Sep 2025
BIZ_031,Urban Drip Place,Cafe,Somajiguda,Central,17.435477,78.429506,3,7.0,False,2025-10-01,4.36,2077,34,0.848,0.637,3.8,4.68,4.07,207,60,0.0231,0.453,4.86,-0.04,1.0,1.0829,1.1689,1.5874,0.007793,49.4,2025,10,4,Oct 2025
BIZ_031,Urban Drip Place,Cafe,Somajiguda,Central,17.435477,78.429506,3,7.0,False,2025-11-01,4.22,2103,26,0.898,0.589,5.3,4.42,4.04,240,54,0.0276,0.497,3.71,-0.14,-0.2353,1.0476,0.8342,1.6502,0.005561,45.4,2025,11,4,Nov 2025
BIZ_031,Urban Drip Place,Cafe,Somajiguda,Central,17.435477,78.429506,3,7.1,False,2025-12-01,4.39,2128,25,0.975,0.466,4.5,4.03,4.53,121,62,0.0258,0.442,3.52,0.17,-0.0385,1.0853,0.7653,1.8004,0.005102,46.5,2025,12,4,Dec 2025
BIZ_031,Urban Drip Place,Cafe,Somajiguda,Central,17.435477,78.429506,3,7.2,False,2026-01-01,4.41,2153,25,1.0,0.302,9.0,4.46,4.38,326,71,0.0246,0.448,3.47,0.02,0.0,1.0804,0.7658,1.8627,0.005105,49.7,2026,1,1,Jan 2026
BIZ_031,Urban Drip Place,Cafe,Somajiguda,Central,17.435477,78.429506,3,7.3,False,2026-02-01,4.27,2189,36,0.88,0.446,5.1,4.15,4.06,309,36,0.0313,0.466,4.93,-0.14,0.44,1.0421,1.0976,1.6472,0.007317,50.1,2026,2,1,Feb 2026
BIZ_031,Urban Drip Place,Cafe,Somajiguda,Central,17.435477,78.429506,3,7.4,False,2026-03-01,4.4,2216,27,0.908,0.492,8.2,4.56,3.73,236,69,0.0452,0.447,3.65,0.13,-0.25,1.0704,0.8144,1.6321,0.005429,51.7,2026,3,1,Mar 2026
BIZ_031,Urban Drip Place,Cafe,Somajiguda,Central,17.435477,78.429506,3,7.5,False,2026-04-01,4.42,2243,27,0.923,0.604,3.1,4.23,4.39,146,81,0.0279,0.589,3.6,0.02,0.0,1.0707,0.943,1.7026,0.006286,50.8,2026,4,2,Apr 2026
BIZ_031,Urban Drip Place,Cafe,Somajiguda,Central,17.435477,78.429506,3,7.5,False,2026-05-01,4.43,2281,38,0.922,0.508,8.8,4.2,4.35,309,57,0.0802,0.508,5.07,0.01,0.4074,1.0767,1.3549,1.6896,0.009033,56.9,2026,5,2,May 2026
BIZ_031,Urban Drip Place,Cafe,Somajiguda,Central,17.435477,78.429506,3,7.6,False,2026-06-01,4.39,2289,8,0.973,0.559,11.1,3.81,4.48,335,37,0.0304,0.554,1.05,-0.04,-0.7895,1.0692,0.305,1.7768,0.002033,45.5,2026,6,2,Jun 2026
BIZ_032,Royal Toast Station,Cafe,Kondapur,West,17.430647,78.383917,4,1.6,False,2025-01-01,3.5,400,33,0.488,0.396,6.7,2.91,3.09,369,73,0.0303,0.444,20.62,0.0,0.0,0.8602,0.9477,0.9162,0.006318,28.6,2025,1,1,Jan 2025
BIZ_032,Royal Toast Station,Cafe,Kondapur,West,17.430647,78.383917,4,1.7,False,2025-02-01,3.71,417,17,0.426,0.482,6.8,3.23,3.06,316,49,0.0206,0.422,10.0,0.21,-0.4848,0.9084,0.5137,0.8058,0.003425,22.5,2025,2,1,Feb 2025
BIZ_032,Royal Toast Station,Cafe,Kondapur,West,17.430647,78.383917,4,1.8,False,2025-03-01,3.65,433,16,0.267,0.537,10.8,3.44,3.23,222,50,0.0425,0.484,8.89,-0.06,-0.0588,0.8896,0.4864,0.5106,0.003243,25.5,2025,3,1,Mar 2025
BIZ_032,Royal Toast Station,Cafe,Kondapur,West,17.430647,78.383917,4,1.9,False,2025-04-01,3.76,456,23,0.468,0.5,8.0,3.38,3.97,349,50,0.0514,0.473,12.11,0.11,0.4375,0.9114,0.6994,0.8824,0.004662,31.3,2025,4,2,Apr 2025
BIZ_032,Royal Toast Station,Cafe,Kondapur,West,17.430647,78.383917,4,1.9,False,2025-05-01,3.69,471,15,0.317,0.551,6.1,3.75,3.89,255,42,0.0724,0.477,7.89,-0.07,-0.3478,0.8957,0.5244,0.6024,0.003496,32.4,2025,5,2,May 2025
BIZ_032,Royal Toast Station,Cafe,Kondapur,West,17.430647,78.383917,4,2.0,False,2025-06-01,3.64,495,24,0.265,0.403,6.4,3.41,3.43,178,64,0.0204,0.431,12.0,-0.05,0.6,0.8903,0.8588,0.499,0.005725,23.3,2025,6,2,Jun 2025
BIZ_032,Royal Toast Station,Cafe,Kondapur,West,17.430647,78.383917,4,2.1,False,2025-07-01,3.56,505,10,0.421,0.617,8.3,3.34,3.63,211,55,0.032,0.4,4.76,-0.08,-0.5833,0.8752,0.413,0.787,0.002753,23.2,2025,7,3,Jul 2025
BIZ_032,Royal Toast Station,Cafe,Kondapur,West,17.430647,78.383917,4,2.2,False,2025-08-01,3.53,522,17,0.287,0.426,3.8,3.11,3.41,184,49,0.0498,0.425,7.73,-0.03,0.7,0.8741,0.6873,0.5323,0.004582,26.6,2025,8,3,Aug 2025
BIZ_032,Royal Toast Station,Cafe,Kondapur,West,17.430647,78.383917,4,2.3,False,2025-09-01,3.5,551,29,0.326,0.623,6.1,3.29,3.08,194,39,0.0268,0.443,12.61,-0.03,0.7059,0.8694,0.9957,0.6103,0.006638,24.1,2025,9,3,Sep 2025
BIZ_032,Royal Toast Station,Cafe,Kondapur,West,17.430647,78.383917,4,2.4,False,2025-10-01,3.43,563,12,0.443,0.415,12.2,3.33,2.57,281,48,0.0456,0.467,5.0,-0.07,-0.5862,0.8519,0.4126,0.8293,0.00275,25.9,2025,10,4,Oct 2025
BIZ_032,Royal Toast Station,Cafe,Kondapur,West,17.430647,78.383917,4,2.4,False,2025-11-01,3.71,581,18,0.417,0.515,2.6,4.04,3.88,299,55,0.0665,0.444,7.5,0.28,0.5,0.921,0.5775,0.7663,0.00385,36.6,2025,11,4,Nov 2025
BIZ_032,Royal Toast Station,Cafe,Kondapur,West,17.430647,78.383917,4,2.5,False,2025-12-01,3.63,602,21,0.18,0.51,10.4,3.25,3.34,325,42,0.0334,0.367,8.4,-0.08,0.1667,0.8974,0.6429,0.3324,0.004286,23.5,2025,12,4,Dec 2025
BIZ_032,Royal Toast Station,Cafe,Kondapur,West,17.430647,78.383917,4,2.6,False,2026-01-01,3.57,631,29,0.243,0.594,1.8,3.8,2.85,243,67,0.0632,0.372,11.15,-0.06,0.381,0.8746,0.8883,0.4526,0.005922,32.6,2026,1,1,Jan 2026
BIZ_032,Royal Toast Station,Cafe,Kondapur,West,17.430647,78.383917,4,2.7,False,2026-02-01,3.81,648,17,0.372,0.614,3.7,3.36,3.61,368,49,0.0298,0.46,6.3,0.24,-0.4138,0.9298,0.5183,0.6963,0.003455,28.8,2026,2,1,Feb 2026
BIZ_032,Royal Toast Station,Cafe,Kondapur,West,17.430647,78.383917,4,2.8,False,2026-03-01,3.58,679,31,0.283,0.629,5.1,3.49,3.4,311,48,0.0245,0.416,11.07,-0.23,0.8235,0.8709,0.935,0.5087,0.006234,27.4,2026,3,1,Mar 2026
BIZ_032,Royal Toast Station,Cafe,Kondapur,West,17.430647,78.383917,4,2.9,False,2026-04-01,3.71,700,21,0.384,0.636,4.9,3.12,3.37,264,22,0.0352,0.46,7.24,0.13,-0.3226,0.8987,0.7334,0.7083,0.004889,28.8,2026,4,2,Apr 2026
BIZ_032,Royal Toast Station,Cafe,Kondapur,West,17.430647,78.383917,4,2.9,False,2026-05-01,3.73,725,25,0.35,0.59,3.0,3.36,3.37,264,20,0.0294,0.484,8.62,0.02,0.1905,0.9065,0.8914,0.6414,0.005942,26.6,2026,5,2,May 2026
BIZ_032,Royal Toast Station,Cafe,Kondapur,West,17.430647,78.383917,4,3.0,False,2026-06-01,3.67,740,15,0.349,0.737,1.7,3.7,3.04,216,39,0.0334,0.457,5.0,-0.06,-0.4,0.8939,0.5718,0.6373,0.003812,29.0,2026,6,2,Jun 2026
BIZ_033,Pearl Crust Place,Coffee Shop,Hitech City,West,17.454823,78.38126,3,10.6,False,2025-01-01,3.33,390,3,0.021,0.43,6.5,3.48,3.33,283,42,0.0215,0.343,0.28,0.0,0.0,0.8184,0.0862,0.0394,0.000574,17.8,2025,1,1,Jan 2025
BIZ_033,Pearl Crust Place,Coffee Shop,Hitech City,West,17.454823,78.38126,3,10.7,False,2025-02-01,3.44,398,8,0.229,0.562,7.8,3.14,3.62,321,49,0.0313,0.439,0.75,0.11,1.6667,0.8423,0.2417,0.4332,0.001612,19.6,2025,2,1,Feb 2025
BIZ_033,Pearl Crust Place,Coffee Shop,Hitech City,West,17.454823,78.38126,3,10.8,False,2025-03-01,3.44,404,6,-0.071,0.451,3.7,3.56,3.01,227,61,0.0222,0.388,0.56,0.0,-0.25,0.8384,0.1824,-0.1358,0.001216,13.5,2025,3,1,Mar 2025
BIZ_033,Pearl Crust Place,Coffee Shop,Hitech City,West,17.454823,78.38126,3,10.8,False,2025-04-01,3.31,408,4,-0.003,0.435,3.6,3.74,2.9,233,44,0.0592,0.384,0.37,-0.13,-0.3333,0.8023,0.1216,-0.0057,0.000811,17.8,2025,4,2,Apr 2025
BIZ_033,Pearl Crust Place,Coffee Shop,Hitech City,West,17.454823,78.38126,3,10.9,False,2025-05-01,3.3,413,5,0.064,0.682,2.5,3.51,3.08,232,59,0.0289,0.514,0.46,-0.01,0.25,0.801,0.1748,0.1216,0.001165,14.1,2025,5,2,May 2025
BIZ_033,Pearl Crust Place,Coffee Shop,Hitech City,West,17.454823,78.38126,3,11.0,False,2025-06-01,3.36,417,4,0.018,0.497,4.9,3.06,3.01,278,50,0.0659,0.42,0.36,0.06,-0.2,0.8218,0.1431,0.0339,0.000954,18.8,2025,6,2,Jun 2025
BIZ_033,Pearl Crust Place,Coffee Shop,Hitech City,West,17.454823,78.38126,3,11.1,False,2025-07-01,3.18,421,4,-0.038,0.602,2.9,2.86,2.18,240,41,0.0248,0.505,0.36,-0.18,0.0,0.7817,0.1652,-0.071,0.001101,7.5,2025,7,3,Jul 2025
BIZ_033,Pearl Crust Place,Coffee Shop,Hitech City,West,17.454823,78.38126,3,11.2,False,2025-08-01,3.35,426,5,-0.003,0.486,1.9,3.21,2.96,177,36,0.0357,0.378,0.45,0.17,0.25,0.8295,0.2022,-0.0056,0.001348,16.5,2025,8,3,Aug 2025
BIZ_033,Pearl Crust Place,Coffee Shop,Hitech City,West,17.454823,78.38126,3,11.3,False,2025-09-01,3.33,432,6,0.104,0.54,2.7,3.2,3.57,150,31,0.0389,0.427,0.53,-0.02,0.2,0.8271,0.206,0.1947,0.001373,18.2,2025,9,3,Sep 2025
BIZ_033,Pearl Crust Place,Coffee Shop,Hitech City,West,17.454823,78.38126,3,11.3,False,2025-10-01,3.35,436,4,-0.003,0.655,3.7,2.71,2.64,313,59,0.0207,0.356,0.35,0.02,-0.3333,0.832,0.1375,-0.0056,0.000917,10.5,2025,10,4,Oct 2025
BIZ_033,Pearl Crust Place,Coffee Shop,Hitech City,West,17.454823,78.38126,3,11.4,False,2025-11-01,3.35,439,3,-0.124,0.348,6.0,3.14,3.02,338,73,0.0551,0.419,0.26,0.0,-0.25,0.8316,0.0963,-0.2279,0.000642,16.2,2025,11,4,Nov 2025
BIZ_033,Pearl Crust Place,Coffee Shop,Hitech City,West,17.454823,78.38126,3,11.5,False,2025-12-01,3.26,445,6,0.112,0.587,13.2,2.6,2.77,325,60,0.0337,0.401,0.52,-0.09,1.0,0.8059,0.1837,0.2068,0.001224,16.1,2025,12,4,Dec 2025
BIZ_033,Pearl Crust Place,Coffee Shop,Hitech City,West,17.454823,78.38126,3,11.6,False,2026-01-01,3.46,450,5,-0.068,0.678,2.8,3.04,3.03,230,59,0.0229,0.401,0.43,0.2,-0.1667,0.8477,0.1532,-0.1267,0.001021,11.1,2026,1,1,Jan 2026
BIZ_033,Pearl Crust Place,Coffee Shop,Hitech City,West,17.454823,78.38126,3,11.7,False,2026-02-01,3.29,457,7,-0.075,0.444,6.3,2.9,3.46,245,35,0.0338,0.358,0.6,-0.17,0.4,0.8029,0.2134,-0.1404,0.001423,16.5,2026,2,1,Feb 2026
BIZ_033,Pearl Crust Place,Coffee Shop,Hitech City,West,17.454823,78.38126,3,11.8,False,2026-03-01,3.35,461,4,-0.036,0.497,7.5,3.18,3.05,300,62,0.0336,0.452,0.34,0.06,-0.4286,0.815,0.1207,-0.0647,0.000804,15.7,2026,3,1,Mar 2026
BIZ_033,Pearl Crust Place,Coffee Shop,Hitech City,West,17.454823,78.38126,3,11.8,False,2026-04-01,3.35,464,3,0.031,0.593,5.5,2.89,3.3,212,48,0.0299,0.385,0.25,0.0,-0.25,0.8115,0.1048,0.0572,0.000698,15.7,2026,4,2,Apr 2026
BIZ_033,Pearl Crust Place,Coffee Shop,Hitech City,West,17.454823,78.38126,3,11.9,False,2026-05-01,3.52,470,6,-0.172,0.445,5.2,3.13,3.4,169,50,0.0244,0.4,0.5,0.17,1.0,0.8555,0.2139,-0.3152,0.001426,13.6,2026,5,2,May 2026
BIZ_033,Pearl Crust Place,Coffee Shop,Hitech City,West,17.454823,78.38126,3,12.0,False,2026-06-01,3.38,474,4,-0.335,0.472,4.9,3.63,2.91,225,65,0.0378,0.386,0.33,-0.14,-0.3333,0.8232,0.1525,-0.6118,0.001017,15.2,2026,6,2,Jun 2026
BIZ_034,Fresh Grind Kitchen,Cafe,Ameerpet,Central,17.42684,78.446255,4,2.8,False,2025-01-01,4.2,739,28,0.577,0.567,2.9,4.07,3.8,244,44,0.0208,0.52,10.0,0.0,0.0,1.0322,0.8041,1.0833,0.005361,41.2,2025,1,1,Jan 2025
BIZ_034,Fresh Grind Kitchen,Cafe,Ameerpet,Central,17.42684,78.446255,4,2.9,False,2025-02-01,4.28,769,30,0.624,0.699,3.5,3.75,3.78,354,29,0.0792,0.467,10.34,0.08,0.0714,1.048,0.9065,1.1803,0.006044,43.9,2025,2,1,Feb 2025
BIZ_034,Fresh Grind Kitchen,Cafe,Ameerpet,Central,17.42684,78.446255,4,3.0,False,2025-03-01,4.3,792,23,0.4,0.536,10.4,3.57,3.8,225,31,0.0561,0.463,7.67,0.02,-0.2333,1.048,0.6992,0.765,0.004662,37.5,2025,3,1,Mar 2025
BIZ_034,Fresh Grind Kitchen,Cafe,Ameerpet,Central,17.42684,78.446255,4,3.0,False,2025-04-01,4.4,820,28,0.537,0.666,1.5,4.43,3.79,318,52,0.0503,0.501,9.33,0.1,0.2174,1.0666,0.8514,1.0125,0.005676,44.6,2025,4,2,Apr 2025
BIZ_034,Fresh Grind Kitchen,Cafe,Ameerpet,Central,17.42684,78.446255,4,3.1,False,2025-05-01,4.28,835,15,0.652,0.309,5.4,3.68,3.94,210,55,0.0251,0.455,4.84,-0.12,-0.4643,1.0389,0.5244,1.239,0.003496,36.6,2025,5,2,May 2025
BIZ_034,Fresh Grind Kitchen,Cafe,Ameerpet,Central,17.42684,78.446255,4,3.2,False,2025-06-01,4.05,848,13,0.491,0.567,3.5,3.78,4.03,267,57,0.023,0.438,4.06,-0.23,-0.1333,0.9905,0.4652,0.9246,0.003101,32.4,2025,6,2,Jun 2025
BIZ_034,Fresh Grind Kitchen,Cafe,Ameerpet,Central,17.42684,78.446255,4,3.3,False,2025-07-01,4.27,864,16,0.691,0.584,7.6,4.55,4.09,155,55,0.0433,0.433,4.85,0.22,0.2308,1.0497,0.6608,1.2917,0.004405,44.5,2025,7,3,Jul 2025
BIZ_034,Fresh Grind Kitchen,Cafe,Ameerpet,Central,17.42684,78.446255,4,3.4,False,2025-08-01,4.36,877,13,0.533,0.672,4.3,3.94,3.74,234,23,0.0719,0.495,3.82,0.09,-0.1875,1.0796,0.5256,0.9886,0.003504,45.8,2025,8,3,Aug 2025
BIZ_034,Fresh Grind Kitchen,Cafe,Ameerpet,Central,17.42684,78.446255,4,3.5,False,2025-09-01,4.16,900,23,0.503,0.412,5.1,4.37,3.67,341,15,0.1266,0.548,6.57,-0.2,0.7692,1.0333,0.7897,0.9417,0.005264,49.8,2025,9,3,Sep 2025
BIZ_034,Fresh Grind Kitchen,Cafe,Ameerpet,Central,17.42684,78.446255,4,3.5,False,2025-10-01,4.14,912,12,0.424,0.551,5.8,4.4,3.8,229,50,0.0258,0.449,3.43,-0.02,-0.4783,1.0282,0.4126,0.7937,0.00275,34.5,2025,10,4,Oct 2025
BIZ_034,Fresh Grind Kitchen,Cafe,Ameerpet,Central,17.42684,78.446255,4,3.6,False,2025-11-01,4.26,935,23,0.413,0.589,5.4,3.74,4.31,251,49,0.0425,0.537,6.39,0.12,0.9167,1.0575,0.738,0.7589,0.00492,38.9,2025,11,4,Nov 2025
BIZ_034,Fresh Grind Kitchen,Cafe,Ameerpet,Central,17.42684,78.446255,4,3.7,False,2025-12-01,4.3,963,28,0.661,0.516,6.6,4.34,3.72,285,58,0.0381,0.358,7.57,0.04,0.2174,1.063,0.8571,1.2206,0.005714,44.2,2025,12,4,Dec 2025
BIZ_034,Fresh Grind Kitchen,Cafe,Ameerpet,Central,17.42684,78.446255,4,3.8,False,2026-01-01,4.25,995,32,0.436,0.595,8.8,4.04,3.49,281,79,0.0354,0.501,8.42,-0.05,0.1429,1.0412,0.9802,0.8121,0.006535,39.0,2026,1,1,Jan 2026
BIZ_034,Fresh Grind Kitchen,Cafe,Ameerpet,Central,17.42684,78.446255,4,3.9,False,2026-02-01,4.42,1024,29,0.53,0.485,7.3,4.46,4.17,334,41,0.0225,0.521,7.44,0.17,-0.0938,1.0787,0.8841,0.9921,0.005894,43.5,2026,2,1,Feb 2026
BIZ_034,Fresh Grind Kitchen,Cafe,Ameerpet,Central,17.42684,78.446255,4,4.0,False,2026-03-01,4.32,1054,30,0.404,0.736,4.2,4.44,3.97,227,53,0.0364,0.42,7.5,-0.1,0.0345,1.0509,0.9049,0.7262,0.006033,41.8,2026,3,1,Mar 2026
BIZ_034,Fresh Grind Kitchen,Cafe,Ameerpet,Central,17.42684,78.446255,4,4.0,False,2026-04-01,4.31,1075,21,0.639,0.38,5.9,4.15,3.45,208,39,0.0383,0.537,5.25,-0.01,-0.3,1.044,0.7334,1.1787,0.004889,44.5,2026,4,2,Apr 2026
BIZ_034,Fresh Grind Kitchen,Cafe,Ameerpet,Central,17.42684,78.446255,4,4.1,False,2026-05-01,4.27,1081,6,0.661,0.317,12.3,4.29,3.95,205,53,0.027,0.444,1.46,-0.04,-0.7143,1.0378,0.2139,1.2113,0.001426,39.6,2026,5,2,May 2026
BIZ_034,Fresh Grind Kitchen,Cafe,Ameerpet,Central,17.42684,78.446255,4,4.2,False,2026-06-01,4.33,1103,22,0.608,0.465,7.0,4.42,4.23,214,40,0.0232,0.507,5.24,0.06,2.6667,1.0546,0.8386,1.1103,0.005591,47.3,2026,6,2,Jun 2026
BIZ_035,Fresh Toast,Restaurant & Cafe,Tolichowki,South,17.391543,78.421064,3,1.0,False,2025-01-01,3.76,228,11,0.261,0.533,9.0,3.75,4.13,281,44,0.15,0.396,11.0,0.0,0.0,0.9241,0.3159,0.49,0.002106,43.3,2025,1,1,Jan 2025
BIZ_035,Fresh Toast,Restaurant & Cafe,Tolichowki,South,17.391543,78.421064,3,1.1,False,2025-02-01,3.58,259,31,0.283,0.541,7.1,3.08,3.17,222,43,0.0343,0.458,28.18,-0.18,1.8182,0.8766,0.9367,0.5353,0.006245,24.1,2025,2,1,Feb 2025
BIZ_035,Fresh Toast,Restaurant & Cafe,Tolichowki,South,17.391543,78.421064,3,1.2,False,2025-03-01,3.4,272,13,0.439,0.436,4.9,3.58,3.0,306,71,0.0253,0.505,10.83,-0.18,-0.5806,0.8286,0.3952,0.8396,0.002635,22.3,2025,3,1,Mar 2025
BIZ_035,Fresh Toast,Restaurant & Cafe,Tolichowki,South,17.391543,78.421064,3,1.2,False,2025-04-01,3.78,305,33,0.247,0.787,3.1,3.4,3.66,220,55,0.0214,0.425,27.5,0.38,1.5385,0.9163,1.0034,0.4657,0.00669,27.3,2025,4,2,Apr 2025
BIZ_035,Fresh Toast,Restaurant & Cafe,Tolichowki,South,17.391543,78.421064,3,1.3,False,2025-05-01,3.57,321,16,0.216,0.363,13.5,2.89,3.59,136,55,0.0269,0.332,12.31,-0.21,-0.5152,0.8665,0.5593,0.4105,0.003729,16.2,2025,5,2,May 2025
BIZ_035,Fresh Toast,Restaurant & Cafe,Tolichowki,South,17.391543,78.421064,3,1.4,False,2025-06-01,3.56,343,22,0.322,0.371,5.5,2.92,3.08,236,25,0.0329,0.492,15.71,-0.01,0.375,0.8707,0.7872,0.6064,0.005248,22.7,2025,6,2,Jun 2025
BIZ_035,Fresh Toast,Restaurant & Cafe,Tolichowki,South,17.391543,78.421064,3,1.5,False,2025-07-01,3.64,360,17,0.361,0.536,5.9,3.45,2.91,194,38,0.026,0.395,11.33,0.08,-0.2273,0.8948,0.7021,0.6748,0.004681,23.5,2025,7,3,Jul 2025
BIZ_035,Fresh Toast,Restaurant & Cafe,Tolichowki,South,17.391543,78.421064,3,1.6,False,2025-08-01,3.59,382,22,0.437,0.379,13.1,3.42,3.54,172,45,0.071,0.41,13.75,-0.05,0.2941,0.8889,0.8895,0.8105,0.00593,34.2,2025,8,3,Aug 2025
BIZ_035,Fresh Toast,Restaurant & Cafe,Tolichowki,South,17.391543,78.421064,3,1.7,False,2025-09-01,3.5,407,25,0.376,0.372,9.4,3.57,3.28,265,55,0.033,0.504,14.71,-0.09,0.1364,0.8694,0.8583,0.7039,0.005722,25.9,2025,9,3,Sep 2025
BIZ_035,Fresh Toast,Restaurant & Cafe,Tolichowki,South,17.391543,78.421064,3,1.8,False,2025-10-01,3.51,414,7,0.378,0.361,8.9,3.43,3.07,306,62,0.034,0.454,3.89,0.01,-0.72,0.8718,0.2407,0.7076,0.001604,23.5,2025,10,4,Oct 2025
BIZ_035,Fresh Toast,Restaurant & Cafe,Tolichowki,South,17.391543,78.421064,3,1.8,False,2025-11-01,3.63,428,14,0.309,0.439,6.0,3.45,3.51,367,64,0.0337,0.434,7.78,0.12,1.0,0.9011,0.4492,0.5678,0.002995,27.1,2025,11,4,Nov 2025
BIZ_035,Fresh Toast,Restaurant & Cafe,Tolichowki,South,17.391543,78.421064,3,1.9,False,2025-12-01,3.53,445,17,0.498,0.427,9.3,3.16,3.21,333,50,0.0552,0.496,8.95,-0.1,0.2143,0.8727,0.5204,0.9196,0.003469,29.7,2025,12,4,Dec 2025
BIZ_035,Fresh Toast,Restaurant & Cafe,Tolichowki,South,17.391543,78.421064,3,2.0,False,2026-01-01,3.44,460,15,0.438,0.523,5.7,3.62,2.99,251,44,0.0343,0.383,7.5,-0.09,-0.1176,0.8428,0.4595,0.8159,0.003063,25.4,2026,1,1,Jan 2026
BIZ_035,Fresh Toast,Restaurant & Cafe,Tolichowki,South,17.391543,78.421064,3,2.1,False,2026-02-01,3.57,480,20,0.53,0.529,3.6,3.43,3.28,298,65,0.0215,0.428,9.52,0.13,0.3333,0.8713,0.6098,0.9921,0.004065,30.7,2026,2,1,Feb 2026
BIZ_035,Fresh Toast,Restaurant & Cafe,Tolichowki,South,17.391543,78.421064,3,2.2,False,2026-03-01,3.73,501,21,0.473,0.566,2.7,3.36,3.52,312,82,0.0361,0.427,9.55,0.16,0.05,0.9074,0.6334,0.8502,0.004223,31.2,2026,3,1,Mar 2026
BIZ_035,Fresh Toast,Restaurant & Cafe,Tolichowki,South,17.391543,78.421064,3,2.2,False,2026-04-01,3.59,518,17,0.448,0.633,6.3,3.42,3.77,234,65,0.0639,0.389,7.73,-0.14,-0.1905,0.8696,0.5937,0.8264,0.003958,33.9,2026,4,2,Apr 2026
BIZ_035,Fresh Toast,Restaurant & Cafe,Tolichowki,South,17.391543,78.421064,3,2.3,False,2026-05-01,3.55,526,8,0.362,0.536,4.9,3.41,3.66,205,81,0.0299,0.338,3.48,-0.04,-0.5294,0.8628,0.2852,0.6634,0.001902,23.4,2026,5,2,May 2026
BIZ_035,Fresh Toast,Restaurant & Cafe,Tolichowki,South,17.391543,78.421064,3,2.4,False,2026-06-01,3.53,526,0,0.392,0.391,7.0,2.84,3.35,196,66,0.0397,0.475,0.0,-0.02,-1.0,0.8598,0.0,0.7158,0.0,23.5,2026,6,2,Jun 2026
BIZ_036,Classic Press,Cafe,Abids,Old City,17.371051,78.501144,3,3.5,False,2025-01-01,3.38,641,22,0.36,0.511,5.9,3.29,2.95,274,63,0.073,0.472,6.29,0.0,0.0,0.8307,0.6318,0.6759,0.004212,30.7,2025,1,1,Jan 2025
BIZ_036,Classic Press,Cafe,Abids,Old City,17.371051,78.501144,3,3.6,False,2025-02-01,3.58,654,13,0.305,0.388,7.1,3.05,3.08,261,49,0.0511,0.436,3.61,0.2,-0.4091,0.8766,0.3928,0.5769,0.002619,21.3,2025,2,1,Feb 2025
BIZ_036,Classic Press,Cafe,Abids,Old City,17.371051,78.501144,3,3.7,False,2025-03-01,3.54,666,12,0.334,0.604,5.3,3.5,3.66,290,24,0.0219,0.483,3.24,-0.04,-0.0769,0.8628,0.3648,0.6388,0.002432,23.0,2025,3,1,Mar 2025
BIZ_036,Classic Press,Cafe,Abids,Old City,17.371051,78.501144,3,3.8,False,2025-04-01,3.62,680,14,0.332,0.612,6.8,3.23,3.22,146,52,0.0594,0.496,3.68,0.08,0.1667,0.8775,0.4257,0.626,0.002838,26.6,2025,4,2,Apr 2025
BIZ_036,Classic Press,Cafe,Abids,Old City,17.371051,78.501144,3,3.8,False,2025-05-01,3.53,699,19,0.395,0.615,3.8,3.43,2.89,224,23,0.0277,0.447,5.0,-0.09,0.3571,0.8568,0.6642,0.7506,0.004428,23.6,2025,5,2,May 2025
BIZ_036,Classic Press,Cafe,Abids,Old City,17.371051,78.501144,3,3.9,False,2025-06-01,3.48,707,8,0.429,0.507,4.5,3.24,3.94,275,60,0.0421,0.423,2.05,-0.05,-0.5789,0.8511,0.2863,0.8079,0.001908,24.4,2025,6,2,Jun 2025
BIZ_036,Classic Press,Cafe,Abids,Old City,17.371051,78.501144,3,4.0,False,2025-07-01,3.45,712,5,0.292,0.301,4.9,3.35,3.24,328,36,0.0555,0.376,1.25,-0.03,-0.375,0.8481,0.2065,0.5458,0.001377,22.9,2025,7,3,Jul 2025
BIZ_036,Classic Press,Cafe,Abids,Old City,17.371051,78.501144,3,4.1,False,2025-08-01,3.32,717,5,0.26,0.429,5.9,2.81,3.2,205,43,0.0276,0.415,1.22,-0.13,0.0,0.8221,0.2022,0.4822,0.001348,17.5,2025,8,3,Aug 2025
BIZ_036,Classic Press,Cafe,Abids,Old City,17.371051,78.501144,3,4.2,False,2025-09-01,3.61,728,11,0.351,0.497,6.3,3.56,3.48,245,43,0.0274,0.439,2.62,0.29,1.2,0.8967,0.3777,0.6571,0.002518,26.6,2025,9,3,Sep 2025
BIZ_036,Classic Press,Cafe,Abids,Old City,17.371051,78.501144,3,4.2,False,2025-10-01,3.59,735,7,0.352,0.427,8.7,2.91,3.48,218,38,0.0307,0.422,1.67,-0.02,-0.3636,0.8916,0.2407,0.6589,0.001604,22.2,2025,10,4,Oct 2025
BIZ_036,Classic Press,Cafe,Abids,Old City,17.371051,78.501144,3,4.3,False,2025-11-01,3.33,752,17,0.416,0.435,6.9,2.86,3.26,274,65,0.0308,0.471,3.95,-0.26,1.4286,0.8267,0.5455,0.7645,0.003636,23.7,2025,11,4,Nov 2025
BIZ_036,Classic Press,Cafe,Abids,Old City,17.371051,78.501144,3,4.4,False,2025-12-01,3.44,769,17,0.279,0.561,3.6,3.2,3.46,322,56,0.0347,0.559,3.86,0.11,0.0,0.8504,0.5204,0.5152,0.003469,22.3,2025,12,4,Dec 2025
BIZ_036,Classic Press,Cafe,Abids,Old City,17.371051,78.501144,3,4.5,False,2026-01-01,3.47,783,14,0.387,0.492,11.0,3.02,3.2,331,62,0.0637,0.401,3.11,0.03,-0.1765,0.8501,0.4288,0.7209,0.002859,28.3,2026,1,1,Jan 2026
BIZ_036,Classic Press,Cafe,Abids,Old City,17.371051,78.501144,3,4.6,False,2026-02-01,3.61,806,0,0.484,0.593,4.4,2.44,3.49,282,58,0.0239,0.493,0.0,0.14,-1.0,0.881,0.0,0.9059,0.0,21.0,2026,2,1,Feb 2026
BIZ_036,Classic Press,Cafe,Abids,Old City,17.371051,78.501144,3,4.7,False,2026-03-01,3.55,824,18,0.414,0.416,10.0,3.25,3.28,373,62,0.0358,0.535,3.83,-0.06,0.0,0.8636,0.5429,0.7441,0.00362,27.4,2026,3,1,Mar 2026
BIZ_036,Classic Press,Cafe,Abids,Old City,17.371051,78.501144,3,4.8,False,2026-04-01,3.56,824,0,0.461,0.463,4.1,3.24,3.25,280,26,0.0388,0.445,0.0,0.01,-1.0,0.8624,0.0,0.8504,0.0,25.2,2026,4,2,Apr 2026
BIZ_036,Classic Press,Cafe,Abids,Old City,17.371051,78.501144,3,4.8,False,2026-05-01,3.51,834,10,0.421,0.548,5.0,3.47,3.53,223,34,0.0364,0.413,2.08,-0.05,0.0,0.8531,0.3565,0.7715,0.002377,25.9,2026,5,2,May 2026
BIZ_036,Classic Press,Cafe,Abids,Old City,17.371051,78.501144,3,4.9,False,2026-06-01,3.42,839,5,0.439,0.572,6.5,3.5,3.1,195,76,0.0677,0.355,1.02,-0.09,-0.5,0.833,0.1906,0.8017,0.001271,32.2,2026,6,2,Jun 2026
BIZ_037,Ivory Crust Coffee,Restaurant & Cafe,Madhapur,West,17.459216,78.353447,4,1.6,False,2025-01-01,4.06,586,37,0.515,0.433,13.7,3.77,4.16,205,53,0.0293,0.458,23.12,0.0,0.0,0.9978,1.0626,0.9669,0.007084,38.8,2025,1,1,Jan 2025
BIZ_037,Ivory Crust Coffee,Restaurant & Cafe,Madhapur,West,17.459216,78.353447,4,1.7,False,2025-02-01,4.13,647,61,0.536,0.467,3.6,3.37,3.48,288,77,0.037,0.474,35.88,0.07,0.6486,1.0112,1.8433,1.0139,0.012288,36.9,2025,2,1,Feb 2025
BIZ_037,Ivory Crust Coffee,Restaurant & Cafe,Madhapur,West,17.459216,78.353447,4,1.8,False,2025-03-01,4.22,681,34,0.427,0.333,5.6,4.01,3.65,204,42,0.0437,0.419,18.89,0.09,-0.4426,1.0285,1.0336,0.8167,0.006891,37.2,2025,3,1,Mar 2025
BIZ_037,Ivory Crust Coffee,Restaurant & Cafe,Madhapur,West,17.459216,78.353447,4,1.9,False,2025-04-01,4.26,696,15,0.568,0.455,5.1,3.72,3.95,372,61,0.0271,0.508,7.89,0.04,-0.5588,1.0326,0.4561,1.071,0.003041,35.3,2025,4,2,Apr 2025
BIZ_037,Ivory Crust Coffee,Restaurant & Cafe,Madhapur,West,17.459216,78.353447,4,1.9,False,2025-05-01,4.14,709,13,0.308,0.692,4.6,3.75,3.65,135,55,0.0317,0.453,6.84,-0.12,-0.1333,1.0049,0.4544,0.5853,0.00303,30.4,2025,5,2,May 2025
BIZ_037,Ivory Crust Coffee,Restaurant & Cafe,Madhapur,West,17.459216,78.353447,4,2.0,False,2025-06-01,4.35,740,31,0.661,0.596,8.3,4.74,4.04,208,58,0.0306,0.48,15.5,0.21,1.3846,1.0639,1.1093,1.2448,0.007395,46.8,2025,6,2,Jun 2025
BIZ_037,Ivory Crust Coffee,Restaurant & Cafe,Madhapur,West,17.459216,78.353447,4,2.1,False,2025-07-01,4.26,765,25,0.439,0.324,5.1,4.1,3.65,164,41,0.039,0.5,11.9,-0.09,-0.1935,1.0472,1.0325,0.8206,0.006883,37.8,2025,7,3,Jul 2025
BIZ_037,Ivory Crust Coffee,Restaurant & Cafe,Madhapur,West,17.459216,78.353447,4,2.2,False,2025-08-01,4.18,788,23,0.554,0.425,5.0,3.38,3.45,307,68,0.0477,0.409,10.45,-0.08,-0.08,1.035,0.9299,1.0275,0.006199,38.7,2025,8,3,Aug 2025
BIZ_037,Ivory Crust Coffee,Restaurant & Cafe,Madhapur,West,17.459216,78.353447,4,2.3,False,2025-09-01,4.11,810,22,0.553,0.587,6.4,4.13,3.68,319,64,0.0344,0.408,9.57,-0.07,-0.0435,1.0209,0.7553,1.0353,0.005035,37.7,2025,9,3,Sep 2025
BIZ_037,Ivory Crust Coffee,Restaurant & Cafe,Madhapur,West,17.459216,78.353447,4,2.4,False,2025-10-01,3.99,839,29,0.475,0.517,5.6,4.57,3.26,150,54,0.0216,0.461,12.08,-0.12,0.3182,0.991,0.997,0.8892,0.006647,36.1,2025,10,4,Oct 2025
BIZ_037,Ivory Crust Coffee,Restaurant & Cafe,Madhapur,West,17.459216,78.353447,4,2.4,False,2025-11-01,4.11,872,33,0.451,0.381,16.5,4.1,3.61,290,81,0.0388,0.454,13.75,0.12,0.1379,1.0203,1.0588,0.8288,0.007059,37.9,2025,11,4,Nov 2025
BIZ_037,Ivory Crust Coffee,Restaurant & Cafe,Madhapur,West,17.459216,78.353447,4,2.5,False,2025-12-01,4.05,899,27,0.444,0.574,5.9,4.03,3.55,326,61,0.0476,0.462,10.8,-0.06,-0.1818,1.0012,0.8265,0.8199,0.00551,37.3,2025,12,4,Dec 2025
BIZ_037,Ivory Crust Coffee,Restaurant & Cafe,Madhapur,West,17.459216,78.353447,4,2.6,False,2026-01-01,4.24,926,27,0.525,0.391,3.0,4.27,3.84,264,41,0.0269,0.497,10.38,0.19,0.0,1.0388,0.827,0.9779,0.005514,39.0,2026,1,1,Jan 2026
BIZ_037,Ivory Crust Coffee,Restaurant & Cafe,Madhapur,West,17.459216,78.353447,4,2.7,False,2026-02-01,4.2,959,33,0.517,0.517,10.4,4.03,3.65,363,62,0.025,0.386,12.22,-0.04,0.2222,1.025,1.0061,0.9677,0.006707,40.8,2026,2,1,Feb 2026
BIZ_037,Ivory Crust Coffee,Restaurant & Cafe,Madhapur,West,17.459216,78.353447,4,2.8,False,2026-03-01,4.09,989,30,0.538,0.589,7.6,4.04,3.28,265,68,0.0781,0.469,10.71,-0.11,-0.0909,0.995,0.9049,0.967,0.006033,46.1,2026,3,1,Mar 2026
BIZ_037,Ivory Crust Coffee,Restaurant & Cafe,Madhapur,West,17.459216,78.353447,4,2.9,False,2026-04-01,4.3,1022,33,0.481,0.643,1.4,4.71,3.47,218,49,0.0627,0.563,11.38,0.21,0.1,1.0416,1.1525,0.8872,0.007683,49.7,2026,4,2,Apr 2026
BIZ_037,Ivory Crust Coffee,Restaurant & Cafe,Madhapur,West,17.459216,78.353447,4,2.9,False,2026-05-01,4.09,1055,33,0.414,0.444,4.6,4.03,3.77,171,52,0.0267,0.488,11.38,-0.21,0.0,0.994,1.1766,0.7586,0.007844,34.4,2026,5,2,May 2026
BIZ_037,Ivory Crust Coffee,Restaurant & Cafe,Madhapur,West,17.459216,78.353447,4,3.0,False,2026-06-01,4.18,1087,32,0.424,0.33,5.7,3.75,3.76,185,54,0.0344,0.468,10.67,0.09,-0.0303,1.0181,1.2198,0.7743,0.008132,38.4,2026,6,2,Jun 2026
BIZ_038,Golden Whisk House,Coffee Shop,Hitech City,West,17.476747,78.381146,2,7.1,False,2025-01-01,4.28,280,4,0.59,0.413,5.9,4.61,4.59,389,64,0.0225,0.377,0.56,0.0,0.0,1.0519,0.1149,1.1077,0.000766,43.4,2025,1,1,Jan 2025
BIZ_038,Golden Whisk House,Coffee Shop,Hitech City,West,17.476747,78.381146,2,7.2,False,2025-02-01,4.35,284,4,0.585,0.425,9.3,4.46,4.36,239,80,0.0293,0.4,0.56,0.07,0.0,1.0651,0.1209,1.1065,0.000806,39.4,2025,2,1,Feb 2025
BIZ_038,Golden Whisk House,Coffee Shop,Hitech City,West,17.476747,78.381146,2,7.3,False,2025-03-01,4.33,287,3,0.753,0.579,6.9,3.65,4.65,301,43,0.0333,0.432,0.41,-0.02,-0.25,1.0553,0.0912,1.4401,0.000608,40.9,2025,3,1,Mar 2025
BIZ_038,Golden Whisk House,Coffee Shop,Hitech City,West,17.476747,78.381146,2,7.3,False,2025-04-01,4.3,292,5,0.604,0.551,6.8,4.77,3.97,233,52,0.0311,0.521,0.68,-0.03,0.6667,1.0423,0.152,1.1389,0.001014,43.9,2025,4,2,Apr 2025
BIZ_038,Golden Whisk House,Coffee Shop,Hitech City,West,17.476747,78.381146,2,7.4,False,2025-05-01,4.51,295,3,0.692,0.427,8.3,4.08,4.82,226,46,0.0305,0.415,0.41,0.21,-0.4,1.0947,0.1049,1.315,0.000699,42.5,2025,5,2,May 2025
BIZ_038,Golden Whisk House,Coffee Shop,Hitech City,West,17.476747,78.381146,2,7.5,False,2025-06-01,4.39,300,5,0.762,0.488,12.1,4.94,4.28,312,39,0.0314,0.434,0.67,-0.12,0.6667,1.0737,0.1789,1.435,0.001193,47.6,2025,6,2,Jun 2025
BIZ_038,Golden Whisk House,Coffee Shop,Hitech City,West,17.476747,78.381146,2,7.6,False,2025-07-01,4.26,305,5,0.726,0.621,4.8,4.37,4.5,269,33,0.0283,0.453,0.66,-0.13,0.0,1.0472,0.2065,1.3571,0.001377,40.9,2025,7,3,Jul 2025
BIZ_038,Golden Whisk House,Coffee Shop,Hitech City,West,17.476747,78.381146,2,7.7,False,2025-08-01,4.31,308,3,0.6,0.361,4.2,4.01,4.36,268,36,0.0214,0.452,0.39,0.05,-0.4,1.0672,0.1213,1.1129,0.000809,37.6,2025,8,3,Aug 2025
BIZ_038,Golden Whisk House,Coffee Shop,Hitech City,West,17.476747,78.381146,2,7.8,False,2025-09-01,4.23,314,6,0.641,0.707,7.5,3.89,4.31,257,58,0.0372,0.481,0.77,-0.08,1.0,1.0507,0.206,1.2001,0.001373,40.5,2025,9,3,Sep 2025
BIZ_038,Golden Whisk House,Coffee Shop,Hitech City,West,17.476747,78.381146,2,7.8,False,2025-10-01,4.32,318,4,0.587,0.467,6.0,4.14,4.8,254,67,0.0252,0.449,0.51,0.09,-0.3333,1.073,0.1375,1.0988,0.000917,38.4,2025,10,4,Oct 2025
BIZ_038,Golden Whisk House,Coffee Shop,Hitech City,West,17.476747,78.381146,2,7.9,False,2025-11-01,4.21,323,5,0.568,0.543,6.8,4.1,4.41,327,52,0.0327,0.444,0.63,-0.11,0.25,1.0451,0.1604,1.0438,0.00107,38.8,2025,11,4,Nov 2025
BIZ_038,Golden Whisk House,Coffee Shop,Hitech City,West,17.476747,78.381146,2,8.0,False,2025-12-01,4.36,330,7,0.728,0.3,7.8,4.53,4.49,304,30,0.0447,0.477,0.88,0.15,0.4,1.0779,0.2143,1.3443,0.001429,46.8,2025,12,4,Dec 2025
BIZ_038,Golden Whisk House,Coffee Shop,Hitech City,West,17.476747,78.381146,2,8.1,False,2026-01-01,4.31,336,6,0.729,0.46,5.2,3.85,4.31,295,82,0.0292,0.473,0.74,-0.05,-0.1429,1.0559,0.1838,1.3579,0.001225,40.6,2026,1,1,Jan 2026
BIZ_038,Golden Whisk House,Coffee Shop,Hitech City,West,17.476747,78.381146,2,8.2,False,2026-02-01,4.31,339,3,0.777,0.509,7.5,4.67,3.78,247,53,0.0298,0.482,0.37,0.0,-0.5,1.0519,0.0915,1.4544,0.00061,45.4,2026,2,1,Feb 2026
BIZ_038,Golden Whisk House,Coffee Shop,Hitech City,West,17.476747,78.381146,2,8.3,False,2026-03-01,4.58,343,4,0.745,0.62,3.6,4.76,4.19,248,49,0.0275,0.594,0.48,0.27,0.3333,1.1142,0.1207,1.3391,0.000804,49.8,2026,3,1,Mar 2026
BIZ_038,Golden Whisk House,Coffee Shop,Hitech City,West,17.476747,78.381146,2,8.3,False,2026-04-01,4.43,348,5,0.833,0.393,16.2,3.47,4.23,227,58,0.0201,0.408,0.6,-0.15,0.25,1.0731,0.1746,1.5365,0.001164,44.7,2026,4,2,Apr 2026
BIZ_038,Golden Whisk House,Coffee Shop,Hitech City,West,17.476747,78.381146,2,8.4,False,2026-05-01,4.44,356,8,0.74,0.488,2.9,3.73,4.66,258,39,0.0309,0.516,0.95,0.01,0.6,1.0791,0.2852,1.356,0.001902,42.7,2026,5,2,May 2026
BIZ_038,Golden Whisk House,Coffee Shop,Hitech City,West,17.476747,78.381146,2,8.5,False,2026-06-01,4.39,359,3,0.834,0.6,3.5,3.79,4.32,293,60,0.0275,0.408,0.35,-0.05,-0.625,1.0692,0.1144,1.523,0.000762,42.6,2026,6,2,Jun 2026
BIZ_039,Blue Filter,Coffee Shop,Begumpet,Central,17.441179,78.439293,3,3.5,False,2025-01-01,3.26,634,15,0.057,0.568,12.7,2.92,3.27,198,100,0.0287,0.422,4.29,0.0,0.0,0.8012,0.4308,0.107,0.002872,16.9,2025,1,1,Jan 2025
BIZ_039,Blue Filter,Coffee Shop,Begumpet,Central,17.441179,78.439293,3,3.6,False,2025-02-01,3.14,645,11,0.013,0.574,4.8,3.17,2.64,264,81,0.0755,0.395,3.06,-0.12,-0.2667,0.7688,0.3324,0.0246,0.002216,13.9,2025,2,1,Feb 2025
BIZ_039,Blue Filter,Coffee Shop,Begumpet,Central,17.441179,78.439293,3,3.7,False,2025-03-01,3.38,668,23,0.015,0.614,5.5,2.77,2.94,326,72,0.0391,0.407,6.22,0.24,1.0909,0.8238,0.6992,0.0287,0.004662,19.2,2025,3,1,Mar 2025
BIZ_039,Blue Filter,Coffee Shop,Begumpet,Central,17.441179,78.439293,3,3.8,False,2025-04-01,3.35,681,13,0.032,0.538,6.8,3.28,2.75,193,51,0.0379,0.394,3.42,-0.03,-0.4348,0.812,0.3953,0.0603,0.002635,14.5,2025,4,2,Apr 2025
BIZ_039,Blue Filter,Coffee Shop,Begumpet,Central,17.441179,78.439293,3,3.8,False,2025-05-01,3.24,695,14,-0.007,0.554,7.8,3.1,2.49,242,47,0.0259,0.436,3.68,-0.11,0.0769,0.7864,0.4894,-0.0133,0.003263,9.7,2025,5,2,May 2025
BIZ_039,Blue Filter,Coffee Shop,Begumpet,Central,17.441179,78.439293,3,3.9,False,2025-06-01,3.25,710,15,-0.058,0.514,6.8,3.76,2.7,212,25,0.0556,0.452,3.85,0.01,0.0714,0.7949,0.5367,-0.1092,0.003578,18.7,2025,6,2,Jun 2025
BIZ_039,Blue Filter,Coffee Shop,Begumpet,Central,17.441179,78.439293,3,4.0,False,2025-07-01,3.27,723,13,-0.007,0.542,5.0,3.18,3.43,236,45,0.0449,0.481,3.25,0.02,-0.1333,0.8039,0.5369,-0.0131,0.003579,14.1,2025,7,3,Jul 2025
BIZ_039,Blue Filter,Coffee Shop,Begumpet,Central,17.441179,78.439293,3,4.1,False,2025-08-01,3.12,735,12,-0.093,0.401,5.7,3.25,3.06,249,45,0.0237,0.458,2.93,-0.15,-0.0769,0.7726,0.4852,-0.1725,0.003235,10.5,2025,8,3,Aug 2025
BIZ_039,Blue Filter,Coffee Shop,Begumpet,Central,17.441179,78.439293,3,4.2,False,2025-09-01,3.24,749,14,-0.229,0.345,8.2,2.97,3.22,227,43,0.0351,0.332,3.33,0.12,0.1667,0.8048,0.4807,-0.4287,0.003204,10.7,2025,9,3,Sep 2025
BIZ_039,Blue Filter,Coffee Shop,Begumpet,Central,17.441179,78.439293,3,4.2,False,2025-10-01,3.12,764,15,-0.085,0.665,2.1,2.7,3.3,256,63,0.032,0.431,3.57,-0.12,0.0714,0.7749,0.5157,-0.1591,0.003438,9.5,2025,10,4,Oct 2025
BIZ_039,Blue Filter,Coffee Shop,Begumpet,Central,17.441179,78.439293,3,4.3,False,2025-11-01,3.19,778,14,-0.083,0.632,2.8,3.16,3.18,285,60,0.029,0.385,3.26,0.07,-0.0667,0.7919,0.4492,-0.1525,0.002995,11.9,2025,11,4,Nov 2025
BIZ_039,Blue Filter,Coffee Shop,Begumpet,Central,17.441179,78.439293,3,4.4,False,2025-12-01,3.23,795,17,0.043,0.615,2.5,2.67,3.17,279,49,0.0369,0.491,3.86,0.04,0.2143,0.7985,0.5204,0.0794,0.003469,14.8,2025,12,4,Dec 2025
BIZ_039,Blue Filter,Coffee Shop,Begumpet,Central,17.441179,78.439293,3,4.5,False,2026-01-01,3.24,819,24,-0.11,0.464,3.3,3.28,3.17,231,25,0.0581,0.373,5.33,0.01,0.4118,0.7938,0.7351,-0.2049,0.004901,18.8,2026,1,1,Jan 2026
BIZ_039,Blue Filter,Coffee Shop,Begumpet,Central,17.441179,78.439293,3,4.6,False,2026-02-01,3.33,840,21,-0.176,0.397,7.5,3.32,3.06,316,45,0.0204,0.392,4.57,0.09,-0.125,0.8127,0.6402,-0.3294,0.004268,13.7,2026,2,1,Feb 2026
BIZ_039,Blue Filter,Coffee Shop,Begumpet,Central,17.441179,78.439293,3,4.7,False,2026-03-01,3.44,859,19,-0.117,0.358,13.8,3.6,3.16,286,51,0.024,0.473,4.04,0.11,-0.0952,0.8369,0.5731,-0.2103,0.003821,17.0,2026,3,1,Mar 2026
BIZ_039,Blue Filter,Coffee Shop,Begumpet,Central,17.441179,78.439293,3,4.8,False,2026-04-01,3.38,870,11,-0.183,0.567,7.1,3.3,2.68,206,49,0.0571,0.42,2.29,-0.06,-0.4211,0.8188,0.3842,-0.3376,0.002561,18.0,2026,4,2,Apr 2026
BIZ_039,Blue Filter,Coffee Shop,Begumpet,Central,17.441179,78.439293,3,4.8,False,2026-05-01,3.29,885,15,-0.083,0.731,7.3,3.1,3.12,319,59,0.1125,0.423,3.12,-0.09,0.3636,0.7996,0.5348,-0.1521,0.003565,26.4,2026,5,2,May 2026
BIZ_039,Blue Filter,Coffee Shop,Begumpet,Central,17.441179,78.439293,3,4.9,False,2026-06-01,3.21,901,16,-0.209,0.409,7.8,3.17,2.7,198,34,0.0561,0.403,3.27,-0.08,0.0667,0.7818,0.6099,-0.3817,0.004066,18.3,2026,6,2,Jun 2026
BIZ_040,Rustic Bake,Coffee Shop,Somajiguda,Central,17.408138,78.442304,1,1.9,False,2025-01-01,4.18,176,9,0.469,0.514,5.8,3.68,4.3,335,76,0.0209,0.441,4.74,0.0,0.0,1.0273,0.2585,0.8806,0.001723,36.5,2025,1,1,Jan 2025
BIZ_040,Rustic Bake,Coffee Shop,Somajiguda,Central,17.408138,78.442304,1,2.0,False,2025-02-01,4.39,188,12,0.387,0.343,2.7,4.15,4.43,292,58,0.0307,0.551,6.0,0.21,0.3333,1.0749,0.3626,0.732,0.002417,36.3,2025,2,1,Feb 2025
BIZ_040,Rustic Bake,Coffee Shop,Somajiguda,Central,17.408138,78.442304,1,2.1,False,2025-03-01,4.31,198,10,0.423,0.421,7.3,3.76,4.63,426,70,0.0618,0.377,4.76,-0.08,-0.1667,1.0504,0.304,0.809,0.002027,38.9,2025,3,1,Mar 2025
BIZ_040,Rustic Bake,Coffee Shop,Somajiguda,Central,17.408138,78.442304,1,2.1,False,2025-04-01,4.35,206,8,0.417,0.482,3.2,4.32,4.39,142,44,0.029,0.474,3.81,0.04,-0.2,1.0544,0.2433,0.7863,0.001622,37.2,2025,4,2,Apr 2025
BIZ_040,Rustic Bake,Coffee Shop,Somajiguda,Central,17.408138,78.442304,1,2.2,False,2025-05-01,4.46,213,7,0.466,0.481,8.3,4.51,4.6,183,32,0.0272,0.409,3.18,0.11,-0.125,1.0826,0.2447,0.8855,0.001631,39.6,2025,5,2,May 2025
BIZ_040,Rustic Bake,Coffee Shop,Somajiguda,Central,17.408138,78.442304,1,2.3,False,2025-06-01,4.52,220,7,0.464,0.404,9.1,4.29,4.77,168,45,0.023,0.412,3.04,0.06,0.0,1.1055,0.2505,0.8738,0.00167,39.4,2025,6,2,Jun 2025
BIZ_040,Rustic Bake,Coffee Shop,Somajiguda,Central,17.408138,78.442304,1,2.4,False,2025-07-01,4.26,228,8,0.469,0.43,9.9,3.84,3.97,247,67,0.0277,0.55,3.33,-0.26,0.1429,1.0472,0.3304,0.8767,0.002203,34.4,2025,7,3,Jul 2025
BIZ_040,Rustic Bake,Coffee Shop,Somajiguda,Central,17.408138,78.442304,1,2.5,False,2025-08-01,4.35,231,3,0.425,0.398,9.3,3.74,4.47,167,45,0.0205,0.487,1.2,0.09,-0.625,1.0771,0.1213,0.7883,0.000809,33.7,2025,8,3,Aug 2025
BIZ_040,Rustic Bake,Coffee Shop,Somajiguda,Central,17.408138,78.442304,1,2.6,False,2025-09-01,4.24,231,0,0.497,0.559,10.4,3.42,4.28,237,54,0.0373,0.458,0.0,-0.11,-1.0,1.0532,0.0,0.9305,0.0,34.5,2025,9,3,Sep 2025
BIZ_040,Rustic Bake,Coffee Shop,Somajiguda,Central,17.408138,78.442304,1,2.6,False,2025-10-01,4.33,236,5,0.419,0.49,6.4,4.23,4.67,261,31,0.0275,0.48,1.92,0.09,0.0,1.0754,0.1719,0.7843,0.001146,36.8,2025,10,4,Oct 2025
BIZ_040,Rustic Bake,Coffee Shop,Somajiguda,Central,17.408138,78.442304,1,2.7,False,2025-11-01,4.29,240,4,0.305,0.47,3.4,3.99,4.72,255,49,0.0597,0.499,1.48,-0.04,-0.2,1.065,0.1283,0.5605,0.000856,38.3,2025,11,4,Nov 2025
BIZ_040,Rustic Bake,Coffee Shop,Somajiguda,Central,17.408138,78.442304,1,2.8,False,2025-12-01,4.21,247,7,0.451,0.563,11.0,3.89,4.78,240,76,0.0256,0.437,2.5,-0.08,0.75,1.0408,0.2143,0.8328,0.001429,36.2,2025,12,4,Dec 2025
BIZ_040,Rustic Bake,Coffee Shop,Somajiguda,Central,17.408138,78.442304,1,2.9,False,2026-01-01,4.49,257,10,0.374,0.59,4.7,4.78,4.61,210,54,0.0244,0.542,3.45,0.28,0.4286,1.1,0.3063,0.6966,0.002042,41.2,2026,1,1,Jan 2026
BIZ_040,Rustic Bake,Coffee Shop,Somajiguda,Central,17.408138,78.442304,1,3.0,False,2026-02-01,4.36,268,11,0.494,0.494,2.3,4.15,4.58,340,80,0.051,0.507,3.67,-0.13,0.1,1.0641,0.3354,0.9247,0.002236,44.8,2026,2,1,Feb 2026
BIZ_040,Rustic Bake,Coffee Shop,Somajiguda,Central,17.408138,78.442304,1,3.1,False,2026-03-01,4.35,273,5,0.516,0.394,7.3,4.46,4.52,327,49,0.0378,0.483,1.61,-0.01,-0.5455,1.0582,0.1508,0.9275,0.001005,41.8,2026,3,1,Mar 2026
BIZ_040,Rustic Bake,Coffee Shop,Somajiguda,Central,17.408138,78.442304,1,3.1,False,2026-04-01,4.32,274,1,0.431,0.488,3.6,3.61,4.34,240,59,0.0484,0.559,0.32,-0.03,-0.8,1.0465,0.0349,0.795,0.000233,37.4,2026,4,2,Apr 2026
BIZ_040,Rustic Bake,Coffee Shop,Somajiguda,Central,17.408138,78.442304,1,3.2,False,2026-05-01,4.45,283,9,0.426,0.431,5.6,3.83,4.62,239,46,0.0325,0.467,2.81,0.13,8.0,1.0815,0.3209,0.7806,0.002139,46.5,2026,5,2,May 2026
BIZ_040,Rustic Bake,Coffee Shop,Somajiguda,Central,17.408138,78.442304,1,3.3,False,2026-06-01,4.52,291,8,0.414,0.531,6.4,4.44,4.26,202,21,0.0332,0.451,2.42,0.07,-0.1111,1.1009,0.305,0.756,0.002033,42.9,2026,6,2,Jun 2026
BIZ_041,The Stir,Bakery & Cafe,Madhapur,West,17.452329,78.423879,2,5.5,False,2025-01-01,4.02,697,12,0.497,0.51,3.6,3.99,4.04,269,65,0.0217,0.376,2.18,0.0,0.0,0.988,0.3446,0.9331,0.002298,36.7,2025,1,1,Jan 2025
BIZ_041,The Stir,Bakery & Cafe,Madhapur,West,17.452329,78.423879,2,5.6,False,2025-02-01,4.13,708,11,0.5,0.568,3.5,4.07,4.04,237,65,0.0388,0.404,1.96,0.11,-0.0833,1.0112,0.3324,0.9458,0.002216,34.9,2025,2,1,Feb 2025
BIZ_041,The Stir,Bakery & Cafe,Madhapur,West,17.452329,78.423879,2,5.7,False,2025-03-01,4.15,720,12,0.588,0.636,1.7,3.59,4.22,183,37,0.0302,0.445,2.11,0.02,0.0909,1.0114,0.3648,1.1246,0.002432,36.9,2025,3,1,Mar 2025
BIZ_041,The Stir,Bakery & Cafe,Madhapur,West,17.452329,78.423879,2,5.8,False,2025-04-01,4.2,729,9,0.516,0.665,3.7,4.61,4.7,243,41,0.0263,0.468,1.55,0.05,-0.25,1.0181,0.2737,0.9729,0.001824,38.0,2025,4,2,Apr 2025
BIZ_041,The Stir,Bakery & Cafe,Madhapur,West,17.452329,78.423879,2,5.8,False,2025-05-01,4.13,740,11,0.327,0.482,3.6,3.84,4.1,284,50,0.031,0.487,1.9,-0.07,0.2222,1.0025,0.3845,0.6214,0.002564,31.5,2025,5,2,May 2025
BIZ_041,The Stir,Bakery & Cafe,Madhapur,West,17.452329,78.423879,2,5.9,False,2025-06-01,4.16,745,5,0.459,0.603,6.2,4.42,4.27,309,51,0.0911,0.437,0.85,0.03,-0.5455,1.0174,0.1789,0.8644,0.001193,44.8,2025,6,2,Jun 2025
BIZ_041,The Stir,Bakery & Cafe,Madhapur,West,17.452329,78.423879,2,6.0,False,2025-07-01,3.96,761,16,0.498,0.611,6.3,3.81,3.9,72,26,0.031,0.485,2.67,-0.2,2.2,0.9735,0.6608,0.9309,0.004405,33.9,2025,7,3,Jul 2025
BIZ_041,The Stir,Bakery & Cafe,Madhapur,West,17.452329,78.423879,2,6.1,False,2025-08-01,4.01,771,10,0.498,0.585,3.4,3.98,4.26,278,73,0.0595,0.444,1.64,0.05,-0.375,0.9929,0.4043,0.9237,0.002695,38.9,2025,8,3,Aug 2025
BIZ_041,The Stir,Bakery & Cafe,Madhapur,West,17.452329,78.423879,2,6.2,False,2025-09-01,4.01,779,8,0.568,0.585,4.2,4.2,3.93,183,46,0.0481,0.429,1.29,0.0,-0.2,0.996,0.2747,1.0634,0.001831,37.9,2025,9,3,Sep 2025
BIZ_041,The Stir,Bakery & Cafe,Madhapur,West,17.452329,78.423879,2,6.2,False,2025-10-01,3.86,788,9,0.437,0.476,7.3,3.86,3.92,299,58,0.0223,0.473,1.45,-0.15,0.125,0.9587,0.3094,0.818,0.002063,30.0,2025,10,4,Oct 2025
BIZ_041,The Stir,Bakery & Cafe,Madhapur,West,17.452329,78.423879,2,6.3,False,2025-11-01,3.98,801,13,0.582,0.435,15.4,3.69,4.48,254,64,0.027,0.464,2.06,0.12,0.4444,0.988,0.4171,1.0695,0.002781,34.8,2025,11,4,Nov 2025
BIZ_041,The Stir,Bakery & Cafe,Madhapur,West,17.452329,78.423879,2,6.4,False,2025-12-01,4.06,809,8,0.473,0.591,2.8,4.19,3.96,345,48,0.0287,0.491,1.25,0.08,-0.3846,1.0037,0.2449,0.8734,0.001633,34.6,2025,12,4,Dec 2025
BIZ_041,The Stir,Bakery & Cafe,Madhapur,West,17.452329,78.423879,2,6.5,False,2026-01-01,4.04,818,9,0.415,0.461,10.4,3.89,3.76,274,55,0.021,0.446,1.38,-0.02,0.125,0.9898,0.2757,0.773,0.001838,31.0,2026,1,1,Jan 2026
BIZ_041,The Stir,Bakery & Cafe,Madhapur,West,17.452329,78.423879,2,6.6,False,2026-02-01,4.21,826,8,0.32,0.589,6.0,3.71,3.83,359,77,0.0331,0.459,1.21,0.17,-0.1111,1.0275,0.2439,0.599,0.001626,35.0,2026,2,1,Feb 2026
BIZ_041,The Stir,Bakery & Cafe,Madhapur,West,17.452329,78.423879,2,6.7,False,2026-03-01,4.11,836,10,0.564,0.434,10.1,3.82,3.92,257,53,0.0537,0.503,1.49,-0.1,0.25,0.9999,0.3016,1.0138,0.002011,42.0,2026,3,1,Mar 2026
BIZ_041,The Stir,Bakery & Cafe,Madhapur,West,17.452329,78.423879,2,6.8,False,2026-04-01,3.97,847,11,0.53,0.382,4.3,4.13,4.1,219,68,0.0371,0.476,1.62,-0.14,0.1,0.9617,0.3842,0.9776,0.002561,38.9,2026,4,2,Apr 2026
BIZ_041,The Stir,Bakery & Cafe,Madhapur,West,17.452329,78.423879,2,6.8,False,2026-05-01,4.19,855,8,0.412,0.457,3.7,4.19,4.76,203,39,0.0254,0.362,1.18,0.22,-0.2727,1.0183,0.2852,0.755,0.001902,34.4,2026,5,2,May 2026
BIZ_041,The Stir,Bakery & Cafe,Madhapur,West,17.452329,78.423879,2,6.9,False,2026-06-01,4.1,863,8,0.506,0.534,5.1,4.26,3.77,244,18,0.0496,0.444,1.16,-0.09,0.0,0.9986,0.305,0.924,0.002033,41.9,2026,6,2,Jun 2026
BIZ_042,Amber Sip,Cafe,Rajendranagar,South,17.38411,78.404617,2,5.0,False,2025-01-01,4.39,99,4,0.687,0.573,5.5,4.51,4.46,305,46,0.0305,0.448,0.8,0.0,0.0,1.0789,0.1149,1.2899,0.000766,46.9,2025,1,1,Jan 2025
BIZ_042,Amber Sip,Cafe,Rajendranagar,South,17.38411,78.404617,2,5.1,False,2025-02-01,4.31,104,5,0.683,0.441,3.6,4.94,4.25,186,78,0.0243,0.441,0.98,-0.08,0.25,1.0553,0.1511,1.2919,0.001007,42.6,2025,2,1,Feb 2025
BIZ_042,Amber Sip,Cafe,Rajendranagar,South,17.38411,78.404617,2,5.2,False,2025-03-01,4.39,109,5,0.675,0.459,3.7,3.47,4.14,312,75,0.0407,0.419,0.96,0.08,0.0,1.0699,0.152,1.291,0.001013,41.3,2025,3,1,Mar 2025
BIZ_042,Amber Sip,Cafe,Rajendranagar,South,17.38411,78.404617,2,5.2,False,2025-04-01,4.52,113,4,0.573,0.483,7.2,4.18,4.44,307,51,0.0467,0.446,0.77,0.13,-0.2,1.0957,0.1216,1.0804,0.000811,43.2,2025,4,2,Apr 2025
BIZ_042,Amber Sip,Cafe,Rajendranagar,South,17.38411,78.404617,2,5.3,False,2025-05-01,4.32,119,6,0.727,0.719,4.3,4.24,4.08,210,22,0.0401,0.432,1.13,-0.2,0.5,1.0486,0.2097,1.3815,0.001398,45.3,2025,5,2,May 2025
BIZ_042,Amber Sip,Cafe,Rajendranagar,South,17.38411,78.404617,2,5.4,False,2025-06-01,4.36,123,4,0.64,0.567,7.9,4.32,3.91,267,57,0.042,0.387,0.74,0.04,-0.3333,1.0663,0.1431,1.2052,0.000954,42.9,2025,6,2,Jun 2025
BIZ_042,Amber Sip,Cafe,Rajendranagar,South,17.38411,78.404617,2,5.5,False,2025-07-01,4.54,128,5,0.765,0.512,2.9,4.24,4.65,157,41,0.0301,0.446,0.91,0.18,0.25,1.1161,0.2065,1.43,0.001377,44.9,2025,7,3,Jul 2025
BIZ_042,Amber Sip,Cafe,Rajendranagar,South,17.38411,78.404617,2,5.6,False,2025-08-01,4.27,131,3,0.694,0.535,2.4,3.64,4.37,267,59,0.0711,0.43,0.54,-0.27,-0.4,1.0573,0.1213,1.2872,0.000809,45.4,2025,8,3,Aug 2025
BIZ_042,Amber Sip,Cafe,Rajendranagar,South,17.38411,78.404617,2,5.7,False,2025-09-01,4.5,136,5,0.77,0.428,3.4,4.28,4.36,261,56,0.0704,0.423,0.88,0.23,0.6667,1.1178,0.1717,1.4416,0.001144,50.6,2025,9,3,Sep 2025
BIZ_042,Amber Sip,Cafe,Rajendranagar,South,17.38411,78.404617,2,5.8,False,2025-10-01,4.34,143,7,0.765,0.528,5.1,4.24,4.53,280,45,0.0625,0.489,1.21,-0.16,0.4,1.0779,0.2407,1.432,0.001604,50.0,2025,10,4,Oct 2025
BIZ_042,Amber Sip,Cafe,Rajendranagar,South,17.38411,78.404617,2,5.8,False,2025-11-01,4.47,148,5,0.647,0.643,3.5,4.36,4.51,271,51,0.0399,0.468,0.86,0.13,-0.2857,1.1097,0.1604,1.1889,0.00107,44.5,2025,11,4,Nov 2025
BIZ_042,Amber Sip,Cafe,Rajendranagar,South,17.38411,78.404617,2,5.9,False,2025-12-01,4.37,155,7,0.611,0.493,11.3,4.47,4.46,207,55,0.0237,0.455,1.19,-0.1,0.4,1.0803,0.2143,1.1283,0.001429,42.0,2025,12,4,Dec 2025
BIZ_042,Amber Sip,Cafe,Rajendranagar,South,17.38411,78.404617,2,6.0,False,2026-01-01,4.35,161,6,0.59,0.689,2.7,3.52,4.35,268,54,0.0652,0.433,1.0,-0.02,-0.1429,1.0657,0.1838,1.099,0.001225,44.8,2026,1,1,Jan 2026
BIZ_042,Amber Sip,Cafe,Rajendranagar,South,17.38411,78.404617,2,6.1,False,2026-02-01,4.44,165,4,0.873,0.628,7.1,4.2,4.82,271,56,0.0722,0.405,0.66,0.09,-0.3333,1.0836,0.122,1.6341,0.000813,53.4,2026,2,1,Feb 2026
BIZ_042,Amber Sip,Cafe,Rajendranagar,South,17.38411,78.404617,2,6.2,False,2026-03-01,4.46,170,5,0.763,0.494,5.2,4.26,4.36,307,37,0.0367,0.41,0.81,0.02,0.25,1.085,0.1508,1.3714,0.001005,48.0,2026,3,1,Mar 2026
BIZ_042,Amber Sip,Cafe,Rajendranagar,South,17.38411,78.404617,2,6.2,False,2026-04-01,4.4,174,4,0.844,0.522,3.5,4.37,4.3,188,36,0.0359,0.514,0.65,-0.06,-0.2,1.0658,0.1397,1.5568,0.000931,48.4,2026,4,2,Apr 2026
BIZ_042,Amber Sip,Cafe,Rajendranagar,South,17.38411,78.404617,2,6.3,False,2026-05-01,4.47,179,5,0.807,0.527,7.5,4.13,4.68,242,25,0.0321,0.513,0.79,0.07,0.25,1.0864,0.1783,1.4788,0.001188,45.6,2026,5,2,May 2026
BIZ_042,Amber Sip,Cafe,Rajendranagar,South,17.38411,78.404617,2,6.4,False,2026-06-01,4.34,182,3,0.686,0.679,2.2,4.18,4.32,258,41,0.0326,0.435,0.47,-0.13,-0.4,1.057,0.1144,1.2527,0.000762,42.8,2026,6,2,Jun 2026
BIZ_043,Happy Aroma House,Bakery & Cafe,Begumpet,Central,17.41931,78.484309,3,4.6,False,2025-01-01,4.1,2961,35,0.592,0.575,3.8,4.01,3.86,384,42,0.0217,0.497,7.61,0.0,0.0,1.0077,1.0052,1.1115,0.006701,40.6,2025,1,1,Jan 2025
BIZ_043,Happy Aroma House,Bakery & Cafe,Begumpet,Central,17.41931,78.484309,3,4.7,False,2025-02-01,4.13,3033,72,0.548,0.628,4.3,4.05,3.92,311,67,0.0634,0.438,15.32,0.03,1.0571,1.0112,2.1757,1.0366,0.014504,44.4,2025,2,1,Feb 2025
BIZ_043,Happy Aroma House,Bakery & Cafe,Begumpet,Central,17.41931,78.484309,3,4.8,False,2025-03-01,4.25,3079,46,0.561,0.487,7.0,4.0,3.87,363,64,0.0932,0.424,9.58,0.12,-0.3611,1.0358,1.3985,1.0729,0.009323,46.7,2025,3,1,Mar 2025
BIZ_043,Happy Aroma House,Bakery & Cafe,Begumpet,Central,17.41931,78.484309,3,4.8,False,2025-04-01,4.2,3138,59,0.673,0.337,5.7,3.37,4.01,295,82,0.0311,0.38,12.29,-0.05,0.2826,1.0181,1.794,1.269,0.01196,38.9,2025,4,2,Apr 2025
BIZ_043,Happy Aroma House,Bakery & Cafe,Begumpet,Central,17.41931,78.484309,3,4.9,False,2025-05-01,4.22,3190,52,0.641,0.575,2.8,4.32,3.92,356,45,0.022,0.469,10.61,0.02,-0.1186,1.0243,1.8178,1.2181,0.012118,40.5,2025,5,2,May 2025
BIZ_043,Happy Aroma House,Bakery & Cafe,Begumpet,Central,17.41931,78.484309,3,5.0,False,2025-06-01,4.18,3229,39,0.582,0.43,3.5,4.35,4.16,247,76,0.0533,0.407,7.8,-0.04,-0.25,1.0223,1.3955,1.096,0.009303,43.8,2025,6,2,Jun 2025
BIZ_043,Happy Aroma House,Bakery & Cafe,Begumpet,Central,17.41931,78.484309,3,5.1,False,2025-07-01,4.14,3283,54,0.56,0.56,10.4,4.11,3.99,134,34,0.0957,0.438,10.59,-0.04,0.3846,1.0177,2.2302,1.0468,0.014868,49.5,2025,7,3,Jul 2025
BIZ_043,Happy Aroma House,Bakery & Cafe,Begumpet,Central,17.41931,78.484309,3,5.2,False,2025-08-01,4.19,3291,8,0.473,0.621,4.2,4.05,3.65,347,68,0.0211,0.502,1.54,0.05,-0.8519,1.0375,0.3235,0.8773,0.002156,33.9,2025,8,3,Aug 2025
BIZ_043,Happy Aroma House,Bakery & Cafe,Begumpet,Central,17.41931,78.484309,3,5.3,False,2025-09-01,3.99,3371,80,0.651,0.352,8.7,3.62,3.69,279,69,0.0241,0.467,15.09,-0.2,9.0,0.9911,2.7466,1.2188,0.018311,46.2,2025,9,3,Sep 2025
BIZ_043,Happy Aroma House,Bakery & Cafe,Begumpet,Central,17.41931,78.484309,3,5.3,False,2025-10-01,4.08,3436,65,0.657,0.37,5.2,4.13,3.76,235,73,0.0311,0.457,12.26,0.09,-0.1875,1.0133,2.2347,1.2298,0.014898,41.1,2025,10,4,Oct 2025
BIZ_043,Happy Aroma House,Bakery & Cafe,Begumpet,Central,17.41931,78.484309,3,5.4,False,2025-11-01,4.1,3477,41,0.634,0.518,3.7,4.07,4.05,261,81,0.0321,0.477,7.59,0.02,-0.3692,1.0178,1.3155,1.1651,0.00877,39.5,2025,11,4,Nov 2025
BIZ_043,Happy Aroma House,Bakery & Cafe,Begumpet,Central,17.41931,78.484309,3,5.5,False,2025-12-01,4.12,3545,68,0.582,0.48,16.2,3.48,3.99,284,57,0.0224,0.52,12.36,0.02,0.6585,1.0185,2.0816,1.0747,0.013878,38.1,2025,12,4,Dec 2025
BIZ_043,Happy Aroma House,Bakery & Cafe,Begumpet,Central,17.41931,78.484309,3,5.6,False,2026-01-01,4.08,3592,47,0.583,0.554,9.1,3.91,3.94,316,42,0.0409,0.44,8.39,-0.04,-0.3088,0.9996,1.4397,1.0859,0.009598,39.9,2026,1,1,Jan 2026
BIZ_043,Happy Aroma House,Bakery & Cafe,Begumpet,Central,17.41931,78.484309,3,5.7,False,2026-02-01,4.11,3644,52,0.347,0.564,3.4,3.43,4.1,256,57,0.0295,0.498,9.12,0.03,0.1064,1.0031,1.5854,0.6495,0.010569,35.8,2026,2,1,Feb 2026
BIZ_043,Happy Aroma House,Bakery & Cafe,Begumpet,Central,17.41931,78.484309,3,5.8,False,2026-03-01,4.34,3689,45,0.473,0.624,5.6,4.24,4.54,224,36,0.0623,0.521,7.76,0.23,-0.1346,1.0558,1.3573,0.8502,0.009049,46.8,2026,3,1,Mar 2026
BIZ_043,Happy Aroma House,Bakery & Cafe,Begumpet,Central,17.41931,78.484309,3,5.8,False,2026-04-01,4.27,3743,54,0.534,0.426,6.3,4.01,3.99,284,77,0.0215,0.508,9.31,-0.07,0.2,1.0343,1.8859,0.985,0.012573,43.6,2026,4,2,Apr 2026
BIZ_043,Happy Aroma House,Bakery & Cafe,Begumpet,Central,17.41931,78.484309,3,5.9,False,2026-05-01,4.25,3795,52,0.766,0.721,2.0,3.54,4.25,336,48,0.0235,0.509,8.81,-0.02,-0.037,1.0329,1.8541,1.4037,0.01236,40.4,2026,5,2,May 2026
BIZ_043,Happy Aroma House,Bakery & Cafe,Begumpet,Central,17.41931,78.484309,3,6.0,False,2026-06-01,4.05,3857,62,0.522,0.559,4.1,3.91,4.07,175,37,0.0392,0.471,10.33,-0.2,0.1923,0.9864,2.3634,0.9532,0.015756,42.7,2026,6,2,Jun 2026
BIZ_044,Fresh Bake Works,Bakery & Cafe,Alwal,East,17.466731,78.508002,3,4.7,False,2025-01-01,4.12,136,4,0.7,0.469,5.4,4.37,3.9,182,54,0.0217,0.382,0.85,0.0,0.0,1.0126,0.1149,1.3143,0.000766,42.5,2025,1,1,Jan 2025
BIZ_044,Fresh Bake Works,Bakery & Cafe,Alwal,East,17.466731,78.508002,3,4.8,False,2025-02-01,4.41,142,6,0.684,0.502,5.0,4.36,4.2,298,59,0.0281,0.459,1.25,0.29,0.5,1.0798,0.1813,1.2938,0.001209,42.5,2025,2,1,Feb 2025
BIZ_044,Fresh Bake Works,Bakery & Cafe,Alwal,East,17.466731,78.508002,3,4.9,False,2025-03-01,4.39,147,5,0.688,0.593,7.1,4.61,4.23,185,66,0.0365,0.533,1.02,-0.02,-0.1667,1.0699,0.152,1.3158,0.001013,45.0,2025,3,1,Mar 2025
BIZ_044,Fresh Bake Works,Bakery & Cafe,Alwal,East,17.466731,78.508002,3,5.0,False,2025-04-01,4.43,151,4,0.708,0.489,6.6,4.05,4.54,244,46,0.0389,0.417,0.8,0.04,-0.2,1.0738,0.1216,1.335,0.000811,43.0,2025,4,2,Apr 2025
BIZ_044,Fresh Bake Works,Bakery & Cafe,Alwal,East,17.466731,78.508002,3,5.0,False,2025-05-01,4.51,157,6,0.636,0.689,7.1,4.23,3.7,147,36,0.049,0.429,1.2,0.08,0.5,1.0947,0.2097,1.2086,0.001398,47.6,2025,5,2,May 2025
BIZ_044,Fresh Bake Works,Bakery & Cafe,Alwal,East,17.466731,78.508002,3,5.1,False,2025-06-01,4.48,158,1,0.57,0.522,6.5,4.42,4.2,344,40,0.022,0.496,0.2,-0.03,-0.8333,1.0957,0.0358,1.0734,0.000239,39.8,2025,6,2,Jun 2025
BIZ_044,Fresh Bake Works,Bakery & Cafe,Alwal,East,17.466731,78.508002,3,5.2,False,2025-07-01,4.37,159,1,0.776,0.598,5.6,4.18,3.72,251,64,0.0428,0.4,0.19,-0.11,0.0,1.0743,0.0413,1.4505,0.000275,44.1,2025,7,3,Jul 2025
BIZ_044,Fresh Bake Works,Bakery & Cafe,Alwal,East,17.466731,78.508002,3,5.3,False,2025-08-01,4.27,161,2,0.752,0.395,5.7,4.21,4.06,230,27,0.0245,0.499,0.38,-0.1,1.0,1.0573,0.0809,1.3948,0.000539,42.7,2025,8,3,Aug 2025
BIZ_044,Fresh Bake Works,Bakery & Cafe,Alwal,East,17.466731,78.508002,3,5.4,False,2025-09-01,4.4,166,5,0.603,0.511,6.7,4.64,4.2,252,32,0.0278,0.531,0.93,0.13,1.5,1.0929,0.1717,1.1289,0.001144,43.9,2025,9,3,Sep 2025
BIZ_044,Fresh Bake Works,Bakery & Cafe,Alwal,East,17.466731,78.508002,3,5.5,False,2025-10-01,4.24,173,7,0.693,0.565,4.1,4.32,4.15,209,32,0.0354,0.497,1.27,-0.16,0.4,1.0531,0.2407,1.2972,0.001604,43.4,2025,10,4,Oct 2025
BIZ_044,Fresh Bake Works,Bakery & Cafe,Alwal,East,17.466731,78.508002,3,5.5,False,2025-11-01,4.31,177,4,0.74,0.676,4.0,4.46,3.75,275,45,0.0233,0.445,0.73,0.07,-0.4286,1.0699,0.1283,1.3598,0.000856,41.7,2025,11,4,Nov 2025
BIZ_044,Fresh Bake Works,Bakery & Cafe,Alwal,East,17.466731,78.508002,3,5.6,False,2025-12-01,4.46,183,6,0.672,0.511,4.3,3.84,4.05,292,61,0.0213,0.479,1.07,0.15,0.5,1.1026,0.1837,1.2409,0.001224,41.2,2025,12,4,Dec 2025
BIZ_044,Fresh Bake Works,Bakery & Cafe,Alwal,East,17.466731,78.508002,3,5.7,False,2026-01-01,4.55,188,5,0.765,0.526,22.0,3.45,4.17,320,46,0.032,0.487,0.88,0.09,-0.1667,1.1147,0.1532,1.425,0.001021,42.9,2026,1,1,Jan 2026
BIZ_044,Fresh Bake Works,Bakery & Cafe,Alwal,East,17.466731,78.508002,3,5.8,False,2026-02-01,4.45,194,6,0.747,0.478,10.2,3.92,4.33,205,59,0.0472,0.344,1.03,-0.1,0.2,1.086,0.1829,1.3982,0.00122,48.9,2026,2,1,Feb 2026
BIZ_044,Fresh Bake Works,Bakery & Cafe,Alwal,East,17.466731,78.508002,3,5.9,False,2026-03-01,4.52,198,4,0.75,0.666,5.4,4.37,4.31,211,50,0.0325,0.514,0.68,0.07,-0.3333,1.0996,0.1207,1.3481,0.000804,46.8,2026,3,1,Mar 2026
BIZ_044,Fresh Bake Works,Bakery & Cafe,Alwal,East,17.466731,78.508002,3,6.0,False,2026-04-01,4.51,206,8,0.643,0.606,2.5,4.36,4.56,146,46,0.024,0.501,1.33,-0.01,1.0,1.0925,0.2794,1.1861,0.001863,49.0,2026,4,2,Apr 2026
BIZ_044,Fresh Bake Works,Bakery & Cafe,Alwal,East,17.466731,78.508002,3,6.0,False,2026-05-01,4.43,211,5,0.744,0.479,5.1,4.23,4.18,267,40,0.0504,0.427,0.83,-0.08,-0.375,1.0767,0.1783,1.3634,0.001188,46.7,2026,5,2,May 2026
BIZ_044,Fresh Bake Works,Bakery & Cafe,Alwal,East,17.466731,78.508002,3,6.1,False,2026-06-01,4.42,215,4,0.608,0.355,5.3,4.38,4.06,166,31,0.0249,0.475,0.66,-0.01,-0.2,1.0765,0.1525,1.1103,0.001017,42.3,2026,6,2,Jun 2026
BIZ_045,Green Whisk,Cafe,Kondapur,West,17.446809,78.375949,1,1.2,False,2025-01-01,4.77,2181,207,0.643,0.389,5.0,4.15,4.78,267,65,0.0213,0.443,172.5,0.0,0.0,1.1723,5.9449,1.2072,0.039632,58.7,2025,1,1,Jan 2025
BIZ_045,Green Whisk,Cafe,Kondapur,West,17.446809,78.375949,1,1.3,False,2025-02-01,4.77,2309,128,0.727,0.575,3.7,4.4,5.0,240,50,0.0215,0.562,98.46,0.0,-0.3816,1.1679,3.8678,1.3751,0.025786,53.2,2025,2,1,Feb 2025
BIZ_045,Green Whisk,Cafe,Kondapur,West,17.446809,78.375949,1,1.4,False,2025-03-01,4.76,2472,163,0.778,0.386,14.5,4.44,5.0,341,54,0.0313,0.5,116.43,-0.01,0.2734,1.1601,4.9554,1.488,0.033036,60.4,2025,3,1,Mar 2025
BIZ_045,Green Whisk,Cafe,Kondapur,West,17.446809,78.375949,1,1.4,False,2025-04-01,4.74,2687,215,0.638,0.395,15.9,4.56,4.88,190,56,0.0243,0.462,153.57,-0.02,0.319,1.149,6.5376,1.203,0.043584,55.8,2025,4,2,Apr 2025
BIZ_045,Green Whisk,Cafe,Kondapur,West,17.446809,78.375949,1,1.5,False,2025-05-01,4.75,2778,91,0.715,0.687,6.8,4.27,5.0,262,44,0.0249,0.462,60.67,0.01,-0.5767,1.153,3.1811,1.3587,0.021207,49.9,2025,5,2,May 2025
BIZ_045,Green Whisk,Cafe,Kondapur,West,17.446809,78.375949,1,1.6,False,2025-06-01,4.7,2963,185,0.831,0.599,6.0,4.17,4.89,266,24,0.039,0.583,115.62,-0.05,1.033,1.1495,6.6198,1.5649,0.044132,61.8,2025,6,2,Jun 2025
BIZ_045,Green Whisk,Cafe,Kondapur,West,17.446809,78.375949,1,1.7,False,2025-07-01,4.73,3114,151,0.785,0.646,5.7,4.77,4.64,200,54,0.0502,0.475,88.82,0.03,-0.1838,1.1628,6.2362,1.4674,0.041575,63.9,2025,7,3,Jul 2025
BIZ_045,Green Whisk,Cafe,Kondapur,West,17.446809,78.375949,1,1.8,False,2025-08-01,4.69,3190,76,0.778,0.334,12.5,4.5,4.76,175,39,0.0524,0.493,42.22,-0.04,-0.4967,1.1613,3.0728,1.443,0.020485,55.9,2025,8,3,Aug 2025
BIZ_045,Green Whisk,Cafe,Kondapur,West,17.446809,78.375949,1,1.9,False,2025-09-01,4.68,3295,105,0.815,0.423,4.6,4.67,4.97,167,69,0.0311,0.456,55.26,-0.01,0.3816,1.1625,3.6049,1.5258,0.024033,53.7,2025,9,3,Sep 2025
BIZ_045,Green Whisk,Cafe,Kondapur,West,17.446809,78.375949,1,1.9,False,2025-10-01,4.8,3515,220,0.919,0.487,2.4,3.9,4.85,240,69,0.0385,0.469,115.79,0.12,1.0952,1.1922,7.5636,1.7203,0.050424,64.6,2025,10,4,Oct 2025
BIZ_045,Green Whisk,Cafe,Kondapur,West,17.446809,78.375949,1,2.0,False,2025-11-01,4.71,3681,166,0.756,0.441,7.1,4.92,5.0,237,38,0.0255,0.519,83.0,-0.09,-0.2455,1.1692,5.3262,1.3892,0.035508,57.2,2025,11,4,Nov 2025
BIZ_045,Green Whisk,Cafe,Kondapur,West,17.446809,78.375949,1,2.1,False,2025-12-01,4.67,3901,220,0.821,0.457,6.1,4.49,4.68,236,67,0.0456,0.466,104.76,-0.04,0.3253,1.1545,6.7347,1.5161,0.044898,62.9,2025,12,4,Dec 2025
BIZ_045,Green Whisk,Cafe,Kondapur,West,17.446809,78.375949,1,2.2,False,2026-01-01,4.81,4034,133,0.904,0.457,7.0,4.26,4.94,319,42,0.0698,0.425,60.45,0.14,-0.3955,1.1784,4.0739,1.6839,0.027159,67.0,2026,1,1,Jan 2026
BIZ_045,Green Whisk,Cafe,Kondapur,West,17.446809,78.375949,1,2.3,False,2026-02-01,4.71,4173,139,0.647,0.408,4.5,4.94,4.96,315,34,0.0421,0.45,60.43,-0.1,0.0451,1.1495,4.2378,1.2111,0.028252,59.5,2026,2,1,Feb 2026
BIZ_045,Green Whisk,Cafe,Kondapur,West,17.446809,78.375949,1,2.4,False,2026-03-01,4.92,4361,188,0.757,0.428,11.2,4.77,4.91,261,47,0.048,0.535,78.33,0.21,0.3525,1.1969,5.6706,1.3607,0.037804,64.9,2026,3,1,Mar 2026
BIZ_045,Green Whisk,Cafe,Kondapur,West,17.446809,78.375949,1,2.5,False,2026-04-01,4.71,4463,102,0.863,0.598,7.6,4.11,4.79,291,50,0.0404,0.511,40.8,-0.21,-0.4574,1.1409,3.5623,1.5919,0.023749,59.2,2026,4,2,Apr 2026
BIZ_045,Green Whisk,Cafe,Kondapur,West,17.446809,78.375949,1,2.5,False,2026-05-01,4.69,4667,204,0.682,0.517,13.4,4.67,5.0,178,51,0.0562,0.399,81.6,-0.02,1.0,1.1399,7.2736,1.2498,0.048491,62.7,2026,5,2,May 2026
BIZ_045,Green Whisk,Cafe,Kondapur,West,17.446809,78.375949,1,2.6,False,2026-06-01,4.74,4820,153,0.881,0.556,4.0,3.95,4.82,202,38,0.0417,0.433,58.85,0.05,-0.25,1.1545,5.8323,1.6088,0.038882,63.1,2026,6,2,Jun 2026
BIZ_046,Ivory Crumb,Restaurant & Cafe,Alwal,East,17.486463,78.5987,1,1.5,False,2025-01-01,4.29,545,33,0.565,0.535,7.2,4.17,4.8,236,55,0.0279,0.405,22.0,0.0,0.0,1.0543,0.9477,1.0608,0.006318,43.5,2025,1,1,Jan 2025
BIZ_046,Ivory Crumb,Restaurant & Cafe,Alwal,East,17.486463,78.5987,1,1.6,False,2025-02-01,4.27,575,30,0.48,0.555,2.6,4.11,4.53,326,83,0.0334,0.443,18.75,-0.02,-0.0909,1.0455,0.9065,0.9079,0.006044,37.0,2025,2,1,Feb 2025
BIZ_046,Ivory Crumb,Restaurant & Cafe,Alwal,East,17.486463,78.5987,1,1.7,False,2025-03-01,4.23,599,24,0.654,0.478,5.7,3.97,4.38,276,46,0.0563,0.506,14.12,-0.04,-0.2,1.0309,0.7296,1.2508,0.004864,43.2,2025,3,1,Mar 2025
BIZ_046,Ivory Crumb,Restaurant & Cafe,Alwal,East,17.486463,78.5987,1,1.8,False,2025-04-01,4.23,621,22,0.52,0.543,3.2,4.58,4.1,263,73,0.0398,0.452,12.22,0.0,-0.0833,1.0254,0.669,0.9805,0.00446,40.8,2025,4,2,Apr 2025
BIZ_046,Ivory Crumb,Restaurant & Cafe,Alwal,East,17.486463,78.5987,1,1.8,False,2025-05-01,4.27,658,37,0.532,0.39,8.3,3.9,3.91,169,41,0.0717,0.455,20.56,0.04,0.6818,1.0365,1.2934,1.0109,0.008623,47.5,2025,5,2,May 2025
BIZ_046,Ivory Crumb,Restaurant & Cafe,Alwal,East,17.486463,78.5987,1,1.9,False,2025-06-01,4.35,688,30,0.623,0.467,4.5,4.57,4.6,112,33,0.0269,0.485,15.79,0.08,-0.1892,1.0639,1.0735,1.1732,0.007156,43.1,2025,6,2,Jun 2025
BIZ_046,Ivory Crumb,Restaurant & Cafe,Alwal,East,17.486463,78.5987,1,2.0,False,2025-07-01,4.15,711,23,0.638,0.711,3.8,4.48,3.86,219,37,0.0211,0.483,11.5,-0.2,-0.2333,1.0202,0.9499,1.1926,0.006333,38.8,2025,7,3,Jul 2025
BIZ_046,Ivory Crumb,Restaurant & Cafe,Alwal,East,17.486463,78.5987,1,2.1,False,2025-08-01,4.21,729,18,0.501,0.758,3.1,4.21,4.0,203,41,0.0201,0.467,8.57,0.06,-0.2174,1.0425,0.7278,0.9292,0.004852,36.4,2025,8,3,Aug 2025
BIZ_046,Ivory Crumb,Restaurant & Cafe,Alwal,East,17.486463,78.5987,1,2.2,False,2025-09-01,4.14,754,25,0.627,0.39,6.9,3.59,4.38,263,48,0.0244,0.418,11.36,-0.07,0.3889,1.0283,0.8583,1.1739,0.005722,36.8,2025,9,3,Sep 2025
BIZ_046,Ivory Crumb,Restaurant & Cafe,Alwal,East,17.486463,78.5987,1,2.2,False,2025-10-01,4.12,773,19,0.544,0.388,2.7,4.22,4.0,241,61,0.0243,0.495,8.64,-0.02,-0.24,1.0233,0.6532,1.0183,0.004355,36.4,2025,10,4,Oct 2025
BIZ_046,Ivory Crumb,Restaurant & Cafe,Alwal,East,17.486463,78.5987,1,2.3,False,2025-11-01,4.11,791,18,0.759,0.491,3.3,3.96,4.29,191,55,0.0306,0.464,7.83,-0.01,-0.0526,1.0203,0.5775,1.3948,0.00385,40.4,2025,11,4,Nov 2025
BIZ_046,Ivory Crumb,Restaurant & Cafe,Alwal,East,17.486463,78.5987,1,2.4,False,2025-12-01,4.25,813,22,0.524,0.558,9.7,3.6,4.4,296,54,0.0347,0.487,9.17,0.14,0.2222,1.0507,0.6735,0.9676,0.00449,37.8,2025,12,4,Dec 2025
BIZ_046,Ivory Crumb,Restaurant & Cafe,Alwal,East,17.486463,78.5987,1,2.5,False,2026-01-01,3.99,840,27,0.662,0.54,2.9,4.16,4.43,272,70,0.0216,0.457,10.8,-0.26,0.2273,0.9775,0.827,1.2331,0.005514,37.4,2026,1,1,Jan 2026
BIZ_046,Ivory Crumb,Restaurant & Cafe,Alwal,East,17.486463,78.5987,1,2.6,False,2026-02-01,4.25,885,45,0.655,0.366,7.9,4.27,4.61,251,100,0.0224,0.448,17.31,0.26,0.6667,1.0372,1.372,1.226,0.009146,46.6,2026,2,1,Feb 2026
BIZ_046,Ivory Crumb,Restaurant & Cafe,Alwal,East,17.486463,78.5987,1,2.7,False,2026-03-01,4.17,917,32,0.554,0.535,9.1,3.59,4.39,266,56,0.0223,0.514,11.85,-0.08,-0.2889,1.0145,0.9652,0.9958,0.006435,36.0,2026,3,1,Mar 2026
BIZ_046,Ivory Crumb,Restaurant & Cafe,Alwal,East,17.486463,78.5987,1,2.8,False,2026-04-01,4.23,942,25,0.603,0.535,9.1,4.41,4.5,264,53,0.0361,0.338,8.93,0.06,-0.2188,1.0247,0.8731,1.1123,0.005821,44.1,2026,4,2,Apr 2026
BIZ_046,Ivory Crumb,Restaurant & Cafe,Alwal,East,17.486463,78.5987,1,2.8,False,2026-05-01,4.22,963,21,0.565,0.617,4.9,3.91,4.07,225,56,0.0289,0.505,7.5,-0.01,-0.16,1.0256,0.7488,1.0354,0.004992,37.5,2026,5,2,May 2026
BIZ_046,Ivory Crumb,Restaurant & Cafe,Alwal,East,17.486463,78.5987,1,2.9,False,2026-06-01,3.98,997,34,0.591,0.639,4.2,3.16,4.29,281,57,0.0363,0.411,11.72,-0.24,0.619,0.9694,1.2961,1.0792,0.00864,37.8,2026,6,2,Jun 2026
BIZ_047,Grand Roast Hub,Cafe,Miyapur,West,17.435996,78.38327,3,5.6,False,2025-01-01,3.79,5175,93,0.107,0.562,4.6,3.56,3.38,569,136,0.0269,0.52,16.61,0.0,0.0,0.9315,2.6709,0.2009,0.017806,30.2,2025,1,1,Jan 2025
BIZ_047,Grand Roast Hub,Cafe,Miyapur,West,17.435996,78.38327,3,5.7,False,2025-02-01,3.7,5249,74,0.298,0.69,3.3,3.1,3.65,602,105,0.0537,0.42,12.98,-0.09,-0.2043,0.9059,2.2361,0.5637,0.014907,27.3,2025,2,1,Feb 2025
BIZ_047,Grand Roast Hub,Cafe,Miyapur,West,17.435996,78.38327,3,5.8,False,2025-03-01,3.78,5311,62,0.299,0.437,6.4,3.51,3.73,501,94,0.0205,0.438,10.69,0.08,-0.1622,0.9212,1.8849,0.5718,0.012566,27.6,2025,3,1,Mar 2025
BIZ_047,Grand Roast Hub,Cafe,Miyapur,West,17.435996,78.38327,3,5.8,False,2025-04-01,3.85,5400,89,0.192,0.604,6.0,3.52,3.62,453,107,0.0202,0.449,15.34,0.07,0.4355,0.9332,2.7063,0.362,0.018042,27.4,2025,4,2,Apr 2025
BIZ_047,Grand Roast Hub,Cafe,Miyapur,West,17.435996,78.38327,3,5.9,False,2025-05-01,3.67,5500,100,0.304,0.628,5.8,2.77,3.74,437,96,0.0603,0.442,16.95,-0.18,0.1236,0.8908,3.4957,0.5777,0.023305,30.6,2025,5,2,May 2025
BIZ_047,Grand Roast Hub,Cafe,Miyapur,West,17.435996,78.38327,3,6.0,False,2025-06-01,3.78,5563,63,0.238,0.469,4.1,3.28,3.23,324,76,0.0209,0.457,10.5,0.11,-0.37,0.9245,2.2543,0.4482,0.015029,25.3,2025,6,2,Jun 2025
BIZ_047,Grand Roast Hub,Cafe,Miyapur,West,17.435996,78.38327,3,6.1,False,2025-07-01,3.89,5673,110,0.165,0.501,10.6,3.82,3.73,373,112,0.0407,0.448,18.03,0.11,0.746,0.9563,4.543,0.3084,0.030286,35.0,2025,7,3,Jul 2025
BIZ_047,Grand Roast Hub,Cafe,Miyapur,West,17.435996,78.38327,3,6.2,False,2025-08-01,3.61,5739,66,0.259,0.513,8.1,3.44,3.28,353,104,0.0518,0.391,10.65,-0.28,-0.4,0.8939,2.6685,0.4804,0.01779,30.0,2025,8,3,Aug 2025
BIZ_047,Grand Roast Hub,Cafe,Miyapur,West,17.435996,78.38327,3,6.3,False,2025-09-01,3.65,5807,68,0.241,0.69,9.1,3.7,3.48,345,133,0.0597,0.445,10.79,0.04,0.0303,0.9066,2.3346,0.4512,0.015564,30.5,2025,9,3,Sep 2025
BIZ_047,Grand Roast Hub,Cafe,Miyapur,West,17.435996,78.38327,3,6.3,False,2025-10-01,3.59,5885,78,0.258,0.58,8.7,3.15,3.25,644,89,0.0252,0.373,12.38,-0.06,0.1471,0.8916,2.6816,0.483,0.017878,24.9,2025,10,4,Oct 2025
BIZ_047,Grand Roast Hub,Cafe,Miyapur,West,17.435996,78.38327,3,6.4,False,2025-11-01,3.67,5942,57,0.177,0.512,4.6,3.04,3.42,412,82,0.0498,0.48,8.91,0.08,-0.2692,0.9111,1.8289,0.3253,0.012193,26.7,2025,11,4,Nov 2025
BIZ_047,Grand Roast Hub,Cafe,Miyapur,West,17.435996,78.38327,3,6.5,False,2025-12-01,3.83,6045,103,0.192,0.542,2.5,3.59,3.42,592,177,0.028,0.464,15.85,0.16,0.807,0.9468,3.1531,0.3545,0.02102,32.0,2025,12,4,Dec 2025
BIZ_047,Grand Roast Hub,Cafe,Miyapur,West,17.435996,78.38327,3,6.6,False,2026-01-01,3.75,6145,100,0.114,0.434,6.8,4.08,3.69,594,77,0.024,0.368,15.15,-0.08,-0.0291,0.9187,3.0631,0.2123,0.020421,28.5,2026,1,1,Jan 2026
BIZ_047,Grand Roast Hub,Cafe,Miyapur,West,17.435996,78.38327,3,6.7,False,2026-02-01,3.92,6212,67,0.182,0.561,4.0,3.76,3.48,617,127,0.0261,0.374,10.0,0.17,-0.33,0.9567,2.0427,0.3407,0.013618,30.7,2026,2,1,Feb 2026
BIZ_047,Grand Roast Hub,Cafe,Miyapur,West,17.435996,78.38327,3,6.8,False,2026-03-01,3.74,6295,83,0.104,0.634,14.7,3.45,3.38,490,84,0.0242,0.527,12.21,-0.18,0.2388,0.9098,2.5035,0.1869,0.01669,26.9,2026,3,1,Mar 2026
BIZ_047,Grand Roast Hub,Cafe,Miyapur,West,17.435996,78.38327,3,6.8,False,2026-04-01,3.85,6314,19,0.287,0.637,3.9,3.87,3.44,423,135,0.0271,0.391,2.79,0.11,-0.7711,0.9326,0.6636,0.5294,0.004424,28.5,2026,4,2,Apr 2026
BIZ_047,Grand Roast Hub,Cafe,Miyapur,West,17.435996,78.38327,3,6.9,False,2026-05-01,3.8,6384,70,0.076,0.484,7.9,3.41,3.55,590,142,0.0579,0.436,10.14,-0.05,2.6842,0.9236,2.4958,0.1393,0.016639,32.6,2026,5,2,May 2026
BIZ_047,Grand Roast Hub,Cafe,Miyapur,West,17.435996,78.38327,3,7.0,False,2026-06-01,3.8,6425,41,0.138,0.528,5.0,3.98,3.65,486,81,0.0398,0.425,5.86,0.0,-0.4143,0.9255,1.5629,0.252,0.010419,31.7,2026,6,2,Jun 2026
BIZ_048,Jade Drip Lounge,Restaurant & Cafe,Charminar,Old City,17.36819,78.473073,3,4.2,False,2025-01-01,3.68,317,3,0.349,0.616,6.1,3.18,3.01,280,71,0.0253,0.517,0.71,0.0,0.0,0.9044,0.0862,0.6553,0.000574,26.9,2025,1,1,Jan 2025
BIZ_048,Jade Drip Lounge,Restaurant & Cafe,Charminar,Old City,17.36819,78.473073,3,4.3,False,2025-02-01,3.7,323,6,0.341,0.512,4.2,3.64,3.55,321,40,0.0939,0.489,1.4,0.02,1.0,0.9059,0.1813,0.645,0.001209,32.9,2025,2,1,Feb 2025
BIZ_048,Jade Drip Lounge,Restaurant & Cafe,Charminar,Old City,17.36819,78.473073,3,4.4,False,2025-03-01,3.85,327,4,0.488,0.551,2.9,4.17,3.62,171,43,0.0269,0.402,0.91,0.15,-0.3333,0.9383,0.1216,0.9333,0.000811,31.4,2025,3,1,Mar 2025
BIZ_048,Jade Drip Lounge,Restaurant & Cafe,Charminar,Old City,17.36819,78.473073,3,4.5,False,2025-04-01,3.71,332,5,0.335,0.439,11.3,3.88,3.75,276,51,0.0204,0.427,1.11,-0.14,0.25,0.8993,0.152,0.6317,0.001014,26.0,2025,4,2,Apr 2025
BIZ_048,Jade Drip Lounge,Restaurant & Cafe,Charminar,Old City,17.36819,78.473073,3,4.5,False,2025-05-01,3.79,335,3,0.355,0.678,6.4,3.72,3.11,195,72,0.0585,0.369,0.67,0.08,-0.4,0.9199,0.1049,0.6746,0.000699,30.9,2025,5,2,May 2025
BIZ_048,Jade Drip Lounge,Restaurant & Cafe,Charminar,Old City,17.36819,78.473073,3,4.6,False,2025-06-01,3.81,341,6,0.407,0.497,9.4,3.32,3.42,167,44,0.0359,0.393,1.3,0.02,1.0,0.9318,0.2147,0.7665,0.001431,28.9,2025,6,2,Jun 2025
BIZ_048,Jade Drip Lounge,Restaurant & Cafe,Charminar,Old City,17.36819,78.473073,3,4.7,False,2025-07-01,3.85,346,5,0.331,0.54,2.6,3.76,3.92,245,74,0.0724,0.437,1.06,0.04,-0.1667,0.9465,0.2065,0.6187,0.001377,32.8,2025,7,3,Jul 2025
BIZ_048,Jade Drip Lounge,Restaurant & Cafe,Charminar,Old City,17.36819,78.473073,3,4.8,False,2025-08-01,3.78,350,4,0.256,0.57,2.9,3.29,3.58,212,22,0.0637,0.528,0.83,-0.07,-0.2,0.936,0.1617,0.4748,0.001078,30.1,2025,8,3,Aug 2025
BIZ_048,Jade Drip Lounge,Restaurant & Cafe,Charminar,Old City,17.36819,78.473073,3,4.9,False,2025-09-01,3.76,357,7,0.261,0.72,3.0,3.56,3.4,180,28,0.0848,0.408,1.43,-0.02,0.75,0.9339,0.2403,0.4886,0.001602,32.9,2025,9,3,Sep 2025
BIZ_048,Jade Drip Lounge,Restaurant & Cafe,Charminar,Old City,17.36819,78.473073,3,5.0,False,2025-10-01,3.63,365,8,0.417,0.675,3.4,3.3,3.63,168,31,0.0558,0.432,1.6,-0.13,0.1429,0.9016,0.275,0.7806,0.001834,30.5,2025,10,4,Oct 2025
BIZ_048,Jade Drip Lounge,Restaurant & Cafe,Charminar,Old City,17.36819,78.473073,3,5.0,False,2025-11-01,3.7,372,7,0.566,0.667,1.4,3.41,3.16,315,53,0.026,0.454,1.4,0.07,-0.125,0.9185,0.2246,1.0401,0.001497,29.0,2025,11,4,Nov 2025
BIZ_048,Jade Drip Lounge,Restaurant & Cafe,Charminar,Old City,17.36819,78.473073,3,5.1,False,2025-12-01,3.81,378,6,0.479,0.452,3.1,3.22,3.24,332,33,0.0236,0.454,1.18,0.11,-0.1429,0.9419,0.1837,0.8845,0.001224,27.5,2025,12,4,Dec 2025
BIZ_048,Jade Drip Lounge,Restaurant & Cafe,Charminar,Old City,17.36819,78.473073,3,5.2,False,2026-01-01,3.8,387,9,0.419,0.443,18.9,3.87,3.64,291,61,0.0489,0.412,1.73,-0.01,0.5,0.931,0.2757,0.7805,0.001838,34.9,2026,1,1,Jan 2026
BIZ_048,Jade Drip Lounge,Restaurant & Cafe,Charminar,Old City,17.36819,78.473073,3,5.3,False,2026-02-01,3.93,390,3,0.388,0.4,8.2,3.39,3.58,273,49,0.0253,0.446,0.57,0.13,-0.6667,0.9591,0.0915,0.7263,0.00061,28.3,2026,2,1,Feb 2026
BIZ_048,Jade Drip Lounge,Restaurant & Cafe,Charminar,Old City,17.36819,78.473073,3,5.4,False,2026-03-01,3.71,395,5,0.431,0.4,13.7,3.0,3.46,332,33,0.0629,0.456,0.93,-0.22,0.6667,0.9025,0.1508,0.7747,0.001005,34.3,2026,3,1,Mar 2026
BIZ_048,Jade Drip Lounge,Restaurant & Cafe,Charminar,Old City,17.36819,78.473073,3,5.5,False,2026-04-01,3.8,400,5,0.407,0.513,8.6,3.7,3.72,274,63,0.0608,0.407,0.91,0.09,0.0,0.9205,0.1746,0.7507,0.001164,36.0,2026,4,2,Apr 2026
BIZ_048,Jade Drip Lounge,Restaurant & Cafe,Charminar,Old City,17.36819,78.473073,3,5.5,False,2026-05-01,3.91,404,4,0.509,0.449,5.3,3.67,3.8,110,53,0.0489,0.493,0.73,0.11,-0.2,0.9503,0.1426,0.9327,0.000951,34.4,2026,5,2,May 2026
BIZ_048,Jade Drip Lounge,Restaurant & Cafe,Charminar,Old City,17.36819,78.473073,3,5.6,False,2026-06-01,3.76,409,5,0.534,0.659,3.2,3.61,3.63,236,39,0.0298,0.497,0.89,-0.15,0.25,0.9158,0.1906,0.9752,0.001271,32.1,2026,6,2,Jun 2026
BIZ_049,Grand Pour Kitchen,Cafe,Banjara Hills,Central,17.41614,78.437213,4,6.6,False,2025-01-01,4.45,2335,30,0.645,0.484,3.4,4.48,4.35,366,104,0.0571,0.455,4.55,0.0,0.0,1.0937,0.8616,1.211,0.005744,51.2,2025,1,1,Jan 2025
BIZ_049,Grand Pour Kitchen,Cafe,Banjara Hills,Central,17.41614,78.437213,4,6.7,False,2025-02-01,4.33,2370,35,0.659,0.454,5.9,3.99,3.92,325,52,0.0312,0.492,5.22,-0.12,0.1667,1.0602,1.0576,1.2465,0.007051,41.1,2025,2,1,Feb 2025
BIZ_049,Grand Pour Kitchen,Cafe,Banjara Hills,Central,17.41614,78.437213,4,6.8,False,2025-03-01,4.53,2402,32,0.739,0.535,6.2,4.0,4.32,357,55,0.0237,0.452,4.71,0.2,-0.0857,1.104,0.9728,1.4134,0.006486,45.5,2025,3,1,Mar 2025
BIZ_049,Grand Pour Kitchen,Cafe,Banjara Hills,Central,17.41614,78.437213,4,6.8,False,2025-04-01,4.34,2423,21,0.875,0.676,2.8,4.34,3.65,352,59,0.0281,0.464,3.09,-0.19,-0.3438,1.052,0.6386,1.6499,0.004257,45.2,2025,4,2,Apr 2025
BIZ_049,Grand Pour Kitchen,Cafe,Banjara Hills,Central,17.41614,78.437213,4,6.9,False,2025-05-01,4.67,2435,12,0.958,0.52,6.2,4.29,3.88,225,44,0.059,0.527,1.74,0.33,-0.4286,1.1336,0.4195,1.8204,0.002797,56.3,2025,5,2,May 2025
BIZ_049,Grand Pour Kitchen,Cafe,Banjara Hills,Central,17.41614,78.437213,4,7.0,False,2025-06-01,4.46,2455,20,0.833,0.45,6.5,4.21,4.26,152,33,0.0323,0.437,2.86,-0.21,0.6667,1.0908,0.7156,1.5687,0.004771,47.6,2025,6,2,Jun 2025
BIZ_049,Grand Pour Kitchen,Cafe,Banjara Hills,Central,17.41614,78.437213,4,7.1,False,2025-07-01,4.31,2483,28,0.809,0.503,2.2,4.04,3.99,278,75,0.0361,0.498,3.94,-0.15,0.4,1.0595,1.1564,1.5122,0.007709,44.7,2025,7,3,Jul 2025
BIZ_049,Grand Pour Kitchen,Cafe,Banjara Hills,Central,17.41614,78.437213,4,7.2,False,2025-08-01,4.23,2503,20,0.828,0.491,11.0,4.2,3.65,241,33,0.0213,0.53,2.78,-0.08,-0.2857,1.0474,0.8086,1.5357,0.005391,42.4,2025,8,3,Aug 2025
BIZ_049,Grand Pour Kitchen,Cafe,Banjara Hills,Central,17.41614,78.437213,4,7.3,False,2025-09-01,4.24,2511,8,0.884,0.387,5.6,4.22,3.83,250,52,0.0206,0.474,1.1,0.01,-0.6,1.0532,0.2747,1.655,0.001831,42.3,2025,9,3,Sep 2025
BIZ_049,Grand Pour Kitchen,Cafe,Banjara Hills,Central,17.41614,78.437213,4,7.3,False,2025-10-01,4.43,2553,42,0.806,0.514,2.1,4.23,4.04,310,43,0.027,0.433,5.75,0.19,4.25,1.1003,1.444,1.5088,0.009626,55.2,2025,10,4,Oct 2025
BIZ_049,Grand Pour Kitchen,Cafe,Banjara Hills,Central,17.41614,78.437213,4,7.4,False,2025-11-01,4.31,2591,38,0.783,0.521,9.3,4.5,3.38,288,35,0.0335,0.547,5.14,-0.12,-0.0952,1.0699,1.2193,1.4389,0.008128,46.4,2025,11,4,Nov 2025
BIZ_049,Grand Pour Kitchen,Cafe,Banjara Hills,Central,17.41614,78.437213,4,7.5,False,2025-12-01,4.31,2620,29,0.684,0.63,5.1,3.86,3.81,288,60,0.0223,0.456,3.87,0.0,-0.2368,1.0655,0.8878,1.2631,0.005918,39.9,2025,12,4,Dec 2025
BIZ_049,Grand Pour Kitchen,Cafe,Banjara Hills,Central,17.41614,78.437213,4,7.6,False,2026-01-01,4.41,2653,33,0.763,0.615,3.8,3.91,4.57,312,20,0.0208,0.464,4.34,0.1,0.1379,1.0804,1.0108,1.4212,0.006739,43.2,2026,1,1,Jan 2026
BIZ_049,Grand Pour Kitchen,Cafe,Banjara Hills,Central,17.41614,78.437213,4,7.7,False,2026-02-01,4.43,2689,36,0.738,0.626,5.9,4.13,4.43,396,77,0.0344,0.581,4.68,0.02,0.0909,1.0812,1.0976,1.3814,0.007317,48.6,2026,2,1,Feb 2026
BIZ_049,Grand Pour Kitchen,Cafe,Banjara Hills,Central,17.41614,78.437213,4,7.8,False,2026-03-01,4.42,2737,48,0.88,0.683,6.4,4.21,4.58,266,90,0.0255,0.491,6.15,-0.01,0.3333,1.0753,1.4478,1.5817,0.009652,49.2,2026,3,1,Mar 2026
BIZ_049,Grand Pour Kitchen,Cafe,Banjara Hills,Central,17.41614,78.437213,4,7.8,False,2026-04-01,4.46,2755,18,0.69,0.459,9.2,4.74,3.99,333,53,0.0317,0.5,2.31,0.04,-0.625,1.0804,0.6286,1.2728,0.004191,46.8,2026,4,2,Apr 2026
BIZ_049,Grand Pour Kitchen,Cafe,Banjara Hills,Central,17.41614,78.437213,4,7.9,False,2026-05-01,4.42,2780,25,0.839,0.328,12.0,4.19,4.27,275,48,0.0579,0.474,3.16,-0.04,0.3889,1.0742,0.8914,1.5375,0.005942,51.1,2026,5,2,May 2026
BIZ_049,Grand Pour Kitchen,Cafe,Banjara Hills,Central,17.41614,78.437213,4,8.0,False,2026-06-01,4.53,2800,20,0.872,0.562,5.4,4.61,3.96,207,47,0.0312,0.493,2.5,0.11,-0.2,1.1033,0.7624,1.5924,0.005083,51.0,2026,6,2,Jun 2026
BIZ_050,Crimson Cup Coffee,Cafe,Hitech City,West,17.435406,78.398535,2,6.0,False,2025-01-01,4.21,400,7,0.597,0.185,8.9,4.04,3.97,267,77,0.0302,0.445,1.17,0.0,0.0,1.0347,0.201,1.1209,0.00134,41.5,2025,1,1,Jan 2025
BIZ_050,Crimson Cup Coffee,Cafe,Hitech City,West,17.435406,78.398535,2,6.1,False,2025-02-01,4.32,405,5,0.613,0.674,5.1,3.95,4.25,364,52,0.025,0.438,0.82,0.11,-0.2857,1.0578,0.1511,1.1595,0.001007,36.6,2025,2,1,Feb 2025
BIZ_050,Crimson Cup Coffee,Cafe,Hitech City,West,17.435406,78.398535,2,6.2,False,2025-03-01,4.35,409,4,0.451,0.554,5.1,4.36,4.57,250,58,0.061,0.444,0.65,0.03,-0.2,1.0602,0.1216,0.8626,0.000811,41.7,2025,3,1,Mar 2025
BIZ_050,Crimson Cup Coffee,Cafe,Hitech City,West,17.435406,78.398535,2,6.2,False,2025-04-01,4.3,416,7,0.652,0.502,4.2,3.84,4.47,239,44,0.0257,0.429,1.13,-0.05,0.75,1.0423,0.2129,1.2294,0.001419,40.2,2025,4,2,Apr 2025
BIZ_050,Crimson Cup Coffee,Cafe,Hitech City,West,17.435406,78.398535,2,6.3,False,2025-05-01,4.26,418,2,0.619,0.484,7.4,3.96,4.25,196,45,0.0961,0.461,0.32,-0.04,-0.7143,1.034,0.0699,1.1763,0.000466,49.3,2025,5,2,May 2025
BIZ_050,Crimson Cup Coffee,Cafe,Hitech City,West,17.435406,78.398535,2,6.4,False,2025-06-01,4.4,423,5,0.5,0.459,8.2,4.59,4.47,251,52,0.0623,0.456,0.78,0.14,1.5,1.0761,0.1789,0.9416,0.001193,47.1,2025,6,2,Jun 2025
BIZ_050,Crimson Cup Coffee,Cafe,Hitech City,West,17.435406,78.398535,2,6.5,False,2025-07-01,4.31,429,6,0.597,0.433,4.1,4.33,4.07,222,37,0.0436,0.422,0.92,-0.09,0.2,1.0595,0.2478,1.1159,0.001652,41.6,2025,7,3,Jul 2025
BIZ_050,Crimson Cup Coffee,Cafe,Hitech City,West,17.435406,78.398535,2,6.6,False,2025-08-01,4.16,435,6,0.63,0.538,6.9,3.95,4.29,200,47,0.0301,0.417,0.91,-0.15,0.0,1.0301,0.2426,1.1685,0.001617,38.3,2025,8,3,Aug 2025
BIZ_050,Crimson Cup Coffee,Cafe,Hitech City,West,17.435406,78.398535,2,6.7,False,2025-09-01,4.13,440,5,0.564,0.563,2.9,3.67,3.91,339,43,0.0226,0.436,0.75,-0.03,-0.1667,1.0258,0.1717,1.0559,0.001144,34.4,2025,9,3,Sep 2025
BIZ_050,Crimson Cup Coffee,Cafe,Hitech City,West,17.435406,78.398535,2,6.8,False,2025-10-01,4.14,445,5,0.62,0.386,9.0,3.7,4.14,248,42,0.0302,0.484,0.74,0.01,0.0,1.0282,0.1719,1.1606,0.001146,36.9,2025,10,4,Oct 2025
BIZ_050,Crimson Cup Coffee,Cafe,Hitech City,West,17.435406,78.398535,2,6.8,False,2025-11-01,4.14,451,6,0.609,0.516,10.6,3.76,4.23,178,55,0.0235,0.411,0.88,0.0,0.2,1.0277,0.1925,1.1191,0.001283,36.1,2025,11,4,Nov 2025
BIZ_050,Crimson Cup Coffee,Cafe,Hitech City,West,17.435406,78.398535,2,6.9,False,2025-12-01,4.2,456,5,0.755,0.413,6.9,4.08,3.94,316,50,0.0215,0.467,0.72,0.06,-0.1667,1.0383,0.1531,1.3942,0.00102,39.3,2025,12,4,Dec 2025
BIZ_050,Crimson Cup Coffee,Cafe,Hitech City,West,17.435406,78.398535,2,7.0,False,2026-01-01,4.33,459,3,0.55,0.425,3.7,4.23,4.47,340,66,0.0259,0.426,0.43,0.13,-0.4,1.0608,0.0919,1.0245,0.000613,37.7,2026,1,1,Jan 2026
BIZ_050,Crimson Cup Coffee,Cafe,Hitech City,West,17.435406,78.398535,2,7.1,False,2026-02-01,4.44,464,5,0.704,0.614,5.7,4.04,4.41,174,59,0.0423,0.462,0.7,0.11,0.6667,1.0836,0.1524,1.3177,0.001016,49.5,2026,2,1,Feb 2026
BIZ_050,Crimson Cup Coffee,Cafe,Hitech City,West,17.435406,78.398535,2,7.2,False,2026-03-01,4.33,473,9,0.593,0.502,4.6,4.2,4.48,323,65,0.0566,0.482,1.25,-0.11,0.8,1.0534,0.2715,1.0659,0.00181,48.4,2026,3,1,Mar 2026
BIZ_050,Crimson Cup Coffee,Cafe,Hitech City,West,17.435406,78.398535,2,7.2,False,2026-04-01,4.27,481,8,0.676,0.433,7.2,4.3,4.12,304,55,0.0345,0.498,1.11,-0.06,-0.1111,1.0343,0.2794,1.2469,0.001863,44.2,2026,4,2,Apr 2026
BIZ_050,Crimson Cup Coffee,Cafe,Hitech City,West,17.435406,78.398535,2,7.3,False,2026-05-01,4.26,486,5,0.613,0.554,3.1,4.04,4.51,269,55,0.0467,0.459,0.68,-0.01,-0.375,1.0354,0.1783,1.1233,0.001188,41.2,2026,5,2,May 2026
BIZ_050,Crimson Cup Coffee,Cafe,Hitech City,West,17.435406,78.398535,2,7.4,False,2026-06-01,4.32,489,3,0.617,0.399,5.7,4.22,4.61,257,39,0.0215,0.466,0.41,0.06,-0.4,1.0522,0.1144,1.1267,0.000762,39.6,2026,6,2,Jun 2026
BIZ_051,Amber Grind House,Restaurant & Cafe,Tolichowki,South,17.395347,78.448942,3,2.8,False,2025-01-01,4.82,245,7,0.85,0.447,4.3,4.95,4.0,264,60,0.0303,0.418,2.5,0.0,0.0,1.1846,0.201,1.5959,0.00134,56.6,2025,1,1,Jan 2025
BIZ_051,Amber Grind House,Restaurant & Cafe,Tolichowki,South,17.395347,78.448942,3,2.9,False,2025-02-01,4.83,254,9,0.745,0.59,8.0,4.67,5.0,293,35,0.049,0.493,3.1,0.01,0.2857,1.1826,0.272,1.4092,0.001813,52.3,2025,2,1,Feb 2025
BIZ_051,Amber Grind House,Restaurant & Cafe,Tolichowki,South,17.395347,78.448942,3,3.0,False,2025-03-01,4.76,262,8,0.777,0.491,5.3,4.41,4.73,237,48,0.0222,0.493,2.67,-0.07,-0.1111,1.1601,0.2432,1.486,0.001621,48.9,2025,3,1,Mar 2025
BIZ_051,Amber Grind House,Restaurant & Cafe,Tolichowki,South,17.395347,78.448942,3,3.0,False,2025-04-01,4.69,268,6,0.792,0.492,10.0,4.48,4.7,322,41,0.0215,0.498,2.0,-0.07,-0.25,1.1369,0.1824,1.4934,0.001216,47.5,2025,4,2,Apr 2025
BIZ_051,Amber Grind House,Restaurant & Cafe,Tolichowki,South,17.395347,78.448942,3,3.1,False,2025-05-01,4.68,277,9,0.881,0.494,8.4,4.49,5.0,220,51,0.0496,0.443,2.9,-0.01,0.5,1.136,0.3146,1.6741,0.002097,55.8,2025,5,2,May 2025
BIZ_051,Amber Grind House,Restaurant & Cafe,Tolichowki,South,17.395347,78.448942,3,3.2,False,2025-06-01,4.66,281,4,0.955,0.396,4.9,3.93,4.56,281,38,0.0638,0.507,1.25,-0.02,-0.5556,1.1397,0.1431,1.7984,0.000954,53.1,2025,6,2,Jun 2025
BIZ_051,Amber Grind House,Restaurant & Cafe,Tolichowki,South,17.395347,78.448942,3,3.3,False,2025-07-01,4.57,285,4,0.972,0.58,1.5,4.48,4.11,182,39,0.0243,0.426,1.21,-0.09,0.0,1.1235,0.1652,1.8169,0.001101,48.7,2025,7,3,Jul 2025
BIZ_051,Amber Grind House,Restaurant & Cafe,Tolichowki,South,17.395347,78.448942,3,3.4,False,2025-08-01,4.79,293,8,1.0,0.568,4.2,4.99,4.58,228,42,0.0494,0.486,2.35,0.22,1.0,1.1861,0.3235,1.8548,0.002156,60.3,2025,8,3,Aug 2025
BIZ_051,Amber Grind House,Restaurant & Cafe,Tolichowki,South,17.395347,78.448942,3,3.5,False,2025-09-01,4.69,303,10,0.888,0.618,3.5,4.56,4.13,206,30,0.0736,0.504,2.86,-0.1,0.25,1.1649,0.3433,1.6625,0.002289,55.9,2025,9,3,Sep 2025
BIZ_051,Amber Grind House,Restaurant & Cafe,Tolichowki,South,17.395347,78.448942,3,3.5,False,2025-10-01,4.56,308,5,0.924,0.582,2.0,4.51,4.22,240,29,0.0475,0.514,1.43,-0.13,-0.5,1.1326,0.1719,1.7296,0.001146,52.1,2025,10,4,Oct 2025
BIZ_051,Amber Grind House,Restaurant & Cafe,Tolichowki,South,17.395347,78.448942,3,3.6,False,2025-11-01,4.65,312,4,0.762,0.563,12.3,4.54,4.6,223,68,0.0272,0.45,1.11,0.09,-0.2,1.1543,0.1283,1.4003,0.000856,47.2,2025,11,4,Nov 2025
BIZ_051,Amber Grind House,Restaurant & Cafe,Tolichowki,South,17.395347,78.448942,3,3.7,False,2025-12-01,4.74,316,4,0.945,0.55,9.5,4.59,4.2,234,38,0.0287,0.488,1.08,0.09,0.0,1.1718,0.1224,1.745,0.000816,51.8,2025,12,4,Dec 2025
BIZ_051,Amber Grind House,Restaurant & Cafe,Tolichowki,South,17.395347,78.448942,3,3.8,False,2026-01-01,4.67,327,11,0.814,0.652,2.6,4.74,4.74,303,45,0.0266,0.481,2.89,-0.07,1.75,1.1441,0.3369,1.5162,0.002246,55.1,2026,1,1,Jan 2026
BIZ_051,Amber Grind House,Restaurant & Cafe,Tolichowki,South,17.395347,78.448942,3,3.9,False,2026-02-01,4.67,332,5,0.723,0.41,11.5,4.35,4.43,315,83,0.0286,0.502,1.28,0.0,-0.5455,1.1397,0.1524,1.3533,0.001016,47.2,2026,2,1,Feb 2026
BIZ_051,Amber Grind House,Restaurant & Cafe,Tolichowki,South,17.395347,78.448942,3,4.0,False,2026-03-01,4.87,342,10,0.677,0.656,8.3,4.45,4.56,289,38,0.0613,0.426,2.5,0.2,1.0,1.1847,0.3016,1.2169,0.002011,58.5,2026,3,1,Mar 2026
BIZ_051,Amber Grind House,Restaurant & Cafe,Tolichowki,South,17.395347,78.448942,3,4.0,False,2026-04-01,4.7,350,8,0.969,0.54,8.6,4.39,4.55,81,43,0.0274,0.479,2.0,-0.17,-0.2,1.1385,0.2794,1.7874,0.001863,53.3,2026,4,2,Apr 2026
BIZ_051,Amber Grind House,Restaurant & Cafe,Tolichowki,South,17.395347,78.448942,3,4.1,False,2026-05-01,4.73,359,9,0.881,0.477,8.7,4.3,4.57,210,42,0.0276,0.468,2.2,0.03,0.125,1.1496,0.3209,1.6144,0.002139,49.8,2026,5,2,May 2026
BIZ_051,Amber Grind House,Restaurant & Cafe,Tolichowki,South,17.395347,78.448942,3,4.2,False,2026-06-01,4.77,361,2,1.0,0.562,5.1,4.84,4.2,184,41,0.0334,0.524,0.48,0.04,-0.7778,1.1618,0.0762,1.8261,0.000508,54.7,2026,6,2,Jun 2026
BIZ_052,Silver Sip,Restaurant & Cafe,Ameerpet,Central,17.426243,78.467619,4,5.7,False,2025-01-01,3.89,606,11,0.562,0.466,17.4,3.61,3.73,263,47,0.0334,0.486,1.93,0.0,0.0,0.956,0.3159,1.0552,0.002106,36.2,2025,1,1,Jan 2025
BIZ_052,Silver Sip,Restaurant & Cafe,Ameerpet,Central,17.426243,78.467619,4,5.8,False,2025-02-01,3.67,622,16,0.644,0.502,5.8,3.56,3.12,292,47,0.0728,0.447,2.76,-0.22,0.4545,0.8986,0.4835,1.2181,0.003223,35.0,2025,2,1,Feb 2025
BIZ_052,Silver Sip,Restaurant & Cafe,Ameerpet,Central,17.426243,78.467619,4,5.9,False,2025-03-01,3.76,632,10,0.485,0.682,3.6,3.43,3.75,265,71,0.0551,0.454,1.69,0.09,-0.375,0.9164,0.304,0.9276,0.002027,30.8,2025,3,1,Mar 2025
BIZ_052,Silver Sip,Restaurant & Cafe,Ameerpet,Central,17.426243,78.467619,4,6.0,False,2025-04-01,3.91,643,11,0.505,0.657,4.3,3.45,3.68,234,59,0.0339,0.382,1.83,0.15,0.1,0.9478,0.3345,0.9522,0.00223,30.9,2025,4,2,Apr 2025
BIZ_052,Silver Sip,Restaurant & Cafe,Ameerpet,Central,17.426243,78.467619,4,6.0,False,2025-05-01,3.89,648,5,0.485,0.472,4.6,4.12,3.47,277,48,0.0402,0.498,0.83,-0.02,-0.5455,0.9442,0.1748,0.9216,0.001165,32.7,2025,5,2,May 2025
BIZ_052,Silver Sip,Restaurant & Cafe,Ameerpet,Central,17.426243,78.467619,4,6.1,False,2025-06-01,3.99,660,12,0.488,0.513,9.1,4.0,3.79,311,43,0.0234,0.41,1.97,0.1,1.4,0.9759,0.4294,0.919,0.002863,34.3,2025,6,2,Jun 2025
BIZ_052,Silver Sip,Restaurant & Cafe,Ameerpet,Central,17.426243,78.467619,4,6.2,False,2025-07-01,3.89,667,7,0.422,0.435,7.8,3.53,3.35,174,31,0.0301,0.404,1.13,-0.1,-0.4167,0.9563,0.2891,0.7888,0.001927,27.6,2025,7,3,Jul 2025
BIZ_052,Silver Sip,Restaurant & Cafe,Ameerpet,Central,17.426243,78.467619,4,6.3,False,2025-08-01,4.0,676,9,0.604,0.646,11.6,3.27,3.29,177,36,0.0315,0.404,1.43,0.11,0.2857,0.9905,0.3639,1.1203,0.002426,34.1,2025,8,3,Aug 2025
BIZ_052,Silver Sip,Restaurant & Cafe,Ameerpet,Central,17.426243,78.467619,4,6.4,False,2025-09-01,3.74,684,8,0.572,0.332,5.8,3.45,3.27,166,41,0.029,0.437,1.25,-0.26,-0.1111,0.929,0.2747,1.0709,0.001831,30.1,2025,9,3,Sep 2025
BIZ_052,Silver Sip,Restaurant & Cafe,Ameerpet,Central,17.426243,78.467619,4,6.5,False,2025-10-01,3.74,690,6,0.427,0.513,3.7,3.81,3.44,246,38,0.1107,0.464,0.92,0.0,-0.25,0.9289,0.2063,0.7993,0.001375,42.0,2025,10,4,Oct 2025
BIZ_052,Silver Sip,Restaurant & Cafe,Ameerpet,Central,17.426243,78.467619,4,6.5,False,2025-11-01,3.86,701,11,0.597,0.609,5.0,3.76,3.54,208,69,0.0207,0.45,1.69,0.12,0.8333,0.9582,0.3529,1.0971,0.002353,33.4,2025,11,4,Nov 2025
BIZ_052,Silver Sip,Restaurant & Cafe,Ameerpet,Central,17.426243,78.467619,4,6.6,False,2025-12-01,3.91,708,7,0.498,0.563,6.2,3.86,3.78,211,41,0.0202,0.447,1.06,0.05,-0.3636,0.9666,0.2143,0.9196,0.001429,30.7,2025,12,4,Dec 2025
BIZ_052,Silver Sip,Restaurant & Cafe,Ameerpet,Central,17.426243,78.467619,4,6.7,False,2026-01-01,4.06,720,12,0.562,0.459,5.8,3.91,4.03,348,64,0.0315,0.512,1.79,0.15,0.7143,0.9947,0.3676,1.0468,0.00245,37.9,2026,1,1,Jan 2026
BIZ_052,Silver Sip,Restaurant & Cafe,Ameerpet,Central,17.426243,78.467619,4,6.8,False,2026-02-01,3.92,726,6,0.58,0.684,8.7,3.95,3.88,285,65,0.0423,0.431,0.88,-0.14,-0.5,0.9567,0.1829,1.0856,0.00122,36.7,2026,2,1,Feb 2026
BIZ_052,Silver Sip,Restaurant & Cafe,Ameerpet,Central,17.426243,78.467619,4,6.9,False,2026-03-01,3.86,737,11,0.617,0.534,4.1,4.06,3.24,367,42,0.0283,0.405,1.59,-0.06,0.8333,0.939,0.3318,1.109,0.002212,38.0,2026,3,1,Mar 2026
BIZ_052,Silver Sip,Restaurant & Cafe,Ameerpet,Central,17.426243,78.467619,4,7.0,False,2026-04-01,3.79,746,9,0.518,0.418,2.8,3.59,3.63,279,50,0.0636,0.438,1.29,-0.07,-0.1818,0.9181,0.3143,0.9555,0.002095,37.5,2026,4,2,Apr 2026
BIZ_052,Silver Sip,Restaurant & Cafe,Ameerpet,Central,17.426243,78.467619,4,7.0,False,2026-05-01,3.83,753,7,0.564,0.41,5.1,3.72,3.29,194,57,0.0208,0.473,1.0,0.04,-0.2222,0.9308,0.2496,1.0335,0.001664,30.1,2026,5,2,May 2026
BIZ_052,Silver Sip,Restaurant & Cafe,Ameerpet,Central,17.426243,78.467619,4,7.1,False,2026-06-01,3.89,756,3,0.574,0.581,1.5,3.44,3.32,223,31,0.0203,0.407,0.42,0.06,-0.5714,0.9474,0.1144,1.0482,0.000762,30.2,2026,6,2,Jun 2026
BIZ_053,Modern Blend,Cafe,Miyapur,West,17.445397,78.364636,3,17.7,False,2025-01-01,4.58,101,6,0.725,0.507,8.1,4.44,4.29,356,49,0.0318,0.445,0.34,0.0,0.0,1.1256,0.1723,1.3612,0.001149,49.7,2025,1,1,Jan 2025
BIZ_053,Modern Blend,Cafe,Miyapur,West,17.445397,78.364636,3,17.8,False,2025-02-01,4.4,107,6,0.77,0.592,3.6,4.19,4.08,267,69,0.0314,0.507,0.34,-0.18,0.0,1.0773,0.1813,1.4565,0.001209,42.8,2025,2,1,Feb 2025
BIZ_053,Modern Blend,Cafe,Miyapur,West,17.445397,78.364636,3,17.9,False,2025-03-01,4.6,111,4,0.767,0.618,2.7,4.39,4.08,298,53,0.0314,0.464,0.22,0.2,-0.3333,1.1211,0.1216,1.4669,0.000811,46.8,2025,3,1,Mar 2025
BIZ_053,Modern Blend,Cafe,Miyapur,West,17.445397,78.364636,3,17.9,False,2025-04-01,4.62,112,1,0.737,0.421,3.5,4.36,4.74,268,50,0.0212,0.554,0.06,0.02,-0.75,1.1199,0.0304,1.3897,0.000203,43.8,2025,4,2,Apr 2025
BIZ_053,Modern Blend,Cafe,Miyapur,West,17.445397,78.364636,3,18.0,False,2025-05-01,4.58,117,5,0.652,0.641,3.9,4.02,4.08,169,51,0.0267,0.386,0.28,-0.04,4.0,1.1117,0.1748,1.239,0.001165,50.5,2025,5,2,May 2025
BIZ_053,Modern Blend,Cafe,Miyapur,West,17.445397,78.364636,3,18.1,False,2025-06-01,4.48,125,8,0.781,0.78,5.7,4.06,4.19,246,50,0.0259,0.475,0.44,-0.1,0.6,1.0957,0.2863,1.4708,0.001908,44.5,2025,6,2,Jun 2025
BIZ_053,Modern Blend,Cafe,Miyapur,West,17.445397,78.364636,3,18.2,False,2025-07-01,4.33,132,7,0.763,0.583,3.5,4.08,4.45,225,48,0.0306,0.536,0.38,-0.15,-0.125,1.0645,0.2891,1.4262,0.001927,41.5,2025,7,3,Jul 2025
BIZ_053,Modern Blend,Cafe,Miyapur,West,17.445397,78.364636,3,18.3,False,2025-08-01,4.53,134,2,0.626,0.59,4.0,4.21,4.21,187,43,0.0324,0.548,0.11,0.2,-0.7143,1.1217,0.0809,1.1611,0.000539,42.7,2025,8,3,Aug 2025
BIZ_053,Modern Blend,Cafe,Miyapur,West,17.445397,78.364636,3,18.4,False,2025-09-01,4.47,139,5,0.621,0.612,4.0,4.03,4.97,213,43,0.0263,0.505,0.27,-0.06,1.5,1.1103,0.1717,1.1626,0.001144,42.7,2025,9,3,Sep 2025
BIZ_053,Modern Blend,Cafe,Miyapur,West,17.445397,78.364636,3,18.4,False,2025-10-01,4.53,144,5,0.815,0.775,4.1,4.66,4.24,309,65,0.0354,0.461,0.27,0.06,0.0,1.1251,0.1719,1.5256,0.001146,49.3,2025,10,4,Oct 2025
BIZ_053,Modern Blend,Cafe,Miyapur,West,17.445397,78.364636,3,18.5,False,2025-11-01,4.54,151,7,0.665,0.689,4.3,3.97,3.98,264,68,0.0345,0.416,0.38,0.01,0.4,1.127,0.2246,1.222,0.001497,44.5,2025,11,4,Nov 2025
BIZ_053,Modern Blend,Cafe,Miyapur,West,17.445397,78.364636,3,18.6,False,2025-12-01,4.44,155,4,0.733,0.618,5.9,4.42,4.01,221,62,0.0264,0.56,0.22,-0.1,-0.4286,1.0977,0.1224,1.3536,0.000816,43.4,2025,12,4,Dec 2025
BIZ_053,Modern Blend,Cafe,Miyapur,West,17.445397,78.364636,3,18.7,False,2026-01-01,4.48,161,6,0.876,0.664,6.7,4.67,4.41,326,52,0.0391,0.486,0.32,0.04,0.5,1.0976,0.1838,1.6317,0.001225,52.6,2026,1,1,Jan 2026
BIZ_053,Modern Blend,Cafe,Miyapur,West,17.445397,78.364636,3,18.8,False,2026-02-01,4.67,166,5,0.578,0.734,2.5,4.85,4.45,341,73,0.0249,0.445,0.27,0.19,-0.1667,1.1397,0.1524,1.0819,0.001016,47.5,2026,2,1,Feb 2026
BIZ_053,Modern Blend,Cafe,Miyapur,West,17.445397,78.364636,3,18.9,False,2026-03-01,4.67,169,3,0.701,0.473,6.4,5.0,4.65,267,16,0.0617,0.486,0.16,0.0,-0.4,1.1361,0.0905,1.26,0.000603,54.8,2026,3,1,Mar 2026
BIZ_053,Modern Blend,Cafe,Miyapur,West,17.445397,78.364636,3,18.9,False,2026-04-01,4.57,174,5,0.634,0.688,3.8,4.25,4.38,220,54,0.0512,0.453,0.26,-0.1,0.6667,1.107,0.1746,1.1695,0.001164,51.9,2026,4,2,Apr 2026
BIZ_053,Modern Blend,Cafe,Miyapur,West,17.445397,78.364636,3,19.0,False,2026-05-01,4.51,180,6,0.649,0.641,3.6,3.98,4.44,193,40,0.0297,0.505,0.32,-0.06,0.2,1.0961,0.2139,1.1893,0.001426,42.3,2026,5,2,May 2026
BIZ_053,Modern Blend,Cafe,Miyapur,West,17.445397,78.364636,3,19.1,False,2026-06-01,4.48,187,7,0.782,0.59,7.8,3.79,4.91,188,41,0.036,0.494,0.37,-0.03,0.1667,1.0911,0.2668,1.428,0.001779,46.2,2026,6,2,Jun 2026
BIZ_054,Royal Swirl,Coffee Shop,Rajendranagar,South,17.379017,78.437824,2,7.2,False,2025-01-01,3.8,154,5,0.216,0.567,4.8,3.68,4.08,325,58,0.0739,0.47,0.69,0.0,0.0,0.9339,0.1436,0.4055,0.000957,33.6,2025,1,1,Jan 2025
BIZ_054,Royal Swirl,Coffee Shop,Rajendranagar,South,17.379017,78.437824,2,7.3,False,2025-02-01,3.88,159,5,0.284,0.501,9.0,3.74,4.11,266,76,0.0224,0.373,0.68,0.08,0.0,0.95,0.1511,0.5372,0.001007,24.4,2025,2,1,Feb 2025
BIZ_054,Royal Swirl,Coffee Shop,Rajendranagar,South,17.379017,78.437824,2,7.4,False,2025-03-01,3.79,162,3,0.298,0.549,2.6,2.87,4.01,273,77,0.032,0.495,0.41,-0.09,-0.4,0.9237,0.0912,0.5699,0.000608,22.3,2025,3,1,Mar 2025
BIZ_054,Royal Swirl,Coffee Shop,Rajendranagar,South,17.379017,78.437824,2,7.5,False,2025-04-01,3.99,166,4,0.275,0.515,7.6,3.9,3.98,325,5,0.0561,0.402,0.53,0.2,0.3333,0.9672,0.1216,0.5185,0.000811,32.7,2025,4,2,Apr 2025
BIZ_054,Royal Swirl,Coffee Shop,Rajendranagar,South,17.379017,78.437824,2,7.5,False,2025-05-01,4.04,170,4,0.273,0.39,19.4,4.06,4.25,188,47,0.0721,0.34,0.53,0.05,0.0,0.9806,0.1398,0.5188,0.000932,37.4,2025,5,2,May 2025
BIZ_054,Royal Swirl,Coffee Shop,Rajendranagar,South,17.379017,78.437824,2,7.6,False,2025-06-01,3.89,176,6,0.397,0.588,4.0,3.43,3.74,294,34,0.0873,0.359,0.79,-0.15,0.5,0.9514,0.2147,0.7476,0.001431,37.1,2025,6,2,Jun 2025
BIZ_054,Royal Swirl,Coffee Shop,Rajendranagar,South,17.379017,78.437824,2,7.7,False,2025-07-01,3.96,181,5,0.394,0.569,0.8,3.91,3.59,119,12,0.029,0.447,0.65,0.07,-0.1667,0.9735,0.2065,0.7365,0.001377,29.6,2025,7,3,Jul 2025
BIZ_054,Royal Swirl,Coffee Shop,Rajendranagar,South,17.379017,78.437824,2,7.8,False,2025-08-01,3.86,183,2,0.247,0.437,5.5,4.25,3.88,276,51,0.032,0.515,0.26,-0.1,-0.6,0.9558,0.0809,0.4581,0.000539,28.8,2025,8,3,Aug 2025
BIZ_054,Royal Swirl,Coffee Shop,Rajendranagar,South,17.379017,78.437824,2,7.9,False,2025-09-01,3.88,190,7,0.281,0.34,3.4,3.73,4.01,173,36,0.0289,0.468,0.89,0.02,2.5,0.9638,0.2403,0.5261,0.001602,30.6,2025,9,3,Sep 2025
BIZ_054,Royal Swirl,Coffee Shop,Rajendranagar,South,17.379017,78.437824,2,8.0,False,2025-10-01,3.75,195,5,0.388,0.37,5.5,3.7,3.93,212,59,0.0326,0.447,0.62,-0.13,-0.2857,0.9314,0.1719,0.7263,0.001146,28.0,2025,10,4,Oct 2025
BIZ_054,Royal Swirl,Coffee Shop,Rajendranagar,South,17.379017,78.437824,2,8.0,False,2025-11-01,3.96,201,6,0.482,0.487,8.7,3.46,4.01,324,67,0.0209,0.404,0.75,0.21,0.2,0.9831,0.1925,0.8857,0.001283,30.3,2025,11,4,Nov 2025
BIZ_054,Royal Swirl,Coffee Shop,Rajendranagar,South,17.379017,78.437824,2,8.1,False,2025-12-01,4.02,206,5,0.272,0.5,3.0,3.73,3.85,308,76,0.0205,0.456,0.62,0.06,-0.1667,0.9938,0.1531,0.5023,0.00102,28.3,2025,12,4,Dec 2025
BIZ_054,Royal Swirl,Coffee Shop,Rajendranagar,South,17.379017,78.437824,2,8.2,False,2026-01-01,3.94,212,6,0.253,0.292,4.7,3.7,4.01,299,65,0.0326,0.385,0.73,-0.08,0.2,0.9653,0.1838,0.4713,0.001225,28.6,2026,1,1,Jan 2026
BIZ_054,Royal Swirl,Coffee Shop,Rajendranagar,South,17.379017,78.437824,2,8.3,False,2026-02-01,3.94,217,5,0.357,0.525,5.2,4.0,4.09,303,10,0.0207,0.441,0.6,0.0,-0.1667,0.9616,0.1524,0.6682,0.001016,31.5,2026,2,1,Feb 2026
BIZ_054,Royal Swirl,Coffee Shop,Rajendranagar,South,17.379017,78.437824,2,8.4,False,2026-03-01,3.93,224,7,0.398,0.379,14.8,3.81,3.84,336,42,0.0344,0.467,0.83,-0.01,0.4,0.9561,0.2111,0.7154,0.001408,34.2,2026,3,1,Mar 2026
BIZ_054,Royal Swirl,Coffee Shop,Rajendranagar,South,17.379017,78.437824,2,8.4,False,2026-04-01,3.97,229,5,0.446,0.362,7.4,3.75,4.15,240,34,0.0227,0.591,0.6,0.04,-0.2857,0.9617,0.1746,0.8227,0.001164,32.1,2026,4,2,Apr 2026
BIZ_054,Royal Swirl,Coffee Shop,Rajendranagar,South,17.379017,78.437824,2,8.5,False,2026-05-01,3.95,232,3,0.371,0.495,9.8,3.72,4.35,215,42,0.0285,0.443,0.35,-0.02,-0.4,0.96,0.107,0.6799,0.000713,29.1,2026,5,2,May 2026
BIZ_054,Royal Swirl,Coffee Shop,Rajendranagar,South,17.379017,78.437824,2,8.6,False,2026-06-01,3.87,233,1,0.36,0.422,7.3,3.48,4.15,297,53,0.064,0.465,0.12,-0.08,-0.6667,0.9426,0.0381,0.6574,0.000254,34.9,2026,6,2,Jun 2026
BIZ_055,Stir Studio,Cafe,Rajendranagar,South,17.386572,78.421556,3,4.0,False,2025-01-01,3.84,526,11,0.45,0.484,12.2,3.36,3.2,214,56,0.0236,0.444,2.75,0.0,0.0,0.9438,0.3159,0.8449,0.002106,31.5,2025,1,1,Jan 2025
BIZ_055,Stir Studio,Cafe,Rajendranagar,South,17.386572,78.421556,3,4.1,False,2025-02-01,3.79,533,7,0.536,0.627,7.3,3.35,3.28,268,80,0.0515,0.476,1.71,-0.05,-0.3636,0.928,0.2115,1.0139,0.00141,29.2,2025,2,1,Feb 2025
BIZ_055,Stir Studio,Cafe,Rajendranagar,South,17.386572,78.421556,3,4.2,False,2025-03-01,3.95,539,6,0.557,0.663,3.4,3.43,3.87,275,48,0.0258,0.525,1.43,0.16,-0.1429,0.9627,0.1824,1.0653,0.001216,31.6,2025,3,1,Mar 2025
BIZ_055,Stir Studio,Cafe,Rajendranagar,South,17.386572,78.421556,3,4.2,False,2025-04-01,3.86,547,8,0.532,0.465,4.5,3.79,3.26,177,50,0.0214,0.495,1.9,-0.09,0.3333,0.9357,0.2433,1.0031,0.001622,31.2,2025,4,2,Apr 2025
BIZ_055,Stir Studio,Cafe,Rajendranagar,South,17.386572,78.421556,3,4.3,False,2025-05-01,3.85,557,10,0.619,0.429,8.7,3.31,3.88,216,49,0.0626,0.492,2.33,-0.01,0.25,0.9345,0.3496,1.1763,0.00233,37.3,2025,5,2,May 2025
BIZ_055,Stir Studio,Cafe,Rajendranagar,South,17.386572,78.421556,3,4.4,False,2025-06-01,3.73,558,1,0.508,0.567,7.5,3.9,3.64,189,8,0.0606,0.49,0.23,-0.12,-0.9,0.9123,0.0358,0.9567,0.000239,33.4,2025,6,2,Jun 2025
BIZ_055,Stir Studio,Cafe,Rajendranagar,South,17.386572,78.421556,3,4.5,False,2025-07-01,3.62,571,13,0.598,0.411,7.5,2.81,3.23,267,42,0.0499,0.524,2.89,-0.11,12.0,0.8899,0.5369,1.1178,0.003579,37.1,2025,7,3,Jul 2025
BIZ_055,Stir Studio,Cafe,Rajendranagar,South,17.386572,78.421556,3,4.6,False,2025-08-01,3.77,581,10,0.459,0.484,2.7,3.51,3.49,232,34,0.0206,0.39,2.17,0.15,-0.2308,0.9335,0.4043,0.8513,0.002695,27.6,2025,8,3,Aug 2025
BIZ_055,Stir Studio,Cafe,Rajendranagar,South,17.386572,78.421556,3,4.7,False,2025-09-01,3.79,592,11,0.423,0.46,6.2,3.41,3.54,312,30,0.0327,0.395,2.34,0.02,0.1,0.9414,0.3777,0.7919,0.002518,28.9,2025,9,3,Sep 2025
BIZ_055,Stir Studio,Cafe,Rajendranagar,South,17.386572,78.421556,3,4.8,False,2025-10-01,3.74,601,9,0.511,0.487,6.7,3.03,3.8,281,31,0.0322,0.518,1.88,-0.05,-0.1818,0.9289,0.3094,0.9565,0.002063,28.0,2025,10,4,Oct 2025
BIZ_055,Stir Studio,Cafe,Rajendranagar,South,17.386572,78.421556,3,4.8,False,2025-11-01,3.63,606,5,0.526,0.711,5.8,3.42,3.32,322,56,0.0629,0.434,1.04,-0.11,-0.4444,0.9011,0.1604,0.9666,0.00107,32.7,2025,11,4,Nov 2025
BIZ_055,Stir Studio,Cafe,Rajendranagar,South,17.386572,78.421556,3,4.9,False,2025-12-01,3.73,614,8,0.555,0.597,7.6,3.7,3.54,318,61,0.0212,0.51,1.63,0.1,0.6,0.9221,0.2449,1.0249,0.001633,30.6,2025,12,4,Dec 2025
BIZ_055,Stir Studio,Cafe,Rajendranagar,South,17.386572,78.421556,3,5.0,False,2026-01-01,3.97,626,12,0.493,0.397,8.3,4.02,3.43,344,55,0.0284,0.422,2.4,0.24,0.5,0.9726,0.3676,0.9183,0.00245,34.8,2026,1,1,Jan 2026
BIZ_055,Stir Studio,Cafe,Rajendranagar,South,17.386572,78.421556,3,5.1,False,2026-02-01,3.86,640,14,0.492,0.456,14.1,3.95,3.85,321,63,0.0817,0.442,2.75,-0.11,0.1667,0.942,0.4268,0.9209,0.002846,42.9,2026,2,1,Feb 2026
BIZ_055,Stir Studio,Cafe,Rajendranagar,South,17.386572,78.421556,3,5.2,False,2026-03-01,3.74,647,7,0.603,0.372,9.5,3.33,3.05,141,75,0.0336,0.399,1.35,-0.12,-0.5,0.9098,0.2111,1.0839,0.001408,30.9,2026,3,1,Mar 2026
BIZ_055,Stir Studio,Cafe,Rajendranagar,South,17.386572,78.421556,3,5.2,False,2026-04-01,3.82,662,15,0.572,0.437,10.8,3.63,3.63,189,35,0.0348,0.467,2.88,0.08,1.1429,0.9253,0.5239,1.0551,0.003492,39.6,2026,4,2,Apr 2026
BIZ_055,Stir Studio,Cafe,Rajendranagar,South,17.386572,78.421556,3,5.3,False,2026-05-01,3.81,670,8,0.543,0.441,15.5,3.16,3.62,250,46,0.0215,0.392,1.51,-0.01,-0.4667,0.926,0.2852,0.995,0.001902,27.1,2026,5,2,May 2026
BIZ_055,Stir Studio,Cafe,Rajendranagar,South,17.386572,78.421556,3,5.4,False,2026-06-01,3.77,677,7,0.434,0.54,2.7,3.68,4.13,151,39,0.0334,0.506,1.3,-0.04,-0.125,0.9182,0.2668,0.7925,0.001779,31.2,2026,6,2,Jun 2026
BIZ_056,Bake Lounge,Tea House,Madhapur,West,17.471087,78.371452,2,1.9,False,2025-01-01,3.91,614,29,0.387,0.622,6.8,3.64,3.82,338,53,0.0759,0.425,15.26,0.0,0.0,0.961,0.8329,0.7266,0.005552,39.2,2025,1,1,Jan 2025
BIZ_056,Bake Lounge,Tea House,Madhapur,West,17.471087,78.371452,2,2.0,False,2025-02-01,3.85,646,32,0.387,0.502,8.7,3.62,3.62,341,28,0.0315,0.367,16.0,-0.06,0.1034,0.9427,0.967,0.732,0.006446,28.3,2025,2,1,Feb 2025
BIZ_056,Bake Lounge,Tea House,Madhapur,West,17.471087,78.371452,2,2.1,False,2025-03-01,4.16,677,31,0.358,0.59,3.6,3.53,4.18,303,72,0.0714,0.415,14.76,0.31,-0.0312,1.0139,0.9424,0.6847,0.006283,37.8,2025,3,1,Mar 2025
BIZ_056,Bake Lounge,Tea House,Madhapur,West,17.471087,78.371452,2,2.1,False,2025-04-01,4.0,706,29,0.489,0.606,6.3,3.46,4.61,179,64,0.024,0.378,13.81,-0.16,-0.0645,0.9696,0.8818,0.922,0.005879,30.9,2025,4,2,Apr 2025
BIZ_056,Bake Lounge,Tea House,Madhapur,West,17.471087,78.371452,2,2.2,False,2025-05-01,4.0,717,11,0.495,0.442,12.4,3.04,3.91,166,66,0.0864,0.44,5.0,0.0,-0.6207,0.9709,0.3845,0.9406,0.002564,38.4,2025,5,2,May 2025
BIZ_056,Bake Lounge,Tea House,Madhapur,West,17.471087,78.371452,2,2.3,False,2025-06-01,4.01,752,35,0.41,0.575,6.1,4.11,3.89,271,60,0.0279,0.455,15.22,0.01,2.1818,0.9807,1.2524,0.7721,0.008349,36.6,2025,6,2,Jun 2025
BIZ_056,Bake Lounge,Tea House,Madhapur,West,17.471087,78.371452,2,2.4,False,2025-07-01,3.93,778,26,0.285,0.354,6.7,4.19,3.63,221,31,0.0735,0.462,10.83,-0.08,-0.2571,0.9661,1.0738,0.5327,0.007159,36.7,2025,7,3,Jul 2025
BIZ_056,Bake Lounge,Tea House,Madhapur,West,17.471087,78.371452,2,2.5,False,2025-08-01,3.87,804,26,0.502,0.58,7.7,3.76,3.49,165,50,0.0948,0.41,10.4,-0.06,0.0,0.9583,1.0512,0.9311,0.007008,43.6,2025,8,3,Aug 2025
BIZ_056,Bake Lounge,Tea House,Madhapur,West,17.471087,78.371452,2,2.6,False,2025-09-01,3.88,828,24,0.434,0.533,14.1,3.61,3.45,241,39,0.03,0.485,9.23,0.01,-0.0769,0.9638,0.824,0.8125,0.005493,30.8,2025,9,3,Sep 2025
BIZ_056,Bake Lounge,Tea House,Madhapur,West,17.471087,78.371452,2,2.6,False,2025-10-01,3.92,863,35,0.215,0.568,2.7,3.72,3.84,283,53,0.0296,0.471,13.46,0.04,0.4583,0.9736,1.2033,0.4025,0.008022,29.3,2025,10,4,Oct 2025
BIZ_056,Bake Lounge,Tea House,Madhapur,West,17.471087,78.371452,2,2.7,False,2025-11-01,4.0,889,26,0.43,0.581,4.3,3.77,4.0,206,50,0.0396,0.438,9.63,0.08,-0.2571,0.993,0.8342,0.7902,0.005561,34.3,2025,11,4,Nov 2025
BIZ_056,Bake Lounge,Tea House,Madhapur,West,17.471087,78.371452,2,2.8,False,2025-12-01,4.07,918,29,0.344,0.559,6.8,3.73,4.2,266,67,0.0203,0.385,10.36,0.07,0.1154,1.0062,0.8878,0.6352,0.005918,31.7,2025,12,4,Dec 2025
BIZ_056,Bake Lounge,Tea House,Madhapur,West,17.471087,78.371452,2,2.9,False,2026-01-01,3.99,945,27,0.235,0.455,9.4,3.22,3.74,294,78,0.0431,0.393,9.31,-0.08,-0.069,0.9775,0.827,0.4377,0.005514,29.6,2026,1,1,Jan 2026
BIZ_056,Bake Lounge,Tea House,Madhapur,West,17.471087,78.371452,2,3.0,False,2026-02-01,3.99,971,26,0.399,0.505,5.9,3.52,4.24,224,39,0.0476,0.495,8.67,0.0,-0.037,0.9738,0.7927,0.7468,0.005285,36.3,2026,2,1,Feb 2026
BIZ_056,Bake Lounge,Tea House,Madhapur,West,17.471087,78.371452,2,3.1,False,2026-03-01,4.0,1007,36,0.272,0.447,7.8,3.67,3.38,200,37,0.0432,0.48,11.61,0.01,0.3846,0.9731,1.0859,0.4889,0.007239,35.2,2026,3,1,Mar 2026
BIZ_056,Bake Lounge,Tea House,Madhapur,West,17.471087,78.371452,2,3.1,False,2026-04-01,3.92,1033,26,0.414,0.444,6.8,3.6,4.1,261,50,0.0381,0.424,8.39,-0.08,-0.2778,0.9496,0.908,0.7637,0.006054,34.5,2026,4,2,Apr 2026
BIZ_056,Bake Lounge,Tea House,Madhapur,West,17.471087,78.371452,2,3.2,False,2026-05-01,4.13,1057,24,0.256,0.41,20.6,3.8,3.61,201,18,0.0289,0.369,7.5,0.21,-0.0769,1.0038,0.8557,0.4691,0.005705,31.0,2026,5,2,May 2026
BIZ_056,Bake Lounge,Tea House,Madhapur,West,17.471087,78.371452,2,3.3,False,2026-06-01,4.01,1079,22,0.375,0.499,6.8,3.96,4.49,237,37,0.0292,0.488,6.67,-0.12,-0.0833,0.9767,0.8386,0.6848,0.005591,34.7,2026,6,2,Jun 2026
BIZ_057,Cozy Cup Spot,Cafe,Charminar,Old City,17.38373,78.474415,2,1.5,False,2025-01-01,3.75,407,27,0.398,0.509,3.9,3.61,3.66,317,58,0.024,0.369,18.0,0.0,0.0,0.9216,0.7754,0.7472,0.005169,31.4,2025,1,1,Jan 2025
BIZ_057,Cozy Cup Spot,Cafe,Charminar,Old City,17.38373,78.474415,2,1.6,False,2025-02-01,3.76,440,33,0.359,0.591,6.7,3.95,3.48,213,56,0.0361,0.349,20.62,0.01,0.2222,0.9206,0.9972,0.6791,0.006648,28.8,2025,2,1,Feb 2025
BIZ_057,Cozy Cup Spot,Cafe,Charminar,Old City,17.38373,78.474415,2,1.7,False,2025-03-01,3.62,460,20,0.406,0.405,13.5,3.48,3.74,291,62,0.0295,0.367,11.76,-0.14,-0.3939,0.8823,0.608,0.7765,0.004054,25.4,2025,3,1,Mar 2025
BIZ_057,Cozy Cup Spot,Cafe,Charminar,Old City,17.38373,78.474415,2,1.8,False,2025-04-01,3.74,487,27,0.253,0.538,7.1,3.28,3.72,242,41,0.0325,0.44,15.0,0.12,0.35,0.9066,0.821,0.477,0.005473,24.7,2025,4,2,Apr 2025
BIZ_057,Cozy Cup Spot,Cafe,Charminar,Old City,17.38373,78.474415,2,1.8,False,2025-05-01,3.84,508,21,0.289,0.532,13.8,3.37,3.84,264,50,0.022,0.457,11.67,0.1,-0.2222,0.9321,0.7341,0.5492,0.004894,23.0,2025,5,2,May 2025
BIZ_057,Cozy Cup Spot,Cafe,Charminar,Old City,17.38373,78.474415,2,1.9,False,2025-06-01,3.7,532,0,0.221,0.744,6.1,3.0,3.53,258,61,0.0406,0.433,0.0,-0.14,-1.0,0.9049,0.0,0.4162,0.0,21.1,2025,6,2,Jun 2025
BIZ_057,Cozy Cup Spot,Cafe,Charminar,Old City,17.38373,78.474415,2,2.0,False,2025-07-01,3.81,545,13,0.307,0.489,4.5,3.63,4.04,245,33,0.0248,0.39,6.5,0.11,0.0,0.9366,0.5369,0.5739,0.003579,25.2,2025,7,3,Jul 2025
BIZ_057,Cozy Cup Spot,Cafe,Charminar,Old City,17.38373,78.474415,2,2.1,False,2025-08-01,3.62,550,5,0.352,0.491,3.2,3.48,3.87,206,47,0.0237,0.376,2.38,-0.19,-0.6154,0.8964,0.2022,0.6529,0.001348,23.7,2025,8,3,Aug 2025
BIZ_057,Cozy Cup Spot,Cafe,Charminar,Old City,17.38373,78.474415,2,2.2,False,2025-09-01,3.86,576,26,0.393,0.377,5.5,3.36,3.89,184,36,0.0301,0.491,11.82,0.24,4.2,0.9588,0.8927,0.7358,0.005951,33.4,2025,9,3,Sep 2025
BIZ_057,Cozy Cup Spot,Cafe,Charminar,Old City,17.38373,78.474415,2,2.2,False,2025-10-01,3.79,603,27,0.453,0.473,4.4,3.48,3.95,261,48,0.038,0.403,12.27,-0.07,0.0385,0.9413,0.9283,0.848,0.006188,31.4,2025,10,4,Oct 2025
BIZ_057,Cozy Cup Spot,Cafe,Charminar,Old City,17.38373,78.474415,2,2.3,False,2025-11-01,3.73,629,26,0.306,0.621,8.6,4.15,4.16,223,67,0.0287,0.415,11.3,-0.06,-0.037,0.926,0.8342,0.5623,0.005561,29.0,2025,11,4,Nov 2025
BIZ_057,Cozy Cup Spot,Cafe,Charminar,Old City,17.38373,78.474415,2,2.4,False,2025-12-01,3.75,664,35,0.398,0.624,4.2,3.74,3.95,183,50,0.0388,0.426,14.58,0.02,0.3462,0.9271,1.0714,0.735,0.007143,32.0,2025,12,4,Dec 2025
BIZ_057,Cozy Cup Spot,Cafe,Charminar,Old City,17.38373,78.474415,2,2.5,False,2026-01-01,3.64,690,26,0.369,0.419,15.2,3.46,3.54,274,81,0.0312,0.419,10.4,-0.11,-0.2571,0.8918,0.7964,0.6873,0.005309,25.6,2026,1,1,Jan 2026
BIZ_057,Cozy Cup Spot,Cafe,Charminar,Old City,17.38373,78.474415,2,2.6,False,2026-02-01,3.79,716,26,0.416,0.469,5.1,3.37,3.98,236,69,0.0301,0.361,10.0,0.15,0.0,0.925,0.7927,0.7787,0.005285,31.4,2026,2,1,Feb 2026
BIZ_057,Cozy Cup Spot,Cafe,Charminar,Old City,17.38373,78.474415,2,2.7,False,2026-03-01,3.69,738,22,0.305,0.657,2.9,3.54,4.02,273,48,0.0211,0.512,8.15,-0.1,-0.1538,0.8977,0.6636,0.5482,0.004424,25.9,2026,3,1,Mar 2026
BIZ_057,Cozy Cup Spot,Cafe,Charminar,Old City,17.38373,78.474415,2,2.8,False,2026-04-01,3.85,762,24,0.352,0.582,2.2,3.57,4.0,287,60,0.0298,0.419,8.57,0.16,0.0909,0.9326,0.8382,0.6493,0.005588,32.4,2026,4,2,Apr 2026
BIZ_057,Cozy Cup Spot,Cafe,Charminar,Old City,17.38373,78.474415,2,2.8,False,2026-05-01,3.73,783,21,0.556,0.484,4.7,3.89,3.75,274,68,0.0298,0.4,7.5,-0.12,-0.125,0.9065,0.7488,1.0189,0.004992,31.8,2026,5,2,May 2026
BIZ_057,Cozy Cup Spot,Cafe,Charminar,Old City,17.38373,78.474415,2,2.9,False,2026-06-01,3.72,798,15,0.359,0.475,3.0,3.36,3.7,278,76,0.0216,0.4,5.17,-0.01,-0.2857,0.906,0.5718,0.6556,0.003812,26.3,2026,6,2,Jun 2026
BIZ_058,Amber Steam,Coffee Shop,Ameerpet,Central,17.451423,78.464417,2,3.0,False,2025-01-01,4.13,946,23,0.84,0.585,3.5,3.96,3.54,220,46,0.0478,0.417,7.67,0.0,0.0,1.015,0.6605,1.5771,0.004404,47.6,2025,1,1,Jan 2025
BIZ_058,Amber Steam,Coffee Shop,Ameerpet,Central,17.451423,78.464417,2,3.1,False,2025-02-01,4.06,987,41,0.662,0.539,7.3,4.31,4.02,255,59,0.022,0.456,13.23,-0.07,0.7826,0.9941,1.2389,1.2522,0.008259,39.4,2025,2,1,Feb 2025
BIZ_058,Amber Steam,Coffee Shop,Ameerpet,Central,17.451423,78.464417,2,3.2,False,2025-03-01,4.17,1010,23,0.794,0.592,4.5,4.13,4.1,240,48,0.0203,0.443,7.19,0.11,-0.439,1.0163,0.6992,1.5186,0.004662,40.7,2025,3,1,Mar 2025
BIZ_058,Amber Steam,Coffee Shop,Ameerpet,Central,17.451423,78.464417,2,3.2,False,2025-04-01,4.19,1030,20,0.726,0.491,5.1,4.39,4.57,169,54,0.0293,0.45,6.25,0.02,-0.1304,1.0157,0.6081,1.3689,0.004054,41.6,2025,4,2,Apr 2025
BIZ_058,Amber Steam,Coffee Shop,Ameerpet,Central,17.451423,78.464417,2,3.3,False,2025-05-01,4.21,1058,28,0.739,0.485,6.2,3.68,4.42,312,28,0.0315,0.419,8.48,0.02,0.4,1.0219,0.9788,1.4043,0.006525,41.0,2025,5,2,May 2025
BIZ_058,Amber Steam,Coffee Shop,Ameerpet,Central,17.451423,78.464417,2,3.4,False,2025-06-01,4.12,1082,24,0.711,0.495,11.7,4.09,3.99,196,35,0.0291,0.458,7.06,-0.09,-0.1429,1.0076,0.8588,1.3389,0.005725,39.9,2025,6,2,Jun 2025
BIZ_058,Amber Steam,Coffee Shop,Ameerpet,Central,17.451423,78.464417,2,3.5,False,2025-07-01,4.11,1107,25,0.587,0.299,3.5,3.79,4.04,219,34,0.0451,0.533,7.14,-0.01,0.0417,1.0104,1.0325,1.0973,0.006883,38.2,2025,7,3,Jul 2025
BIZ_058,Amber Steam,Coffee Shop,Ameerpet,Central,17.451423,78.464417,2,3.6,False,2025-08-01,4.09,1131,24,0.733,0.55,10.6,3.83,3.99,244,16,0.026,0.467,6.67,-0.02,-0.04,1.0127,0.9704,1.3595,0.006469,39.0,2025,8,3,Aug 2025
BIZ_058,Amber Steam,Coffee Shop,Ameerpet,Central,17.451423,78.464417,2,3.7,False,2025-09-01,4.14,1151,20,0.574,0.526,4.6,4.2,4.17,266,48,0.0645,0.494,5.41,0.05,-0.1667,1.0283,0.6867,1.0746,0.004578,41.9,2025,9,3,Sep 2025
BIZ_058,Amber Steam,Coffee Shop,Ameerpet,Central,17.451423,78.464417,2,3.8,False,2025-10-01,4.17,1168,17,0.606,0.526,4.2,4.24,4.35,240,32,0.0239,0.411,4.47,0.03,-0.15,1.0357,0.5845,1.1344,0.003896,38.2,2025,10,4,Oct 2025
BIZ_058,Amber Steam,Coffee Shop,Ameerpet,Central,17.451423,78.464417,2,3.8,False,2025-11-01,4.2,1194,26,0.744,0.592,4.0,3.87,4.19,242,48,0.1045,0.383,6.84,0.03,0.5294,1.0426,0.8342,1.3672,0.005561,53.6,2025,11,4,Nov 2025
BIZ_058,Amber Steam,Coffee Shop,Ameerpet,Central,17.451423,78.464417,2,3.9,False,2025-12-01,4.23,1216,22,0.731,0.48,9.0,3.98,4.22,306,88,0.0323,0.36,5.64,0.03,-0.1538,1.0457,0.6735,1.3499,0.00449,41.3,2025,12,4,Dec 2025
BIZ_058,Amber Steam,Coffee Shop,Ameerpet,Central,17.451423,78.464417,2,4.0,False,2026-01-01,4.22,1249,33,0.664,0.579,3.1,4.07,3.67,346,48,0.0377,0.424,8.25,-0.01,0.5,1.0339,1.0108,1.2368,0.006739,44.3,2026,1,1,Jan 2026
BIZ_058,Amber Steam,Coffee Shop,Ameerpet,Central,17.451423,78.464417,2,4.1,False,2026-02-01,4.12,1283,34,0.748,0.403,4.6,3.66,3.94,266,52,0.0743,0.441,8.29,-0.1,0.0303,1.0055,1.0366,1.4001,0.006911,48.7,2026,2,1,Feb 2026
BIZ_058,Amber Steam,Coffee Shop,Ameerpet,Central,17.451423,78.464417,2,4.2,False,2026-03-01,4.23,1316,33,0.776,0.362,5.3,4.4,4.3,285,57,0.0727,0.437,7.86,0.11,-0.0294,1.029,0.9954,1.3948,0.006636,52.3,2026,3,1,Mar 2026
BIZ_058,Amber Steam,Coffee Shop,Ameerpet,Central,17.451423,78.464417,2,4.2,False,2026-04-01,4.15,1341,25,0.722,0.403,3.2,3.93,4.1,229,48,0.0293,0.432,5.95,-0.08,-0.2424,1.0053,0.8731,1.3318,0.005821,42.3,2026,4,2,Apr 2026
BIZ_058,Amber Steam,Coffee Shop,Ameerpet,Central,17.451423,78.464417,2,4.3,False,2026-05-01,4.21,1363,22,0.804,0.577,2.3,3.88,4.05,242,50,0.0427,0.537,5.12,0.06,-0.12,1.0232,0.7844,1.4733,0.005229,43.6,2026,5,2,May 2026
BIZ_058,Amber Steam,Coffee Shop,Ameerpet,Central,17.451423,78.464417,2,4.4,False,2026-06-01,4.25,1375,12,0.631,0.55,4.4,4.02,4.65,182,44,0.0362,0.477,2.73,0.04,-0.4545,1.0351,0.4574,1.1523,0.00305,41.6,2026,6,2,Jun 2026
BIZ_059,The Cup Lab,Cafe,Charminar,Old City,17.355582,78.478061,3,3.4,False,2025-01-01,4.04,434,4,0.723,0.578,6.1,4.41,3.87,282,74,0.056,0.442,1.18,0.0,0.0,0.9929,0.1149,1.3574,0.000766,46.2,2025,1,1,Jan 2025
BIZ_059,The Cup Lab,Cafe,Charminar,Old City,17.355582,78.478061,3,3.5,False,2025-02-01,4.21,448,14,0.776,0.546,8.0,3.39,4.08,293,81,0.0388,0.482,4.0,0.17,2.5,1.0308,0.423,1.4678,0.00282,43.0,2025,2,1,Feb 2025
BIZ_059,The Cup Lab,Cafe,Charminar,Old City,17.355582,78.478061,3,3.6,False,2025-03-01,4.24,461,13,0.76,0.519,5.2,4.34,4.26,261,30,0.0213,0.344,3.61,0.03,-0.0714,1.0334,0.3952,1.4535,0.002635,42.6,2025,3,1,Mar 2025
BIZ_059,The Cup Lab,Cafe,Charminar,Old City,17.355582,78.478061,3,3.6,False,2025-04-01,4.29,471,10,0.727,0.539,2.7,4.67,4.07,242,35,0.0531,0.555,2.78,0.05,-0.2308,1.0399,0.3041,1.3708,0.002027,46.2,2025,4,2,Apr 2025
BIZ_059,The Cup Lab,Cafe,Charminar,Old City,17.355582,78.478061,3,3.7,False,2025-05-01,4.25,478,7,0.826,0.506,9.7,4.18,3.97,307,38,0.0359,0.52,1.89,-0.04,-0.3,1.0316,0.2447,1.5696,0.001631,43.7,2025,5,2,May 2025
BIZ_059,The Cup Lab,Cafe,Charminar,Old City,17.355582,78.478061,3,3.8,False,2025-06-01,4.19,481,3,0.873,0.653,2.3,4.45,4.09,225,67,0.0396,0.492,0.79,-0.06,-0.5714,1.0248,0.1073,1.644,0.000716,44.8,2025,6,2,Jun 2025
BIZ_059,The Cup Lab,Cafe,Charminar,Old City,17.355582,78.478061,3,3.9,False,2025-07-01,4.24,487,6,0.865,0.511,5.1,4.0,4.03,267,45,0.0245,0.486,1.54,0.05,1.0,1.0423,0.2478,1.6169,0.001652,41.7,2025,7,3,Jul 2025
BIZ_059,The Cup Lab,Cafe,Charminar,Old City,17.355582,78.478061,3,4.0,False,2025-08-01,4.05,495,8,0.78,0.486,5.4,3.37,3.94,249,50,0.037,0.478,2.0,-0.19,0.3333,1.0028,0.3235,1.4467,0.002156,39.0,2025,8,3,Aug 2025
BIZ_059,The Cup Lab,Cafe,Charminar,Old City,17.355582,78.478061,3,4.1,False,2025-09-01,4.23,504,9,0.784,0.682,6.6,4.31,3.96,230,52,0.0299,0.519,2.2,0.18,0.125,1.0507,0.309,1.4678,0.00206,42.7,2025,9,3,Sep 2025
BIZ_059,The Cup Lab,Cafe,Charminar,Old City,17.355582,78.478061,3,4.2,False,2025-10-01,4.14,513,9,0.787,0.482,6.0,3.74,4.22,321,47,0.021,0.444,2.14,-0.09,0.0,1.0282,0.3094,1.4732,0.002063,38.8,2025,10,4,Oct 2025
BIZ_059,The Cup Lab,Cafe,Charminar,Old City,17.355582,78.478061,3,4.2,False,2025-11-01,4.07,522,9,0.687,0.389,4.1,4.06,3.74,213,65,0.0295,0.625,2.14,-0.07,0.0,1.0104,0.2888,1.2624,0.001925,38.5,2025,11,4,Nov 2025
BIZ_059,The Cup Lab,Cafe,Charminar,Old City,17.355582,78.478061,3,4.3,False,2025-12-01,4.24,533,11,0.853,0.505,8.8,4.09,4.06,276,34,0.037,0.486,2.56,0.17,0.2222,1.0482,0.3367,1.5752,0.002245,44.4,2025,12,4,Dec 2025
BIZ_059,The Cup Lab,Cafe,Charminar,Old City,17.355582,78.478061,3,4.4,False,2026-01-01,4.21,544,11,0.709,0.519,5.7,4.0,4.15,296,53,0.0439,0.501,2.5,-0.03,0.0,1.0314,0.3369,1.3206,0.002246,43.4,2026,1,1,Jan 2026
BIZ_059,The Cup Lab,Cafe,Charminar,Old City,17.355582,78.478061,3,4.5,False,2026-02-01,4.2,556,12,0.824,0.341,5.7,3.56,4.51,262,50,0.0258,0.47,2.67,-0.01,0.0909,1.025,0.3659,1.5424,0.002439,42.8,2026,2,1,Feb 2026
BIZ_059,The Cup Lab,Cafe,Charminar,Old City,17.355582,78.478061,3,4.6,False,2026-03-01,4.13,572,16,0.915,0.386,2.7,3.9,4.25,267,57,0.041,0.468,3.48,-0.07,0.3333,1.0047,0.4826,1.6447,0.003217,46.4,2026,3,1,Mar 2026
BIZ_059,The Cup Lab,Cafe,Charminar,Old City,17.355582,78.478061,3,4.7,False,2026-04-01,4.21,578,6,0.974,0.399,7.5,3.49,3.91,271,37,0.0275,0.474,1.28,0.08,-0.625,1.0198,0.2095,1.7966,0.001397,42.7,2026,4,2,Apr 2026
BIZ_059,The Cup Lab,Cafe,Charminar,Old City,17.355582,78.478061,3,4.7,False,2026-05-01,4.29,590,12,0.961,0.699,5.0,4.14,3.96,268,56,0.0494,0.453,2.55,0.08,1.0,1.0426,0.4279,1.761,0.002852,50.1,2026,5,2,May 2026
BIZ_059,The Cup Lab,Cafe,Charminar,Old City,17.355582,78.478061,3,4.8,False,2026-06-01,4.25,595,5,0.907,0.239,8.2,4.39,3.7,237,33,0.0988,0.479,1.04,-0.04,-0.5833,1.0351,0.1906,1.6563,0.001271,58.4,2026,6,2,Jun 2026
BIZ_060,Blue Brew Co,Coffee Shop,Kondapur,West,17.439361,78.418199,2,6.7,False,2025-01-01,4.08,5656,72,0.596,0.631,2.9,3.59,4.12,598,144,0.0465,0.579,10.75,0.0,0.0,1.0027,2.0678,1.119,0.013785,43.6,2025,1,1,Jan 2025
BIZ_060,Blue Brew Co,Coffee Shop,Kondapur,West,17.439361,78.418199,2,6.8,False,2025-02-01,4.11,5714,58,0.52,0.308,17.1,4.39,3.85,572,122,0.0283,0.411,8.53,0.03,-0.1944,1.0063,1.7526,0.9836,0.011684,37.8,2025,2,1,Feb 2025
BIZ_060,Blue Brew Co,Coffee Shop,Kondapur,West,17.439361,78.418199,2,6.9,False,2025-03-01,4.11,5778,64,0.707,0.41,8.0,4.44,4.11,448,64,0.0465,0.464,9.28,0.0,0.1034,1.0017,1.9457,1.3522,0.012971,46.9,2025,3,1,Mar 2025
BIZ_060,Blue Brew Co,Coffee Shop,Kondapur,West,17.439361,78.418199,2,7.0,False,2025-04-01,4.18,5836,58,0.607,0.55,2.6,4.12,3.91,626,84,0.053,0.388,8.29,0.07,-0.0938,1.0132,1.7636,1.1445,0.011758,42.6,2025,4,2,Apr 2025
BIZ_060,Blue Brew Co,Coffee Shop,Kondapur,West,17.439361,78.418199,2,7.0,False,2025-05-01,4.11,5892,56,0.576,0.586,3.9,3.77,4.28,569,73,0.0678,0.562,8.0,-0.07,-0.0345,0.9976,1.9576,1.0945,0.013051,44.5,2025,5,2,May 2025
BIZ_060,Blue Brew Co,Coffee Shop,Kondapur,West,17.439361,78.418199,2,7.1,False,2025-06-01,4.11,5990,98,0.474,0.376,4.0,4.26,4.55,376,77,0.0292,0.545,13.8,0.0,0.75,1.0052,3.5067,0.8926,0.023378,42.0,2025,6,2,Jun 2025
BIZ_060,Blue Brew Co,Coffee Shop,Kondapur,West,17.439361,78.418199,2,7.2,False,2025-07-01,3.98,6033,43,0.518,0.254,8.7,3.51,4.19,547,97,0.0683,0.444,5.97,-0.13,-0.5612,0.9784,1.7759,0.9683,0.011839,38.5,2025,7,3,Jul 2025
BIZ_060,Blue Brew Co,Coffee Shop,Kondapur,West,17.439361,78.418199,2,7.3,False,2025-08-01,4.08,6100,67,0.52,0.583,2.9,3.94,4.11,483,94,0.0285,0.484,9.18,0.1,0.5581,1.0103,2.7089,0.9645,0.018059,39.3,2025,8,3,Aug 2025
BIZ_060,Blue Brew Co,Coffee Shop,Kondapur,West,17.439361,78.418199,2,7.4,False,2025-09-01,3.87,6183,83,0.632,0.455,11.5,3.0,3.96,492,87,0.0226,0.461,11.22,-0.21,0.2388,0.9613,2.8496,1.1832,0.018997,33.5,2025,9,3,Sep 2025
BIZ_060,Blue Brew Co,Coffee Shop,Kondapur,West,17.439361,78.418199,2,7.5,False,2025-10-01,4.01,6260,77,0.565,0.546,3.9,4.11,3.9,569,81,0.059,0.45,10.27,0.14,-0.0723,0.996,2.6473,1.0576,0.017648,44.0,2025,10,4,Oct 2025
BIZ_060,Blue Brew Co,Coffee Shop,Kondapur,West,17.439361,78.418199,2,7.5,False,2025-11-01,4.03,6368,108,0.472,0.49,2.6,3.87,3.88,514,160,0.0309,0.451,14.4,0.02,0.4026,1.0004,3.4652,0.8674,0.023102,39.6,2025,11,4,Nov 2025
BIZ_060,Blue Brew Co,Coffee Shop,Kondapur,West,17.439361,78.418199,2,7.6,False,2025-12-01,3.96,6459,91,0.566,0.55,3.7,4.28,4.67,566,130,0.0208,0.395,11.97,-0.07,-0.1574,0.979,2.7857,1.0452,0.018571,38.8,2025,12,4,Dec 2025
BIZ_060,Blue Brew Co,Coffee Shop,Kondapur,West,17.439361,78.418199,2,7.7,False,2026-01-01,4.18,6558,99,0.44,0.501,3.1,3.13,3.88,617,139,0.0518,0.38,12.86,0.22,0.0879,1.0241,3.0325,0.8196,0.020216,41.7,2026,1,1,Jan 2026
BIZ_060,Blue Brew Co,Coffee Shop,Kondapur,West,17.439361,78.418199,2,7.8,False,2026-02-01,3.93,6621,63,0.511,0.628,4.7,4.07,3.59,697,142,0.0366,0.475,8.08,-0.25,-0.3636,0.9591,1.9207,0.9565,0.012805,38.7,2026,2,1,Feb 2026
BIZ_060,Blue Brew Co,Coffee Shop,Kondapur,West,17.439361,78.418199,2,7.9,False,2026-03-01,4.11,6726,105,0.618,0.664,2.5,3.66,3.91,586,171,0.043,0.487,13.29,0.18,0.6667,0.9999,3.1671,1.1108,0.021114,45.3,2026,3,1,Mar 2026
BIZ_060,Blue Brew Co,Coffee Shop,Kondapur,West,17.439361,78.418199,2,8.0,False,2026-04-01,4.01,6839,113,0.462,0.636,2.9,3.62,4.2,635,65,0.0438,0.506,14.12,-0.1,0.0762,0.9714,3.9464,0.8522,0.02631,45.5,2026,4,2,Apr 2026
BIZ_060,Blue Brew Co,Coffee Shop,Kondapur,West,17.439361,78.418199,2,8.0,False,2026-05-01,4.21,6871,32,0.434,0.466,4.8,3.84,4.28,605,88,0.0234,0.511,4.0,0.2,-0.7168,1.0232,1.141,0.7953,0.007606,33.9,2026,5,2,May 2026
BIZ_060,Blue Brew Co,Coffee Shop,Kondapur,West,17.439361,78.418199,2,8.1,False,2026-06-01,4.17,6947,76,0.466,0.586,3.3,3.58,4.15,363,94,0.0284,0.369,9.38,-0.04,1.375,1.0156,2.8971,0.851,0.019314,42.9,2026,6,2,Jun 2026
BIZ_061,Ivory Steam Corner,Coffee Shop,Begumpet,Central,17.409834,78.406522,3,2.2,False,2025-01-01,3.0,634,11,0.182,0.314,4.3,2.88,2.82,303,57,0.0272,0.326,5.0,0.0,0.0,0.7373,0.3159,0.3417,0.002106,15.7,2025,1,1,Jan 2025
BIZ_061,Ivory Steam Corner,Coffee Shop,Begumpet,Central,17.409834,78.406522,3,2.3,False,2025-02-01,3.09,659,25,0.058,0.429,5.4,3.09,2.81,336,41,0.0389,0.332,10.87,0.09,1.2727,0.7566,0.7554,0.1097,0.005036,13.1,2025,2,1,Feb 2025
BIZ_061,Ivory Steam Corner,Coffee Shop,Begumpet,Central,17.409834,78.406522,3,2.4,False,2025-03-01,3.15,693,34,-0.005,0.393,5.0,3.56,2.71,322,53,0.0358,0.447,14.17,0.06,0.36,0.7677,1.0336,-0.0096,0.006891,16.8,2025,3,1,Mar 2025
BIZ_061,Ivory Steam Corner,Coffee Shop,Begumpet,Central,17.409834,78.406522,3,2.5,False,2025-04-01,3.19,712,19,0.167,0.562,3.9,3.04,3.3,353,62,0.0316,0.372,7.6,0.04,-0.4412,0.7733,0.5777,0.3149,0.003852,13.3,2025,4,2,Apr 2025
BIZ_061,Ivory Steam Corner,Coffee Shop,Begumpet,Central,17.409834,78.406522,3,2.5,False,2025-05-01,3.21,723,11,0.229,0.48,3.3,3.37,2.93,304,54,0.0536,0.405,4.4,0.02,-0.4211,0.7792,0.3845,0.4352,0.002564,19.2,2025,5,2,May 2025
BIZ_061,Ivory Steam Corner,Coffee Shop,Begumpet,Central,17.409834,78.406522,3,2.6,False,2025-06-01,3.13,745,22,0.278,0.535,16.1,2.66,2.93,198,27,0.0234,0.467,8.46,-0.08,1.0,0.7655,0.7872,0.5235,0.005248,15.1,2025,6,2,Jun 2025
BIZ_061,Ivory Steam Corner,Coffee Shop,Begumpet,Central,17.409834,78.406522,3,2.7,False,2025-07-01,3.03,774,29,0.169,0.589,7.6,3.11,2.83,215,55,0.0387,0.357,10.74,-0.1,0.3182,0.7449,1.1977,0.3159,0.007985,14.6,2025,7,3,Jul 2025
BIZ_061,Ivory Steam Corner,Coffee Shop,Begumpet,Central,17.409834,78.406522,3,2.8,False,2025-08-01,3.07,796,22,0.199,0.581,6.4,2.87,2.71,237,71,0.042,0.384,7.86,0.04,-0.2414,0.7602,0.8895,0.3691,0.00593,16.8,2025,8,3,Aug 2025
BIZ_061,Ivory Steam Corner,Coffee Shop,Begumpet,Central,17.409834,78.406522,3,2.9,False,2025-09-01,3.19,816,20,0.188,0.377,3.3,3.15,3.26,328,34,0.0211,0.43,6.9,0.12,-0.0909,0.7924,0.6867,0.352,0.004578,15.9,2025,9,3,Sep 2025
BIZ_061,Ivory Steam Corner,Coffee Shop,Begumpet,Central,17.409834,78.406522,3,3.0,False,2025-10-01,3.0,848,32,0.225,0.667,3.2,3.09,2.81,263,28,0.0384,0.3,10.67,-0.19,0.6,0.7451,1.1002,0.4212,0.007334,18.2,2025,10,4,Oct 2025
BIZ_061,Ivory Steam Corner,Coffee Shop,Begumpet,Central,17.409834,78.406522,3,3.0,False,2025-11-01,3.12,862,14,0.192,0.52,4.2,2.61,2.79,251,51,0.0801,0.471,4.67,0.12,-0.5625,0.7745,0.4492,0.3528,0.002995,21.1,2025,11,4,Nov 2025
BIZ_061,Ivory Steam Corner,Coffee Shop,Begumpet,Central,17.409834,78.406522,3,3.1,False,2025-12-01,3.14,894,32,0.172,0.779,2.8,3.46,2.93,199,63,0.0336,0.394,10.32,0.02,1.2857,0.7763,0.9796,0.3176,0.006531,20.9,2025,12,4,Dec 2025
BIZ_061,Ivory Steam Corner,Coffee Shop,Begumpet,Central,17.409834,78.406522,3,3.2,False,2026-01-01,3.34,919,25,0.125,0.641,4.8,3.07,2.99,311,73,0.0268,0.406,7.81,0.2,-0.2188,0.8183,0.7658,0.2328,0.005105,15.0,2026,1,1,Jan 2026
BIZ_061,Ivory Steam Corner,Coffee Shop,Begumpet,Central,17.409834,78.406522,3,3.3,False,2026-02-01,3.26,948,29,0.196,0.496,7.4,2.94,2.85,312,54,0.061,0.547,8.79,-0.08,0.16,0.7956,0.8841,0.3669,0.005894,25.0,2026,2,1,Feb 2026
BIZ_061,Ivory Steam Corner,Coffee Shop,Begumpet,Central,17.409834,78.406522,3,3.4,False,2026-03-01,3.22,964,16,0.254,0.55,3.2,3.11,3.16,319,27,0.0274,0.344,4.71,-0.04,-0.4483,0.7833,0.4826,0.4565,0.003217,17.8,2026,3,1,Mar 2026
BIZ_061,Ivory Steam Corner,Coffee Shop,Begumpet,Central,17.409834,78.406522,3,3.5,False,2026-04-01,3.34,976,12,0.3,0.503,4.8,3.2,3.3,204,37,0.0271,0.473,3.43,0.12,-0.25,0.8091,0.4191,0.5534,0.002794,21.5,2026,4,2,Apr 2026
BIZ_061,Ivory Steam Corner,Coffee Shop,Begumpet,Central,17.409834,78.406522,3,3.5,False,2026-05-01,3.37,1010,34,0.207,0.617,3.4,3.32,3.02,294,63,0.0331,0.378,9.71,0.03,1.8333,0.819,1.2123,0.3793,0.008082,22.8,2026,5,2,May 2026
BIZ_061,Ivory Steam Corner,Coffee Shop,Begumpet,Central,17.409834,78.406522,3,3.6,False,2026-06-01,3.18,1032,22,0.129,0.482,6.4,2.85,3.59,175,61,0.0336,0.4,6.11,-0.19,-0.3529,0.7745,0.8386,0.2356,0.005591,17.1,2026,6,2,Jun 2026
BIZ_062,Amber Grind Lab,Coffee Shop,Miyapur,West,17.462839,78.410533,4,8.5,False,2025-01-01,3.74,58,7,0.303,0.621,7.4,4.28,3.6,335,63,0.0698,0.594,0.82,0.0,0.0,0.9192,0.201,0.5689,0.00134,36.4,2025,1,1,Jan 2025
BIZ_062,Amber Grind Lab,Coffee Shop,Miyapur,West,17.462839,78.410533,4,8.6,False,2025-02-01,3.82,63,5,0.521,0.634,4.8,3.66,3.04,254,64,0.053,0.378,0.58,0.08,-0.2857,0.9353,0.1511,0.9855,0.001007,30.7,2025,2,1,Feb 2025
BIZ_062,Amber Grind Lab,Coffee Shop,Miyapur,West,17.462839,78.410533,4,8.7,False,2025-03-01,3.87,71,8,0.396,0.438,16.4,3.68,3.7,232,53,0.0711,0.445,0.92,0.05,0.6,0.9432,0.2432,0.7574,0.001621,36.7,2025,3,1,Mar 2025
BIZ_062,Amber Grind Lab,Coffee Shop,Miyapur,West,17.462839,78.410533,4,8.8,False,2025-04-01,3.73,75,4,0.468,0.382,7.5,3.65,3.72,315,62,0.0359,0.518,0.45,-0.14,-0.5,0.9042,0.1216,0.8824,0.000811,27.6,2025,4,2,Apr 2025
BIZ_062,Amber Grind Lab,Coffee Shop,Miyapur,West,17.462839,78.410533,4,8.8,False,2025-05-01,3.73,79,0,0.484,0.448,2.8,3.3,3.3,254,29,0.0378,0.504,0.0,0.0,-1.0,0.9054,0.0,0.9197,0.0,25.4,2025,5,2,May 2025
BIZ_062,Amber Grind Lab,Coffee Shop,Miyapur,West,17.462839,78.410533,4,8.9,False,2025-06-01,3.68,82,3,0.424,0.452,5.0,3.42,3.23,310,49,0.0552,0.455,0.34,-0.05,0.0,0.9,0.1073,0.7985,0.000716,29.6,2025,6,2,Jun 2025
BIZ_062,Amber Grind Lab,Coffee Shop,Miyapur,West,17.462839,78.410533,4,9.0,False,2025-07-01,3.8,86,4,0.453,0.563,4.1,3.79,3.47,272,15,0.0202,0.416,0.44,0.12,0.3333,0.9342,0.1652,0.8468,0.001101,27.1,2025,7,3,Jul 2025
BIZ_062,Amber Grind Lab,Coffee Shop,Miyapur,West,17.462839,78.410533,4,9.1,False,2025-08-01,3.74,92,6,0.421,0.556,2.6,3.45,3.28,176,43,0.0377,0.549,0.66,-0.06,0.5,0.9261,0.2426,0.7809,0.001617,29.8,2025,8,3,Aug 2025
BIZ_062,Amber Grind Lab,Coffee Shop,Miyapur,West,17.462839,78.410533,4,9.2,False,2025-09-01,3.83,96,4,0.378,0.593,7.3,3.71,3.18,220,47,0.0587,0.467,0.43,0.09,-0.3333,0.9513,0.1373,0.7077,0.000916,32.0,2025,9,3,Sep 2025
BIZ_062,Amber Grind Lab,Coffee Shop,Miyapur,West,17.462839,78.410533,4,9.2,False,2025-10-01,3.79,103,7,0.497,0.599,8.5,3.26,3.01,257,51,0.0445,0.418,0.76,-0.04,0.75,0.9413,0.2407,0.9303,0.001604,33.0,2025,10,4,Oct 2025
BIZ_062,Amber Grind Lab,Coffee Shop,Miyapur,West,17.462839,78.410533,4,9.3,False,2025-11-01,3.6,106,3,0.338,0.346,4.2,3.74,3.32,220,43,0.042,0.474,0.32,-0.19,-0.5714,0.8937,0.0963,0.6211,0.000642,26.7,2025,11,4,Nov 2025
BIZ_062,Amber Grind Lab,Coffee Shop,Miyapur,West,17.462839,78.410533,4,9.4,False,2025-12-01,3.78,115,9,0.441,0.528,3.6,3.35,3.17,351,56,0.0472,0.49,0.96,0.18,2.0,0.9345,0.2755,0.8144,0.001837,33.8,2025,12,4,Dec 2025
BIZ_062,Amber Grind Lab,Coffee Shop,Miyapur,West,17.462839,78.410533,4,9.5,False,2026-01-01,3.96,121,6,0.403,0.382,8.4,3.93,3.22,254,57,0.0554,0.49,0.63,0.18,-0.3333,0.9702,0.1838,0.7507,0.001225,35.9,2026,1,1,Jan 2026
BIZ_062,Amber Grind Lab,Coffee Shop,Miyapur,West,17.462839,78.410533,4,9.6,False,2026-02-01,3.9,126,5,0.359,0.464,4.8,3.09,3.32,254,53,0.0656,0.462,0.52,-0.06,-0.1667,0.9518,0.1524,0.672,0.001016,33.9,2026,2,1,Feb 2026
BIZ_062,Amber Grind Lab,Coffee Shop,Miyapur,West,17.462839,78.410533,4,9.7,False,2026-03-01,3.83,126,0,0.349,0.572,4.9,3.78,3.69,294,42,0.046,0.477,0.0,-0.07,-1.0,0.9317,0.0,0.6273,0.0,30.3,2026,3,1,Mar 2026
BIZ_062,Amber Grind Lab,Coffee Shop,Miyapur,West,17.462839,78.410533,4,9.8,False,2026-04-01,3.81,130,4,0.345,0.392,11.1,3.56,3.1,208,36,0.0617,0.527,0.41,-0.02,0.0,0.9229,0.1397,0.6364,0.000931,34.6,2026,4,2,Apr 2026
BIZ_062,Amber Grind Lab,Coffee Shop,Miyapur,West,17.462839,78.410533,4,9.8,False,2026-05-01,3.82,134,4,0.375,0.407,6.3,3.73,3.39,242,36,0.0917,0.438,0.41,0.01,0.0,0.9284,0.1426,0.6872,0.000951,38.5,2026,5,2,May 2026
BIZ_062,Amber Grind Lab,Coffee Shop,Miyapur,West,17.462839,78.410533,4,9.9,False,2026-06-01,3.83,137,3,0.363,0.681,5.8,3.88,3.74,243,57,0.0353,0.479,0.3,0.01,-0.25,0.9328,0.1144,0.6629,0.000762,31.5,2026,6,2,Jun 2026
BIZ_063,Velvet Steam,Coffee Shop,Tolichowki,South,17.420077,78.435709,4,8.9,False,2025-01-01,4.03,380,3,0.449,0.658,6.2,3.95,3.59,264,69,0.0359,0.395,0.34,0.0,0.0,0.9904,0.0862,0.843,0.000574,36.9,2025,1,1,Jan 2025
BIZ_063,Velvet Steam,Coffee Shop,Tolichowki,South,17.420077,78.435709,4,9.0,False,2025-02-01,3.9,385,5,0.328,0.456,6.5,3.25,3.25,385,63,0.0443,0.461,0.56,-0.13,0.6667,0.9549,0.1511,0.6204,0.001007,27.1,2025,2,1,Feb 2025
BIZ_063,Velvet Steam,Coffee Shop,Tolichowki,South,17.420077,78.435709,4,9.1,False,2025-03-01,3.97,391,6,0.414,0.64,4.4,3.72,3.84,300,51,0.0451,0.402,0.66,0.07,0.2,0.9676,0.1824,0.7918,0.001216,33.8,2025,3,1,Mar 2025
BIZ_063,Velvet Steam,Coffee Shop,Tolichowki,South,17.420077,78.435709,4,9.2,False,2025-04-01,4.02,395,4,0.365,0.647,7.3,3.52,3.36,229,49,0.0511,0.49,0.43,0.05,-0.3333,0.9745,0.1216,0.6882,0.000811,30.8,2025,4,2,Apr 2025
BIZ_063,Velvet Steam,Coffee Shop,Tolichowki,South,17.420077,78.435709,4,9.2,False,2025-05-01,3.96,400,5,0.472,0.563,1.9,3.17,3.39,228,64,0.0558,0.451,0.54,-0.06,0.25,0.9612,0.1748,0.8969,0.001165,33.6,2025,5,2,May 2025
BIZ_063,Velvet Steam,Coffee Shop,Tolichowki,South,17.420077,78.435709,4,9.3,False,2025-06-01,4.01,409,9,0.492,0.615,3.1,3.85,3.4,258,45,0.0349,0.458,0.97,0.05,0.8,0.9807,0.322,0.9265,0.002147,34.8,2025,6,2,Jun 2025
BIZ_063,Velvet Steam,Coffee Shop,Tolichowki,South,17.420077,78.435709,4,9.4,False,2025-07-01,3.87,413,4,0.343,0.538,3.5,3.72,3.55,247,47,0.0207,0.461,0.43,-0.14,-0.5556,0.9514,0.1652,0.6412,0.001101,25.2,2025,7,3,Jul 2025
BIZ_063,Velvet Steam,Coffee Shop,Tolichowki,South,17.420077,78.435709,4,9.5,False,2025-08-01,4.04,418,5,0.387,0.608,6.1,4.06,3.13,139,58,0.0369,0.42,0.53,0.17,0.25,1.0004,0.2022,0.7178,0.001348,34.5,2025,8,3,Aug 2025
BIZ_063,Velvet Steam,Coffee Shop,Tolichowki,South,17.420077,78.435709,4,9.6,False,2025-09-01,3.88,424,6,0.323,0.536,8.3,3.45,3.55,238,59,0.0503,0.414,0.62,-0.16,0.2,0.9638,0.206,0.6047,0.001373,30.4,2025,9,3,Sep 2025
BIZ_063,Velvet Steam,Coffee Shop,Tolichowki,South,17.420077,78.435709,4,9.7,False,2025-10-01,3.97,429,5,0.387,0.571,5.9,3.52,3.76,238,48,0.0359,0.467,0.52,0.09,-0.1667,0.986,0.1719,0.7244,0.001146,30.6,2025,10,4,Oct 2025
BIZ_063,Velvet Steam,Coffee Shop,Tolichowki,South,17.420077,78.435709,4,9.7,False,2025-11-01,4.0,433,4,0.361,0.627,7.6,3.86,3.7,295,64,0.0399,0.492,0.41,0.03,-0.2,0.993,0.1283,0.6634,0.000856,32.4,2025,11,4,Nov 2025
BIZ_063,Velvet Steam,Coffee Shop,Tolichowki,South,17.420077,78.435709,4,9.8,False,2025-12-01,3.92,436,3,0.511,0.521,4.4,3.2,3.61,289,33,0.0237,0.444,0.31,-0.08,-0.25,0.9691,0.0918,0.9436,0.000612,28.9,2025,12,4,Dec 2025
BIZ_063,Velvet Steam,Coffee Shop,Tolichowki,South,17.420077,78.435709,4,9.9,False,2026-01-01,4.07,440,4,0.395,0.456,2.6,4.05,3.84,315,37,0.0256,0.537,0.4,0.15,0.3333,0.9971,0.1225,0.7358,0.000817,32.9,2026,1,1,Jan 2026
BIZ_063,Velvet Steam,Coffee Shop,Tolichowki,South,17.420077,78.435709,4,10.0,False,2026-02-01,4.03,446,6,0.445,0.715,7.6,3.96,3.86,238,68,0.0293,0.448,0.6,-0.04,0.5,0.9835,0.1829,0.8329,0.00122,37.6,2026,2,1,Feb 2026
BIZ_063,Velvet Steam,Coffee Shop,Tolichowki,South,17.420077,78.435709,4,10.1,False,2026-03-01,3.91,451,5,0.374,0.675,5.7,4.0,3.39,345,67,0.027,0.553,0.5,-0.12,-0.1667,0.9512,0.1508,0.6722,0.001005,31.6,2026,3,1,Mar 2026
BIZ_063,Velvet Steam,Coffee Shop,Tolichowki,South,17.420077,78.435709,4,10.2,False,2026-04-01,4.07,457,6,0.387,0.492,8.5,3.42,3.57,161,39,0.0487,0.419,0.59,0.16,0.2,0.9859,0.2095,0.7139,0.001397,36.9,2026,4,2,Apr 2026
BIZ_063,Velvet Steam,Coffee Shop,Tolichowki,South,17.420077,78.435709,4,10.2,False,2026-05-01,4.18,460,3,0.315,0.502,2.9,3.82,3.65,186,66,0.0322,0.433,0.29,0.11,-0.5,1.0159,0.107,0.5772,0.000713,31.7,2026,5,2,May 2026
BIZ_063,Velvet Steam,Coffee Shop,Tolichowki,South,17.420077,78.435709,4,10.3,False,2026-06-01,3.9,464,4,0.295,0.555,5.9,4.2,3.63,125,24,0.0221,0.536,0.39,-0.28,0.3333,0.9499,0.1525,0.5387,0.001017,31.2,2026,6,2,Jun 2026
BIZ_064,Blend Coffee,Tea House,Mehdipatnam,South,17.423325,78.444249,4,2.3,False,2025-01-01,4.33,118,6,0.819,0.535,4.2,3.84,3.86,303,72,0.0328,0.466,2.61,0.0,0.0,1.0642,0.1723,1.5377,0.001149,46.4,2025,1,1,Jan 2025
BIZ_064,Blend Coffee,Tea House,Mehdipatnam,South,17.423325,78.444249,4,2.4,False,2025-02-01,4.27,123,5,0.963,0.648,5.4,3.8,3.88,373,76,0.0461,0.502,2.08,-0.06,-0.1667,1.0455,0.1511,1.8215,0.001007,44.5,2025,2,1,Feb 2025
BIZ_064,Blend Coffee,Tea House,Mehdipatnam,South,17.423325,78.444249,4,2.5,False,2025-03-01,4.38,126,3,0.961,0.65,3.6,3.61,4.08,270,30,0.0386,0.482,1.2,0.11,-0.4,1.0675,0.0912,1.8379,0.000608,45.3,2025,3,1,Mar 2025
BIZ_064,Blend Coffee,Tea House,Mehdipatnam,South,17.423325,78.444249,4,2.5,False,2025-04-01,4.23,128,2,0.848,0.655,5.4,4.21,4.02,220,70,0.0479,0.506,0.8,-0.15,-0.3333,1.0254,0.0608,1.599,0.000405,44.4,2025,4,2,Apr 2025
BIZ_064,Blend Coffee,Tea House,Mehdipatnam,South,17.423325,78.444249,4,2.6,False,2025-05-01,4.31,131,3,0.849,0.321,9.9,4.03,3.22,235,63,0.029,0.437,1.15,0.08,0.5,1.0462,0.1049,1.6133,0.000699,44.3,2025,5,2,May 2025
BIZ_064,Blend Coffee,Tea House,Mehdipatnam,South,17.423325,78.444249,4,2.7,False,2025-06-01,4.19,137,6,0.932,0.482,4.8,3.54,3.46,281,36,0.0278,0.582,2.22,-0.12,1.0,1.0248,0.2147,1.7551,0.001431,42.1,2025,6,2,Jun 2025
BIZ_064,Blend Coffee,Tea House,Mehdipatnam,South,17.423325,78.444249,4,2.8,False,2025-07-01,4.29,142,5,0.852,0.302,19.5,3.91,4.07,220,57,0.0388,0.472,1.79,0.1,-0.1667,1.0546,0.2065,1.5926,0.001377,42.8,2025,7,3,Jul 2025
BIZ_064,Blend Coffee,Tea House,Mehdipatnam,South,17.423325,78.444249,4,2.9,False,2025-08-01,4.28,148,6,0.979,0.667,1.5,4.21,3.75,305,66,0.05,0.629,2.07,-0.01,0.2,1.0598,0.2426,1.8158,0.001617,50.0,2025,8,3,Aug 2025
BIZ_064,Blend Coffee,Tea House,Mehdipatnam,South,17.423325,78.444249,4,3.0,False,2025-09-01,4.41,152,4,1.0,0.596,5.6,3.71,3.65,231,38,0.0526,0.379,1.33,0.13,-0.3333,1.0954,0.1373,1.8722,0.000916,48.2,2025,9,3,Sep 2025
BIZ_064,Blend Coffee,Tea House,Mehdipatnam,South,17.423325,78.444249,4,3.0,False,2025-10-01,4.27,155,3,1.0,0.581,10.6,4.34,4.14,216,62,0.0318,0.427,1.0,-0.14,-0.25,1.0605,0.1031,1.8719,0.000688,47.4,2025,10,4,Oct 2025
BIZ_064,Blend Coffee,Tea House,Mehdipatnam,South,17.423325,78.444249,4,3.1,False,2025-11-01,4.4,161,6,1.0,0.537,4.6,4.47,4.32,244,43,0.03,0.418,1.94,0.13,1.0,1.0923,0.1925,1.8376,0.001283,50.5,2025,11,4,Nov 2025
BIZ_064,Blend Coffee,Tea House,Mehdipatnam,South,17.423325,78.444249,4,3.2,False,2025-12-01,4.2,167,6,1.0,0.364,8.4,3.65,3.96,251,40,0.0201,0.407,1.88,-0.2,0.0,1.0383,0.1837,1.8466,0.001224,41.5,2025,12,4,Dec 2025
BIZ_064,Blend Coffee,Tea House,Mehdipatnam,South,17.423325,78.444249,4,3.3,False,2026-01-01,4.36,172,5,1.0,0.564,5.2,4.4,3.73,248,68,0.0339,0.524,1.52,0.16,-0.1667,1.0682,0.1532,1.8627,0.001021,49.2,2026,1,1,Jan 2026
BIZ_064,Blend Coffee,Tea House,Mehdipatnam,South,17.423325,78.444249,4,3.4,False,2026-02-01,4.26,176,4,1.0,0.441,9.1,4.23,3.96,296,62,0.0305,0.462,1.18,-0.1,-0.2,1.0397,0.122,1.8718,0.000813,48.2,2026,2,1,Feb 2026
BIZ_064,Blend Coffee,Tea House,Mehdipatnam,South,17.423325,78.444249,4,3.5,False,2026-03-01,4.35,179,3,0.999,0.587,7.3,3.78,4.2,218,53,0.0328,0.427,0.86,0.09,-0.25,1.0582,0.0905,1.7956,0.000603,46.5,2026,3,1,Mar 2026
BIZ_064,Blend Coffee,Tea House,Mehdipatnam,South,17.423325,78.444249,4,3.5,False,2026-04-01,4.24,183,4,0.922,0.274,11.5,4.71,3.99,239,49,0.0232,0.483,1.14,-0.11,0.3333,1.0271,0.1397,1.7007,0.000931,48.9,2026,4,2,Apr 2026
BIZ_064,Blend Coffee,Tea House,Mehdipatnam,South,17.423325,78.444249,4,3.6,False,2026-05-01,4.32,183,0,0.934,0.393,18.9,3.91,4.1,263,50,0.0232,0.446,0.0,0.08,-1.0,1.0499,0.0,1.7115,0.0,42.0,2026,5,2,May 2026
BIZ_064,Blend Coffee,Tea House,Mehdipatnam,South,17.423325,78.444249,4,3.7,False,2026-06-01,4.3,187,4,0.887,0.435,2.6,3.82,3.92,232,13,0.0786,0.432,1.08,-0.02,0.0,1.0473,0.1525,1.6198,0.001017,53.4,2026,6,2,Jun 2026
BIZ_065,Modern Press,Coffee Shop,Hitech City,West,17.445152,78.395232,3,1.4,False,2025-01-01,3.52,298,18,0.239,0.374,17.7,3.7,3.17,273,27,0.0298,0.472,12.86,0.0,0.0,0.8651,0.5169,0.4487,0.003446,26.5,2025,1,1,Jan 2025
BIZ_065,Modern Press,Coffee Shop,Hitech City,West,17.445152,78.395232,3,1.5,False,2025-02-01,3.63,312,14,0.331,0.598,5.5,3.19,3.55,262,67,0.0321,0.491,9.33,0.11,-0.2222,0.8888,0.423,0.6261,0.00282,21.2,2025,2,1,Feb 2025
BIZ_065,Modern Press,Coffee Shop,Hitech City,West,17.445152,78.395232,3,1.6,False,2025-03-01,3.68,316,4,0.458,0.459,20.7,3.59,3.43,277,43,0.0429,0.529,2.5,0.05,-0.7143,0.8969,0.1216,0.8759,0.000811,27.0,2025,3,1,Mar 2025
BIZ_065,Modern Press,Coffee Shop,Hitech City,West,17.445152,78.395232,3,1.6,False,2025-04-01,3.68,334,18,0.268,0.478,3.5,3.51,3.29,272,52,0.0469,0.469,11.25,0.0,3.5,0.892,0.5473,0.5053,0.003649,33.6,2025,4,2,Apr 2025
BIZ_065,Modern Press,Coffee Shop,Hitech City,West,17.445152,78.395232,3,1.7,False,2025-05-01,3.68,362,28,0.211,0.349,16.8,3.36,3.58,317,52,0.0669,0.433,16.47,0.0,0.5556,0.8932,0.9788,0.401,0.006525,30.0,2025,5,2,May 2025
BIZ_065,Modern Press,Coffee Shop,Hitech City,West,17.445152,78.395232,3,1.8,False,2025-06-01,3.74,370,8,0.414,0.597,4.8,3.49,3.66,293,45,0.0365,0.431,4.44,0.06,-0.7143,0.9147,0.2863,0.7796,0.001908,27.2,2025,6,2,Jun 2025
BIZ_065,Modern Press,Coffee Shop,Hitech City,West,17.445152,78.395232,3,1.9,False,2025-07-01,3.65,388,18,0.334,0.623,4.7,2.77,3.74,200,29,0.0465,0.424,9.47,-0.09,1.25,0.8973,0.7434,0.6243,0.004956,24.4,2025,7,3,Jul 2025
BIZ_065,Modern Press,Coffee Shop,Hitech City,West,17.445152,78.395232,3,2.0,False,2025-08-01,3.63,397,9,0.244,0.518,5.7,3.81,3.81,174,45,0.0461,0.514,4.5,-0.02,-0.5,0.8988,0.3639,0.4526,0.002426,27.2,2025,8,3,Aug 2025
BIZ_065,Modern Press,Coffee Shop,Hitech City,West,17.445152,78.395232,3,2.1,False,2025-09-01,3.67,413,16,0.293,0.51,6.2,3.44,3.23,269,72,0.0292,0.447,7.62,0.04,0.7778,0.9116,0.5493,0.5486,0.003662,25.9,2025,9,3,Sep 2025
BIZ_065,Modern Press,Coffee Shop,Hitech City,West,17.445152,78.395232,3,2.1,False,2025-10-01,3.54,423,10,0.201,0.583,13.6,3.75,3.0,292,40,0.0252,0.454,4.76,-0.13,-0.375,0.8792,0.3438,0.3763,0.002292,21.2,2025,10,4,Oct 2025
BIZ_065,Modern Press,Coffee Shop,Hitech City,West,17.445152,78.395232,3,2.2,False,2025-11-01,3.54,436,13,0.314,0.438,11.0,3.1,3.43,249,53,0.0299,0.429,5.91,0.0,0.3,0.8788,0.4171,0.577,0.002781,23.2,2025,11,4,Nov 2025
BIZ_065,Modern Press,Coffee Shop,Hitech City,West,17.445152,78.395232,3,2.3,False,2025-12-01,3.54,447,11,0.097,0.494,4.7,3.14,3.67,239,77,0.031,0.462,4.78,0.0,-0.1538,0.8752,0.3367,0.1791,0.002245,19.4,2025,12,4,Dec 2025
BIZ_065,Modern Press,Coffee Shop,Hitech City,West,17.445152,78.395232,3,2.4,False,2026-01-01,3.64,468,21,0.272,0.506,6.6,4.08,3.32,390,70,0.0614,0.43,8.75,0.1,0.9091,0.8918,0.6433,0.5066,0.004288,35.7,2026,1,1,Jan 2026
BIZ_065,Modern Press,Coffee Shop,Hitech City,West,17.445152,78.395232,3,2.5,False,2026-02-01,3.79,497,29,0.212,0.307,2.7,3.99,3.58,291,29,0.0285,0.386,11.6,0.15,0.381,0.925,0.8841,0.3968,0.005894,31.6,2026,2,1,Feb 2026
BIZ_065,Modern Press,Coffee Shop,Hitech City,West,17.445152,78.395232,3,2.6,False,2026-03-01,3.78,516,19,0.134,0.465,7.6,3.49,3.62,267,66,0.0319,0.388,7.31,-0.01,-0.3448,0.9196,0.5731,0.2409,0.003821,25.3,2026,3,1,Mar 2026
BIZ_065,Modern Press,Coffee Shop,Hitech City,West,17.445152,78.395232,3,2.6,False,2026-04-01,3.71,549,33,0.308,0.781,5.0,3.32,3.6,269,77,0.0429,0.443,12.69,-0.07,0.7368,0.8987,1.1525,0.5681,0.007683,34.0,2026,4,2,Apr 2026
BIZ_065,Modern Press,Coffee Shop,Hitech City,West,17.445152,78.395232,3,2.7,False,2026-05-01,3.62,564,15,0.104,0.581,8.3,3.49,3.18,253,58,0.0497,0.382,5.56,-0.09,-0.5455,0.8798,0.5348,0.1906,0.003565,23.8,2026,5,2,May 2026
BIZ_065,Modern Press,Coffee Shop,Hitech City,West,17.445152,78.395232,3,2.8,False,2026-06-01,3.58,577,13,0.305,0.522,4.0,3.45,3.29,261,48,0.0507,0.418,4.64,-0.04,-0.1333,0.8719,0.4956,0.557,0.003304,29.9,2026,6,2,Jun 2026
BIZ_066,Spice Co,Restaurant & Cafe,Madhapur,West,17.450297,78.412025,2,17.3,False,2025-01-01,4.82,302,3,0.833,0.454,3.3,4.28,4.63,329,47,0.0313,0.51,0.17,0.0,0.0,1.1846,0.0862,1.564,0.000574,53.6,2025,1,1,Jan 2025
BIZ_066,Spice Co,Restaurant & Cafe,Madhapur,West,17.450297,78.412025,2,17.4,False,2025-02-01,4.79,307,5,0.817,0.564,4.7,5.0,4.99,406,49,0.024,0.596,0.29,-0.03,0.6667,1.1728,0.1511,1.5454,0.001007,52.0,2025,2,1,Feb 2025
BIZ_066,Spice Co,Restaurant & Cafe,Madhapur,West,17.450297,78.412025,2,17.5,False,2025-03-01,4.82,315,8,0.753,0.389,5.1,4.39,4.4,247,68,0.0209,0.474,0.46,0.03,0.6,1.1747,0.2432,1.4401,0.001621,51.5,2025,3,1,Mar 2025
BIZ_066,Spice Co,Restaurant & Cafe,Madhapur,West,17.450297,78.412025,2,17.6,False,2025-04-01,4.78,318,3,0.891,0.404,14.9,4.47,4.58,254,72,0.0226,0.511,0.17,-0.04,-0.625,1.1587,0.0912,1.68,0.000608,49.4,2025,4,2,Apr 2025
BIZ_066,Spice Co,Restaurant & Cafe,Madhapur,West,17.450297,78.412025,2,17.6,False,2025-05-01,4.76,321,3,0.896,0.468,7.2,4.41,5.0,260,59,0.0553,0.446,0.17,-0.02,0.0,1.1554,0.1049,1.7026,0.000699,56.5,2025,5,2,May 2025
BIZ_066,Spice Co,Restaurant & Cafe,Madhapur,West,17.450297,78.412025,2,17.7,False,2025-06-01,4.78,327,6,0.748,0.599,3.4,4.49,4.77,254,29,0.0224,0.424,0.34,0.02,1.0,1.1691,0.2147,1.4086,0.001431,49.1,2025,6,2,Jun 2025
BIZ_066,Spice Co,Restaurant & Cafe,Madhapur,West,17.450297,78.412025,2,17.8,False,2025-07-01,4.86,332,5,0.787,0.353,5.2,4.8,4.93,210,36,0.0389,0.544,0.28,0.08,-0.1667,1.1947,0.2065,1.4711,0.001377,52.5,2025,7,3,Jul 2025
BIZ_066,Spice Co,Restaurant & Cafe,Madhapur,West,17.450297,78.412025,2,17.9,False,2025-08-01,4.73,335,3,0.751,0.581,6.8,4.73,4.49,168,29,0.0623,0.524,0.17,-0.13,-0.4,1.1712,0.1213,1.3929,0.000809,54.4,2025,8,3,Aug 2025
BIZ_066,Spice Co,Restaurant & Cafe,Madhapur,West,17.450297,78.412025,2,18.0,False,2025-09-01,4.65,339,4,0.727,0.689,5.2,4.65,4.51,268,29,0.0313,0.507,0.22,-0.08,0.3333,1.155,0.1373,1.3611,0.000916,48.1,2025,9,3,Sep 2025
BIZ_066,Spice Co,Restaurant & Cafe,Madhapur,West,17.450297,78.412025,2,18.1,False,2025-10-01,4.72,343,4,0.77,0.724,2.2,4.32,4.58,249,45,0.0312,0.56,0.22,0.07,0.0,1.1723,0.1375,1.4414,0.000917,48.6,2025,10,4,Oct 2025
BIZ_066,Spice Co,Restaurant & Cafe,Madhapur,West,17.450297,78.412025,2,18.1,False,2025-11-01,4.75,349,6,0.846,0.567,2.3,4.15,4.42,292,63,0.0313,0.453,0.33,0.03,0.5,1.1792,0.1925,1.5546,0.001283,50.2,2025,11,4,Nov 2025
BIZ_066,Spice Co,Restaurant & Cafe,Madhapur,West,17.450297,78.412025,2,18.2,False,2025-12-01,4.98,357,8,0.85,0.7,1.4,4.55,4.86,270,49,0.0344,0.463,0.44,0.23,0.3333,1.2311,0.2449,1.5696,0.001633,54.5,2025,12,4,Dec 2025
BIZ_066,Spice Co,Restaurant & Cafe,Madhapur,West,17.450297,78.412025,2,18.3,False,2026-01-01,4.82,364,7,0.739,0.438,7.9,4.6,4.39,203,47,0.0313,0.597,0.38,-0.16,-0.125,1.1809,0.2144,1.3765,0.001429,50.7,2026,1,1,Jan 2026
BIZ_066,Spice Co,Restaurant & Cafe,Madhapur,West,17.450297,78.412025,2,18.4,False,2026-02-01,4.84,369,5,0.704,0.615,1.8,4.84,5.0,350,41,0.0767,0.439,0.27,0.02,-0.2857,1.1812,0.1524,1.3177,0.001016,58.4,2026,2,1,Feb 2026
BIZ_066,Spice Co,Restaurant & Cafe,Madhapur,West,17.450297,78.412025,2,18.5,False,2026-03-01,4.91,373,4,0.838,0.591,8.6,4.53,4.87,308,50,0.0204,0.528,0.22,0.07,-0.2,1.1945,0.1207,1.5063,0.000804,51.8,2026,3,1,Mar 2026
BIZ_066,Spice Co,Restaurant & Cafe,Madhapur,West,17.450297,78.412025,2,18.6,False,2026-04-01,4.88,376,3,0.659,0.474,19.8,4.9,4.93,240,46,0.0292,0.459,0.16,-0.03,-0.25,1.1821,0.1048,1.2156,0.000698,51.7,2026,4,2,Apr 2026
BIZ_066,Spice Co,Restaurant & Cafe,Madhapur,West,17.450297,78.412025,2,18.6,False,2026-05-01,4.95,380,4,0.868,0.567,12.5,4.58,5.0,224,38,0.0584,0.495,0.22,0.07,0.3333,1.2031,0.1426,1.5906,0.000951,58.3,2026,5,2,May 2026
BIZ_066,Spice Co,Restaurant & Cafe,Madhapur,West,17.450297,78.412025,2,18.7,False,2026-06-01,5.0,382,2,0.831,0.63,6.1,4.66,5.0,152,65,0.0392,0.395,0.11,0.05,-0.5,1.2178,0.0762,1.5175,0.000508,55.7,2026,6,2,Jun 2026
BIZ_067,Pearl Whisk,Bakery & Cafe,Banjara Hills,Central,17.445431,78.461908,1,9.9,False,2025-01-01,3.94,274,7,0.471,0.474,6.1,4.0,4.07,248,74,0.0757,0.342,0.71,0.0,0.0,0.9683,0.201,0.8843,0.00134,41.3,2025,1,1,Jan 2025
BIZ_067,Pearl Whisk,Bakery & Cafe,Banjara Hills,Central,17.445431,78.461908,1,10.0,False,2025-02-01,3.75,281,7,0.511,0.517,9.8,3.21,3.89,289,49,0.0213,0.454,0.7,-0.19,0.0,0.9182,0.2115,0.9666,0.00141,24.8,2025,2,1,Feb 2025
BIZ_067,Pearl Whisk,Bakery & Cafe,Banjara Hills,Central,17.445431,78.461908,1,10.1,False,2025-03-01,3.98,286,5,0.424,0.524,2.9,3.72,4.53,291,42,0.0241,0.433,0.5,0.23,-0.2857,0.97,0.152,0.8109,0.001013,29.8,2025,3,1,Mar 2025
BIZ_067,Pearl Whisk,Bakery & Cafe,Banjara Hills,Central,17.445431,78.461908,1,10.2,False,2025-04-01,3.99,292,6,0.523,0.621,3.9,3.8,4.09,288,71,0.0486,0.487,0.59,0.01,0.2,0.9672,0.1824,0.9861,0.001216,35.4,2025,4,2,Apr 2025
BIZ_067,Pearl Whisk,Bakery & Cafe,Banjara Hills,Central,17.445431,78.461908,1,10.2,False,2025-05-01,3.93,297,5,0.622,0.48,1.8,3.92,4.22,187,27,0.0734,0.377,0.49,-0.06,-0.1667,0.9539,0.1748,1.182,0.001165,42.0,2025,5,2,May 2025
BIZ_067,Pearl Whisk,Bakery & Cafe,Banjara Hills,Central,17.445431,78.461908,1,10.3,False,2025-06-01,3.85,302,5,0.594,0.584,4.4,3.94,4.06,194,40,0.0329,0.486,0.49,-0.08,0.0,0.9416,0.1789,1.1186,0.001193,33.6,2025,6,2,Jun 2025
BIZ_067,Pearl Whisk,Bakery & Cafe,Banjara Hills,Central,17.445431,78.461908,1,10.4,False,2025-07-01,3.72,306,4,0.551,0.537,8.9,3.69,4.03,215,70,0.0397,0.388,0.38,-0.13,-0.2,0.9145,0.1652,1.03,0.001101,29.8,2025,7,3,Jul 2025
BIZ_067,Pearl Whisk,Bakery & Cafe,Banjara Hills,Central,17.445431,78.461908,1,10.5,False,2025-08-01,3.84,313,7,0.511,0.634,8.7,3.94,4.07,182,42,0.0572,0.485,0.67,0.12,0.75,0.9508,0.283,0.9478,0.001887,37.9,2025,8,3,Aug 2025
BIZ_067,Pearl Whisk,Bakery & Cafe,Banjara Hills,Central,17.445431,78.461908,1,10.6,False,2025-09-01,3.79,318,5,0.574,0.479,7.3,3.81,4.07,139,53,0.0317,0.515,0.47,-0.05,-0.2857,0.9414,0.1717,1.0746,0.001144,32.0,2025,9,3,Sep 2025
BIZ_067,Pearl Whisk,Bakery & Cafe,Banjara Hills,Central,17.445431,78.461908,1,10.7,False,2025-10-01,3.79,323,5,0.451,0.623,5.5,3.11,4.34,257,44,0.0352,0.538,0.47,0.0,0.0,0.9413,0.1719,0.8442,0.001146,28.4,2025,10,4,Oct 2025
BIZ_067,Pearl Whisk,Bakery & Cafe,Banjara Hills,Central,17.445431,78.461908,1,10.7,False,2025-11-01,3.72,325,2,0.461,0.484,3.0,3.21,3.97,301,22,0.0352,0.447,0.19,-0.07,-0.6,0.9235,0.0642,0.8471,0.000428,27.2,2025,11,4,Nov 2025
BIZ_067,Pearl Whisk,Bakery & Cafe,Banjara Hills,Central,17.445431,78.461908,1,10.8,False,2025-12-01,3.71,332,7,0.422,0.516,4.0,3.16,3.84,239,56,0.021,0.358,0.65,-0.01,2.5,0.9172,0.2143,0.7793,0.001429,29.1,2025,12,4,Dec 2025
BIZ_067,Pearl Whisk,Bakery & Cafe,Banjara Hills,Central,17.445431,78.461908,1,10.9,False,2026-01-01,3.8,337,5,0.469,0.572,6.4,3.68,4.05,207,76,0.024,0.528,0.46,0.09,-0.2857,0.931,0.1532,0.8736,0.001021,27.4,2026,1,1,Jan 2026
BIZ_067,Pearl Whisk,Bakery & Cafe,Banjara Hills,Central,17.445431,78.461908,1,11.0,False,2026-02-01,3.8,338,1,0.522,0.563,1.4,4.0,3.82,298,53,0.0284,0.495,0.09,0.0,-0.8,0.9274,0.0305,0.9771,0.000203,31.2,2026,2,1,Feb 2026
BIZ_067,Pearl Whisk,Bakery & Cafe,Banjara Hills,Central,17.445431,78.461908,1,11.1,False,2026-03-01,3.76,342,4,0.529,0.692,2.9,3.89,3.59,330,66,0.0655,0.379,0.36,-0.04,3.0,0.9147,0.1207,0.9508,0.000804,46.0,2026,3,1,Mar 2026
BIZ_067,Pearl Whisk,Bakery & Cafe,Banjara Hills,Central,17.445431,78.461908,1,11.2,False,2026-04-01,3.82,345,3,0.393,0.655,3.2,3.98,4.24,277,59,0.0429,0.456,0.27,0.06,-0.25,0.9253,0.1048,0.7249,0.000698,33.2,2026,4,2,Apr 2026
BIZ_067,Pearl Whisk,Bakery & Cafe,Banjara Hills,Central,17.445431,78.461908,1,11.2,False,2026-05-01,3.83,347,2,0.565,0.652,2.6,3.56,4.14,306,28,0.028,0.409,0.18,0.01,-0.3333,0.9308,0.0713,1.0354,0.000475,30.3,2026,5,2,May 2026
BIZ_067,Pearl Whisk,Bakery & Cafe,Banjara Hills,Central,17.445431,78.461908,1,11.3,False,2026-06-01,3.79,353,6,0.45,0.477,4.1,4.07,4.49,255,55,0.0422,0.488,0.53,-0.04,2.0,0.9231,0.2287,0.8218,0.001525,38.4,2026,6,2,Jun 2026
BIZ_068,Classic Drip Works,Coffee Shop,Sainikpuri,East,17.441728,78.576108,2,2.7,False,2025-01-01,4.18,2542,95,0.786,0.444,9.9,4.12,4.48,380,38,0.0211,0.481,35.19,0.0,0.0,1.0273,2.7283,1.4757,0.018189,48.6,2025,1,1,Jan 2025
BIZ_068,Classic Drip Works,Coffee Shop,Sainikpuri,East,17.441728,78.576108,2,2.8,False,2025-02-01,4.3,2660,118,0.566,0.54,6.1,4.08,3.98,366,53,0.0507,0.433,42.14,0.12,0.2421,1.0529,3.5657,1.0706,0.023771,46.9,2025,2,1,Feb 2025
BIZ_068,Classic Drip Works,Coffee Shop,Sainikpuri,East,17.441728,78.576108,2,2.9,False,2025-03-01,4.32,2775,115,0.709,0.445,5.3,3.82,4.59,287,56,0.0276,0.379,39.66,0.02,-0.0254,1.0529,3.4961,1.356,0.023308,47.2,2025,3,1,Mar 2025
BIZ_068,Classic Drip Works,Coffee Shop,Sainikpuri,East,17.441728,78.576108,2,3.0,False,2025-04-01,4.47,2872,97,0.569,0.527,3.5,4.19,4.38,256,89,0.0556,0.518,32.33,0.15,-0.1565,1.0835,2.9495,1.0729,0.019663,47.5,2025,4,2,Apr 2025
BIZ_068,Classic Drip Works,Coffee Shop,Sainikpuri,East,17.441728,78.576108,2,3.0,False,2025-05-01,4.31,2924,52,0.546,0.464,5.4,4.13,4.48,294,71,0.0344,0.478,17.33,-0.16,-0.4639,1.0462,1.8178,1.0375,0.012118,40.6,2025,5,2,May 2025
BIZ_068,Classic Drip Works,Coffee Shop,Sainikpuri,East,17.441728,78.576108,2,3.1,False,2025-06-01,4.3,2983,59,0.596,0.639,6.2,4.44,4.6,221,32,0.0209,0.446,19.03,-0.01,0.1346,1.0517,2.1112,1.1224,0.014074,42.8,2025,6,2,Jun 2025
BIZ_068,Classic Drip Works,Coffee Shop,Sainikpuri,East,17.441728,78.576108,2,3.2,False,2025-07-01,4.31,3073,90,0.688,0.453,6.4,3.48,4.11,308,45,0.0415,0.488,28.12,0.01,0.5254,1.0595,3.717,1.286,0.02478,45.9,2025,7,3,Jul 2025
BIZ_068,Classic Drip Works,Coffee Shop,Sainikpuri,East,17.441728,78.576108,2,3.3,False,2025-08-01,4.26,3112,39,0.742,0.528,5.2,4.6,4.02,344,49,0.033,0.421,11.82,-0.05,-0.5667,1.0548,1.5768,1.3762,0.010512,45.4,2025,8,3,Aug 2025
BIZ_068,Classic Drip Works,Coffee Shop,Sainikpuri,East,17.441728,78.576108,2,3.4,False,2025-09-01,4.18,3179,67,0.802,0.466,4.5,4.29,4.36,215,37,0.0273,0.407,19.71,-0.08,0.7179,1.0383,2.3003,1.5015,0.015335,44.8,2025,9,3,Sep 2025
BIZ_068,Classic Drip Works,Coffee Shop,Sainikpuri,East,17.441728,78.576108,2,3.5,False,2025-10-01,4.32,3261,82,0.664,0.514,12.1,3.82,3.83,306,54,0.0492,0.441,23.43,0.14,0.2239,1.073,2.8192,1.2429,0.018794,47.5,2025,10,4,Oct 2025
BIZ_068,Classic Drip Works,Coffee Shop,Sainikpuri,East,17.441728,78.576108,2,3.5,False,2025-11-01,4.2,3392,131,0.795,0.65,4.3,4.0,4.59,326,70,0.0502,0.493,37.43,-0.12,0.5976,1.0426,4.2032,1.4609,0.028021,52.0,2025,11,4,Nov 2025
BIZ_068,Classic Drip Works,Coffee Shop,Sainikpuri,East,17.441728,78.576108,2,3.6,False,2025-12-01,4.29,3481,89,0.687,0.515,3.1,3.85,4.22,264,54,0.0768,0.409,24.72,0.09,-0.3206,1.0606,2.7245,1.2686,0.018163,50.1,2025,12,4,Dec 2025
BIZ_068,Classic Drip Works,Coffee Shop,Sainikpuri,East,17.441728,78.576108,2,3.7,False,2026-01-01,4.24,3577,96,0.822,0.604,9.9,4.57,4.48,294,67,0.0249,0.468,25.95,-0.05,0.0787,1.0388,2.9406,1.5311,0.019604,49.4,2026,1,1,Jan 2026
BIZ_068,Classic Drip Works,Coffee Shop,Sainikpuri,East,17.441728,78.576108,2,3.8,False,2026-02-01,4.42,3692,115,0.7,0.482,6.0,4.49,4.64,304,38,0.0224,0.384,30.26,0.18,0.1979,1.0787,3.5061,1.3103,0.023374,51.9,2026,2,1,Feb 2026
BIZ_068,Classic Drip Works,Coffee Shop,Sainikpuri,East,17.441728,78.576108,2,3.9,False,2026-03-01,4.5,3797,105,0.72,0.54,5.5,4.12,4.53,277,76,0.0392,0.492,26.92,0.08,-0.087,1.0947,3.1671,1.2942,0.021114,50.9,2026,3,1,Mar 2026
BIZ_068,Classic Drip Works,Coffee Shop,Sainikpuri,East,17.441728,78.576108,2,4.0,False,2026-04-01,4.4,3885,88,0.727,0.432,6.8,4.69,4.61,252,33,0.0383,0.394,22.0,-0.1,-0.1619,1.0658,3.0733,1.341,0.020489,54.8,2026,4,2,Apr 2026
BIZ_068,Classic Drip Works,Coffee Shop,Sainikpuri,East,17.441728,78.576108,2,4.0,False,2026-05-01,4.28,3972,87,0.842,0.416,19.7,3.96,4.64,305,35,0.0231,0.434,21.75,-0.12,-0.0114,1.0402,3.102,1.543,0.02068,45.5,2026,5,2,May 2026
BIZ_068,Classic Drip Works,Coffee Shop,Sainikpuri,East,17.441728,78.576108,2,4.1,False,2026-06-01,4.23,4032,60,0.673,0.534,3.0,3.88,4.27,232,53,0.0251,0.446,14.63,-0.05,-0.3103,1.0302,2.2872,1.229,0.015248,43.2,2026,6,2,Jun 2026
BIZ_069,Royal Blend Hub,Coffee Shop,Hitech City,West,17.449482,78.346932,2,3.2,False,2025-01-01,4.1,671,17,0.63,0.545,10.4,3.82,3.89,293,33,0.0571,0.356,5.31,0.0,0.0,1.0077,0.4882,1.1828,0.003255,43.7,2025,1,1,Jan 2025
BIZ_069,Royal Blend Hub,Coffee Shop,Hitech City,West,17.449482,78.346932,2,3.3,False,2025-02-01,3.88,691,20,0.773,0.354,9.0,4.08,4.35,299,64,0.0354,0.383,6.06,-0.22,0.1765,0.95,0.6044,1.4622,0.004029,37.5,2025,2,1,Feb 2025
BIZ_069,Royal Blend Hub,Coffee Shop,Hitech City,West,17.449482,78.346932,2,3.4,False,2025-03-01,4.03,714,23,0.642,0.521,4.5,3.84,3.74,281,86,0.064,0.398,6.76,0.15,0.15,0.9822,0.6992,1.2278,0.004662,42.2,2025,3,1,Mar 2025
BIZ_069,Royal Blend Hub,Coffee Shop,Hitech City,West,17.449482,78.346932,2,3.5,False,2025-04-01,4.17,727,13,0.82,0.646,6.3,4.52,4.73,241,37,0.0406,0.496,3.71,0.14,-0.4348,1.0108,0.3953,1.5462,0.002635,43.9,2025,4,2,Apr 2025
BIZ_069,Royal Blend Hub,Coffee Shop,Hitech City,West,17.449482,78.346932,2,3.5,False,2025-05-01,4.04,750,23,0.628,0.377,5.3,3.8,3.99,207,16,0.0822,0.481,6.57,-0.13,0.7692,0.9806,0.804,1.1934,0.00536,47.4,2025,5,2,May 2025
BIZ_069,Royal Blend Hub,Coffee Shop,Hitech City,West,17.449482,78.346932,2,3.6,False,2025-06-01,4.01,761,11,0.644,0.72,4.6,3.21,3.88,222,71,0.0235,0.434,3.06,-0.03,-0.5217,0.9807,0.3936,1.2128,0.002624,31.7,2025,6,2,Jun 2025
BIZ_069,Royal Blend Hub,Coffee Shop,Hitech City,West,17.449482,78.346932,2,3.7,False,2025-07-01,4.05,779,18,0.745,0.516,7.4,3.39,4.33,192,72,0.0315,0.287,4.86,0.04,0.6364,0.9956,0.7434,1.3926,0.004956,36.3,2025,7,3,Jul 2025
BIZ_069,Royal Blend Hub,Coffee Shop,Hitech City,West,17.449482,78.346932,2,3.8,False,2025-08-01,4.15,794,15,0.61,0.561,5.8,4.14,4.45,203,30,0.023,0.467,3.95,0.1,-0.1667,1.0276,0.6065,1.1314,0.004043,37.7,2025,8,3,Aug 2025
BIZ_069,Royal Blend Hub,Coffee Shop,Hitech City,West,17.449482,78.346932,2,3.9,False,2025-09-01,4.01,813,19,0.779,0.397,6.8,3.8,3.91,193,53,0.0442,0.43,4.87,-0.14,0.2667,0.996,0.6523,1.4584,0.004349,40.4,2025,9,3,Sep 2025
BIZ_069,Royal Blend Hub,Coffee Shop,Hitech City,West,17.449482,78.346932,2,4.0,False,2025-10-01,4.11,827,14,0.613,0.633,2.8,3.7,4.25,296,68,0.0476,0.429,3.5,0.1,-0.2632,1.0208,0.4813,1.1475,0.003209,39.2,2025,10,4,Oct 2025
BIZ_069,Royal Blend Hub,Coffee Shop,Hitech City,West,17.449482,78.346932,2,4.0,False,2025-11-01,3.94,841,14,0.57,0.583,7.7,3.46,3.63,221,55,0.0406,0.505,3.5,-0.17,0.0,0.9781,0.4492,1.0474,0.002995,34.8,2025,11,4,Nov 2025
BIZ_069,Royal Blend Hub,Coffee Shop,Hitech City,West,17.449482,78.346932,2,4.1,False,2025-12-01,3.87,858,17,0.699,0.521,8.2,3.21,4.28,308,76,0.0336,0.439,4.15,-0.07,0.2143,0.9567,0.5204,1.2908,0.003469,34.0,2025,12,4,Dec 2025
BIZ_069,Royal Blend Hub,Coffee Shop,Hitech City,West,17.449482,78.346932,2,4.2,False,2026-01-01,4.07,880,22,0.56,0.416,18.1,4.04,4.07,260,62,0.0248,0.438,5.24,0.2,0.2941,0.9971,0.6739,1.0431,0.004493,36.6,2026,1,1,Jan 2026
BIZ_069,Royal Blend Hub,Coffee Shop,Hitech City,West,17.449482,78.346932,2,4.3,False,2026-02-01,4.08,903,23,0.743,0.561,2.1,3.78,4.66,301,62,0.058,0.447,5.35,0.01,0.0455,0.9957,0.7012,1.3907,0.004675,45.8,2026,2,1,Feb 2026
BIZ_069,Royal Blend Hub,Coffee Shop,Hitech City,West,17.449482,78.346932,2,4.4,False,2026-03-01,4.17,927,24,0.628,0.351,7.0,3.62,4.18,214,72,0.026,0.477,5.45,0.09,0.0435,1.0145,0.7239,1.1288,0.004826,38.4,2026,3,1,Mar 2026
BIZ_069,Royal Blend Hub,Coffee Shop,Hitech City,West,17.449482,78.346932,2,4.5,False,2026-04-01,4.17,946,19,0.644,0.563,5.5,4.17,3.56,255,34,0.0389,0.446,4.22,0.0,-0.2083,1.0101,0.6636,1.1879,0.004424,43.2,2026,4,2,Apr 2026
BIZ_069,Royal Blend Hub,Coffee Shop,Hitech City,West,17.449482,78.346932,2,4.5,False,2026-05-01,4.08,961,15,0.672,0.476,7.6,4.04,4.08,238,51,0.052,0.478,3.33,-0.09,-0.2105,0.9916,0.5348,1.2314,0.003565,41.6,2026,5,2,May 2026
BIZ_069,Royal Blend Hub,Coffee Shop,Hitech City,West,17.449482,78.346932,2,4.6,False,2026-06-01,3.98,971,10,0.668,0.447,7.7,3.13,3.85,307,50,0.0431,0.303,2.17,-0.1,-0.3333,0.9694,0.3812,1.2199,0.002541,36.6,2026,6,2,Jun 2026
BIZ_070,Modern Roast Corner,Cafe,Hitech City,West,17.445542,78.379494,4,4.5,False,2025-01-01,3.51,221,4,0.523,0.478,9.4,3.28,3.13,208,40,0.0539,0.427,0.89,0.0,0.0,0.8626,0.1149,0.9819,0.000766,31.9,2025,1,1,Jan 2025
BIZ_070,Modern Roast Corner,Cafe,Hitech City,West,17.445542,78.379494,4,4.6,False,2025-02-01,3.65,227,6,0.495,0.544,4.4,3.34,3.25,294,54,0.0721,0.423,1.3,0.14,0.5,0.8937,0.1813,0.9363,0.001209,30.5,2025,2,1,Feb 2025
BIZ_070,Modern Roast Corner,Cafe,Hitech City,West,17.445542,78.379494,4,4.7,False,2025-03-01,3.61,234,7,0.431,0.555,8.7,3.41,3.41,262,68,0.0265,0.419,1.49,-0.04,0.1667,0.8798,0.2128,0.8243,0.001419,26.5,2025,3,1,Mar 2025
BIZ_070,Modern Roast Corner,Cafe,Hitech City,West,17.445542,78.379494,4,4.8,False,2025-04-01,3.69,235,1,0.439,0.574,3.7,3.51,3.13,213,43,0.0496,0.395,0.21,0.08,-0.8571,0.8945,0.0304,0.8278,0.000203,26.6,2025,4,2,Apr 2025
BIZ_070,Modern Roast Corner,Cafe,Hitech City,West,17.445542,78.379494,4,4.8,False,2025-05-01,3.57,240,5,0.315,0.482,2.8,3.6,3.08,258,64,0.0283,0.47,1.04,-0.12,4.0,0.8665,0.1748,0.5986,0.001165,30.0,2025,5,2,May 2025
BIZ_070,Modern Roast Corner,Cafe,Hitech City,West,17.445542,78.379494,4,4.9,False,2025-06-01,3.64,246,6,0.485,0.567,11.3,3.77,3.03,249,33,0.0526,0.423,1.22,0.07,0.2,0.8903,0.2147,0.9133,0.001431,31.7,2025,6,2,Jun 2025
BIZ_070,Modern Roast Corner,Cafe,Hitech City,West,17.445542,78.379494,4,5.0,False,2025-07-01,3.69,251,5,0.48,0.429,7.8,4.08,2.94,249,55,0.0887,0.439,1.0,0.05,-0.1667,0.9071,0.2065,0.8972,0.001377,37.3,2025,7,3,Jul 2025
BIZ_070,Modern Roast Corner,Cafe,Hitech City,West,17.445542,78.379494,4,5.1,False,2025-08-01,3.48,256,5,0.487,0.651,4.7,2.73,2.65,254,34,0.1051,0.451,0.98,-0.21,0.0,0.8617,0.2022,0.9033,0.001348,35.4,2025,8,3,Aug 2025
BIZ_070,Modern Roast Corner,Cafe,Hitech City,West,17.445542,78.379494,4,5.2,False,2025-09-01,3.63,260,4,0.405,0.501,4.8,3.34,3.12,209,20,0.0658,0.48,0.77,0.15,-0.2,0.9017,0.1373,0.7582,0.000916,29.7,2025,9,3,Sep 2025
BIZ_070,Modern Roast Corner,Cafe,Hitech City,West,17.445542,78.379494,4,5.2,False,2025-10-01,3.65,266,6,0.516,0.555,8.2,3.48,3.5,280,44,0.0356,0.457,1.15,0.02,0.5,0.9065,0.2063,0.9659,0.001375,30.5,2025,10,4,Oct 2025
BIZ_070,Modern Roast Corner,Cafe,Hitech City,West,17.445542,78.379494,4,5.3,False,2025-11-01,3.53,274,8,0.547,0.556,6.6,3.35,3.13,160,40,0.0505,0.394,1.51,-0.12,0.3333,0.8763,0.2567,1.0052,0.001711,31.0,2025,11,4,Nov 2025
BIZ_070,Modern Roast Corner,Cafe,Hitech City,West,17.445542,78.379494,4,5.4,False,2025-12-01,3.41,280,6,0.356,0.447,8.4,3.41,2.85,275,43,0.0205,0.495,1.11,-0.12,-0.25,0.843,0.1837,0.6574,0.001224,21.0,2025,12,4,Dec 2025
BIZ_070,Modern Roast Corner,Cafe,Hitech City,West,17.445542,78.379494,4,5.5,False,2026-01-01,3.5,288,8,0.393,0.618,6.6,3.03,3.43,291,58,0.022,0.411,1.45,0.09,0.3333,0.8575,0.245,0.732,0.001634,21.0,2026,1,1,Jan 2026
BIZ_070,Modern Roast Corner,Cafe,Hitech City,West,17.445542,78.379494,4,5.6,False,2026-02-01,3.46,298,10,0.486,0.626,2.6,3.55,3.52,279,41,0.0288,0.47,1.79,-0.04,0.25,0.8444,0.3049,0.9097,0.002033,29.4,2026,2,1,Feb 2026
BIZ_070,Modern Roast Corner,Cafe,Hitech City,West,17.445542,78.379494,4,5.7,False,2026-03-01,3.62,302,4,0.503,0.651,4.1,3.45,3.6,257,29,0.0366,0.425,0.7,0.16,-0.6,0.8807,0.1207,0.9041,0.000804,28.5,2026,3,1,Mar 2026
BIZ_070,Modern Roast Corner,Cafe,Hitech City,West,17.445542,78.379494,4,5.8,False,2026-04-01,3.79,308,6,0.47,0.543,5.4,3.36,3.37,236,51,0.0258,0.494,1.03,0.17,0.5,0.9181,0.2095,0.867,0.001397,32.3,2026,4,2,Apr 2026
BIZ_070,Modern Roast Corner,Cafe,Hitech City,West,17.445542,78.379494,4,5.8,False,2026-05-01,3.56,311,3,0.516,0.389,16.4,3.36,3.37,183,56,0.0486,0.454,0.52,-0.23,-0.5,0.8652,0.107,0.9456,0.000713,28.7,2026,5,2,May 2026
BIZ_070,Modern Roast Corner,Cafe,Hitech City,West,17.445542,78.379494,4,5.9,False,2026-06-01,3.63,315,4,0.483,0.459,7.1,3.62,3.2,231,42,0.0212,0.46,0.68,0.07,0.3333,0.8841,0.1525,0.882,0.001017,28.3,2026,6,2,Jun 2026
BIZ_071,Blue Spice Works,Cafe,Miyapur,West,17.426816,78.361285,1,5.0,False,2025-01-01,3.7,211,5,0.55,0.483,10.8,3.62,4.15,306,43,0.0242,0.372,1.0,0.0,0.0,0.9093,0.1436,1.0326,0.000957,32.5,2025,1,1,Jan 2025
BIZ_071,Blue Spice Works,Cafe,Miyapur,West,17.426816,78.361285,1,5.1,False,2025-02-01,3.63,214,3,0.713,0.36,7.1,3.77,4.09,325,51,0.0407,0.381,0.59,-0.07,-0.4,0.8888,0.0907,1.3487,0.000604,30.6,2025,2,1,Feb 2025
BIZ_071,Blue Spice Works,Cafe,Miyapur,West,17.426816,78.361285,1,5.2,False,2025-03-01,3.75,219,5,0.504,0.674,2.5,3.83,4.05,258,37,0.022,0.424,0.96,0.12,0.6667,0.9139,0.152,0.9639,0.001013,32.3,2025,3,1,Mar 2025
BIZ_071,Blue Spice Works,Cafe,Miyapur,West,17.426816,78.361285,1,5.2,False,2025-04-01,3.68,224,5,0.578,0.45,4.1,3.85,3.76,186,42,0.0213,0.437,0.96,-0.07,0.0,0.892,0.152,1.0899,0.001014,29.2,2025,4,2,Apr 2025
BIZ_071,Blue Spice Works,Cafe,Miyapur,West,17.426816,78.361285,1,5.3,False,2025-05-01,3.66,231,7,0.476,0.444,7.7,3.59,3.72,191,67,0.0216,0.382,1.32,-0.02,0.4,0.8884,0.2447,0.9045,0.001631,25.8,2025,5,2,May 2025
BIZ_071,Blue Spice Works,Cafe,Miyapur,West,17.426816,78.361285,1,5.4,False,2025-06-01,3.64,236,5,0.528,0.656,2.6,3.59,3.53,222,54,0.0723,0.37,0.93,-0.02,-0.2857,0.8903,0.1789,0.9943,0.001193,34.0,2025,6,2,Jun 2025
BIZ_071,Blue Spice Works,Cafe,Miyapur,West,17.426816,78.361285,1,5.5,False,2025-07-01,3.54,242,6,0.463,0.602,5.2,3.04,3.61,297,94,0.0229,0.411,1.09,-0.1,0.2,0.8702,0.2478,0.8655,0.001652,21.3,2025,7,3,Jul 2025
BIZ_071,Blue Spice Works,Cafe,Miyapur,West,17.426816,78.361285,1,5.6,False,2025-08-01,3.51,243,1,0.465,0.544,5.4,3.16,3.76,256,49,0.0657,0.401,0.18,-0.03,-0.8333,0.8691,0.0404,0.8625,0.00027,29.4,2025,8,3,Aug 2025
BIZ_071,Blue Spice Works,Cafe,Miyapur,West,17.426816,78.361285,1,5.7,False,2025-09-01,3.59,247,4,0.439,0.328,5.3,2.64,3.51,258,48,0.0223,0.511,0.7,0.08,3.0,0.8917,0.1373,0.8219,0.000916,25.6,2025,9,3,Sep 2025
BIZ_071,Blue Spice Works,Cafe,Miyapur,West,17.426816,78.361285,1,5.8,False,2025-10-01,3.59,252,5,0.509,0.546,7.4,3.59,3.99,231,42,0.0372,0.474,0.86,0.0,0.25,0.8916,0.1719,0.9528,0.001146,29.8,2025,10,4,Oct 2025
BIZ_071,Blue Spice Works,Cafe,Miyapur,West,17.426816,78.361285,1,5.8,False,2025-11-01,3.5,256,4,0.575,0.585,5.7,3.4,3.41,242,22,0.0268,0.42,0.69,-0.09,-0.2,0.8689,0.1283,1.0566,0.000856,26.7,2025,11,4,Nov 2025
BIZ_071,Blue Spice Works,Cafe,Miyapur,West,17.426816,78.361285,1,5.9,False,2025-12-01,3.61,261,5,0.574,0.283,8.0,2.74,3.99,254,24,0.0265,0.443,0.85,0.11,0.25,0.8925,0.1531,1.06,0.00102,25.6,2025,12,4,Dec 2025
BIZ_071,Blue Spice Works,Cafe,Miyapur,West,17.426816,78.361285,1,6.0,False,2026-01-01,3.54,266,5,0.588,0.595,5.4,3.44,3.73,236,45,0.0265,0.505,0.83,-0.07,0.0,0.8673,0.1532,1.0953,0.001021,26.6,2026,1,1,Jan 2026
BIZ_071,Blue Spice Works,Cafe,Miyapur,West,17.426816,78.361285,1,6.1,False,2026-02-01,3.55,273,7,0.457,0.585,12.8,3.29,3.69,312,51,0.0238,0.434,1.15,0.01,0.4,0.8664,0.2134,0.8554,0.001423,28.6,2026,2,1,Feb 2026
BIZ_071,Blue Spice Works,Cafe,Miyapur,West,17.426816,78.361285,1,6.2,False,2026-03-01,3.75,277,4,0.612,0.434,3.8,3.46,3.89,302,34,0.0322,0.38,0.65,0.2,-0.4286,0.9123,0.1207,1.1,0.000804,31.5,2026,3,1,Mar 2026
BIZ_071,Blue Spice Works,Cafe,Miyapur,West,17.426816,78.361285,1,6.2,False,2026-04-01,3.71,282,5,0.644,0.519,5.0,3.64,3.97,237,45,0.0241,0.451,0.81,-0.04,0.25,0.8987,0.1746,1.1879,0.001164,34.0,2026,4,2,Apr 2026
BIZ_071,Blue Spice Works,Cafe,Miyapur,West,17.426816,78.361285,1,6.3,False,2026-05-01,3.51,286,4,0.588,0.652,5.0,3.45,3.64,262,54,0.0371,0.46,0.63,-0.2,-0.2,0.8531,0.1426,1.0775,0.000951,28.3,2026,5,2,May 2026
BIZ_071,Blue Spice Works,Cafe,Miyapur,West,17.426816,78.361285,1,6.4,False,2026-06-01,3.59,287,1,0.634,0.472,3.7,3.01,3.83,256,37,0.0812,0.429,0.16,0.08,-0.75,0.8744,0.0381,1.1578,0.000254,37.0,2026,6,2,Jun 2026
BIZ_072,Urban Whisk Hub,Cafe,Banjara Hills,Central,17.397318,78.445169,4,16.0,False,2025-01-01,4.12,179,5,0.403,0.711,2.0,3.8,3.6,225,38,0.0337,0.479,0.31,0.0,0.0,1.0126,0.1436,0.7566,0.000957,36.4,2025,1,1,Jan 2025
BIZ_072,Urban Whisk Hub,Cafe,Banjara Hills,Central,17.397318,78.445169,4,16.1,False,2025-02-01,3.99,182,3,0.491,0.652,1.8,3.75,4.03,225,57,0.0692,0.461,0.19,-0.13,-0.4,0.977,0.0907,0.9287,0.000604,34.2,2025,2,1,Feb 2025
BIZ_072,Urban Whisk Hub,Cafe,Banjara Hills,Central,17.397318,78.445169,4,16.2,False,2025-03-01,4.11,187,5,0.497,0.705,5.3,3.4,3.49,210,51,0.0288,0.437,0.31,0.12,0.6667,1.0017,0.152,0.9505,0.001013,35.5,2025,3,1,Mar 2025
BIZ_072,Urban Whisk Hub,Cafe,Banjara Hills,Central,17.397318,78.445169,4,16.2,False,2025-04-01,4.06,193,6,0.578,0.606,4.9,3.55,3.12,255,61,0.0209,0.372,0.37,-0.05,0.2,0.9841,0.1824,1.0899,0.001216,32.9,2025,4,2,Apr 2025
BIZ_072,Urban Whisk Hub,Cafe,Banjara Hills,Central,17.397318,78.445169,4,16.3,False,2025-05-01,3.94,197,4,0.552,0.719,6.5,3.93,3.86,255,41,0.0463,0.476,0.25,-0.12,-0.3333,0.9564,0.1398,1.0489,0.000932,35.3,2025,5,2,May 2025
BIZ_072,Urban Whisk Hub,Cafe,Banjara Hills,Central,17.397318,78.445169,4,16.4,False,2025-06-01,4.1,205,8,0.507,0.674,3.5,4.14,3.94,235,68,0.0275,0.511,0.49,0.16,1.0,1.0028,0.2863,0.9548,0.001908,36.4,2025,6,2,Jun 2025
BIZ_072,Urban Whisk Hub,Cafe,Banjara Hills,Central,17.397318,78.445169,4,16.5,False,2025-07-01,4.08,207,2,0.528,0.468,2.8,3.87,3.72,207,49,0.0205,0.452,0.12,-0.02,-0.75,1.003,0.0826,0.987,0.000551,31.2,2025,7,3,Jul 2025
BIZ_072,Urban Whisk Hub,Cafe,Banjara Hills,Central,17.397318,78.445169,4,16.6,False,2025-08-01,4.0,211,4,0.471,0.666,4.9,4.48,3.64,189,83,0.0574,0.508,0.24,-0.08,1.0,0.9905,0.1617,0.8736,0.001078,41.3,2025,8,3,Aug 2025
BIZ_072,Urban Whisk Hub,Cafe,Banjara Hills,Central,17.397318,78.445169,4,16.7,False,2025-09-01,4.06,214,3,0.544,0.467,8.0,4.38,3.86,291,40,0.0572,0.475,0.18,0.06,-0.25,1.0085,0.103,1.0185,0.000687,39.6,2025,9,3,Sep 2025
BIZ_072,Urban Whisk Hub,Cafe,Banjara Hills,Central,17.397318,78.445169,4,16.8,False,2025-10-01,4.03,218,4,0.474,0.672,7.6,3.49,3.25,213,65,0.0208,0.41,0.24,-0.03,0.3333,1.0009,0.1375,0.8873,0.000917,31.2,2025,10,4,Oct 2025
BIZ_072,Urban Whisk Hub,Cafe,Banjara Hills,Central,17.397318,78.445169,4,16.8,False,2025-11-01,4.12,224,6,0.573,0.731,4.5,3.42,3.88,298,77,0.0203,0.456,0.36,0.09,0.5,1.0228,0.1925,1.053,0.001283,34.0,2025,11,4,Nov 2025
BIZ_072,Urban Whisk Hub,Cafe,Banjara Hills,Central,17.397318,78.445169,4,16.9,False,2025-12-01,4.12,230,6,0.251,0.449,2.1,3.97,3.78,296,42,0.13,0.518,0.36,0.0,0.0,1.0185,0.1837,0.4635,0.001224,45.4,2025,12,4,Dec 2025
BIZ_072,Urban Whisk Hub,Cafe,Banjara Hills,Central,17.397318,78.445169,4,17.0,False,2026-01-01,4.11,234,4,0.578,0.721,2.8,4.75,3.71,334,68,0.0263,0.428,0.24,-0.01,-0.3333,1.0069,0.1225,1.0766,0.000817,38.0,2026,1,1,Jan 2026
BIZ_072,Urban Whisk Hub,Cafe,Banjara Hills,Central,17.397318,78.445169,4,17.1,False,2026-02-01,4.04,236,2,0.485,0.517,5.9,3.15,3.69,160,72,0.0267,0.477,0.12,-0.07,-0.5,0.986,0.061,0.9078,0.000407,31.0,2026,2,1,Feb 2026
BIZ_072,Urban Whisk Hub,Cafe,Banjara Hills,Central,17.397318,78.445169,4,17.2,False,2026-03-01,4.15,242,6,0.481,0.666,3.0,3.88,3.74,166,40,0.0422,0.42,0.35,0.11,2.0,1.0096,0.181,0.8646,0.001207,43.7,2026,3,1,Mar 2026
BIZ_072,Urban Whisk Hub,Cafe,Banjara Hills,Central,17.397318,78.445169,4,17.2,False,2026-04-01,3.99,249,7,0.448,0.536,5.3,3.98,3.67,382,56,0.0236,0.416,0.41,-0.16,0.1667,0.9665,0.2445,0.8264,0.00163,35.1,2026,4,2,Apr 2026
BIZ_072,Urban Whisk Hub,Cafe,Banjara Hills,Central,17.397318,78.445169,4,17.3,False,2026-05-01,4.08,254,5,0.453,0.441,6.6,3.66,3.32,181,76,0.03,0.374,0.29,0.09,-0.2857,0.9916,0.1783,0.8301,0.001188,32.2,2026,5,2,May 2026
BIZ_072,Urban Whisk Hub,Cafe,Banjara Hills,Central,17.397318,78.445169,4,17.4,False,2026-06-01,4.15,257,3,0.441,0.695,3.0,4.19,4.13,194,54,0.0633,0.372,0.17,0.07,-0.4,1.0108,0.1144,0.8053,0.000762,42.8,2026,6,2,Jun 2026
BIZ_073,Cozy Roast Place,Restaurant & Cafe,Sultan Bazaar,Old City,17.36481,78.473015,2,2.8,False,2025-01-01,3.58,832,24,0.244,0.547,3.5,3.39,3.25,244,32,0.0326,0.524,8.57,0.0,0.0,0.8799,0.6893,0.4581,0.004595,26.7,2025,1,1,Jan 2025
BIZ_073,Cozy Roast Place,Restaurant & Cafe,Sultan Bazaar,Old City,17.36481,78.473015,2,2.9,False,2025-02-01,3.62,857,25,0.074,0.379,15.0,3.47,3.65,197,61,0.15,0.519,8.62,0.04,0.0417,0.8864,0.7554,0.14,0.005036,32.2,2025,2,1,Feb 2025
BIZ_073,Cozy Roast Place,Restaurant & Cafe,Sultan Bazaar,Old City,17.36481,78.473015,2,3.0,False,2025-03-01,3.78,889,32,0.204,0.587,5.9,3.34,4.21,335,42,0.047,0.356,10.67,0.16,0.28,0.9212,0.9728,0.3902,0.006486,28.1,2025,3,1,Mar 2025
BIZ_073,Cozy Roast Place,Restaurant & Cafe,Sultan Bazaar,Old City,17.36481,78.473015,2,3.0,False,2025-04-01,3.78,913,24,0.226,0.451,8.6,3.84,3.7,250,46,0.0331,0.392,8.0,0.0,-0.25,0.9163,0.7298,0.4261,0.004865,25.9,2025,4,2,Apr 2025
BIZ_073,Cozy Roast Place,Restaurant & Cafe,Sultan Bazaar,Old City,17.36481,78.473015,2,3.1,False,2025-05-01,3.79,928,15,0.173,0.559,2.8,3.88,3.74,258,68,0.0202,0.426,4.84,0.01,-0.375,0.9199,0.5244,0.3287,0.003496,21.5,2025,5,2,May 2025
BIZ_073,Cozy Roast Place,Restaurant & Cafe,Sultan Bazaar,Old City,17.36481,78.473015,2,3.2,False,2025-06-01,3.78,948,20,0.217,0.471,6.6,3.34,4.08,175,38,0.0232,0.406,6.25,-0.01,0.3333,0.9245,0.7156,0.4087,0.004771,23.6,2025,6,2,Jun 2025
BIZ_073,Cozy Roast Place,Restaurant & Cafe,Sultan Bazaar,Old City,17.36481,78.473015,2,3.3,False,2025-07-01,3.59,966,18,0.218,0.473,6.7,3.24,4.23,287,38,0.0243,0.395,5.45,-0.19,-0.1,0.8825,0.7434,0.4075,0.004956,19.5,2025,7,3,Jul 2025
BIZ_073,Cozy Roast Place,Restaurant & Cafe,Sultan Bazaar,Old City,17.36481,78.473015,2,3.4,False,2025-08-01,3.62,978,12,0.096,0.506,14.1,3.49,4.07,228,37,0.0558,0.441,3.53,0.03,-0.3333,0.8964,0.4852,0.1781,0.003235,25.3,2025,8,3,Aug 2025
BIZ_073,Cozy Roast Place,Restaurant & Cafe,Sultan Bazaar,Old City,17.36481,78.473015,2,3.5,False,2025-09-01,3.7,1006,28,0.211,0.486,5.1,3.44,3.58,236,46,0.0313,0.48,8.0,0.08,1.3333,0.919,0.9613,0.395,0.006409,26.2,2025,9,3,Sep 2025
BIZ_073,Cozy Roast Place,Restaurant & Cafe,Sultan Bazaar,Old City,17.36481,78.473015,2,3.5,False,2025-10-01,3.71,1043,37,0.175,0.489,8.9,3.76,4.12,247,47,0.0474,0.452,10.57,0.01,0.3214,0.9214,1.2721,0.3276,0.00848,29.0,2025,10,4,Oct 2025
BIZ_073,Cozy Roast Place,Restaurant & Cafe,Sultan Bazaar,Old City,17.36481,78.473015,2,3.6,False,2025-11-01,3.54,1075,32,0.085,0.576,7.2,2.79,3.59,247,61,0.0268,0.461,8.89,-0.17,-0.1351,0.8788,1.0267,0.1562,0.006845,18.0,2025,11,4,Nov 2025
BIZ_073,Cozy Roast Place,Restaurant & Cafe,Sultan Bazaar,Old City,17.36481,78.473015,2,3.7,False,2025-12-01,3.57,1109,34,0.24,0.426,5.9,3.37,3.79,362,31,0.0243,0.42,9.19,0.03,0.0625,0.8826,1.0408,0.4432,0.006939,23.5,2025,12,4,Dec 2025
BIZ_073,Cozy Roast Place,Restaurant & Cafe,Sultan Bazaar,Old City,17.36481,78.473015,2,3.8,False,2026-01-01,3.59,1131,22,0.067,0.522,9.1,3.98,3.55,302,75,0.0232,0.425,5.79,0.02,-0.3529,0.8795,0.6739,0.1248,0.004493,19.7,2026,1,1,Jan 2026
BIZ_073,Cozy Roast Place,Restaurant & Cafe,Sultan Bazaar,Old City,17.36481,78.473015,2,3.9,False,2026-02-01,3.55,1150,19,0.19,0.708,5.1,3.68,3.51,278,72,0.0922,0.503,4.87,-0.04,-0.1364,0.8664,0.5793,0.3556,0.003862,33.8,2026,2,1,Feb 2026
BIZ_073,Cozy Roast Place,Restaurant & Cafe,Sultan Bazaar,Old City,17.36481,78.473015,2,4.0,False,2026-03-01,3.59,1172,22,0.305,0.509,5.5,3.74,3.9,203,60,0.0312,0.451,5.5,0.04,0.1579,0.8734,0.6636,0.5482,0.004424,27.9,2026,3,1,Mar 2026
BIZ_073,Cozy Roast Place,Restaurant & Cafe,Sultan Bazaar,Old City,17.36481,78.473015,2,4.0,False,2026-04-01,3.87,1192,20,0.174,0.584,5.6,3.68,3.64,135,33,0.0561,0.403,5.0,0.28,-0.0909,0.9375,0.6985,0.321,0.004657,33.0,2026,4,2,Apr 2026
BIZ_073,Cozy Roast Place,Restaurant & Cafe,Sultan Bazaar,Old City,17.36481,78.473015,2,4.1,False,2026-05-01,3.7,1225,33,0.062,0.571,2.9,3.17,3.92,312,59,0.0326,0.49,8.05,-0.17,0.65,0.8993,1.1766,0.1136,0.007844,22.0,2026,5,2,May 2026
BIZ_073,Cozy Roast Place,Restaurant & Cafe,Sultan Bazaar,Old City,17.36481,78.473015,2,4.2,False,2026-06-01,3.58,1245,20,0.14,0.438,2.0,3.41,3.38,178,46,0.0326,0.443,4.76,-0.12,-0.3939,0.8719,0.7624,0.2557,0.005083,23.9,2026,6,2,Jun 2026
BIZ_074,Blend Co,Cafe,Ecil,East,17.544354,78.532232,3,12.4,False,2025-01-01,3.85,810,5,0.332,0.56,15.0,3.57,2.83,185,39,0.0339,0.541,0.4,0.0,0.0,0.9462,0.1436,0.6233,0.000957,31.2,2025,1,1,Jan 2025
BIZ_074,Blend Co,Cafe,Ecil,East,17.544354,78.532232,3,12.5,False,2025-02-01,3.94,814,4,0.42,0.382,3.7,3.05,4.19,299,66,0.0658,0.462,0.32,0.09,-0.2,0.9647,0.1209,0.7944,0.000806,29.4,2025,2,1,Feb 2025
BIZ_074,Blend Co,Cafe,Ecil,East,17.544354,78.532232,3,12.6,False,2025-03-01,3.94,820,6,0.308,0.424,5.3,4.39,3.82,325,39,0.0939,0.429,0.48,0.0,0.5,0.9602,0.1824,0.5891,0.001216,40.8,2025,3,1,Mar 2025
BIZ_074,Blend Co,Cafe,Ecil,East,17.544354,78.532232,3,12.7,False,2025-04-01,3.98,823,3,0.187,0.478,5.3,3.58,4.11,258,77,0.0299,0.343,0.24,0.04,-0.5,0.9648,0.0912,0.3526,0.000608,24.7,2025,4,2,Apr 2025
BIZ_074,Blend Co,Cafe,Ecil,East,17.544354,78.532232,3,12.7,False,2025-05-01,3.95,826,3,0.325,0.418,9.6,3.76,3.66,146,73,0.0215,0.457,0.24,-0.03,0.0,0.9588,0.1049,0.6176,0.000699,26.2,2025,5,2,May 2025
BIZ_074,Blend Co,Cafe,Ecil,East,17.544354,78.532232,3,12.8,False,2025-06-01,3.98,830,4,0.226,0.49,5.8,4.15,3.89,178,53,0.0597,0.467,0.31,0.03,0.3333,0.9734,0.1431,0.4256,0.000954,33.9,2025,6,2,Jun 2025
BIZ_074,Blend Co,Cafe,Ecil,East,17.544354,78.532232,3,12.9,False,2025-07-01,3.87,834,4,0.247,0.416,8.7,3.85,4.0,214,39,0.0335,0.429,0.31,-0.11,0.0,0.9514,0.1652,0.4617,0.001101,26.4,2025,7,3,Jul 2025
BIZ_074,Blend Co,Cafe,Ecil,East,17.544354,78.532232,3,13.0,False,2025-08-01,3.91,835,1,0.345,0.676,3.4,2.95,3.7,218,54,0.0326,0.386,0.08,0.04,-0.75,0.9682,0.0404,0.6399,0.00027,25.9,2025,8,3,Aug 2025
BIZ_074,Blend Co,Cafe,Ecil,East,17.544354,78.532232,3,13.1,False,2025-09-01,3.91,840,5,0.296,0.657,5.9,3.81,3.28,233,27,0.0298,0.446,0.38,0.0,4.0,0.9712,0.1717,0.5542,0.001144,33.0,2025,9,3,Sep 2025
BIZ_074,Blend Co,Cafe,Ecil,East,17.544354,78.532232,3,13.2,False,2025-10-01,3.85,846,6,0.345,0.551,5.5,3.23,3.5,236,38,0.0264,0.494,0.45,-0.06,0.2,0.9562,0.2063,0.6458,0.001375,26.6,2025,10,4,Oct 2025
BIZ_074,Blend Co,Cafe,Ecil,East,17.544354,78.532232,3,13.2,False,2025-11-01,3.91,850,4,0.424,0.766,5.2,4.16,3.93,257,43,0.0314,0.408,0.3,0.06,-0.3333,0.9706,0.1283,0.7792,0.000856,32.0,2025,11,4,Nov 2025
BIZ_074,Blend Co,Cafe,Ecil,East,17.544354,78.532232,3,13.3,False,2025-12-01,3.81,855,5,0.24,0.489,5.8,3.38,3.75,316,92,0.1009,0.468,0.38,-0.1,0.25,0.9419,0.1531,0.4432,0.00102,35.6,2025,12,4,Dec 2025
BIZ_074,Blend Co,Cafe,Ecil,East,17.544354,78.532232,3,13.4,False,2026-01-01,4.0,860,5,0.333,0.498,9.5,4.02,3.86,234,47,0.0223,0.438,0.37,0.19,0.0,0.98,0.1532,0.6203,0.001021,29.3,2026,1,1,Jan 2026
BIZ_074,Blend Co,Cafe,Ecil,East,17.544354,78.532232,3,13.5,False,2026-02-01,3.84,868,8,0.238,0.594,6.1,3.35,3.66,236,77,0.0218,0.422,0.59,-0.16,0.6,0.9372,0.2439,0.4455,0.001626,29.0,2026,2,1,Feb 2026
BIZ_074,Blend Co,Cafe,Ecil,East,17.544354,78.532232,3,13.6,False,2026-03-01,4.0,874,6,0.325,0.534,7.8,4.1,3.34,260,55,0.038,0.49,0.44,0.16,-0.25,0.9731,0.181,0.5842,0.001207,34.0,2026,3,1,Mar 2026
BIZ_074,Blend Co,Cafe,Ecil,East,17.544354,78.532232,3,13.7,False,2026-04-01,3.86,880,6,0.252,0.498,8.4,3.92,3.81,197,43,0.0219,0.462,0.44,-0.14,0.0,0.935,0.2095,0.4648,0.001397,29.1,2026,4,2,Apr 2026
BIZ_074,Blend Co,Cafe,Ecil,East,17.544354,78.532232,3,13.7,False,2026-05-01,3.93,884,4,0.425,0.385,7.9,3.71,3.41,312,5,0.0811,0.523,0.29,0.07,-0.3333,0.9552,0.1426,0.7788,0.000951,38.4,2026,5,2,May 2026
BIZ_074,Blend Co,Cafe,Ecil,East,17.544354,78.532232,3,13.8,False,2026-06-01,4.03,889,5,0.35,0.569,1.4,3.41,3.85,248,47,0.0236,0.455,0.36,0.1,0.25,0.9815,0.1906,0.6391,0.001271,30.5,2026,6,2,Jun 2026
BIZ_075,Silver Filter Cafe,Coffee Shop,Hitech City,West,17.454225,78.378442,2,1.5,False,2025-01-01,3.73,145,9,0.389,0.544,7.0,3.44,3.69,335,55,0.0326,0.41,6.0,0.0,0.0,0.9167,0.2585,0.7304,0.001723,30.4,2025,1,1,Jan 2025
BIZ_075,Silver Filter Cafe,Coffee Shop,Hitech City,West,17.454225,78.378442,2,1.6,False,2025-02-01,3.74,155,10,0.262,0.646,3.9,3.99,3.84,237,43,0.0663,0.406,6.25,0.01,0.1111,0.9157,0.3022,0.4956,0.002015,28.8,2025,2,1,Feb 2025
BIZ_075,Silver Filter Cafe,Coffee Shop,Hitech City,West,17.454225,78.378442,2,1.7,False,2025-03-01,3.54,164,9,0.227,0.455,3.6,3.27,4.06,286,44,0.0252,0.41,5.29,-0.2,-0.1,0.8628,0.2736,0.4341,0.001824,20.2,2025,3,1,Mar 2025
BIZ_075,Silver Filter Cafe,Coffee Shop,Hitech City,West,17.454225,78.378442,2,1.8,False,2025-04-01,3.68,170,6,0.227,0.58,4.4,3.05,3.82,189,32,0.0279,0.45,3.33,0.14,-0.3333,0.892,0.1824,0.428,0.001216,19.6,2025,4,2,Apr 2025
BIZ_075,Silver Filter Cafe,Coffee Shop,Hitech City,West,17.454225,78.378442,2,1.8,False,2025-05-01,3.84,174,4,0.268,0.528,4.8,3.74,3.7,197,43,0.0535,0.358,2.22,0.16,-0.3333,0.9321,0.1398,0.5093,0.000932,29.2,2025,5,2,May 2025
BIZ_075,Silver Filter Cafe,Coffee Shop,Hitech City,West,17.454225,78.378442,2,1.9,False,2025-06-01,3.7,182,8,0.237,0.405,11.0,3.2,3.54,261,44,0.0209,0.452,4.21,-0.14,1.0,0.9049,0.2863,0.4463,0.001908,22.1,2025,6,2,Jun 2025
BIZ_075,Silver Filter Cafe,Coffee Shop,Hitech City,West,17.454225,78.378442,2,2.0,False,2025-07-01,3.75,191,9,0.263,0.438,16.3,4.02,3.87,126,33,0.0404,0.519,4.5,0.05,0.125,0.9219,0.3717,0.4916,0.002478,27.5,2025,7,3,Jul 2025
BIZ_075,Silver Filter Cafe,Coffee Shop,Hitech City,West,17.454225,78.378442,2,2.1,False,2025-08-01,3.48,195,4,0.284,0.7,3.7,3.28,3.84,202,25,0.0325,0.516,1.9,-0.27,-0.5556,0.8617,0.1617,0.5268,0.001078,21.6,2025,8,3,Aug 2025
BIZ_075,Silver Filter Cafe,Coffee Shop,Hitech City,West,17.454225,78.378442,2,2.2,False,2025-09-01,3.53,198,3,0.311,0.361,7.5,3.33,3.34,325,46,0.0473,0.401,1.36,0.05,-0.25,0.8768,0.103,0.5823,0.000687,24.8,2025,9,3,Sep 2025
BIZ_075,Silver Filter Cafe,Coffee Shop,Hitech City,West,17.454225,78.378442,2,2.2,False,2025-10-01,3.71,208,10,0.461,0.691,2.1,3.18,3.46,202,54,0.0628,0.456,4.55,0.18,2.3333,0.9214,0.3438,0.863,0.002292,37.4,2025,10,4,Oct 2025
BIZ_075,Silver Filter Cafe,Coffee Shop,Hitech City,West,17.454225,78.378442,2,2.3,False,2025-11-01,3.67,217,9,0.308,0.507,10.8,3.65,4.11,181,67,0.0324,0.421,3.91,-0.04,-0.1,0.9111,0.2888,0.566,0.001925,26.2,2025,11,4,Nov 2025
BIZ_075,Silver Filter Cafe,Coffee Shop,Hitech City,West,17.454225,78.378442,2,2.4,False,2025-12-01,3.55,226,9,0.324,0.514,5.2,2.99,3.66,260,59,0.0267,0.37,3.75,-0.12,0.0,0.8776,0.2755,0.5983,0.001837,21.9,2025,12,4,Dec 2025
BIZ_075,Silver Filter Cafe,Coffee Shop,Hitech City,West,17.454225,78.378442,2,2.5,False,2026-01-01,3.72,233,7,0.306,0.495,5.2,3.68,3.56,338,48,0.0325,0.531,2.8,0.17,-0.2222,0.9114,0.2144,0.57,0.001429,25.6,2026,1,1,Jan 2026
BIZ_075,Silver Filter Cafe,Coffee Shop,Hitech City,West,17.454225,78.378442,2,2.6,False,2026-02-01,3.65,244,11,0.457,0.61,4.8,3.64,3.33,243,47,0.0323,0.362,4.23,-0.07,0.5714,0.8908,0.3354,0.8554,0.002236,33.2,2026,2,1,Feb 2026
BIZ_075,Silver Filter Cafe,Coffee Shop,Hitech City,West,17.454225,78.378442,2,2.7,False,2026-03-01,3.72,254,10,0.204,0.523,6.8,3.35,4.03,251,27,0.0529,0.491,3.7,0.07,-0.0909,0.905,0.3016,0.3667,0.002011,28.8,2026,3,1,Mar 2026
BIZ_075,Silver Filter Cafe,Coffee Shop,Hitech City,West,17.454225,78.378442,2,2.8,False,2026-04-01,3.67,259,5,0.305,0.411,5.0,3.53,3.79,170,49,0.0243,0.468,1.79,-0.05,-0.5,0.889,0.1746,0.5626,0.001164,24.9,2026,4,2,Apr 2026
BIZ_075,Silver Filter Cafe,Coffee Shop,Hitech City,West,17.454225,78.378442,2,2.8,False,2026-05-01,3.59,269,10,0.431,0.393,14.1,3.44,3.94,237,43,0.0812,0.424,3.57,-0.08,1.0,0.8725,0.3565,0.7898,0.002377,35.3,2026,5,2,May 2026
BIZ_075,Silver Filter Cafe,Coffee Shop,Hitech City,West,17.454225,78.378442,2,2.9,False,2026-06-01,3.6,272,3,0.332,0.467,8.5,3.6,3.88,154,49,0.025,0.482,1.03,0.01,-0.7,0.8768,0.1144,0.6063,0.000762,24.5,2026,6,2,Jun 2026
BIZ_076,Spice Corner,Cafe,Begumpet,Central,17.404775,78.435913,1,12.8,False,2025-01-01,4.38,405,6,0.732,0.615,8.3,3.74,4.47,290,46,0.1128,0.427,0.47,0.0,0.0,1.0765,0.1723,1.3743,0.001149,54.2,2025,1,1,Jan 2025
BIZ_076,Spice Corner,Cafe,Begumpet,Central,17.404775,78.435913,1,12.9,False,2025-02-01,4.52,411,6,0.708,0.513,8.6,4.59,4.55,211,65,0.0349,0.504,0.47,0.14,0.0,1.1067,0.1813,1.3392,0.001209,45.1,2025,2,1,Feb 2025
BIZ_076,Spice Corner,Cafe,Begumpet,Central,17.404775,78.435913,1,13.0,False,2025-03-01,4.4,418,7,0.632,0.678,3.6,4.31,4.12,235,56,0.0792,0.485,0.54,-0.12,0.1667,1.0724,0.2128,1.2087,0.001419,49.1,2025,3,1,Mar 2025
BIZ_076,Spice Corner,Cafe,Begumpet,Central,17.404775,78.435913,1,13.1,False,2025-04-01,4.67,423,5,0.673,0.643,4.7,3.96,5.0,149,36,0.0304,0.488,0.38,0.27,-0.2857,1.132,0.152,1.269,0.001014,43.8,2025,4,2,Apr 2025
BIZ_076,Spice Corner,Cafe,Begumpet,Central,17.404775,78.435913,1,13.1,False,2025-05-01,4.54,426,3,0.6,0.658,3.6,4.42,4.93,195,35,0.0597,0.455,0.23,-0.13,-0.4,1.102,0.1049,1.1401,0.000699,48.2,2025,5,2,May 2025
BIZ_076,Spice Corner,Cafe,Begumpet,Central,17.404775,78.435913,1,13.2,False,2025-06-01,4.46,432,6,0.655,0.629,6.3,4.53,4.67,171,36,0.0447,0.528,0.45,-0.08,1.0,1.0908,0.2147,1.2335,0.001431,47.2,2025,6,2,Jun 2025
BIZ_076,Spice Corner,Cafe,Begumpet,Central,17.404775,78.435913,1,13.3,False,2025-07-01,4.41,437,5,0.578,0.575,4.1,3.95,4.96,222,20,0.0558,0.413,0.38,-0.05,-0.1667,1.0841,0.2065,1.0804,0.001377,42.2,2025,7,3,Jul 2025
BIZ_076,Spice Corner,Cafe,Begumpet,Central,17.404775,78.435913,1,13.4,False,2025-08-01,4.31,442,5,0.766,0.566,18.0,4.36,4.45,176,28,0.0226,0.497,0.37,-0.1,0.0,1.0672,0.2022,1.4207,0.001348,42.6,2025,8,3,Aug 2025
BIZ_076,Spice Corner,Cafe,Begumpet,Central,17.404775,78.435913,1,13.5,False,2025-09-01,4.47,444,2,0.733,0.686,6.2,4.62,4.54,293,35,0.0207,0.494,0.15,0.16,-0.6,1.1103,0.0687,1.3723,0.000458,43.7,2025,9,3,Sep 2025
BIZ_076,Spice Corner,Cafe,Begumpet,Central,17.404775,78.435913,1,13.6,False,2025-10-01,4.35,447,3,0.689,0.583,5.5,3.89,4.49,252,59,0.0267,0.405,0.22,-0.12,0.5,1.0804,0.1031,1.2897,0.000688,41.6,2025,10,4,Oct 2025
BIZ_076,Spice Corner,Cafe,Begumpet,Central,17.404775,78.435913,1,13.6,False,2025-11-01,4.29,453,6,0.714,0.615,9.4,4.0,4.8,215,35,0.1115,0.489,0.44,-0.06,1.0,1.065,0.1925,1.3121,0.001283,55.4,2025,11,4,Nov 2025
BIZ_076,Spice Corner,Cafe,Begumpet,Central,17.404775,78.435913,1,13.7,False,2025-12-01,4.33,458,5,0.765,0.544,3.4,4.04,4.89,366,26,0.0374,0.448,0.36,0.04,-0.1667,1.0705,0.1531,1.4127,0.00102,43.0,2025,12,4,Dec 2025
BIZ_076,Spice Corner,Cafe,Begumpet,Central,17.404775,78.435913,1,13.8,False,2026-01-01,4.46,464,6,0.813,0.457,3.6,4.66,4.29,290,56,0.0371,0.503,0.43,0.13,0.2,1.0927,0.1838,1.5144,0.001225,49.9,2026,1,1,Jan 2026
BIZ_076,Spice Corner,Cafe,Begumpet,Central,17.404775,78.435913,1,13.9,False,2026-02-01,4.39,469,5,0.675,0.543,3.3,4.31,4.86,241,75,0.0778,0.439,0.36,-0.07,-0.1667,1.0714,0.1524,1.2635,0.001016,51.3,2026,2,1,Feb 2026
BIZ_076,Spice Corner,Cafe,Begumpet,Central,17.404775,78.435913,1,14.0,False,2026-03-01,4.58,475,6,0.709,0.734,5.5,3.95,4.67,305,76,0.0339,0.408,0.43,0.19,0.2,1.1142,0.181,1.2744,0.001207,46.9,2026,3,1,Mar 2026
BIZ_076,Spice Corner,Cafe,Begumpet,Central,17.404775,78.435913,1,14.1,False,2026-04-01,4.49,479,4,0.782,0.691,3.6,4.63,5.0,253,61,0.0345,0.428,0.28,-0.09,-0.3333,1.0876,0.1397,1.4425,0.000931,48.7,2026,4,2,Apr 2026
BIZ_076,Spice Corner,Cafe,Begumpet,Central,17.404775,78.435913,1,14.1,False,2026-05-01,4.25,484,5,0.817,0.409,10.0,3.95,4.53,185,31,0.0422,0.504,0.35,-0.24,0.25,1.0329,0.1783,1.4971,0.001188,44.1,2026,5,2,May 2026
BIZ_076,Spice Corner,Cafe,Begumpet,Central,17.404775,78.435913,1,14.2,False,2026-06-01,4.34,489,5,0.736,0.697,7.6,4.57,4.9,224,26,0.0298,0.525,0.35,0.09,0.0,1.057,0.1906,1.344,0.001271,45.4,2026,6,2,Jun 2026
BIZ_077,Amber Stir,Coffee Shop,Hitech City,West,17.477599,78.411462,2,5.1,False,2025-01-01,3.79,185,5,0.227,0.494,3.5,3.53,3.72,283,48,0.0529,0.53,0.98,0.0,0.0,0.9315,0.1436,0.4262,0.000957,30.6,2025,1,1,Jan 2025
BIZ_077,Amber Stir,Coffee Shop,Hitech City,West,17.477599,78.411462,2,5.2,False,2025-02-01,3.97,189,4,0.059,0.52,9.9,3.62,4.19,342,44,0.0507,0.52,0.77,0.18,-0.2,0.9721,0.1209,0.1116,0.000806,23.7,2025,2,1,Feb 2025
BIZ_077,Amber Stir,Coffee Shop,Hitech City,West,17.477599,78.411462,2,5.3,False,2025-03-01,3.92,194,5,0.186,0.533,4.6,3.56,3.49,231,53,0.0333,0.526,0.94,-0.05,0.25,0.9554,0.152,0.3557,0.001013,27.0,2025,3,1,Mar 2025
BIZ_077,Amber Stir,Coffee Shop,Hitech City,West,17.477599,78.411462,2,5.3,False,2025-04-01,3.83,197,3,0.187,0.459,4.1,3.78,3.57,177,75,0.0275,0.348,0.57,-0.09,-0.4,0.9284,0.0912,0.3526,0.000608,23.7,2025,4,2,Apr 2025
BIZ_077,Amber Stir,Coffee Shop,Hitech City,West,17.477599,78.411462,2,5.4,False,2025-05-01,3.86,200,3,0.175,0.592,6.6,3.17,3.86,146,72,0.0246,0.533,0.56,0.03,0.0,0.9369,0.1049,0.3325,0.000699,20.2,2025,5,2,May 2025
BIZ_077,Amber Stir,Coffee Shop,Hitech City,West,17.477599,78.411462,2,5.5,False,2025-06-01,3.78,204,4,0.103,0.47,6.6,4.0,3.89,177,84,0.0209,0.34,0.73,-0.08,0.3333,0.9245,0.1431,0.194,0.000954,23.2,2025,6,2,Jun 2025
BIZ_077,Amber Stir,Coffee Shop,Hitech City,West,17.477599,78.411462,2,5.6,False,2025-07-01,3.93,207,3,0.258,0.46,7.1,3.75,3.78,236,61,0.0371,0.385,0.54,0.15,-0.25,0.9661,0.1239,0.4823,0.000826,27.1,2025,7,3,Jul 2025
BIZ_077,Amber Stir,Coffee Shop,Hitech City,West,17.477599,78.411462,2,5.7,False,2025-08-01,3.89,209,2,0.062,0.445,8.0,3.7,3.85,224,52,0.0505,0.44,0.35,-0.04,-0.3333,0.9632,0.0809,0.115,0.000539,27.2,2025,8,3,Aug 2025
BIZ_077,Amber Stir,Coffee Shop,Hitech City,West,17.477599,78.411462,2,5.8,False,2025-09-01,3.94,214,5,0.154,0.457,3.5,3.66,3.56,215,58,0.0294,0.444,0.86,0.05,1.5,0.9787,0.1717,0.2883,0.001144,27.9,2025,9,3,Sep 2025
BIZ_077,Amber Stir,Coffee Shop,Hitech City,West,17.477599,78.411462,2,5.8,False,2025-10-01,3.85,220,6,0.154,0.726,3.9,3.61,3.21,227,62,0.0865,0.397,1.03,-0.09,0.2,0.9562,0.2063,0.2883,0.001375,34.4,2025,10,4,Oct 2025
BIZ_077,Amber Stir,Coffee Shop,Hitech City,West,17.477599,78.411462,2,5.9,False,2025-11-01,3.89,225,5,0.123,0.395,13.6,3.97,3.89,204,78,0.0226,0.384,0.85,0.04,-0.1667,0.9657,0.1604,0.226,0.00107,24.8,2025,11,4,Nov 2025
BIZ_077,Amber Stir,Coffee Shop,Hitech City,West,17.477599,78.411462,2,6.0,False,2025-12-01,3.58,232,7,0.144,0.685,6.7,3.27,3.56,310,70,0.0572,0.391,1.17,-0.31,0.4,0.885,0.2143,0.2659,0.001429,25.4,2025,12,4,Dec 2025
BIZ_077,Amber Stir,Coffee Shop,Hitech City,West,17.477599,78.411462,2,6.1,False,2026-01-01,3.83,238,6,0.137,0.615,4.0,3.55,3.66,264,55,0.0225,0.464,0.98,0.25,-0.1429,0.9383,0.1838,0.2552,0.001225,21.5,2026,1,1,Jan 2026
BIZ_077,Amber Stir,Coffee Shop,Hitech City,West,17.477599,78.411462,2,6.2,False,2026-02-01,3.8,243,5,0.115,0.678,8.3,3.23,3.66,324,65,0.023,0.359,0.81,-0.03,-0.1667,0.9274,0.1524,0.2153,0.001016,23.2,2026,2,1,Feb 2026
BIZ_077,Amber Stir,Coffee Shop,Hitech City,West,17.477599,78.411462,2,6.3,False,2026-03-01,3.84,249,6,0.084,0.378,7.6,4.3,3.66,234,50,0.0303,0.361,0.95,0.04,0.2,0.9342,0.181,0.151,0.001207,28.9,2026,3,1,Mar 2026
BIZ_077,Amber Stir,Coffee Shop,Hitech City,West,17.477599,78.411462,2,6.3,False,2026-04-01,3.91,253,4,0.157,0.435,5.4,3.56,3.88,216,26,0.033,0.355,0.63,0.07,-0.3333,0.9471,0.1397,0.2896,0.000931,27.2,2026,4,2,Apr 2026
BIZ_077,Amber Stir,Coffee Shop,Hitech City,West,17.477599,78.411462,2,6.4,False,2026-05-01,3.87,259,6,0.401,0.618,3.7,3.07,4.0,158,34,0.0418,0.443,0.94,-0.04,0.5,0.9406,0.2139,0.7348,0.001426,29.3,2026,5,2,May 2026
BIZ_077,Amber Stir,Coffee Shop,Hitech City,West,17.477599,78.411462,2,6.5,False,2026-06-01,3.83,262,3,0.204,0.609,4.4,3.55,4.21,264,44,0.036,0.42,0.46,-0.04,-0.5,0.9328,0.1144,0.3725,0.000762,27.5,2026,6,2,Jun 2026
BIZ_078,Royal Pour Kitchen,Tea House,Madhapur,West,17.409724,78.399826,2,1.1,False,2025-01-01,4.27,205,21,0.433,0.627,4.5,4.18,4.25,305,65,0.0253,0.463,19.09,0.0,0.0,1.0494,0.6031,0.813,0.004021,40.0,2025,1,1,Jan 2025
BIZ_078,Royal Pour Kitchen,Tea House,Madhapur,West,17.409724,78.399826,2,1.2,False,2025-02-01,4.3,220,15,0.513,0.249,4.1,4.23,3.79,255,55,0.026,0.483,12.5,0.03,-0.2857,1.0529,0.4533,0.9704,0.003022,36.4,2025,2,1,Feb 2025
BIZ_078,Royal Pour Kitchen,Tea House,Madhapur,West,17.409724,78.399826,2,1.3,False,2025-03-01,4.27,240,20,0.5,0.518,6.8,3.95,3.96,316,52,0.0364,0.513,15.38,-0.03,0.3333,1.0407,0.608,0.9563,0.004054,40.1,2025,3,1,Mar 2025
BIZ_078,Royal Pour Kitchen,Tea House,Madhapur,West,17.409724,78.399826,2,1.4,False,2025-04-01,4.23,248,8,0.456,0.588,5.4,4.12,4.52,213,46,0.0327,0.427,5.71,-0.04,-0.6,1.0254,0.2433,0.8598,0.001622,35.1,2025,4,2,Apr 2025
BIZ_078,Royal Pour Kitchen,Tea House,Madhapur,West,17.409724,78.399826,2,1.4,False,2025-05-01,4.4,262,14,0.538,0.53,3.6,4.74,4.32,271,62,0.0229,0.538,10.0,0.17,0.75,1.068,0.4894,1.0223,0.003263,42.6,2025,5,2,May 2025
BIZ_078,Royal Pour Kitchen,Tea House,Madhapur,West,17.409724,78.399826,2,1.5,False,2025-06-01,4.28,275,13,0.421,0.351,11.7,4.35,4.46,208,52,0.0432,0.492,8.67,-0.12,-0.0714,1.0468,0.4652,0.7928,0.003101,39.3,2025,6,2,Jun 2025
BIZ_078,Royal Pour Kitchen,Tea House,Madhapur,West,17.409724,78.399826,2,1.6,False,2025-07-01,4.45,288,13,0.301,0.473,17.8,4.19,4.78,164,37,0.0434,0.367,8.12,0.17,0.0,1.094,0.5369,0.5626,0.003579,38.0,2025,7,3,Jul 2025
BIZ_078,Royal Pour Kitchen,Tea House,Madhapur,West,17.409724,78.399826,2,1.7,False,2025-08-01,4.22,294,6,0.426,0.509,9.9,3.56,4.44,222,58,0.1129,0.414,3.53,-0.23,-0.5385,1.0449,0.2426,0.7901,0.001617,46.7,2025,8,3,Aug 2025
BIZ_078,Royal Pour Kitchen,Tea House,Madhapur,West,17.409724,78.399826,2,1.8,False,2025-09-01,4.27,299,5,0.358,0.627,3.3,3.92,4.29,212,56,0.1367,0.434,2.78,0.05,-0.1667,1.0606,0.1717,0.6702,0.001144,46.8,2025,9,3,Sep 2025
BIZ_078,Royal Pour Kitchen,Tea House,Madhapur,West,17.409724,78.399826,2,1.9,False,2025-10-01,4.26,306,7,0.446,0.572,2.5,4.0,4.44,103,70,0.0628,0.406,3.68,-0.01,0.4,1.0581,0.2407,0.8349,0.001604,42.4,2025,10,4,Oct 2025
BIZ_078,Royal Pour Kitchen,Tea House,Madhapur,West,17.409724,78.399826,2,1.9,False,2025-11-01,4.29,312,6,0.302,0.718,4.5,3.87,4.32,222,54,0.0279,0.453,3.16,0.03,-0.1429,1.065,0.1925,0.555,0.001283,33.1,2025,11,4,Nov 2025
BIZ_078,Royal Pour Kitchen,Tea House,Madhapur,West,17.409724,78.399826,2,2.0,False,2025-12-01,4.27,331,19,0.307,0.506,12.7,4.19,4.5,307,70,0.0239,0.455,9.5,-0.02,2.1667,1.0556,0.5816,0.5669,0.003878,38.5,2025,12,4,Dec 2025
BIZ_078,Royal Pour Kitchen,Tea House,Madhapur,West,17.409724,78.399826,2,2.1,False,2026-01-01,4.28,350,19,0.374,0.484,5.0,4.47,4.29,295,40,0.0448,0.494,9.05,0.01,0.0,1.0486,0.582,0.6966,0.00388,41.0,2026,1,1,Jan 2026
BIZ_078,Royal Pour Kitchen,Tea House,Madhapur,West,17.409724,78.399826,2,2.2,False,2026-02-01,4.38,361,11,0.403,0.748,3.8,4.52,4.62,208,61,0.077,0.411,5.0,0.1,-0.4211,1.069,0.3354,0.7543,0.002236,46.6,2026,2,1,Feb 2026
BIZ_078,Royal Pour Kitchen,Tea House,Madhapur,West,17.409724,78.399826,2,2.3,False,2026-03-01,4.37,378,17,0.395,0.483,9.4,4.43,4.02,359,70,0.0453,0.412,7.39,-0.01,0.5455,1.0631,0.5128,0.71,0.003418,44.5,2026,3,1,Mar 2026
BIZ_078,Royal Pour Kitchen,Tea House,Madhapur,West,17.409724,78.399826,2,2.4,False,2026-04-01,4.28,392,14,0.359,0.563,7.5,4.25,4.54,204,63,0.1193,0.436,5.83,-0.09,-0.1765,1.0368,0.4889,0.6622,0.00326,51.8,2026,4,2,Apr 2026
BIZ_078,Royal Pour Kitchen,Tea House,Madhapur,West,17.409724,78.399826,2,2.4,False,2026-05-01,4.26,406,14,0.589,0.491,7.0,4.33,4.16,271,46,0.0282,0.455,5.83,-0.02,0.0,1.0354,0.4992,1.0793,0.003328,39.9,2026,5,2,May 2026
BIZ_078,Royal Pour Kitchen,Tea House,Madhapur,West,17.409724,78.399826,2,2.5,False,2026-06-01,4.44,418,12,0.589,0.541,4.9,3.97,4.08,167,30,0.0706,0.444,4.8,0.18,-0.1429,1.0814,0.4574,1.0756,0.00305,50.0,2026,6,2,Jun 2026
BIZ_079,Amber Brew,Coffee Shop,Somajiguda,Central,17.416257,78.44997,4,1.7,False,2025-01-01,4.22,394,30,0.616,0.504,4.4,4.11,3.74,264,28,0.0312,0.454,17.65,0.0,0.0,1.0371,0.8616,1.1565,0.005744,43.6,2025,1,1,Jan 2025
BIZ_079,Amber Brew,Coffee Shop,Somajiguda,Central,17.416257,78.44997,4,1.8,False,2025-02-01,4.33,415,21,0.52,0.389,15.7,3.95,3.7,356,71,0.0227,0.451,11.67,0.11,-0.3,1.0602,0.6346,0.9836,0.00423,35.7,2025,2,1,Feb 2025
BIZ_079,Amber Brew,Coffee Shop,Somajiguda,Central,17.416257,78.44997,4,1.9,False,2025-03-01,4.27,435,20,0.781,0.563,4.2,3.95,4.17,192,62,0.0434,0.502,10.53,-0.06,-0.0476,1.0407,0.608,1.4937,0.004054,44.8,2025,3,1,Mar 2025
BIZ_079,Amber Brew,Coffee Shop,Somajiguda,Central,17.416257,78.44997,4,1.9,False,2025-04-01,4.2,448,13,0.593,0.364,7.2,3.77,4.0,282,75,0.1057,0.429,6.84,-0.07,-0.35,1.0181,0.3953,1.1181,0.002635,44.7,2025,4,2,Apr 2025
BIZ_079,Amber Brew,Coffee Shop,Somajiguda,Central,17.416257,78.44997,4,2.0,False,2025-05-01,4.35,464,16,0.615,0.538,2.6,4.88,3.67,258,47,0.0361,0.436,8.0,0.15,0.2308,1.0559,0.5593,1.1687,0.003729,45.6,2025,5,2,May 2025
BIZ_079,Amber Brew,Coffee Shop,Somajiguda,Central,17.416257,78.44997,4,2.1,False,2025-06-01,4.29,473,9,0.452,0.429,3.1,4.53,4.35,147,62,0.0276,0.41,4.29,-0.06,-0.4375,1.0492,0.322,0.8512,0.002147,37.8,2025,6,2,Jun 2025
BIZ_079,Amber Brew,Coffee Shop,Somajiguda,Central,17.416257,78.44997,4,2.2,False,2025-07-01,4.22,487,14,0.655,0.458,6.7,4.27,3.79,179,57,0.0718,0.432,6.36,-0.07,0.5556,1.0374,0.5782,1.2244,0.003855,46.3,2025,7,3,Jul 2025
BIZ_079,Amber Brew,Coffee Shop,Somajiguda,Central,17.416257,78.44997,4,2.3,False,2025-08-01,4.16,513,26,0.636,0.404,8.9,3.92,3.41,329,38,0.0432,0.453,11.3,-0.06,0.8571,1.0301,1.0512,1.1796,0.007008,42.6,2025,8,3,Aug 2025
BIZ_079,Amber Brew,Coffee Shop,Somajiguda,Central,17.416257,78.44997,4,2.4,False,2025-09-01,4.11,525,12,0.687,0.547,3.5,3.54,3.73,274,47,0.0203,0.428,5.0,-0.05,-0.5385,1.0209,0.412,1.2862,0.002747,35.4,2025,9,3,Sep 2025
BIZ_079,Amber Brew,Coffee Shop,Somajiguda,Central,17.416257,78.44997,4,2.5,False,2025-10-01,4.17,549,24,0.656,0.591,2.4,3.54,3.65,321,51,0.0557,0.437,9.6,0.06,1.0,1.0357,0.8251,1.228,0.005501,44.4,2025,10,4,Oct 2025
BIZ_079,Amber Brew,Coffee Shop,Somajiguda,Central,17.416257,78.44997,4,2.5,False,2025-11-01,4.24,564,15,0.741,0.505,5.0,4.45,4.09,213,59,0.0204,0.47,6.0,0.07,-0.375,1.0526,0.4813,1.3617,0.003209,41.1,2025,11,4,Nov 2025
BIZ_079,Amber Brew,Coffee Shop,Somajiguda,Central,17.416257,78.44997,4,2.6,False,2025-12-01,4.1,592,28,0.769,0.644,3.6,4.03,3.75,338,73,0.0251,0.58,10.77,-0.14,0.8667,1.0136,0.8571,1.42,0.005714,41.5,2025,12,4,Dec 2025
BIZ_079,Amber Brew,Coffee Shop,Somajiguda,Central,17.416257,78.44997,4,2.7,False,2026-01-01,4.33,613,21,0.681,0.541,3.3,3.98,3.44,309,52,0.0376,0.464,7.78,0.23,-0.25,1.0608,0.6433,1.2685,0.004288,42.9,2026,1,1,Jan 2026
BIZ_079,Amber Brew,Coffee Shop,Somajiguda,Central,17.416257,78.44997,4,2.8,False,2026-02-01,4.3,633,20,0.708,0.517,5.1,3.59,3.7,294,52,0.0213,0.408,7.14,-0.03,-0.0476,1.0494,0.6098,1.3252,0.004065,41.4,2026,2,1,Feb 2026
BIZ_079,Amber Brew,Coffee Shop,Somajiguda,Central,17.416257,78.44997,4,2.9,False,2026-03-01,4.18,652,19,0.618,0.49,7.2,3.85,3.23,335,57,0.0242,0.477,6.55,-0.12,-0.05,1.0169,0.5731,1.1108,0.003821,38.5,2026,3,1,Mar 2026
BIZ_079,Amber Brew,Coffee Shop,Somajiguda,Central,17.416257,78.44997,4,3.0,False,2026-04-01,4.32,667,15,0.744,0.515,4.8,4.19,4.18,248,49,0.0441,0.419,5.0,0.14,-0.2105,1.0465,0.5239,1.3724,0.003492,47.2,2026,4,2,Apr 2026
BIZ_079,Amber Brew,Coffee Shop,Somajiguda,Central,17.416257,78.44997,4,3.0,False,2026-05-01,4.32,683,16,0.7,0.676,6.2,4.25,4.22,247,35,0.1029,0.512,5.33,0.0,0.0667,1.0499,0.5705,1.2827,0.003803,54.4,2026,5,2,May 2026
BIZ_079,Amber Brew,Coffee Shop,Somajiguda,Central,17.416257,78.44997,4,3.1,False,2026-06-01,4.19,700,17,0.808,0.401,6.2,4.08,3.59,173,41,0.047,0.491,5.48,-0.13,0.0625,1.0205,0.648,1.4755,0.00432,47.1,2026,6,2,Jun 2026
BIZ_080,Urban Toast Lounge,Bakery & Cafe,Narsingi,South,17.37852,78.427348,3,3.6,False,2025-01-01,4.31,59,5,0.579,0.543,4.7,4.25,3.98,206,61,0.0219,0.399,1.39,0.0,0.0,1.0593,0.1436,1.0871,0.000957,42.1,2025,1,1,Jan 2025
BIZ_080,Urban Toast Lounge,Bakery & Cafe,Narsingi,South,17.37852,78.427348,3,3.7,False,2025-02-01,4.3,65,6,0.761,0.487,3.7,4.57,3.89,295,49,0.0921,0.461,1.62,-0.01,0.2,1.0529,0.1813,1.4395,0.001209,50.2,2025,2,1,Feb 2025
BIZ_080,Urban Toast Lounge,Bakery & Cafe,Narsingi,South,17.37852,78.427348,3,3.8,False,2025-03-01,4.64,71,6,0.672,0.693,7.3,4.45,4.33,202,60,0.0247,0.515,1.58,0.34,0.0,1.1308,0.1824,1.2852,0.001216,46.3,2025,3,1,Mar 2025
BIZ_080,Urban Toast Lounge,Bakery & Cafe,Narsingi,South,17.37852,78.427348,3,3.9,False,2025-04-01,4.3,77,6,0.794,0.57,4.6,4.25,4.47,237,43,0.0828,0.412,1.54,-0.34,0.0,1.0423,0.1824,1.4971,0.001216,49.4,2025,4,2,Apr 2025
BIZ_080,Urban Toast Lounge,Bakery & Cafe,Narsingi,South,17.37852,78.427348,3,3.9,False,2025-05-01,4.28,82,5,0.73,0.426,3.5,3.63,3.59,236,6,0.0537,0.492,1.28,-0.02,-0.1667,1.0389,0.1748,1.3872,0.001165,43.3,2025,5,2,May 2025
BIZ_080,Urban Toast Lounge,Bakery & Cafe,Narsingi,South,17.37852,78.427348,3,4.0,False,2025-06-01,4.4,86,4,0.77,0.622,5.2,4.62,4.36,186,36,0.0485,0.423,1.0,0.12,-0.2,1.0761,0.1431,1.4501,0.000954,48.0,2025,6,2,Jun 2025
BIZ_080,Urban Toast Lounge,Bakery & Cafe,Narsingi,South,17.37852,78.427348,3,4.1,False,2025-07-01,4.3,88,2,0.668,0.568,5.3,4.11,4.33,202,54,0.0252,0.503,0.49,-0.1,-0.5,1.0571,0.0826,1.2487,0.000551,38.2,2025,7,3,Jul 2025
BIZ_080,Urban Toast Lounge,Bakery & Cafe,Narsingi,South,17.37852,78.427348,3,4.2,False,2025-08-01,4.21,95,7,0.785,0.523,4.0,4.16,3.72,325,63,0.0272,0.52,1.67,-0.09,2.5,1.0425,0.283,1.456,0.001887,45.0,2025,8,3,Aug 2025
BIZ_080,Urban Toast Lounge,Bakery & Cafe,Narsingi,South,17.37852,78.427348,3,4.3,False,2025-09-01,4.32,97,2,0.808,0.561,5.7,3.92,3.92,254,36,0.0304,0.371,0.47,0.11,-0.7143,1.073,0.0687,1.5127,0.000458,41.8,2025,9,3,Sep 2025
BIZ_080,Urban Toast Lounge,Bakery & Cafe,Narsingi,South,17.37852,78.427348,3,4.3,False,2025-10-01,4.33,100,3,0.715,0.317,5.8,4.58,4.2,190,65,0.035,0.472,0.7,0.01,0.5,1.0754,0.1031,1.3384,0.000688,45.7,2025,10,4,Oct 2025
BIZ_080,Urban Toast Lounge,Bakery & Cafe,Narsingi,South,17.37852,78.427348,3,4.4,False,2025-11-01,4.22,103,3,0.842,0.595,9.5,3.93,4.06,352,54,0.0298,0.392,0.68,-0.11,0.0,1.0476,0.0963,1.5473,0.000642,42.2,2025,11,4,Nov 2025
BIZ_080,Urban Toast Lounge,Bakery & Cafe,Narsingi,South,17.37852,78.427348,3,4.5,False,2025-12-01,4.31,109,6,0.826,0.49,6.7,4.25,4.29,369,60,0.022,0.375,1.33,0.09,1.0,1.0655,0.1837,1.5253,0.001224,44.4,2025,12,4,Dec 2025
BIZ_080,Urban Toast Lounge,Bakery & Cafe,Narsingi,South,17.37852,78.427348,3,4.6,False,2026-01-01,4.34,115,6,0.813,0.591,4.4,4.5,3.92,359,60,0.0245,0.589,1.3,0.03,0.0,1.0633,0.1838,1.5144,0.001225,44.6,2026,1,1,Jan 2026
BIZ_080,Urban Toast Lounge,Bakery & Cafe,Narsingi,South,17.37852,78.427348,3,4.7,False,2026-02-01,4.32,121,6,0.763,0.421,4.6,3.5,4.46,170,52,0.0279,0.483,1.28,-0.02,0.0,1.0543,0.1829,1.4282,0.00122,42.6,2026,2,1,Feb 2026
BIZ_080,Urban Toast Lounge,Bakery & Cafe,Narsingi,South,17.37852,78.427348,3,4.8,False,2026-03-01,4.23,125,4,0.89,0.507,2.9,4.08,3.93,233,107,0.0271,0.451,0.83,-0.09,-0.3333,1.029,0.1207,1.5997,0.000804,43.4,2026,3,1,Mar 2026
BIZ_080,Urban Toast Lounge,Bakery & Cafe,Narsingi,South,17.37852,78.427348,3,4.8,False,2026-04-01,4.44,130,5,0.863,0.553,3.3,4.61,4.44,295,68,0.0491,0.388,1.04,0.21,0.25,1.0755,0.1746,1.5919,0.001164,53.7,2026,4,2,Apr 2026
BIZ_080,Urban Toast Lounge,Bakery & Cafe,Narsingi,South,17.37852,78.427348,3,4.9,False,2026-05-01,4.4,136,6,0.755,0.479,5.8,4.26,4.06,234,53,0.0341,0.41,1.22,-0.04,0.2,1.0694,0.2139,1.3835,0.001426,44.8,2026,5,2,May 2026
BIZ_080,Urban Toast Lounge,Bakery & Cafe,Narsingi,South,17.37852,78.427348,3,5.0,False,2026-06-01,4.27,138,2,0.805,0.543,4.3,3.91,4.11,192,48,0.0422,0.503,0.4,-0.13,-0.6667,1.04,0.0762,1.47,0.000508,44.0,2026,6,2,Jun 2026
BIZ_081,Silver Brew,Coffee Shop,Ameerpet,Central,17.436867,78.433735,3,0.8,False,2025-01-01,3.86,309,30,0.533,0.519,5.1,3.82,3.58,341,76,0.0291,0.418,37.5,0.0,0.0,0.9487,0.8616,1.0007,0.005744,36.7,2025,1,1,Jan 2025
BIZ_081,Silver Brew,Coffee Shop,Ameerpet,Central,17.436867,78.433735,3,0.9,False,2025-02-01,3.73,338,29,0.688,0.465,5.2,3.47,3.49,243,58,0.0384,0.417,32.22,-0.13,-0.0333,0.9133,0.8763,1.3014,0.005842,32.1,2025,2,1,Feb 2025
BIZ_081,Silver Brew,Coffee Shop,Ameerpet,Central,17.436867,78.433735,3,1.0,False,2025-03-01,3.94,366,28,0.465,0.517,9.7,3.73,3.6,297,65,0.0334,0.483,28.0,0.21,-0.0345,0.9602,0.8512,0.8893,0.005675,33.5,2025,3,1,Mar 2025
BIZ_081,Silver Brew,Coffee Shop,Ameerpet,Central,17.436867,78.433735,3,1.1,False,2025-04-01,3.9,412,46,0.529,0.305,5.1,3.22,3.81,164,42,0.0226,0.483,41.82,-0.04,0.6429,0.9454,1.3987,0.9975,0.009325,31.4,2025,4,2,Apr 2025
BIZ_081,Silver Brew,Coffee Shop,Ameerpet,Central,17.436867,78.433735,3,1.1,False,2025-05-01,3.82,451,39,0.449,0.475,3.2,4.05,4.01,224,24,0.0598,0.417,35.45,-0.08,-0.1522,0.9272,1.3633,0.8532,0.009089,37.1,2025,5,2,May 2025
BIZ_081,Silver Brew,Coffee Shop,Ameerpet,Central,17.436867,78.433735,3,1.2,False,2025-06-01,3.85,476,25,0.527,0.251,4.9,3.4,3.69,226,53,0.0241,0.386,20.83,0.03,-0.359,0.9416,0.8946,0.9924,0.005964,29.7,2025,6,2,Jun 2025
BIZ_081,Silver Brew,Coffee Shop,Ameerpet,Central,17.436867,78.433735,3,1.3,False,2025-07-01,3.83,500,24,0.509,0.606,12.1,3.75,3.33,219,33,0.0361,0.477,18.46,-0.02,-0.04,0.9415,0.9912,0.9514,0.006608,31.9,2025,7,3,Jul 2025
BIZ_081,Silver Brew,Coffee Shop,Ameerpet,Central,17.436867,78.433735,3,1.4,False,2025-08-01,3.82,522,22,0.531,0.64,4.6,3.36,3.22,243,47,0.0218,0.456,15.71,-0.01,-0.0833,0.9459,0.8895,0.9849,0.00593,29.9,2025,8,3,Aug 2025
BIZ_081,Silver Brew,Coffee Shop,Ameerpet,Central,17.436867,78.433735,3,1.5,False,2025-09-01,3.82,539,17,0.412,0.412,6.4,3.74,3.52,327,61,0.0242,0.448,11.33,0.0,-0.2273,0.9488,0.5837,0.7713,0.003891,29.1,2025,9,3,Sep 2025
BIZ_081,Silver Brew,Coffee Shop,Ameerpet,Central,17.436867,78.433735,3,1.6,False,2025-10-01,3.79,575,36,0.53,0.552,7.6,3.44,3.67,237,48,0.0202,0.368,22.5,-0.03,1.1176,0.9413,1.2377,0.9921,0.008251,32.3,2025,10,4,Oct 2025
BIZ_081,Silver Brew,Coffee Shop,Ameerpet,Central,17.436867,78.433735,3,1.6,False,2025-11-01,3.84,593,18,0.529,0.462,6.8,3.98,3.97,303,42,0.0218,0.425,11.25,0.05,-0.5,0.9533,0.5775,0.9721,0.00385,31.3,2025,11,4,Nov 2025
BIZ_081,Silver Brew,Coffee Shop,Ameerpet,Central,17.436867,78.433735,3,1.7,False,2025-12-01,3.82,621,28,0.458,0.551,3.9,3.66,3.72,253,38,0.033,0.521,16.47,-0.02,0.5556,0.9444,0.8571,0.8457,0.005714,32.6,2025,12,4,Dec 2025
BIZ_081,Silver Brew,Coffee Shop,Ameerpet,Central,17.436867,78.433735,3,1.8,False,2026-01-01,3.93,636,15,0.598,0.656,4.1,3.66,3.65,313,72,0.0203,0.414,8.33,0.11,-0.4643,0.9628,0.4595,1.1139,0.003063,30.6,2026,1,1,Jan 2026
BIZ_081,Silver Brew,Coffee Shop,Ameerpet,Central,17.436867,78.433735,3,1.9,False,2026-02-01,3.79,657,21,0.623,0.516,6.3,3.34,3.23,330,57,0.0285,0.502,11.05,-0.14,0.4,0.925,0.6402,1.1661,0.004268,35.8,2026,2,1,Feb 2026
BIZ_081,Silver Brew,Coffee Shop,Ameerpet,Central,17.436867,78.433735,3,2.0,False,2026-03-01,3.85,691,34,0.568,0.47,2.3,3.75,3.65,323,48,0.021,0.407,17.0,0.06,0.619,0.9366,1.0255,1.0209,0.006837,35.1,2026,3,1,Mar 2026
BIZ_081,Silver Brew,Coffee Shop,Ameerpet,Central,17.436867,78.433735,3,2.0,False,2026-04-01,3.96,719,28,0.406,0.617,1.2,3.16,3.89,276,40,0.0302,0.551,14.0,0.11,-0.1765,0.9593,0.9779,0.7489,0.006519,32.6,2026,4,2,Apr 2026
BIZ_081,Silver Brew,Coffee Shop,Ameerpet,Central,17.436867,78.433735,3,2.1,False,2026-05-01,3.91,748,29,0.6,0.502,6.6,3.73,3.83,131,39,0.0414,0.422,13.81,-0.05,0.0357,0.9503,1.034,1.0995,0.006893,36.4,2026,5,2,May 2026
BIZ_081,Silver Brew,Coffee Shop,Ameerpet,Central,17.436867,78.433735,3,2.2,False,2026-06-01,3.87,782,34,0.39,0.454,2.6,3.59,3.56,221,34,0.0478,0.414,15.45,-0.04,0.1724,0.9426,1.2961,0.7122,0.00864,36.7,2026,6,2,Jun 2026
BIZ_082,Silver Cup Bar,Coffee Shop,Banjara Hills,Central,17.403217,78.454355,1,2.0,False,2025-01-01,4.01,150,7,0.202,0.624,2.0,3.66,4.56,175,56,0.1048,0.429,3.5,0.0,0.0,0.9855,0.201,0.3793,0.00134,39.3,2025,1,1,Jan 2025
BIZ_082,Silver Cup Bar,Coffee Shop,Banjara Hills,Central,17.403217,78.454355,1,2.1,False,2025-02-01,4.19,156,6,0.374,0.512,6.8,4.18,4.33,248,81,0.0379,0.542,2.86,0.18,-0.1429,1.0259,0.1813,0.7074,0.001209,33.3,2025,2,1,Feb 2025
BIZ_082,Silver Cup Bar,Coffee Shop,Banjara Hills,Central,17.403217,78.454355,1,2.2,False,2025-03-01,4.09,165,9,0.336,0.474,4.5,3.74,4.3,278,60,0.0307,0.382,4.09,-0.1,0.5,0.9968,0.2736,0.6426,0.001824,33.4,2025,3,1,Mar 2025
BIZ_082,Silver Cup Bar,Coffee Shop,Banjara Hills,Central,17.403217,78.454355,1,2.2,False,2025-04-01,4.22,172,7,0.403,0.47,4.7,3.98,4.4,312,79,0.022,0.422,3.18,0.13,-0.2222,1.0229,0.2129,0.7599,0.001419,33.0,2025,4,2,Apr 2025
BIZ_082,Silver Cup Bar,Coffee Shop,Banjara Hills,Central,17.403217,78.454355,1,2.3,False,2025-05-01,4.14,177,5,0.388,0.536,2.0,4.31,4.54,248,29,0.0274,0.411,2.17,-0.08,-0.2857,1.0049,0.1748,0.7373,0.001165,32.9,2025,5,2,May 2025
BIZ_082,Silver Cup Bar,Coffee Shop,Banjara Hills,Central,17.403217,78.454355,1,2.4,False,2025-06-01,4.16,181,4,0.227,0.631,4.1,3.41,4.28,243,49,0.0378,0.429,1.67,0.02,-0.2,1.0174,0.1431,0.4275,0.000954,29.1,2025,6,2,Jun 2025
BIZ_082,Silver Cup Bar,Coffee Shop,Banjara Hills,Central,17.403217,78.454355,1,2.5,False,2025-07-01,4.02,184,3,0.431,0.518,4.7,4.14,4.0,218,69,0.0224,0.509,1.2,-0.14,-0.25,0.9882,0.1239,0.8056,0.000826,30.8,2025,7,3,Jul 2025
BIZ_082,Silver Cup Bar,Coffee Shop,Banjara Hills,Central,17.403217,78.454355,1,2.6,False,2025-08-01,4.1,190,6,0.436,0.537,5.5,3.6,4.31,150,41,0.0382,0.435,2.31,0.08,1.0,1.0152,0.2426,0.8087,0.001617,35.5,2025,8,3,Aug 2025
BIZ_082,Silver Cup Bar,Coffee Shop,Banjara Hills,Central,17.403217,78.454355,1,2.7,False,2025-09-01,4.11,195,5,0.366,0.534,4.1,3.94,4.01,270,48,0.0397,0.441,1.85,0.01,-0.1667,1.0209,0.1717,0.6852,0.001144,33.9,2025,9,3,Sep 2025
BIZ_082,Silver Cup Bar,Coffee Shop,Banjara Hills,Central,17.403217,78.454355,1,2.8,False,2025-10-01,3.85,203,8,0.526,0.486,6.7,4.03,4.27,176,53,0.0594,0.543,2.86,-0.26,0.6,0.9562,0.275,0.9846,0.001834,39.2,2025,10,4,Oct 2025
BIZ_082,Silver Cup Bar,Coffee Shop,Banjara Hills,Central,17.403217,78.454355,1,2.8,False,2025-11-01,3.91,207,4,0.541,0.436,3.5,3.82,4.44,305,45,0.0211,0.424,1.43,0.06,-0.5,0.9706,0.1283,0.9942,0.000856,31.0,2025,11,4,Nov 2025
BIZ_082,Silver Cup Bar,Coffee Shop,Banjara Hills,Central,17.403217,78.454355,1,2.9,False,2025-12-01,4.11,214,7,0.47,0.473,13.3,4.01,4.2,242,55,0.0454,0.444,2.41,0.2,0.75,1.0161,0.2143,0.8679,0.001429,38.5,2025,12,4,Dec 2025
BIZ_082,Silver Cup Bar,Coffee Shop,Banjara Hills,Central,17.403217,78.454355,1,3.0,False,2026-01-01,3.98,220,6,0.538,0.608,3.0,4.1,4.37,284,35,0.0219,0.484,2.0,-0.13,-0.1429,0.9751,0.1838,1.0021,0.001225,32.7,2026,1,1,Jan 2026
BIZ_082,Silver Cup Bar,Coffee Shop,Banjara Hills,Central,17.403217,78.454355,1,3.1,False,2026-02-01,4.04,225,5,0.565,0.519,8.1,4.3,4.52,338,59,0.0388,0.459,1.61,0.06,-0.1667,0.986,0.1524,1.0576,0.001016,39.9,2026,2,1,Feb 2026
BIZ_082,Silver Cup Bar,Coffee Shop,Banjara Hills,Central,17.403217,78.454355,1,3.2,False,2026-03-01,4.09,233,8,0.56,0.359,5.8,4.24,4.41,266,61,0.0509,0.463,2.5,0.05,0.6,0.995,0.2413,1.0066,0.001609,43.6,2026,3,1,Mar 2026
BIZ_082,Silver Cup Bar,Coffee Shop,Banjara Hills,Central,17.403217,78.454355,1,3.2,False,2026-04-01,4.07,240,7,0.368,0.592,5.8,3.68,4.08,233,30,0.0378,0.373,2.19,-0.02,-0.125,0.9859,0.2445,0.6788,0.00163,34.8,2026,4,2,Apr 2026
BIZ_082,Silver Cup Bar,Coffee Shop,Banjara Hills,Central,17.403217,78.454355,1,3.3,False,2026-05-01,4.08,243,3,0.327,0.611,4.7,3.49,3.83,170,35,0.0323,0.507,0.91,0.01,-0.5714,0.9916,0.107,0.5992,0.000713,29.3,2026,5,2,May 2026
BIZ_082,Silver Cup Bar,Coffee Shop,Banjara Hills,Central,17.403217,78.454355,1,3.4,False,2026-06-01,4.06,247,4,0.595,0.655,4.3,3.73,4.83,253,47,0.0367,0.482,1.18,-0.02,0.3333,0.9888,0.1525,1.0865,0.001017,38.4,2026,6,2,Jun 2026
BIZ_083,Cozy Filter,Cafe,Charminar,Old City,17.355832,78.489794,3,2.1,False,2025-01-01,4.52,1071,53,0.894,0.603,3.2,4.19,3.66,256,71,0.022,0.608,25.24,0.0,0.0,1.1109,1.5221,1.6785,0.010147,52.5,2025,1,1,Jan 2025
BIZ_083,Cozy Filter,Cafe,Charminar,Old City,17.355832,78.489794,3,2.2,False,2025-02-01,4.67,1118,47,0.851,0.522,6.3,4.1,4.49,348,29,0.0458,0.545,21.36,0.15,-0.1132,1.1434,1.4202,1.6097,0.009468,51.3,2025,2,1,Feb 2025
BIZ_083,Cozy Filter,Cafe,Charminar,Old City,17.355832,78.489794,3,2.3,False,2025-03-01,4.61,1181,63,0.859,0.492,5.3,4.35,4.02,276,65,0.0247,0.496,27.39,-0.06,0.3404,1.1235,1.9153,1.6429,0.012769,53.6,2025,3,1,Mar 2025
BIZ_083,Cozy Filter,Cafe,Charminar,Old City,17.355832,78.489794,3,2.4,False,2025-04-01,4.52,1244,63,0.774,0.289,5.5,4.54,4.06,200,64,0.0511,0.45,26.25,-0.09,0.0,1.0957,1.9157,1.4594,0.012771,51.6,2025,4,2,Apr 2025
BIZ_083,Cozy Filter,Cafe,Charminar,Old City,17.355832,78.489794,3,2.4,False,2025-05-01,4.46,1277,33,0.93,0.424,2.7,4.61,4.22,268,41,0.0392,0.374,13.75,-0.06,-0.4762,1.0826,1.1536,1.7672,0.007691,51.9,2025,5,2,May 2025
BIZ_083,Cozy Filter,Cafe,Charminar,Old City,17.355832,78.489794,3,2.5,False,2025-06-01,4.54,1320,43,0.791,0.597,4.7,5.0,3.79,285,37,0.0311,0.508,17.2,0.08,0.303,1.1104,1.5386,1.4896,0.010258,52.0,2025,6,2,Jun 2025
BIZ_083,Cozy Filter,Cafe,Charminar,Old City,17.355832,78.489794,3,2.6,False,2025-07-01,4.45,1373,53,1.0,0.661,6.6,4.17,4.31,191,45,0.0294,0.477,20.38,-0.09,0.2326,1.094,2.1889,1.8693,0.014593,51.1,2025,7,3,Jul 2025
BIZ_083,Cozy Filter,Cafe,Charminar,Old City,17.355832,78.489794,3,2.7,False,2025-08-01,4.4,1395,22,0.937,0.573,4.7,4.61,4.13,202,53,0.0857,0.496,8.15,-0.05,-0.5849,1.0895,0.8895,1.7379,0.00593,57.9,2025,8,3,Aug 2025
BIZ_083,Cozy Filter,Cafe,Charminar,Old City,17.355832,78.489794,3,2.8,False,2025-09-01,4.47,1440,45,0.957,0.502,5.4,4.27,4.41,287,41,0.0218,0.384,16.07,0.07,1.0455,1.1103,1.545,1.7917,0.0103,49.5,2025,9,3,Sep 2025
BIZ_083,Cozy Filter,Cafe,Charminar,Old City,17.355832,78.489794,3,2.9,False,2025-10-01,4.33,1464,24,0.815,0.456,4.8,4.33,4.18,154,51,0.0235,0.409,8.28,-0.14,-0.4667,1.0754,0.8251,1.5256,0.005501,43.8,2025,10,4,Oct 2025
BIZ_083,Cozy Filter,Cafe,Charminar,Old City,17.355832,78.489794,3,2.9,False,2025-11-01,4.35,1524,60,0.939,0.725,2.8,4.61,3.97,243,94,0.044,0.427,20.69,0.02,1.5,1.0799,1.9251,1.7255,0.012834,55.1,2025,11,4,Nov 2025
BIZ_083,Cozy Filter,Cafe,Charminar,Old City,17.355832,78.489794,3,3.0,False,2025-12-01,4.42,1607,83,0.876,0.463,3.0,4.33,3.92,277,27,0.0251,0.406,27.67,0.07,0.3833,1.0927,2.5408,1.6176,0.016939,50.2,2025,12,4,Dec 2025
BIZ_083,Cozy Filter,Cafe,Charminar,Old City,17.355832,78.489794,3,3.1,False,2026-01-01,4.57,1627,20,0.876,0.566,6.2,3.99,3.93,326,55,0.0436,0.439,6.45,0.15,-0.759,1.1196,0.6126,1.6317,0.004084,49.2,2026,1,1,Jan 2026
BIZ_083,Cozy Filter,Cafe,Charminar,Old City,17.355832,78.489794,3,3.2,False,2026-02-01,4.44,1663,36,0.829,0.58,2.8,4.16,4.02,209,69,0.0214,0.498,11.25,-0.13,0.8,1.0836,1.0976,1.5517,0.007317,51.2,2026,2,1,Feb 2026
BIZ_083,Cozy Filter,Cafe,Charminar,Old City,17.355832,78.489794,3,3.3,False,2026-03-01,4.58,1704,41,0.847,0.568,2.3,3.74,5.0,228,47,0.0471,0.517,12.42,0.14,0.1389,1.1142,1.2367,1.5224,0.008245,51.6,2026,3,1,Mar 2026
BIZ_083,Cozy Filter,Cafe,Charminar,Old City,17.355832,78.489794,3,3.4,False,2026-04-01,4.44,1746,42,0.856,0.632,3.4,4.13,4.48,198,51,0.0308,0.419,12.35,-0.14,0.0244,1.0755,1.4668,1.579,0.009779,51.3,2026,4,2,Apr 2026
BIZ_083,Cozy Filter,Cafe,Charminar,Old City,17.355832,78.489794,3,3.4,False,2026-05-01,4.46,1793,47,0.921,0.554,4.2,4.37,4.21,278,56,0.0218,0.537,13.82,0.02,0.119,1.084,1.6758,1.6877,0.011172,48.6,2026,5,2,May 2026
BIZ_083,Cozy Filter,Cafe,Charminar,Old City,17.355832,78.489794,3,3.5,False,2026-06-01,4.5,1846,53,0.971,0.458,11.7,4.38,4.21,231,60,0.0235,0.577,15.14,0.04,0.1277,1.096,2.0203,1.7732,0.013469,52.8,2026,6,2,Jun 2026
BIZ_084,Cozy Toast,Tea House,Miyapur,West,17.412595,78.360347,3,4.5,False,2025-01-01,3.8,452,5,0.482,0.657,1.6,3.88,3.55,353,56,0.0567,0.464,1.11,0.0,0.0,0.9339,0.1436,0.905,0.000957,37.2,2025,1,1,Jan 2025
BIZ_084,Cozy Toast,Tea House,Miyapur,West,17.412595,78.360347,3,4.6,False,2025-02-01,3.82,460,8,0.516,0.414,6.5,3.87,3.87,305,50,0.0266,0.434,1.74,0.02,0.6,0.9353,0.2417,0.976,0.001612,30.1,2025,2,1,Feb 2025
BIZ_084,Cozy Toast,Tea House,Miyapur,West,17.412595,78.360347,3,4.7,False,2025-03-01,3.9,467,7,0.549,0.621,3.9,3.43,4.18,223,58,0.0344,0.412,1.49,0.08,-0.125,0.9505,0.2128,1.05,0.001419,32.0,2025,3,1,Mar 2025
BIZ_084,Cozy Toast,Tea House,Miyapur,West,17.412595,78.360347,3,4.8,False,2025-04-01,3.93,472,5,0.481,0.562,5.2,3.88,3.44,332,78,0.0391,0.418,1.04,0.03,-0.2857,0.9526,0.152,0.907,0.001014,32.1,2025,4,2,Apr 2025
BIZ_084,Cozy Toast,Tea House,Miyapur,West,17.412595,78.360347,3,4.8,False,2025-05-01,3.79,478,6,0.338,0.493,9.2,3.33,3.02,168,58,0.0205,0.427,1.25,-0.14,0.2,0.9199,0.2097,0.6423,0.001398,22.9,2025,5,2,May 2025
BIZ_084,Cozy Toast,Tea House,Miyapur,West,17.412595,78.360347,3,4.9,False,2025-06-01,3.68,487,9,0.373,0.473,7.0,3.16,3.44,287,49,0.0707,0.476,1.84,-0.11,0.5,0.9,0.322,0.7024,0.002147,30.8,2025,6,2,Jun 2025
BIZ_084,Cozy Toast,Tea House,Miyapur,West,17.412595,78.360347,3,5.0,False,2025-07-01,3.84,499,12,0.376,0.466,6.2,3.64,3.85,238,37,0.0659,0.323,2.4,0.16,0.3333,0.944,0.4956,0.7028,0.003304,32.9,2025,7,3,Jul 2025
BIZ_084,Cozy Toast,Tea House,Miyapur,West,17.412595,78.360347,3,5.1,False,2025-08-01,3.6,504,5,0.392,0.403,9.7,3.4,3.35,154,42,0.0376,0.483,0.98,-0.24,-0.5833,0.8914,0.2022,0.7271,0.001348,26.1,2025,8,3,Aug 2025
BIZ_084,Cozy Toast,Tea House,Miyapur,West,17.412595,78.360347,3,5.2,False,2025-09-01,3.7,509,5,0.467,0.528,4.1,3.27,3.24,268,27,0.0361,0.439,0.96,0.1,0.0,0.919,0.1717,0.8743,0.001144,28.1,2025,9,3,Sep 2025
BIZ_084,Cozy Toast,Tea House,Miyapur,West,17.412595,78.360347,3,5.2,False,2025-10-01,3.65,517,8,0.513,0.585,20.0,3.23,3.51,327,72,0.0338,0.452,1.54,-0.05,0.6,0.9065,0.275,0.9603,0.001834,29.5,2025,10,4,Oct 2025
BIZ_084,Cozy Toast,Tea House,Miyapur,West,17.412595,78.360347,3,5.3,False,2025-11-01,3.57,524,7,0.44,0.508,5.5,3.45,3.5,281,68,0.0321,0.473,1.32,-0.08,-0.125,0.8862,0.2246,0.8086,0.001497,26.4,2025,11,4,Nov 2025
BIZ_084,Cozy Toast,Tea House,Miyapur,West,17.412595,78.360347,3,5.4,False,2025-12-01,3.68,532,8,0.464,0.577,3.3,3.29,3.06,334,51,0.0495,0.357,1.48,0.11,0.1429,0.9098,0.2449,0.8568,0.001633,30.1,2025,12,4,Dec 2025
BIZ_084,Cozy Toast,Tea House,Miyapur,West,17.412595,78.360347,3,5.5,False,2026-01-01,3.82,541,9,0.482,0.53,6.8,3.76,3.74,299,56,0.0204,0.498,1.64,0.14,0.125,0.9359,0.2757,0.8978,0.001838,28.8,2026,1,1,Jan 2026
BIZ_084,Cozy Toast,Tea House,Miyapur,West,17.412595,78.360347,3,5.6,False,2026-02-01,3.69,554,13,0.47,0.551,8.8,3.32,3.73,263,34,0.0376,0.465,2.32,-0.13,0.4444,0.9006,0.3963,0.8797,0.002642,33.0,2026,2,1,Feb 2026
BIZ_084,Cozy Toast,Tea House,Miyapur,West,17.412595,78.360347,3,5.7,False,2026-03-01,3.74,566,12,0.405,0.531,4.9,3.69,3.59,314,63,0.067,0.377,2.11,0.05,-0.0769,0.9098,0.362,0.728,0.002413,36.0,2026,3,1,Mar 2026
BIZ_084,Cozy Toast,Tea House,Miyapur,West,17.412595,78.360347,3,5.8,False,2026-04-01,3.91,575,9,0.488,0.691,3.2,3.67,3.79,203,47,0.0257,0.421,1.55,0.17,-0.25,0.9471,0.3143,0.9002,0.002095,32.7,2026,4,2,Apr 2026
BIZ_084,Cozy Toast,Tea House,Miyapur,West,17.412595,78.360347,3,5.8,False,2026-05-01,3.9,586,11,0.532,0.462,8.0,3.55,3.24,227,65,0.0623,0.495,1.9,-0.01,0.2222,0.9479,0.3922,0.9749,0.002615,37.1,2026,5,2,May 2026
BIZ_084,Cozy Toast,Tea House,Miyapur,West,17.412595,78.360347,3,5.9,False,2026-06-01,3.77,594,8,0.386,0.426,6.1,3.37,3.18,208,45,0.0415,0.483,1.36,-0.13,-0.2727,0.9182,0.305,0.7049,0.002033,30.6,2026,6,2,Jun 2026
BIZ_085,Jade Cup Place,Cafe,Narsingi,South,17.389886,78.444752,3,2.4,False,2025-01-01,3.87,290,15,0.681,0.427,11.8,3.82,3.73,275,35,0.0583,0.439,6.25,0.0,0.0,0.9511,0.4308,1.2786,0.002872,42.0,2025,1,1,Jan 2025
BIZ_085,Jade Cup Place,Cafe,Narsingi,South,17.389886,78.444752,3,2.5,False,2025-02-01,3.94,297,7,0.686,0.424,2.5,3.75,4.17,311,67,0.0204,0.394,2.8,0.07,-0.5333,0.9647,0.2115,1.2976,0.00141,31.5,2025,2,1,Feb 2025
BIZ_085,Jade Cup Place,Cafe,Narsingi,South,17.389886,78.444752,3,2.6,False,2025-03-01,4.07,311,14,0.54,0.612,5.2,4.0,4.31,192,48,0.103,0.544,5.38,0.13,1.0,0.9919,0.4256,1.0328,0.002837,48.5,2025,3,1,Mar 2025
BIZ_085,Jade Cup Place,Cafe,Narsingi,South,17.389886,78.444752,3,2.6,False,2025-04-01,3.96,317,6,0.458,0.637,2.8,4.32,3.07,321,57,0.0219,0.46,2.31,-0.11,-0.5714,0.9599,0.1824,0.8636,0.001216,31.5,2025,4,2,Apr 2025
BIZ_085,Jade Cup Place,Cafe,Narsingi,South,17.389886,78.444752,3,2.7,False,2025-05-01,4.03,322,5,0.645,0.369,5.5,3.83,3.94,231,48,0.025,0.414,1.85,0.07,-0.1667,0.9782,0.1748,1.2257,0.001165,34.1,2025,5,2,May 2025
BIZ_085,Jade Cup Place,Cafe,Narsingi,South,17.389886,78.444752,3,2.8,False,2025-06-01,3.9,332,10,0.666,0.603,3.4,3.81,3.72,150,49,0.034,0.491,3.57,-0.13,1.0,0.9538,0.3578,1.2542,0.002385,36.5,2025,6,2,Jun 2025
BIZ_085,Jade Cup Place,Cafe,Narsingi,South,17.389886,78.444752,3,2.9,False,2025-07-01,3.94,340,8,0.539,0.56,5.2,3.87,3.51,172,22,0.0765,0.426,2.76,0.04,-0.2,0.9686,0.3304,1.0075,0.002203,38.8,2025,7,3,Jul 2025
BIZ_085,Jade Cup Place,Cafe,Narsingi,South,17.389886,78.444752,3,3.0,False,2025-08-01,3.84,348,8,0.479,0.373,12.3,3.52,3.68,231,49,0.1047,0.434,2.67,-0.1,0.0,0.9508,0.3235,0.8884,0.002156,42.5,2025,8,3,Aug 2025
BIZ_085,Jade Cup Place,Cafe,Narsingi,South,17.389886,78.444752,3,3.1,False,2025-09-01,3.89,361,13,0.49,0.472,4.0,3.65,3.43,159,50,0.034,0.405,4.19,0.05,0.625,0.9662,0.4463,0.9174,0.002976,32.7,2025,9,3,Sep 2025
BIZ_085,Jade Cup Place,Cafe,Narsingi,South,17.389886,78.444752,3,3.1,False,2025-10-01,3.99,370,9,0.479,0.629,4.9,3.69,3.84,217,34,0.0225,0.46,2.9,0.1,-0.3077,0.991,0.3094,0.8966,0.002063,30.8,2025,10,4,Oct 2025
BIZ_085,Jade Cup Place,Cafe,Narsingi,South,17.389886,78.444752,3,3.2,False,2025-11-01,3.85,385,15,0.541,0.598,6.2,3.85,3.45,278,52,0.0504,0.468,4.69,-0.14,0.6667,0.9557,0.4813,0.9942,0.003209,37.2,2025,11,4,Nov 2025
BIZ_085,Jade Cup Place,Cafe,Narsingi,South,17.389886,78.444752,3,3.3,False,2025-12-01,3.73,395,10,0.326,0.378,4.5,3.86,3.7,254,67,0.0311,0.438,3.03,-0.12,-0.3333,0.9221,0.3061,0.602,0.002041,27.7,2025,12,4,Dec 2025
BIZ_085,Jade Cup Place,Cafe,Narsingi,South,17.389886,78.444752,3,3.4,False,2026-01-01,3.97,404,9,0.495,0.671,4.1,3.88,3.9,279,67,0.0709,0.453,2.65,0.24,-0.1,0.9726,0.2757,0.922,0.001838,41.5,2026,1,1,Jan 2026
BIZ_085,Jade Cup Place,Cafe,Narsingi,South,17.389886,78.444752,3,3.5,False,2026-02-01,3.89,413,9,0.632,0.308,11.9,3.51,3.51,295,34,0.0673,0.436,2.57,-0.08,0.0,0.9494,0.2744,1.183,0.001829,41.1,2026,2,1,Feb 2026
BIZ_085,Jade Cup Place,Cafe,Narsingi,South,17.389886,78.444752,3,3.6,False,2026-03-01,3.93,422,9,0.503,0.651,1.9,4.11,4.3,332,49,0.055,0.41,2.5,0.04,0.0,0.9561,0.2715,0.9041,0.00181,39.5,2026,3,1,Mar 2026
BIZ_085,Jade Cup Place,Cafe,Narsingi,South,17.389886,78.444752,3,3.6,False,2026-04-01,3.94,429,7,0.486,0.391,6.4,3.29,3.69,187,49,0.02,0.462,1.94,0.01,-0.2222,0.9544,0.2445,0.8965,0.00163,30.8,2026,4,2,Apr 2026
BIZ_085,Jade Cup Place,Cafe,Narsingi,South,17.389886,78.444752,3,3.7,False,2026-05-01,4.02,438,9,0.461,0.456,20.0,4.1,3.77,202,24,0.028,0.45,2.43,0.08,0.2857,0.977,0.3209,0.8448,0.002139,34.0,2026,5,2,May 2026
BIZ_085,Jade Cup Place,Cafe,Narsingi,South,17.389886,78.444752,3,3.8,False,2026-06-01,3.94,447,9,0.55,0.546,5.9,3.76,3.91,105,66,0.032,0.481,2.37,-0.08,0.0,0.9596,0.3431,1.0044,0.002287,35.4,2026,6,2,Jun 2026
BIZ_086,Ivory Drip,Restaurant & Cafe,Kondapur,West,17.403838,78.388216,3,8.7,False,2025-01-01,3.89,42,8,0.462,0.443,11.5,3.61,3.57,267,46,0.0261,0.463,0.92,0.0,0.0,0.956,0.2298,0.8674,0.001532,33.4,2025,1,1,Jan 2025
BIZ_086,Ivory Drip,Restaurant & Cafe,Kondapur,West,17.403838,78.388216,3,8.8,False,2025-02-01,3.86,48,6,0.415,0.614,7.5,3.13,3.44,270,56,0.0515,0.445,0.68,-0.03,-0.25,0.9451,0.1813,0.785,0.001209,27.1,2025,2,1,Feb 2025
BIZ_086,Ivory Drip,Restaurant & Cafe,Kondapur,West,17.403838,78.388216,3,8.9,False,2025-03-01,3.98,54,6,0.424,0.568,25.1,3.47,3.5,256,74,0.0236,0.438,0.67,0.12,0.0,0.97,0.1824,0.8109,0.001216,29.9,2025,3,1,Mar 2025
BIZ_086,Ivory Drip,Restaurant & Cafe,Kondapur,West,17.403838,78.388216,3,8.9,False,2025-04-01,3.8,62,8,0.372,0.428,6.1,3.87,3.6,274,36,0.038,0.409,0.9,-0.18,0.3333,0.9211,0.2433,0.7014,0.001622,30.0,2025,4,2,Apr 2025
BIZ_086,Ivory Drip,Restaurant & Cafe,Kondapur,West,17.403838,78.388216,3,9.0,False,2025-05-01,3.9,66,4,0.462,0.498,7.3,3.95,3.88,150,24,0.0414,0.453,0.44,0.1,-0.5,0.9466,0.1398,0.8779,0.000932,31.9,2025,5,2,May 2025
BIZ_086,Ivory Drip,Restaurant & Cafe,Kondapur,West,17.403838,78.388216,3,9.1,False,2025-06-01,3.81,69,3,0.445,0.658,5.7,3.51,3.74,199,49,0.0307,0.528,0.33,-0.09,-0.25,0.9318,0.1073,0.838,0.000716,28.0,2025,6,2,Jun 2025
BIZ_086,Ivory Drip,Restaurant & Cafe,Kondapur,West,17.403838,78.388216,3,9.2,False,2025-07-01,3.86,70,1,0.527,0.557,8.9,3.49,3.55,171,74,0.0237,0.381,0.11,0.05,-0.6667,0.9489,0.0413,0.9851,0.000275,27.3,2025,7,3,Jul 2025
BIZ_086,Ivory Drip,Restaurant & Cafe,Kondapur,West,17.403838,78.388216,3,9.3,False,2025-08-01,3.71,74,4,0.358,0.586,10.7,3.46,3.54,318,25,0.0425,0.495,0.43,-0.15,3.0,0.9187,0.1617,0.664,0.001078,32.2,2025,8,3,Aug 2025
BIZ_086,Ivory Drip,Restaurant & Cafe,Kondapur,West,17.403838,78.388216,3,9.4,False,2025-09-01,3.85,77,3,0.462,0.652,7.3,3.7,4.14,257,66,0.0216,0.488,0.32,0.14,-0.25,0.9563,0.103,0.865,0.000687,29.3,2025,9,3,Sep 2025
BIZ_086,Ivory Drip,Restaurant & Cafe,Kondapur,West,17.403838,78.388216,3,9.4,False,2025-10-01,3.85,81,4,0.472,0.413,10.7,3.42,3.6,192,65,0.0202,0.399,0.43,0.0,0.3333,0.9562,0.1375,0.8835,0.000917,28.8,2025,10,4,Oct 2025
BIZ_086,Ivory Drip,Restaurant & Cafe,Kondapur,West,17.403838,78.388216,3,9.5,False,2025-11-01,3.8,87,6,0.471,0.491,10.2,3.64,3.65,260,42,0.0282,0.419,0.63,-0.05,0.5,0.9433,0.1925,0.8655,0.001283,30.5,2025,11,4,Nov 2025
BIZ_086,Ivory Drip,Restaurant & Cafe,Kondapur,West,17.403838,78.388216,3,9.6,False,2025-12-01,3.9,94,7,0.589,0.709,3.2,3.65,3.6,248,28,0.0237,0.547,0.73,0.1,0.1667,0.9642,0.2143,1.0877,0.001429,32.5,2025,12,4,Dec 2025
BIZ_086,Ivory Drip,Restaurant & Cafe,Kondapur,West,17.403838,78.388216,3,9.7,False,2026-01-01,3.81,102,8,0.463,0.559,7.1,3.53,3.67,202,44,0.0376,0.49,0.82,-0.09,0.1429,0.9334,0.245,0.8624,0.001634,31.0,2026,1,1,Jan 2026
BIZ_086,Ivory Drip,Restaurant & Cafe,Kondapur,West,17.403838,78.388216,3,9.8,False,2026-02-01,3.73,109,7,0.443,0.42,8.7,3.81,3.42,318,22,0.0409,0.375,0.71,-0.08,-0.125,0.9103,0.2134,0.8292,0.001423,32.9,2026,2,1,Feb 2026
BIZ_086,Ivory Drip,Restaurant & Cafe,Kondapur,West,17.403838,78.388216,3,9.9,False,2026-03-01,3.78,112,3,0.467,0.516,5.2,3.26,3.29,273,61,0.051,0.464,0.3,0.05,-0.5714,0.9196,0.0905,0.8394,0.000603,31.5,2026,3,1,Mar 2026
BIZ_086,Ivory Drip,Restaurant & Cafe,Kondapur,West,17.403838,78.388216,3,9.9,False,2026-04-01,3.96,116,4,0.383,0.664,4.8,3.8,3.6,219,62,0.0447,0.48,0.4,0.18,0.3333,0.9593,0.1397,0.7065,0.000931,36.5,2026,4,2,Apr 2026
BIZ_086,Ivory Drip,Restaurant & Cafe,Kondapur,West,17.403838,78.388216,3,10.0,False,2026-05-01,3.93,119,3,0.552,0.53,4.0,3.67,3.78,216,46,0.0217,0.401,0.3,-0.03,-0.25,0.9552,0.107,1.0115,0.000713,30.8,2026,5,2,May 2026
BIZ_086,Ivory Drip,Restaurant & Cafe,Kondapur,West,17.403838,78.388216,3,10.1,False,2026-06-01,3.91,121,2,0.504,0.557,2.1,3.57,3.77,238,40,0.0312,0.35,0.2,-0.02,-0.3333,0.9523,0.0762,0.9204,0.000508,32.3,2026,6,2,Jun 2026
BIZ_087,Cedar Swirl Spot,Cafe,Alwal,East,17.459798,78.54046,3,12.7,False,2025-01-01,3.83,1088,5,0.444,0.692,6.6,3.52,3.48,259,38,0.0488,0.492,0.39,0.0,0.0,0.9413,0.1436,0.8336,0.000957,34.5,2025,1,1,Jan 2025
BIZ_087,Cedar Swirl Spot,Cafe,Alwal,East,17.459798,78.54046,3,12.8,False,2025-02-01,4.02,1094,6,0.394,0.536,3.2,3.86,3.75,300,77,0.0219,0.477,0.47,0.19,0.2,0.9843,0.1813,0.7453,0.001209,29.0,2025,2,1,Feb 2025
BIZ_087,Cedar Swirl Spot,Cafe,Alwal,East,17.459798,78.54046,3,12.9,False,2025-03-01,3.93,1101,7,0.559,0.539,2.0,2.91,3.74,274,56,0.0255,0.53,0.54,-0.09,0.1667,0.9578,0.2128,1.0691,0.001419,30.5,2025,3,1,Mar 2025
BIZ_087,Cedar Swirl Spot,Cafe,Alwal,East,17.459798,78.54046,3,12.9,False,2025-04-01,4.01,1107,6,0.384,0.547,7.9,3.7,3.74,391,66,0.0281,0.414,0.47,0.08,-0.1429,0.972,0.1824,0.7241,0.001216,29.7,2025,4,2,Apr 2025
BIZ_087,Cedar Swirl Spot,Cafe,Alwal,East,17.459798,78.54046,3,13.0,False,2025-05-01,3.96,1113,6,0.365,0.605,3.2,3.31,3.36,231,70,0.0459,0.574,0.46,-0.05,0.0,0.9612,0.2097,0.6936,0.001398,29.9,2025,5,2,May 2025
BIZ_087,Cedar Swirl Spot,Cafe,Alwal,East,17.459798,78.54046,3,13.1,False,2025-06-01,3.94,1120,7,0.565,0.691,5.6,3.7,3.87,176,45,0.0289,0.503,0.53,-0.02,0.1667,0.9636,0.2505,1.064,0.00167,32.9,2025,6,2,Jun 2025
BIZ_087,Cedar Swirl Spot,Cafe,Alwal,East,17.459798,78.54046,3,13.2,False,2025-07-01,3.89,1129,9,0.459,0.561,4.3,3.63,3.75,209,35,0.0444,0.349,0.68,-0.05,0.2857,0.9563,0.3717,0.858,0.002478,31.5,2025,7,3,Jul 2025
BIZ_087,Cedar Swirl Spot,Cafe,Alwal,East,17.459798,78.54046,3,13.3,False,2025-08-01,3.71,1132,3,0.513,0.5,7.2,4.01,3.24,241,51,0.0456,0.401,0.23,-0.18,-0.6667,0.9187,0.1213,0.9515,0.000809,32.8,2025,8,3,Aug 2025
BIZ_087,Cedar Swirl Spot,Cafe,Alwal,East,17.459798,78.54046,3,13.4,False,2025-09-01,3.85,1139,7,0.417,0.57,3.5,4.05,3.88,236,56,0.0289,0.419,0.52,0.14,1.3333,0.9563,0.2403,0.7807,0.001602,32.4,2025,9,3,Sep 2025
BIZ_087,Cedar Swirl Spot,Cafe,Alwal,East,17.459798,78.54046,3,13.4,False,2025-10-01,3.83,1145,6,0.392,0.646,5.3,3.48,3.79,236,45,0.0908,0.379,0.45,-0.02,-0.1429,0.9513,0.2063,0.7338,0.001375,38.1,2025,10,4,Oct 2025
BIZ_087,Cedar Swirl Spot,Cafe,Alwal,East,17.459798,78.54046,3,13.5,False,2025-11-01,3.9,1151,6,0.528,0.536,6.9,3.73,3.08,196,59,0.0303,0.448,0.44,0.07,0.0,0.9682,0.1925,0.9703,0.001283,32.6,2025,11,4,Nov 2025
BIZ_087,Cedar Swirl Spot,Cafe,Alwal,East,17.459798,78.54046,3,13.6,False,2025-12-01,3.93,1158,7,0.554,0.315,13.3,3.96,3.84,115,75,0.0283,0.495,0.51,0.03,0.1667,0.9716,0.2143,1.023,0.001429,34.2,2025,12,4,Dec 2025
BIZ_087,Cedar Swirl Spot,Cafe,Alwal,East,17.459798,78.54046,3,13.7,False,2026-01-01,3.88,1168,10,0.487,0.58,6.9,4.07,3.83,333,44,0.0501,0.419,0.73,-0.05,0.4286,0.9506,0.3063,0.9071,0.002042,38.1,2026,1,1,Jan 2026
BIZ_087,Cedar Swirl Spot,Cafe,Alwal,East,17.459798,78.54046,3,13.8,False,2026-02-01,4.03,1173,5,0.516,0.537,12.6,3.37,4.27,264,50,0.0216,0.497,0.36,0.15,-0.5,0.9835,0.1524,0.9658,0.001016,31.7,2026,2,1,Feb 2026
BIZ_087,Cedar Swirl Spot,Cafe,Alwal,East,17.459798,78.54046,3,13.9,False,2026-03-01,4.01,1184,11,0.403,0.515,3.9,3.65,3.46,236,35,0.0461,0.408,0.79,-0.02,1.2,0.9755,0.3318,0.7244,0.002212,38.8,2026,3,1,Mar 2026
BIZ_087,Cedar Swirl Spot,Cafe,Alwal,East,17.459798,78.54046,3,13.9,False,2026-04-01,4.01,1190,6,0.602,0.547,6.3,4.09,4.04,261,47,0.0335,0.402,0.43,0.0,-0.4545,0.9714,0.2095,1.1104,0.001397,37.6,2026,4,2,Apr 2026
BIZ_087,Cedar Swirl Spot,Cafe,Alwal,East,17.459798,78.54046,3,14.0,False,2026-05-01,4.02,1197,7,0.298,0.563,1.9,4.26,3.49,221,46,0.041,0.353,0.5,0.01,0.1667,0.977,0.2496,0.5461,0.001664,33.9,2026,5,2,May 2026
BIZ_087,Cedar Swirl Spot,Cafe,Alwal,East,17.459798,78.54046,3,14.1,False,2026-06-01,3.9,1202,5,0.402,0.509,5.5,3.32,3.79,101,43,0.0526,0.422,0.35,-0.12,-0.2857,0.9499,0.1906,0.7341,0.001271,34.0,2026,6,2,Jun 2026
BIZ_088,Filter House,Tea House,Nampally,Old City,17.348328,78.479004,3,1.0,False,2025-01-01,4.6,664,59,0.351,0.512,6.3,4.67,4.39,248,56,0.0623,0.495,59.0,0.0,0.0,1.1305,1.6944,0.659,0.011296,50.4,2025,1,1,Jan 2025
BIZ_088,Filter House,Tea House,Nampally,Old City,17.348328,78.479004,3,1.1,False,2025-02-01,4.47,701,37,0.548,0.453,7.3,4.05,4.11,335,58,0.0343,0.48,33.64,-0.13,-0.3729,1.0945,1.118,1.0366,0.007454,40.6,2025,2,1,Feb 2025
BIZ_088,Filter House,Tea House,Nampally,Old City,17.348328,78.479004,3,1.2,False,2025-03-01,4.51,749,48,0.585,0.561,11.1,3.82,4.37,278,52,0.0255,0.484,40.0,0.04,0.2973,1.0992,1.4593,1.1188,0.009728,44.2,2025,3,1,Mar 2025
BIZ_088,Filter House,Tea House,Nampally,Old City,17.348328,78.479004,3,1.2,False,2025-04-01,4.64,798,49,0.478,0.494,7.8,4.32,4.59,308,53,0.0707,0.588,40.83,0.13,0.0208,1.1247,1.49,0.9013,0.009933,48.8,2025,4,2,Apr 2025
BIZ_088,Filter House,Tea House,Nampally,Old City,17.348328,78.479004,3,1.3,False,2025-05-01,4.55,837,39,0.542,0.41,3.7,4.36,4.37,242,45,0.0233,0.584,30.0,-0.09,-0.2041,1.1044,1.3633,1.0299,0.009089,42.3,2025,5,2,May 2025
BIZ_088,Filter House,Tea House,Nampally,Old City,17.348328,78.479004,3,1.4,False,2025-06-01,4.52,882,45,0.549,0.516,9.3,3.79,4.37,152,69,0.0231,0.437,32.14,-0.03,0.1538,1.1055,1.6102,1.0339,0.010735,41.2,2025,6,2,Jun 2025
BIZ_088,Filter House,Tea House,Nampally,Old City,17.348328,78.479004,3,1.5,False,2025-07-01,4.56,932,50,0.526,0.624,9.9,3.81,4.0,267,55,0.0343,0.537,33.33,0.04,0.1111,1.121,2.065,0.9832,0.013767,43.1,2025,7,3,Jul 2025
BIZ_088,Filter House,Tea House,Nampally,Old City,17.348328,78.479004,3,1.6,False,2025-08-01,4.48,988,56,0.805,0.516,4.1,4.33,4.34,191,50,0.0289,0.438,35.0,-0.08,0.12,1.1093,2.2642,1.4931,0.015094,49.1,2025,8,3,Aug 2025
BIZ_088,Filter House,Tea House,Nampally,Old City,17.348328,78.479004,3,1.7,False,2025-09-01,4.4,1006,18,0.653,0.316,19.2,4.04,4.13,155,52,0.0203,0.478,10.59,-0.08,-0.6786,1.0929,0.618,1.2225,0.00412,40.1,2025,9,3,Sep 2025
BIZ_088,Filter House,Tea House,Nampally,Old City,17.348328,78.479004,3,1.8,False,2025-10-01,4.47,1065,59,0.496,0.519,3.1,4.29,4.23,209,52,0.0578,0.516,32.78,0.07,2.2778,1.1102,2.0284,0.9285,0.013523,52.2,2025,10,4,Oct 2025
BIZ_088,Filter House,Tea House,Nampally,Old City,17.348328,78.479004,3,1.8,False,2025-11-01,4.5,1119,54,0.592,0.582,3.5,4.57,4.07,291,61,0.0264,0.399,30.0,0.03,-0.0847,1.1171,1.7326,1.0879,0.011551,45.3,2025,11,4,Nov 2025
BIZ_088,Filter House,Tea House,Nampally,Old City,17.348328,78.479004,3,1.9,False,2025-12-01,4.38,1156,37,0.565,0.573,1.2,4.57,4.21,204,58,0.0418,0.444,19.47,-0.12,-0.3148,1.0828,1.1327,1.0433,0.007551,44.7,2025,12,4,Dec 2025
BIZ_088,Filter House,Tea House,Nampally,Old City,17.348328,78.479004,3,2.0,False,2026-01-01,4.63,1199,43,0.6,0.572,4.5,4.47,4.63,326,64,0.0837,0.618,21.5,0.25,0.1622,1.1343,1.3171,1.1176,0.008781,59.3,2026,1,1,Jan 2026
BIZ_088,Filter House,Tea House,Nampally,Old City,17.348328,78.479004,3,2.1,False,2026-02-01,4.53,1245,46,0.549,0.643,3.9,4.37,4.36,284,46,0.0223,0.477,21.9,-0.1,0.0698,1.1056,1.4024,1.0276,0.00935,46.2,2026,2,1,Feb 2026
BIZ_088,Filter House,Tea House,Nampally,Old City,17.348328,78.479004,3,2.2,False,2026-03-01,4.59,1323,78,0.568,0.492,4.1,4.33,4.49,245,50,0.0411,0.487,35.45,0.06,0.6957,1.1166,2.3527,1.0209,0.015685,51.6,2026,3,1,Mar 2026
BIZ_088,Filter House,Tea House,Nampally,Old City,17.348328,78.479004,3,2.2,False,2026-04-01,4.69,1335,12,0.609,0.459,7.7,4.22,4.79,295,58,0.0256,0.509,5.45,0.1,-0.8462,1.1361,0.4191,1.1234,0.002794,44.3,2026,4,2,Apr 2026
BIZ_088,Filter House,Tea House,Nampally,Old City,17.348328,78.479004,3,2.3,False,2026-05-01,4.65,1372,37,0.524,0.518,4.9,4.71,4.38,215,21,0.0404,0.479,16.09,-0.04,2.0833,1.1301,1.3192,0.9602,0.008795,50.3,2026,5,2,May 2026
BIZ_088,Filter House,Tea House,Nampally,Old City,17.348328,78.479004,3,2.4,False,2026-06-01,4.67,1430,58,0.545,0.453,5.5,4.9,4.4,221,37,0.0381,0.466,24.17,0.02,0.5676,1.1374,2.2109,0.9952,0.01474,54.4,2026,6,2,Jun 2026
BIZ_089,Drip Station,Cafe,Madhapur,West,17.439694,78.384637,3,4.0,False,2025-01-01,3.45,158,7,0.348,0.549,5.2,3.46,3.01,354,59,0.033,0.469,1.75,0.0,0.0,0.8479,0.201,0.6534,0.00134,26.5,2025,1,1,Jan 2025
BIZ_089,Drip Station,Cafe,Madhapur,West,17.439694,78.384637,3,4.1,False,2025-02-01,3.59,160,2,0.367,0.507,4.6,2.95,3.39,284,36,0.0376,0.45,0.49,0.14,-0.7143,0.879,0.0604,0.6942,0.000403,19.4,2025,2,1,Feb 2025
BIZ_089,Drip Station,Cafe,Madhapur,West,17.439694,78.384637,3,4.2,False,2025-03-01,3.43,165,5,0.369,0.772,2.7,2.69,3.04,230,42,0.1312,0.445,1.19,-0.16,1.5,0.8359,0.152,0.7057,0.001013,37.2,2025,3,1,Mar 2025
BIZ_089,Drip Station,Cafe,Madhapur,West,17.439694,78.384637,3,4.2,False,2025-04-01,3.62,170,5,0.285,0.504,9.1,3.56,3.44,248,55,0.0576,0.378,1.19,0.19,0.0,0.8775,0.152,0.5374,0.001014,26.3,2025,4,2,Apr 2025
BIZ_089,Drip Station,Cafe,Madhapur,West,17.439694,78.384637,3,4.3,False,2025-05-01,3.43,173,3,0.253,0.535,16.0,3.08,2.88,214,61,0.069,0.49,0.7,-0.19,-0.4,0.8326,0.1049,0.4808,0.000699,23.6,2025,5,2,May 2025
BIZ_089,Drip Station,Cafe,Madhapur,West,17.439694,78.384637,3,4.4,False,2025-06-01,3.43,177,4,0.328,0.403,11.2,3.39,2.83,215,49,0.0755,0.416,0.91,0.0,0.3333,0.8389,0.1431,0.6177,0.000954,28.3,2025,6,2,Jun 2025
BIZ_089,Drip Station,Cafe,Madhapur,West,17.439694,78.384637,3,4.5,False,2025-07-01,3.53,183,6,0.204,0.428,6.5,3.94,3.06,212,29,0.0734,0.411,1.33,0.1,0.5,0.8678,0.2478,0.3813,0.001652,28.3,2025,7,3,Jul 2025
BIZ_089,Drip Station,Cafe,Madhapur,West,17.439694,78.384637,3,4.6,False,2025-08-01,3.54,190,7,0.321,0.468,5.5,4.09,3.37,187,26,0.0356,0.374,1.52,0.01,0.1667,0.8766,0.283,0.5954,0.001887,27.5,2025,8,3,Aug 2025
BIZ_089,Drip Station,Cafe,Madhapur,West,17.439694,78.384637,3,4.7,False,2025-09-01,3.38,195,5,0.298,0.664,6.8,3.08,3.17,295,67,0.0223,0.468,1.06,-0.16,-0.2857,0.8396,0.1717,0.5579,0.001144,19.1,2025,9,3,Sep 2025
BIZ_089,Drip Station,Cafe,Madhapur,West,17.439694,78.384637,3,4.8,False,2025-10-01,3.45,199,4,0.184,0.656,4.2,3.41,3.42,218,47,0.0286,0.484,0.83,0.07,-0.2,0.8569,0.1375,0.3444,0.000917,19.2,2025,10,4,Oct 2025
BIZ_089,Drip Station,Cafe,Madhapur,West,17.439694,78.384637,3,4.8,False,2025-11-01,3.54,204,5,0.341,0.584,15.0,3.3,3.05,300,54,0.0291,0.427,1.04,0.09,0.25,0.8788,0.1604,0.6266,0.00107,23.8,2025,11,4,Nov 2025
BIZ_089,Drip Station,Cafe,Madhapur,West,17.439694,78.384637,3,4.9,False,2025-12-01,3.51,208,4,0.252,0.505,3.2,3.29,3.21,258,61,0.0328,0.455,0.82,-0.03,-0.2,0.8677,0.1224,0.4653,0.000816,21.8,2025,12,4,Dec 2025
BIZ_089,Drip Station,Cafe,Madhapur,West,17.439694,78.384637,3,5.0,False,2026-01-01,3.48,213,5,0.195,0.561,19.2,3.12,3.43,349,49,0.035,0.406,1.0,-0.03,0.25,0.8526,0.1532,0.3632,0.001021,20.0,2026,1,1,Jan 2026
BIZ_089,Drip Station,Cafe,Madhapur,West,17.439694,78.384637,3,5.1,False,2026-02-01,3.52,220,7,0.329,0.363,7.4,3.77,3.31,145,62,0.0268,0.479,1.37,0.04,0.4,0.8591,0.2134,0.6158,0.001423,28.4,2026,2,1,Feb 2026
BIZ_089,Drip Station,Cafe,Madhapur,West,17.439694,78.384637,3,5.2,False,2026-03-01,3.54,223,3,0.248,0.451,6.1,3.09,3.69,279,32,0.0928,0.421,0.58,0.02,-0.5714,0.8612,0.0905,0.4458,0.000603,31.4,2026,3,1,Mar 2026
BIZ_089,Drip Station,Cafe,Madhapur,West,17.439694,78.384637,3,5.2,False,2026-04-01,3.7,229,6,0.371,0.503,6.4,3.37,3.7,244,53,0.0723,0.411,1.15,0.16,1.0,0.8963,0.2095,0.6843,0.001397,38.3,2026,4,2,Apr 2026
BIZ_089,Drip Station,Cafe,Madhapur,West,17.439694,78.384637,3,5.3,False,2026-05-01,3.42,233,4,0.322,0.705,5.4,3.01,2.97,244,35,0.024,0.451,0.75,-0.28,-0.3333,0.8312,0.1426,0.5901,0.000951,18.6,2026,5,2,May 2026
BIZ_089,Drip Station,Cafe,Madhapur,West,17.439694,78.384637,3,5.4,False,2026-06-01,3.5,238,5,0.156,0.449,5.7,2.95,2.86,202,53,0.0295,0.46,0.93,0.08,0.25,0.8525,0.1906,0.2849,0.001271,20.6,2026,6,2,Jun 2026
BIZ_090,Rustic Crumb Bar,Restaurant & Cafe,Banjara Hills,Central,17.456195,78.457041,3,7.6,False,2025-01-01,3.88,296,5,0.567,0.442,3.7,3.52,3.58,345,61,0.0241,0.439,0.66,0.0,0.0,0.9536,0.1436,1.0645,0.000957,34.4,2025,1,1,Jan 2025
BIZ_090,Rustic Crumb Bar,Restaurant & Cafe,Banjara Hills,Central,17.456195,78.457041,3,7.7,False,2025-02-01,3.87,301,5,0.462,0.501,5.3,3.44,3.45,321,40,0.0592,0.486,0.65,-0.01,0.0,0.9476,0.1511,0.8739,0.001007,30.6,2025,2,1,Feb 2025
BIZ_090,Rustic Crumb Bar,Restaurant & Cafe,Banjara Hills,Central,17.456195,78.457041,3,7.8,False,2025-03-01,3.8,304,3,0.43,0.641,2.1,4.03,3.32,307,38,0.0285,0.549,0.38,-0.07,-0.4,0.9261,0.0912,0.8224,0.000608,29.0,2025,3,1,Mar 2025
BIZ_090,Rustic Crumb Bar,Restaurant & Cafe,Banjara Hills,Central,17.456195,78.457041,3,7.8,False,2025-04-01,3.7,307,3,0.545,0.589,7.4,3.32,3.99,255,31,0.0236,0.343,0.38,-0.1,0.0,0.8969,0.0912,1.0276,0.000608,26.7,2025,4,2,Apr 2025
BIZ_090,Rustic Crumb Bar,Restaurant & Cafe,Banjara Hills,Central,17.456195,78.457041,3,7.9,False,2025-05-01,3.71,310,3,0.54,0.485,9.6,3.96,3.43,157,60,0.0298,0.479,0.38,0.01,0.0,0.9005,0.1049,1.0261,0.000699,29.8,2025,5,2,May 2025
BIZ_090,Rustic Crumb Bar,Restaurant & Cafe,Banjara Hills,Central,17.456195,78.457041,3,8.0,False,2025-06-01,3.68,316,6,0.426,0.428,7.3,3.17,3.3,235,7,0.0341,0.402,0.75,-0.03,1.0,0.9,0.2147,0.8022,0.001431,26.8,2025,6,2,Jun 2025
BIZ_090,Rustic Crumb Bar,Restaurant & Cafe,Banjara Hills,Central,17.456195,78.457041,3,8.1,False,2025-07-01,3.84,320,4,0.541,0.644,2.6,3.49,3.94,237,47,0.0491,0.473,0.49,0.16,-0.3333,0.944,0.1652,1.0113,0.001101,31.5,2025,7,3,Jul 2025
BIZ_090,Rustic Crumb Bar,Restaurant & Cafe,Banjara Hills,Central,17.456195,78.457041,3,8.2,False,2025-08-01,3.86,323,3,0.504,0.477,5.8,3.87,3.25,272,26,0.0545,0.483,0.37,0.02,-0.25,0.9558,0.1213,0.9348,0.000809,35.8,2025,8,3,Aug 2025
BIZ_090,Rustic Crumb Bar,Restaurant & Cafe,Banjara Hills,Central,17.456195,78.457041,3,8.3,False,2025-09-01,3.74,326,3,0.596,0.432,5.2,3.67,3.64,277,20,0.023,0.441,0.36,-0.12,0.0,0.929,0.103,1.1158,0.000687,30.5,2025,9,3,Sep 2025
BIZ_090,Rustic Crumb Bar,Restaurant & Cafe,Banjara Hills,Central,17.456195,78.457041,3,8.3,False,2025-10-01,3.75,330,4,0.481,0.43,8.1,3.35,3.79,238,34,0.0219,0.401,0.48,0.01,0.3333,0.9314,0.1375,0.9004,0.000917,27.8,2025,10,4,Oct 2025
BIZ_090,Rustic Crumb Bar,Restaurant & Cafe,Banjara Hills,Central,17.456195,78.457041,3,8.4,False,2025-11-01,3.65,335,5,0.572,0.708,3.4,2.88,3.65,315,70,0.0393,0.515,0.6,-0.1,0.25,0.9061,0.1604,1.0511,0.00107,29.1,2025,11,4,Nov 2025
BIZ_090,Rustic Crumb Bar,Restaurant & Cafe,Banjara Hills,Central,17.456195,78.457041,3,8.5,False,2025-12-01,3.86,342,7,0.518,0.454,5.2,3.16,4.0,268,75,0.0341,0.388,0.82,0.21,0.4,0.9543,0.2143,0.9565,0.001429,30.8,2025,12,4,Dec 2025
BIZ_090,Rustic Crumb Bar,Restaurant & Cafe,Banjara Hills,Central,17.456195,78.457041,3,8.6,False,2026-01-01,3.76,349,7,0.424,0.629,11.8,3.51,3.46,291,40,0.0346,0.517,0.81,-0.1,0.0,0.9212,0.2144,0.7898,0.001429,28.5,2026,1,1,Jan 2026
BIZ_090,Rustic Crumb Bar,Restaurant & Cafe,Banjara Hills,Central,17.456195,78.457041,3,8.7,False,2026-02-01,3.88,354,5,0.493,0.465,4.6,4.32,4.13,319,42,0.0464,0.436,0.57,0.12,-0.2857,0.9469,0.1524,0.9228,0.001016,37.5,2026,2,1,Feb 2026
BIZ_090,Rustic Crumb Bar,Restaurant & Cafe,Banjara Hills,Central,17.456195,78.457041,3,8.8,False,2026-03-01,3.84,359,5,0.518,0.412,4.4,3.53,3.58,266,53,0.0504,0.437,0.57,-0.04,0.0,0.9342,0.1508,0.9311,0.001005,35.5,2026,3,1,Mar 2026
BIZ_090,Rustic Crumb Bar,Restaurant & Cafe,Banjara Hills,Central,17.456195,78.457041,3,8.8,False,2026-04-01,3.86,361,2,0.694,0.44,3.9,3.57,3.64,322,54,0.0439,0.432,0.23,0.02,-0.6,0.935,0.0698,1.2801,0.000466,36.2,2026,4,2,Apr 2026
BIZ_090,Rustic Crumb Bar,Restaurant & Cafe,Banjara Hills,Central,17.456195,78.457041,3,8.9,False,2026-05-01,3.99,365,4,0.423,0.784,3.8,3.94,3.52,341,34,0.0255,0.368,0.45,0.13,1.0,0.9697,0.1426,0.7751,0.000951,32.5,2026,5,2,May 2026
BIZ_090,Rustic Crumb Bar,Restaurant & Cafe,Banjara Hills,Central,17.456195,78.457041,3,9.0,False,2026-06-01,3.83,369,4,0.672,0.43,8.9,3.63,3.7,265,24,0.0264,0.411,0.44,-0.16,0.0,0.9328,0.1525,1.2272,0.001017,33.9,2026,6,2,Jun 2026
BIZ_091,Amber Blend Hub,Bakery & Cafe,Somajiguda,Central,17.406425,78.46414,3,1.6,False,2025-01-01,4.55,1410,57,0.944,0.377,4.6,3.88,4.58,237,47,0.0305,0.384,35.62,0.0,0.0,1.1182,1.637,1.7724,0.010913,53.7,2025,1,1,Jan 2025
BIZ_091,Amber Blend Hub,Bakery & Cafe,Somajiguda,Central,17.406425,78.46414,3,1.7,False,2025-02-01,4.56,1503,93,0.801,0.474,15.8,4.34,4.44,235,88,0.0278,0.477,54.71,0.01,0.6316,1.1165,2.8102,1.5151,0.018735,52.0,2025,2,1,Feb 2025
BIZ_091,Amber Blend Hub,Bakery & Cafe,Somajiguda,Central,17.406425,78.46414,3,1.8,False,2025-03-01,4.61,1599,96,0.923,0.448,4.8,4.19,4.62,245,35,0.03,0.496,53.33,0.05,0.0323,1.1235,2.9185,1.7653,0.019457,55.5,2025,3,1,Mar 2025
BIZ_091,Amber Blend Hub,Bakery & Cafe,Somajiguda,Central,17.406425,78.46414,3,1.9,False,2025-04-01,4.76,1687,88,0.718,0.483,3.4,4.6,4.46,279,49,0.0311,0.368,46.32,0.15,-0.0833,1.1538,2.6759,1.3538,0.017839,52.4,2025,4,2,Apr 2025
BIZ_091,Amber Blend Hub,Bakery & Cafe,Somajiguda,Central,17.406425,78.46414,3,1.9,False,2025-05-01,4.73,1726,39,0.875,0.225,11.5,4.31,4.4,235,16,0.0212,0.445,20.53,-0.03,-0.5568,1.1481,1.3633,1.6627,0.009089,49.5,2025,5,2,May 2025
BIZ_091,Amber Blend Hub,Bakery & Cafe,Somajiguda,Central,17.406425,78.46414,3,2.0,False,2025-06-01,4.68,1779,53,0.928,0.596,7.6,4.86,4.68,229,37,0.0229,0.504,26.5,-0.05,0.359,1.1446,1.8965,1.7476,0.012643,54.9,2025,6,2,Jun 2025
BIZ_091,Amber Blend Hub,Bakery & Cafe,Somajiguda,Central,17.406425,78.46414,3,2.1,False,2025-07-01,4.64,1849,70,0.917,0.503,3.7,4.49,4.29,255,29,0.0236,0.476,33.33,-0.04,0.3208,1.1407,2.891,1.7141,0.019273,54.0,2025,7,3,Jul 2025
BIZ_091,Amber Blend Hub,Bakery & Cafe,Somajiguda,Central,17.406425,78.46414,3,2.2,False,2025-08-01,4.6,1915,66,0.928,0.621,3.0,4.34,4.04,200,18,0.0493,0.486,30.0,-0.04,-0.0571,1.139,2.6685,1.7212,0.01779,56.3,2025,8,3,Aug 2025
BIZ_091,Amber Blend Hub,Bakery & Cafe,Somajiguda,Central,17.406425,78.46414,3,2.3,False,2025-09-01,4.74,1977,62,0.944,0.568,2.6,4.4,4.58,151,66,0.0475,0.492,26.96,0.14,-0.0606,1.1774,2.1286,1.7673,0.014191,55.4,2025,9,3,Sep 2025
BIZ_091,Amber Blend Hub,Bakery & Cafe,Somajiguda,Central,17.406425,78.46414,3,2.4,False,2025-10-01,4.72,2029,52,0.992,0.56,5.2,4.22,4.34,264,28,0.0798,0.403,21.67,-0.02,-0.1613,1.1723,1.7878,1.8569,0.011918,62.4,2025,10,4,Oct 2025
BIZ_091,Amber Blend Hub,Bakery & Cafe,Somajiguda,Central,17.406425,78.46414,3,2.4,False,2025-11-01,4.69,2132,103,1.0,0.395,7.9,4.19,4.98,270,48,0.1107,0.495,42.92,-0.03,0.9808,1.1643,3.3048,1.8376,0.022032,70.4,2025,11,4,Nov 2025
BIZ_091,Amber Blend Hub,Bakery & Cafe,Somajiguda,Central,17.406425,78.46414,3,2.5,False,2025-12-01,4.64,2217,85,0.895,0.474,5.2,5.0,4.81,310,76,0.038,0.476,34.0,-0.05,-0.1748,1.1471,2.602,1.6527,0.017347,56.7,2025,12,4,Dec 2025
BIZ_091,Amber Blend Hub,Bakery & Cafe,Somajiguda,Central,17.406425,78.46414,3,2.6,False,2026-01-01,4.75,2285,68,0.897,0.665,3.1,4.61,4.32,254,49,0.038,0.444,26.15,0.11,-0.2,1.1637,2.0829,1.6708,0.013886,57.6,2026,1,1,Jan 2026
BIZ_091,Amber Blend Hub,Bakery & Cafe,Somajiguda,Central,17.406425,78.46414,3,2.7,False,2026-02-01,4.8,2346,61,0.951,0.489,7.5,4.34,4.62,290,59,0.0918,0.506,22.59,0.05,-0.1029,1.1715,1.8598,1.7801,0.012398,65.9,2026,2,1,Feb 2026
BIZ_091,Amber Blend Hub,Bakery & Cafe,Somajiguda,Central,17.406425,78.46414,3,2.8,False,2026-03-01,4.92,2371,25,0.972,0.728,3.2,4.77,4.58,245,57,0.0404,0.44,8.93,0.12,-0.5902,1.1969,0.7541,1.7471,0.005027,58.1,2026,3,1,Mar 2026
BIZ_091,Amber Blend Hub,Bakery & Cafe,Somajiguda,Central,17.406425,78.46414,3,2.9,False,2026-04-01,4.74,2443,72,0.925,0.551,8.8,5.0,4.68,207,47,0.0856,0.575,24.83,-0.18,1.88,1.1482,2.5146,1.7062,0.016764,76.3,2026,4,2,Apr 2026
BIZ_091,Amber Blend Hub,Bakery & Cafe,Somajiguda,Central,17.406425,78.46414,3,2.9,False,2026-05-01,4.68,2493,50,0.95,0.488,13.8,4.22,4.58,192,47,0.0357,0.533,17.24,-0.06,-0.3056,1.1374,1.7827,1.7409,0.011885,52.9,2026,5,2,May 2026
BIZ_091,Amber Blend Hub,Bakery & Cafe,Somajiguda,Central,17.406425,78.46414,3,3.0,False,2026-06-01,4.74,2534,41,1.0,0.526,8.9,4.2,4.63,256,37,0.0334,0.505,13.67,0.06,-0.18,1.1545,1.5629,1.8261,0.010419,55.7,2026,6,2,Jun 2026
BIZ_092,Grand Cup Station,Restaurant & Cafe,Jubilee Hills,Central,17.404832,78.438742,2,0.8,False,2025-01-01,4.64,977,93,0.641,0.535,5.1,4.25,5.0,165,44,0.0253,0.512,116.25,0.0,0.0,1.1404,2.6709,1.2035,0.017806,52.0,2025,1,1,Jan 2025
BIZ_092,Grand Cup Station,Restaurant & Cafe,Jubilee Hills,Central,17.404832,78.438742,2,0.9,False,2025-02-01,4.51,1125,148,0.752,0.64,3.0,4.46,4.53,323,52,0.0544,0.554,164.44,-0.13,0.5914,1.1043,4.4722,1.4224,0.029815,57.4,2025,2,1,Feb 2025
BIZ_092,Grand Cup Station,Restaurant & Cafe,Jubilee Hills,Central,17.404832,78.438742,2,1.0,False,2025-03-01,4.82,1228,103,0.662,0.428,2.5,4.85,4.87,283,53,0.038,0.464,103.0,0.31,-0.3041,1.1747,3.1313,1.2661,0.020876,55.8,2025,3,1,Mar 2025
BIZ_092,Grand Cup Station,Restaurant & Cafe,Jubilee Hills,Central,17.404832,78.438742,2,1.1,False,2025-04-01,4.69,1317,89,0.739,0.386,6.6,4.96,4.59,188,47,0.0258,0.453,80.91,-0.13,-0.1359,1.1369,2.7063,1.3934,0.018042,52.8,2025,4,2,Apr 2025
BIZ_092,Grand Cup Station,Restaurant & Cafe,Jubilee Hills,Central,17.404832,78.438742,2,1.1,False,2025-05-01,4.71,1451,134,0.847,0.49,4.2,3.98,4.48,132,46,0.0308,0.459,121.82,0.02,0.5056,1.1433,4.6842,1.6095,0.031228,56.2,2025,5,2,May 2025
BIZ_092,Grand Cup Station,Restaurant & Cafe,Jubilee Hills,Central,17.404832,78.438742,2,1.2,False,2025-06-01,4.74,1534,83,0.925,0.613,3.1,4.37,5.0,270,52,0.092,0.529,69.17,0.03,-0.3806,1.1593,2.9699,1.742,0.0198,64.6,2025,6,2,Jun 2025
BIZ_092,Grand Cup Station,Restaurant & Cafe,Jubilee Hills,Central,17.404832,78.438742,2,1.3,False,2025-07-01,4.71,1612,78,0.729,0.49,5.6,5.0,4.76,299,29,0.0335,0.396,60.0,-0.03,-0.0602,1.1579,3.2214,1.3627,0.021476,55.7,2025,7,3,Jul 2025
BIZ_092,Grand Cup Station,Restaurant & Cafe,Jubilee Hills,Central,17.404832,78.438742,2,1.4,False,2025-08-01,4.62,1649,37,0.634,0.421,7.6,4.5,4.45,106,46,0.0233,0.551,26.43,-0.09,-0.5256,1.144,1.496,1.1759,0.009973,45.7,2025,8,3,Aug 2025
BIZ_092,Grand Cup Station,Restaurant & Cafe,Jubilee Hills,Central,17.404832,78.438742,2,1.5,False,2025-09-01,4.61,1743,94,0.781,0.521,4.5,4.18,4.34,261,36,0.0409,0.563,62.67,-0.01,1.5405,1.1451,3.2273,1.4622,0.021515,52.5,2025,9,3,Sep 2025
BIZ_092,Grand Cup Station,Restaurant & Cafe,Jubilee Hills,Central,17.404832,78.438742,2,1.6,False,2025-10-01,4.73,1826,83,0.605,0.645,9.2,4.33,4.96,233,72,0.0422,0.516,51.88,0.12,-0.117,1.1748,2.8535,1.1325,0.019024,51.2,2025,10,4,Oct 2025
BIZ_092,Grand Cup Station,Restaurant & Cafe,Jubilee Hills,Central,17.404832,78.438742,2,1.6,False,2025-11-01,4.65,1939,113,0.648,0.381,6.4,4.34,4.55,295,31,0.0353,0.508,70.62,-0.08,0.3614,1.1543,3.6257,1.1908,0.024171,52.3,2025,11,4,Nov 2025
BIZ_092,Grand Cup Station,Restaurant & Cafe,Jubilee Hills,Central,17.404832,78.438742,2,1.7,False,2025-12-01,4.73,2030,91,0.769,0.466,6.4,4.58,4.64,285,50,0.0567,0.46,53.53,0.08,-0.1947,1.1693,2.7857,1.42,0.018571,57.0,2025,12,4,Dec 2025
BIZ_092,Grand Cup Station,Restaurant & Cafe,Jubilee Hills,Central,17.404832,78.438742,2,1.8,False,2026-01-01,4.69,2145,115,0.739,0.564,12.0,4.18,4.88,282,74,0.0351,0.523,63.89,-0.04,0.2637,1.149,3.5226,1.3765,0.023484,55.6,2026,1,1,Jan 2026
BIZ_092,Grand Cup Station,Restaurant & Cafe,Jubilee Hills,Central,17.404832,78.438742,2,1.9,False,2026-02-01,4.78,2264,119,0.737,0.559,8.1,4.37,4.86,265,40,0.0232,0.479,62.63,0.09,0.0348,1.1666,3.628,1.3795,0.024187,56.0,2026,2,1,Feb 2026
BIZ_092,Grand Cup Station,Restaurant & Cafe,Jubilee Hills,Central,17.404832,78.438742,2,2.0,False,2026-03-01,4.74,2376,112,0.763,0.497,6.9,4.78,4.54,315,44,0.0353,0.45,56.0,-0.04,-0.0588,1.1531,3.3782,1.3714,0.022522,56.7,2026,3,1,Mar 2026
BIZ_092,Grand Cup Station,Restaurant & Cafe,Jubilee Hills,Central,17.404832,78.438742,2,2.0,False,2026-04-01,4.83,2546,170,0.749,0.59,7.1,4.2,4.97,265,46,0.0458,0.509,85.0,0.09,0.5179,1.17,5.9371,1.3816,0.039581,68.7,2026,4,2,Apr 2026
BIZ_092,Grand Cup Station,Restaurant & Cafe,Jubilee Hills,Central,17.404832,78.438742,2,2.1,False,2026-05-01,4.65,2597,51,0.705,0.325,8.5,4.43,4.42,203,47,0.0303,0.508,24.29,-0.18,-0.7,1.1301,1.8184,1.2919,0.012123,48.1,2026,5,2,May 2026
BIZ_092,Grand Cup Station,Restaurant & Cafe,Jubilee Hills,Central,17.404832,78.438742,2,2.2,False,2026-06-01,4.7,2645,48,0.702,0.474,4.4,4.33,4.99,201,26,0.0362,0.488,21.82,0.05,-0.0588,1.1447,1.8297,1.2819,0.012198,52.6,2026,6,2,Jun 2026
BIZ_093,Pour House,Cafe,Hitech City,West,17.446888,78.429915,4,3.7,False,2025-01-01,4.88,832,13,0.965,0.285,10.8,4.89,4.9,298,47,0.0432,0.535,3.51,0.0,0.0,1.1994,0.3733,1.8118,0.002489,60.9,2025,1,1,Jan 2025
BIZ_093,Pour House,Cafe,Hitech City,West,17.446888,78.429915,4,3.8,False,2025-02-01,4.8,851,19,0.892,0.505,8.9,4.85,4.55,156,58,0.0694,0.452,5.0,-0.08,0.4615,1.1753,0.5741,1.6872,0.003828,58.7,2025,2,1,Feb 2025
BIZ_093,Pour House,Cafe,Hitech City,West,17.446888,78.429915,4,3.9,False,2025-03-01,4.78,876,25,0.83,0.478,8.1,4.6,4.47,252,48,0.0492,0.561,6.41,-0.02,0.3158,1.165,0.76,1.5874,0.005067,56.5,2025,3,1,Mar 2025
BIZ_093,Pour House,Cafe,Hitech City,West,17.446888,78.429915,4,4.0,False,2025-04-01,4.93,896,20,0.838,0.604,6.0,4.8,4.79,321,31,0.0273,0.486,5.0,0.15,-0.2,1.195,0.6081,1.5801,0.004054,54.0,2025,4,2,Apr 2025
BIZ_093,Pour House,Cafe,Hitech City,West,17.446888,78.429915,4,4.0,False,2025-05-01,4.72,912,16,0.73,0.629,3.7,4.2,4.48,229,54,0.0586,0.593,4.0,-0.21,-0.2,1.1457,0.5593,1.3872,0.003729,52.8,2025,5,2,May 2025
BIZ_093,Pour House,Cafe,Hitech City,West,17.446888,78.429915,4,4.1,False,2025-06-01,4.79,939,27,0.767,0.57,3.8,4.93,4.27,232,33,0.0269,0.468,6.59,0.07,0.6875,1.1715,0.9661,1.4444,0.006441,53.0,2025,6,2,Jun 2025
BIZ_093,Pour House,Cafe,Hitech City,West,17.446888,78.429915,4,4.2,False,2025-07-01,4.91,957,18,0.855,0.585,9.4,4.69,4.04,272,38,0.0331,0.54,4.29,0.12,-0.3333,1.207,0.7434,1.5982,0.004956,53.9,2025,7,3,Jul 2025
BIZ_093,Pour House,Cafe,Hitech City,West,17.446888,78.429915,4,4.3,False,2025-08-01,4.79,979,22,0.75,0.486,7.2,4.56,4.33,157,12,0.0393,0.475,5.12,-0.12,0.2222,1.1861,0.8895,1.3911,0.00593,52.6,2025,8,3,Aug 2025
BIZ_093,Pour House,Cafe,Hitech City,West,17.446888,78.429915,4,4.4,False,2025-09-01,4.81,996,17,0.783,0.504,4.2,4.54,4.51,179,62,0.0209,0.551,3.86,0.02,-0.2273,1.1948,0.5837,1.4659,0.003891,49.2,2025,9,3,Sep 2025
BIZ_093,Pour House,Cafe,Hitech City,West,17.446888,78.429915,4,4.5,False,2025-10-01,4.77,1024,28,0.718,0.531,6.0,4.75,4.16,334,50,0.0336,0.5,6.22,-0.04,0.6471,1.1847,0.9626,1.344,0.006418,52.7,2025,10,4,Oct 2025
BIZ_093,Pour House,Cafe,Hitech City,West,17.446888,78.429915,4,4.5,False,2025-11-01,4.68,1062,38,0.705,0.321,2.7,5.0,4.81,275,60,0.0265,0.602,8.44,-0.09,0.3571,1.1618,1.2193,1.2955,0.008128,50.7,2025,11,4,Nov 2025
BIZ_093,Pour House,Cafe,Hitech City,West,17.446888,78.429915,4,4.6,False,2025-12-01,4.82,1088,26,0.96,0.435,2.5,4.82,4.36,213,55,0.0754,0.489,5.65,0.14,-0.3158,1.1916,0.7959,1.7727,0.005306,60.9,2025,12,4,Dec 2025
BIZ_093,Pour House,Cafe,Hitech City,West,17.446888,78.429915,4,4.7,False,2026-01-01,4.79,1108,20,0.865,0.491,4.4,4.18,4.39,349,55,0.0612,0.523,4.26,-0.03,-0.2308,1.1735,0.6126,1.6112,0.004084,57.6,2026,1,1,Jan 2026
BIZ_093,Pour House,Cafe,Hitech City,West,17.446888,78.429915,4,4.8,False,2026-02-01,4.7,1134,26,0.773,0.464,7.0,4.24,4.37,245,48,0.0238,0.545,5.42,-0.09,0.3,1.1471,0.7927,1.4469,0.005285,51.5,2026,2,1,Feb 2026
BIZ_093,Pour House,Cafe,Hitech City,West,17.446888,78.429915,4,4.9,False,2026-03-01,5.0,1149,15,0.787,0.54,3.3,4.82,4.69,264,63,0.0314,0.586,3.06,0.3,-0.4231,1.2164,0.4524,1.4146,0.003016,54.9,2026,3,1,Mar 2026
BIZ_093,Pour House,Cafe,Hitech City,West,17.446888,78.429915,4,5.0,False,2026-04-01,4.85,1172,23,0.768,0.513,4.5,5.0,4.52,223,25,0.0333,0.543,4.6,-0.15,0.5333,1.1748,0.8033,1.4166,0.005355,58.4,2026,4,2,Apr 2026
BIZ_093,Pour House,Cafe,Hitech City,West,17.446888,78.429915,4,5.0,False,2026-05-01,4.9,1184,12,0.891,0.439,4.6,4.56,4.03,251,54,0.0581,0.522,2.4,0.05,-0.4783,1.1909,0.4279,1.6327,0.002852,57.5,2026,5,2,May 2026
BIZ_093,Pour House,Cafe,Hitech City,West,17.446888,78.429915,4,5.1,False,2026-06-01,4.7,1196,12,0.76,0.435,7.9,4.86,4.64,200,47,0.0506,0.529,2.35,-0.2,0.0,1.1447,0.4574,1.3879,0.00305,55.7,2026,6,2,Jun 2026
BIZ_094,Happy Crumb,Coffee Shop,Miyapur,West,17.453005,78.358205,4,11.9,False,2025-01-01,3.88,128,5,0.618,0.575,3.1,3.47,3.12,285,55,0.0531,0.426,0.42,0.0,0.0,0.9536,0.1436,1.1603,0.000957,38.5,2025,1,1,Jan 2025
BIZ_094,Happy Crumb,Coffee Shop,Miyapur,West,17.453005,78.358205,4,12.0,False,2025-02-01,3.8,130,2,0.489,0.311,5.7,3.57,3.51,252,57,0.0338,0.44,0.17,-0.08,-0.6,0.9304,0.0604,0.925,0.000403,26.5,2025,2,1,Feb 2025
BIZ_094,Happy Crumb,Coffee Shop,Miyapur,West,17.453005,78.358205,4,12.1,False,2025-03-01,3.73,136,6,0.516,0.43,10.3,3.38,3.24,308,69,0.0388,0.455,0.5,-0.07,2.0,0.9091,0.1824,0.9869,0.001216,37.4,2025,3,1,Mar 2025
BIZ_094,Happy Crumb,Coffee Shop,Miyapur,West,17.453005,78.358205,4,12.2,False,2025-04-01,3.83,138,2,0.579,0.445,5.7,3.92,3.69,226,50,0.0216,0.431,0.16,0.1,-0.6667,0.9284,0.0608,1.0917,0.000405,29.8,2025,4,2,Apr 2025
BIZ_094,Happy Crumb,Coffee Shop,Miyapur,West,17.453005,78.358205,4,12.2,False,2025-05-01,3.83,140,2,0.45,0.723,3.0,3.57,3.49,177,66,0.0988,0.379,0.16,0.0,0.0,0.9297,0.0699,0.8551,0.000466,40.9,2025,5,2,May 2025
BIZ_094,Happy Crumb,Coffee Shop,Miyapur,West,17.453005,78.358205,4,12.3,False,2025-06-01,3.8,144,4,0.516,0.531,12.9,3.73,3.89,280,69,0.0419,0.406,0.33,-0.03,1.0,0.9294,0.1431,0.9717,0.000954,33.2,2025,6,2,Jun 2025
BIZ_094,Happy Crumb,Coffee Shop,Miyapur,West,17.453005,78.358205,4,12.4,False,2025-07-01,3.71,145,1,0.372,0.498,10.9,3.36,3.14,247,29,0.0327,0.405,0.08,-0.09,-0.75,0.912,0.0413,0.6954,0.000275,23.5,2025,7,3,Jul 2025
BIZ_094,Happy Crumb,Coffee Shop,Miyapur,West,17.453005,78.358205,4,12.5,False,2025-08-01,3.88,150,5,0.569,0.634,4.7,4.07,3.62,134,50,0.0288,0.351,0.4,0.17,4.0,0.9607,0.2022,1.0554,0.001348,39.2,2025,8,3,Aug 2025
BIZ_094,Happy Crumb,Coffee Shop,Miyapur,West,17.453005,78.358205,4,12.6,False,2025-09-01,3.83,155,5,0.52,0.589,8.6,3.57,2.99,143,29,0.0222,0.346,0.4,-0.05,0.0,0.9513,0.1717,0.9735,0.001144,30.0,2025,9,3,Sep 2025
BIZ_094,Happy Crumb,Coffee Shop,Miyapur,West,17.453005,78.358205,4,12.7,False,2025-10-01,3.76,158,3,0.636,0.497,5.5,3.56,3.42,251,43,0.0609,0.476,0.24,-0.07,-0.4,0.9339,0.1031,1.1905,0.000688,36.5,2025,10,4,Oct 2025
BIZ_094,Happy Crumb,Coffee Shop,Miyapur,West,17.453005,78.358205,4,12.7,False,2025-11-01,3.81,163,5,0.479,0.6,10.4,3.52,3.55,295,48,0.0337,0.578,0.39,0.05,0.6667,0.9458,0.1604,0.8802,0.00107,31.4,2025,11,4,Nov 2025
BIZ_094,Happy Crumb,Coffee Shop,Miyapur,West,17.453005,78.358205,4,12.8,False,2025-12-01,3.83,166,3,0.493,0.787,3.4,3.64,3.19,360,64,0.0254,0.468,0.23,0.02,-0.4,0.9468,0.0918,0.9104,0.000612,29.3,2025,12,4,Dec 2025
BIZ_094,Happy Crumb,Coffee Shop,Miyapur,West,17.453005,78.358205,4,12.9,False,2026-01-01,3.64,171,5,0.548,0.571,5.7,3.48,3.0,271,53,0.0282,0.421,0.39,-0.19,0.6667,0.8918,0.1532,1.0208,0.001021,29.4,2026,1,1,Jan 2026
BIZ_094,Happy Crumb,Coffee Shop,Miyapur,West,17.453005,78.358205,4,13.0,False,2026-02-01,3.82,176,5,0.598,0.551,8.8,3.7,3.15,269,41,0.0368,0.388,0.38,0.18,0.0,0.9323,0.1524,1.1193,0.001016,35.9,2026,2,1,Feb 2026
BIZ_094,Happy Crumb,Coffee Shop,Miyapur,West,17.453005,78.358205,4,13.1,False,2026-03-01,3.83,180,4,0.585,0.551,2.3,3.82,3.1,279,46,0.0336,0.484,0.31,0.01,-0.2,0.9317,0.1207,1.0515,0.000804,34.2,2026,3,1,Mar 2026
BIZ_094,Happy Crumb,Coffee Shop,Miyapur,West,17.453005,78.358205,4,13.2,False,2026-04-01,3.85,184,4,0.707,0.557,6.2,3.66,3.35,269,20,0.0364,0.455,0.3,0.02,0.0,0.9326,0.1397,1.3041,0.000931,37.8,2026,4,2,Apr 2026
BIZ_094,Happy Crumb,Coffee Shop,Miyapur,West,17.453005,78.358205,4,13.2,False,2026-05-01,3.7,187,3,0.649,0.415,4.5,3.67,3.5,225,48,0.0337,0.462,0.23,-0.15,-0.25,0.8993,0.107,1.1893,0.000713,31.7,2026,5,2,May 2026
BIZ_094,Happy Crumb,Coffee Shop,Miyapur,West,17.453005,78.358205,4,13.3,False,2026-06-01,3.8,191,4,0.572,0.496,5.7,2.89,3.36,293,54,0.0218,0.4,0.3,0.1,0.3333,0.9255,0.1525,1.0445,0.001017,28.7,2026,6,2,Jun 2026
BIZ_095,Cedar Rise Corner,Coffee Shop,Mehdipatnam,South,17.390484,78.439114,2,8.0,False,2025-01-01,3.8,347,4,0.473,0.433,4.2,3.52,4.52,252,52,0.0268,0.439,0.5,0.0,0.0,0.9339,0.1149,0.8881,0.000766,32.1,2025,1,1,Jan 2025
BIZ_095,Cedar Rise Corner,Coffee Shop,Mehdipatnam,South,17.390484,78.439114,2,8.1,False,2025-02-01,3.94,354,7,0.544,0.47,12.8,3.3,3.99,275,51,0.046,0.448,0.86,0.14,0.75,0.9647,0.2115,1.029,0.00141,32.3,2025,2,1,Feb 2025
BIZ_095,Cedar Rise Corner,Coffee Shop,Mehdipatnam,South,17.390484,78.439114,2,8.2,False,2025-03-01,3.84,359,5,0.535,0.54,7.1,3.42,3.54,371,56,0.0214,0.443,0.61,-0.1,-0.2857,0.9359,0.152,1.0232,0.001013,28.8,2025,3,1,Mar 2025
BIZ_095,Cedar Rise Corner,Coffee Shop,Mehdipatnam,South,17.390484,78.439114,2,8.2,False,2025-04-01,3.75,364,5,0.665,0.559,5.9,3.34,4.25,217,24,0.0318,0.452,0.61,-0.09,0.0,0.909,0.152,1.2539,0.001014,30.5,2025,4,2,Apr 2025
BIZ_095,Cedar Rise Corner,Coffee Shop,Mehdipatnam,South,17.390484,78.439114,2,8.3,False,2025-05-01,3.66,370,6,0.7,0.396,7.8,4.02,3.54,261,82,0.0204,0.43,0.72,-0.09,0.2,0.8884,0.2097,1.3302,0.001398,31.3,2025,5,2,May 2025
BIZ_095,Cedar Rise Corner,Coffee Shop,Mehdipatnam,South,17.390484,78.439114,2,8.4,False,2025-06-01,3.74,376,6,0.472,0.776,5.9,3.52,3.68,209,49,0.0344,0.517,0.71,0.08,0.0,0.9147,0.2147,0.8889,0.001431,28.7,2025,6,2,Jun 2025
BIZ_095,Cedar Rise Corner,Coffee Shop,Mehdipatnam,South,17.390484,78.439114,2,8.5,False,2025-07-01,3.73,380,4,0.542,0.465,2.9,3.05,3.75,240,34,0.0292,0.502,0.47,-0.01,-0.3333,0.917,0.1652,1.0131,0.001101,25.3,2025,7,3,Jul 2025
BIZ_095,Cedar Rise Corner,Coffee Shop,Mehdipatnam,South,17.390484,78.439114,2,8.6,False,2025-08-01,3.63,385,5,0.651,0.695,5.2,3.42,3.92,252,77,0.0365,0.422,0.58,-0.1,0.25,0.8988,0.2022,1.2074,0.001348,31.8,2025,8,3,Aug 2025
BIZ_095,Cedar Rise Corner,Coffee Shop,Mehdipatnam,South,17.390484,78.439114,2,8.7,False,2025-09-01,3.79,389,4,0.47,0.539,2.6,3.66,3.99,220,49,0.0662,0.417,0.46,0.16,-0.2,0.9414,0.1373,0.8799,0.000916,33.8,2025,9,3,Sep 2025
BIZ_095,Cedar Rise Corner,Coffee Shop,Mehdipatnam,South,17.390484,78.439114,2,8.8,False,2025-10-01,3.73,394,5,0.596,0.555,3.6,3.4,4.3,311,27,0.0211,0.439,0.57,-0.06,0.25,0.9264,0.1719,1.1157,0.001146,29.6,2025,10,4,Oct 2025
BIZ_095,Cedar Rise Corner,Coffee Shop,Mehdipatnam,South,17.390484,78.439114,2,8.8,False,2025-11-01,3.58,397,3,0.509,0.546,9.2,2.9,3.41,266,39,0.0785,0.532,0.34,-0.15,-0.4,0.8887,0.0963,0.9354,0.000642,32.4,2025,11,4,Nov 2025
BIZ_095,Cedar Rise Corner,Coffee Shop,Mehdipatnam,South,17.390484,78.439114,2,8.9,False,2025-12-01,3.82,403,6,0.581,0.627,4.0,3.7,3.9,334,60,0.0201,0.409,0.67,0.24,1.0,0.9444,0.1837,1.0729,0.001224,32.4,2025,12,4,Dec 2025
BIZ_095,Cedar Rise Corner,Coffee Shop,Mehdipatnam,South,17.390484,78.439114,2,9.0,False,2026-01-01,3.74,408,5,0.542,0.661,4.8,3.56,3.9,295,62,0.0344,0.448,0.56,-0.08,-0.1667,0.9163,0.1532,1.0096,0.001021,30.0,2026,1,1,Jan 2026
BIZ_095,Cedar Rise Corner,Coffee Shop,Mehdipatnam,South,17.390484,78.439114,2,9.1,False,2026-02-01,3.86,416,8,0.519,0.448,5.5,3.91,4.0,237,67,0.0828,0.523,0.88,0.12,0.6,0.942,0.2439,0.9715,0.001626,44.7,2026,2,1,Feb 2026
BIZ_095,Cedar Rise Corner,Coffee Shop,Mehdipatnam,South,17.390484,78.439114,2,9.2,False,2026-03-01,3.74,421,5,0.696,0.615,6.2,3.98,3.69,148,48,0.0349,0.496,0.54,-0.12,-0.375,0.9098,0.1508,1.251,0.001005,35.3,2026,3,1,Mar 2026
BIZ_095,Cedar Rise Corner,Coffee Shop,Mehdipatnam,South,17.390484,78.439114,2,9.2,False,2026-04-01,3.92,427,6,0.433,0.474,4.5,3.47,4.36,249,49,0.0529,0.436,0.65,0.18,0.2,0.9496,0.2095,0.7987,0.001397,36.7,2026,4,2,Apr 2026
BIZ_095,Cedar Rise Corner,Coffee Shop,Mehdipatnam,South,17.390484,78.439114,2,9.3,False,2026-05-01,3.96,435,8,0.516,0.554,2.5,3.76,3.89,293,28,0.0403,0.473,0.86,0.04,0.3333,0.9624,0.2852,0.9456,0.001902,34.8,2026,5,2,May 2026
BIZ_095,Cedar Rise Corner,Coffee Shop,Mehdipatnam,South,17.390484,78.439114,2,9.4,False,2026-06-01,3.73,441,6,0.643,0.528,2.0,3.81,3.58,234,44,0.033,0.473,0.64,-0.23,-0.25,0.9085,0.2287,1.1742,0.001525,34.1,2026,6,2,Jun 2026
BIZ_096,Fresh Leaf Station,Restaurant & Cafe,Mehdipatnam,South,17.410045,78.391585,2,1.2,False,2025-01-01,3.39,294,25,0.275,0.735,4.1,2.9,3.47,364,45,0.0915,0.405,20.83,0.0,0.0,0.8332,0.718,0.5163,0.004787,30.0,2025,1,1,Jan 2025
BIZ_096,Fresh Leaf Station,Restaurant & Cafe,Mehdipatnam,South,17.410045,78.391585,2,1.3,False,2025-02-01,3.35,313,19,0.262,0.579,1.7,2.93,3.17,341,39,0.026,0.432,14.62,-0.04,-0.24,0.8202,0.5741,0.4956,0.003828,14.9,2025,2,1,Feb 2025
BIZ_096,Fresh Leaf Station,Restaurant & Cafe,Mehdipatnam,South,17.410045,78.391585,2,1.4,False,2025-03-01,3.51,336,23,0.488,0.404,4.3,3.81,3.67,272,46,0.0237,0.438,16.43,0.16,0.2105,0.8554,0.6992,0.9333,0.004662,28.7,2025,3,1,Mar 2025
BIZ_096,Fresh Leaf Station,Restaurant & Cafe,Mehdipatnam,South,17.410045,78.391585,2,1.4,False,2025-04-01,3.39,351,15,0.153,0.644,2.4,3.36,3.38,314,38,0.0259,0.569,10.71,-0.12,-0.3478,0.8217,0.4561,0.2885,0.003041,16.3,2025,4,2,Apr 2025
BIZ_096,Fresh Leaf Station,Restaurant & Cafe,Mehdipatnam,South,17.410045,78.391585,2,1.5,False,2025-05-01,3.51,366,15,0.142,0.575,3.1,3.4,3.74,270,44,0.0254,0.446,10.0,0.12,0.0,0.852,0.5244,0.2698,0.003496,17.0,2025,5,2,May 2025
BIZ_096,Fresh Leaf Station,Restaurant & Cafe,Mehdipatnam,South,17.410045,78.391585,2,1.6,False,2025-06-01,3.56,378,12,0.246,0.454,8.2,3.73,3.25,142,78,0.066,0.457,7.5,0.05,-0.2,0.8707,0.4294,0.4633,0.002863,28.4,2025,6,2,Jun 2025
BIZ_096,Fresh Leaf Station,Restaurant & Cafe,Mehdipatnam,South,17.410045,78.391585,2,1.7,False,2025-07-01,3.36,395,17,0.229,0.494,9.9,3.4,3.5,233,31,0.0705,0.357,10.0,-0.2,0.4167,0.826,0.7021,0.4281,0.004681,24.7,2025,7,3,Jul 2025
BIZ_096,Fresh Leaf Station,Restaurant & Cafe,Mehdipatnam,South,17.410045,78.391585,2,1.8,False,2025-08-01,3.43,409,14,0.275,0.509,3.5,2.89,2.77,304,51,0.021,0.394,7.78,0.07,-0.1765,0.8493,0.566,0.5101,0.003774,18.5,2025,8,3,Aug 2025
BIZ_096,Fresh Leaf Station,Restaurant & Cafe,Mehdipatnam,South,17.410045,78.391585,2,1.9,False,2025-09-01,3.38,421,12,0.384,0.504,8.2,3.62,3.31,269,69,0.0747,0.486,6.32,-0.05,-0.1429,0.8396,0.412,0.7189,0.002747,28.8,2025,9,3,Sep 2025
BIZ_096,Fresh Leaf Station,Restaurant & Cafe,Mehdipatnam,South,17.410045,78.391585,2,1.9,False,2025-10-01,3.35,445,24,0.301,0.418,3.9,2.83,3.52,212,34,0.0427,0.437,12.63,-0.03,1.0,0.832,0.8251,0.5634,0.005501,23.8,2025,10,4,Oct 2025
BIZ_096,Fresh Leaf Station,Restaurant & Cafe,Mehdipatnam,South,17.410045,78.391585,2,2.0,False,2025-11-01,3.44,466,21,0.439,0.314,10.3,3.19,3.07,214,77,0.0524,0.465,10.5,0.09,-0.125,0.854,0.6738,0.8067,0.004492,27.8,2025,11,4,Nov 2025
BIZ_096,Fresh Leaf Station,Restaurant & Cafe,Mehdipatnam,South,17.410045,78.391585,2,2.1,False,2025-12-01,3.48,492,26,0.373,0.644,5.6,3.79,3.07,299,60,0.0437,0.407,12.38,0.04,0.2381,0.8603,0.7959,0.6888,0.005306,28.6,2025,12,4,Dec 2025
BIZ_096,Fresh Leaf Station,Restaurant & Cafe,Mehdipatnam,South,17.410045,78.391585,2,2.2,False,2026-01-01,3.51,515,23,0.217,0.69,2.7,3.89,3.47,270,63,0.028,0.447,10.45,0.03,-0.1154,0.8599,0.7045,0.4042,0.004697,22.7,2026,1,1,Jan 2026
BIZ_096,Fresh Leaf Station,Restaurant & Cafe,Mehdipatnam,South,17.410045,78.391585,2,2.3,False,2026-02-01,3.45,528,13,0.232,0.41,16.4,3.92,3.5,289,51,0.0446,0.36,5.65,-0.06,-0.4348,0.842,0.3963,0.4343,0.002642,26.1,2026,2,1,Feb 2026
BIZ_096,Fresh Leaf Station,Restaurant & Cafe,Mehdipatnam,South,17.410045,78.391585,2,2.4,False,2026-03-01,3.43,547,19,0.423,0.481,6.2,3.6,3.34,342,29,0.0247,0.457,7.92,-0.02,0.4615,0.8344,0.5731,0.7603,0.003821,26.8,2026,3,1,Mar 2026
BIZ_096,Fresh Leaf Station,Restaurant & Cafe,Mehdipatnam,South,17.410045,78.391585,2,2.5,False,2026-04-01,3.47,570,23,0.376,0.628,2.2,3.17,3.46,116,33,0.0483,0.375,9.2,0.04,0.2105,0.8406,0.8033,0.6936,0.005355,29.9,2026,4,2,Apr 2026
BIZ_096,Fresh Leaf Station,Restaurant & Cafe,Mehdipatnam,South,17.410045,78.391585,2,2.5,False,2026-05-01,3.42,582,12,0.284,0.437,21.2,2.88,3.05,245,45,0.0253,0.45,4.8,-0.05,-0.4783,0.8312,0.4279,0.5204,0.002852,17.9,2026,5,2,May 2026
BIZ_096,Fresh Leaf Station,Restaurant & Cafe,Mehdipatnam,South,17.410045,78.391585,2,2.6,False,2026-06-01,3.53,602,20,0.463,0.63,1.6,3.47,3.4,180,51,0.031,0.496,7.69,0.11,0.6667,0.8598,0.7624,0.8455,0.005083,29.8,2026,6,2,Jun 2026
BIZ_097,Amber Grind,Coffee Shop,Kondapur,West,17.48138,78.376085,2,2.7,False,2025-01-01,4.39,344,10,0.667,0.629,5.0,3.97,3.94,266,69,0.02,0.456,3.7,0.0,0.0,1.0789,0.2872,1.2523,0.001915,43.6,2025,1,1,Jan 2025
BIZ_097,Amber Grind,Coffee Shop,Kondapur,West,17.48138,78.376085,2,2.8,False,2025-02-01,4.38,356,12,0.585,0.224,15.8,4.71,4.22,229,54,0.0624,0.43,4.29,-0.01,0.2,1.0724,0.3626,1.1065,0.002417,45.5,2025,2,1,Feb 2025
BIZ_097,Amber Grind,Coffee Shop,Kondapur,West,17.48138,78.376085,2,2.9,False,2025-03-01,4.4,373,17,0.662,0.599,3.6,4.55,4.73,293,52,0.0264,0.381,5.86,0.02,0.4167,1.0724,0.5168,1.2661,0.003445,46.0,2025,3,1,Mar 2025
BIZ_097,Amber Grind,Coffee Shop,Kondapur,West,17.48138,78.376085,2,3.0,False,2025-04-01,4.48,377,4,0.561,0.67,6.8,4.11,4.35,255,57,0.0299,0.474,1.33,0.08,-0.7647,1.086,0.1216,1.0578,0.000811,39.0,2025,4,2,Apr 2025
BIZ_097,Amber Grind,Coffee Shop,Kondapur,West,17.48138,78.376085,2,3.0,False,2025-05-01,4.53,384,7,0.568,0.617,4.2,3.96,4.67,151,67,0.0221,0.555,2.33,0.05,0.75,1.0996,0.2447,1.0793,0.001631,40.7,2025,5,2,May 2025
BIZ_097,Amber Grind,Coffee Shop,Kondapur,West,17.48138,78.376085,2,3.1,False,2025-06-01,4.47,396,12,0.73,0.874,3.4,4.69,4.72,267,51,0.0234,0.434,3.87,-0.06,0.7143,1.0932,0.4294,1.3747,0.002863,46.2,2025,6,2,Jun 2025
BIZ_097,Amber Grind,Coffee Shop,Kondapur,West,17.48138,78.376085,2,3.2,False,2025-07-01,4.32,405,9,0.629,0.352,8.5,4.04,4.67,270,29,0.0391,0.41,2.81,-0.15,-0.25,1.062,0.3717,1.1758,0.002478,40.2,2025,7,3,Jul 2025
BIZ_097,Amber Grind,Coffee Shop,Kondapur,West,17.48138,78.376085,2,3.3,False,2025-08-01,4.27,414,9,0.443,0.469,2.5,4.48,4.08,300,60,0.0247,0.453,2.73,-0.05,0.0,1.0573,0.3639,0.8217,0.002426,37.7,2025,8,3,Aug 2025
BIZ_097,Amber Grind,Coffee Shop,Kondapur,West,17.48138,78.376085,2,3.4,False,2025-09-01,4.31,424,10,0.553,0.505,5.9,4.45,4.65,201,42,0.0305,0.471,2.94,0.04,0.1111,1.0706,0.3433,1.0353,0.002289,40.4,2025,9,3,Sep 2025
BIZ_097,Amber Grind,Coffee Shop,Kondapur,West,17.48138,78.376085,2,3.5,False,2025-10-01,4.35,435,11,0.743,0.5,5.0,4.22,4.29,244,49,0.0227,0.544,3.14,0.04,0.1,1.0804,0.3782,1.3908,0.002521,42.7,2025,10,4,Oct 2025
BIZ_097,Amber Grind,Coffee Shop,Kondapur,West,17.48138,78.376085,2,3.5,False,2025-11-01,4.48,448,13,0.523,0.654,5.7,4.03,4.69,257,24,0.0204,0.456,3.71,0.13,0.1818,1.1121,0.4171,0.9611,0.002781,39.3,2025,11,4,Nov 2025
BIZ_097,Amber Grind,Coffee Shop,Kondapur,West,17.48138,78.376085,2,3.6,False,2025-12-01,4.23,464,16,0.572,0.531,10.2,3.32,4.1,263,51,0.0514,0.541,4.44,-0.25,0.2308,1.0457,0.4898,1.0563,0.003265,39.1,2025,12,4,Dec 2025
BIZ_097,Amber Grind,Coffee Shop,Kondapur,West,17.48138,78.376085,2,3.7,False,2026-01-01,4.39,473,9,0.639,0.224,11.4,4.58,3.81,267,32,0.0405,0.514,2.43,0.16,-0.4375,1.0755,0.2757,1.1903,0.001838,44.8,2026,1,1,Jan 2026
BIZ_097,Amber Grind,Coffee Shop,Kondapur,West,17.48138,78.376085,2,3.8,False,2026-02-01,4.43,484,11,0.681,0.66,4.0,4.47,4.52,282,51,0.022,0.443,2.89,0.04,0.2222,1.0812,0.3354,1.2747,0.002236,46.4,2026,2,1,Feb 2026
BIZ_097,Amber Grind,Coffee Shop,Kondapur,West,17.48138,78.376085,2,3.9,False,2026-03-01,4.38,492,8,0.626,0.257,3.3,5.0,4.21,342,52,0.0538,0.386,2.05,-0.05,-0.2727,1.0655,0.2413,1.1252,0.001609,49.4,2026,3,1,Mar 2026
BIZ_097,Amber Grind,Coffee Shop,Kondapur,West,17.48138,78.376085,2,4.0,False,2026-04-01,4.44,500,8,0.516,0.434,2.6,3.85,4.65,242,42,0.0587,0.495,2.0,0.06,0.0,1.0755,0.2794,0.9518,0.001863,46.0,2026,4,2,Apr 2026
BIZ_097,Amber Grind,Coffee Shop,Kondapur,West,17.48138,78.376085,2,4.0,False,2026-05-01,4.46,503,3,0.577,0.574,3.2,4.96,4.67,272,60,0.0209,0.476,0.75,0.02,-0.625,1.084,0.107,1.0573,0.000713,42.2,2026,5,2,May 2026
BIZ_097,Amber Grind,Coffee Shop,Kondapur,West,17.48138,78.376085,2,4.1,False,2026-06-01,4.56,514,11,0.388,0.408,7.8,3.82,4.34,182,39,0.0235,0.448,2.68,0.1,2.6667,1.1106,0.4193,0.7085,0.002795,43.4,2026,6,2,Jun 2026
BIZ_098,Crumb Kitchen,Tea House,Kondapur,West,17.427656,78.391333,1,2.7,False,2025-01-01,3.44,9114,266,0.095,0.515,6.0,3.11,3.47,915,252,0.04,0.456,98.52,0.0,0.0,0.8454,7.6393,0.1784,0.050929,35.0,2025,1,1,Jan 2025
BIZ_098,Crumb Kitchen,Tea House,Kondapur,West,17.427656,78.391333,1,2.8,False,2025-02-01,3.37,9352,238,0.054,0.418,8.0,3.48,3.66,866,128,0.0389,0.38,85.0,-0.07,-0.1053,0.8251,7.1918,0.1021,0.047945,28.9,2025,2,1,Feb 2025
BIZ_098,Crumb Kitchen,Tea House,Kondapur,West,17.427656,78.391333,1,2.9,False,2025-03-01,3.56,9703,351,0.146,0.563,4.0,3.03,4.13,938,148,0.0385,0.384,121.03,0.19,0.4748,0.8676,10.6709,0.2792,0.071139,41.2,2025,3,1,Mar 2025
BIZ_098,Crumb Kitchen,Tea House,Kondapur,West,17.427656,78.391333,1,3.0,False,2025-04-01,3.4,9935,232,0.128,0.355,4.0,3.25,3.57,893,100,0.0625,0.513,77.33,-0.16,-0.339,0.8242,7.0545,0.2414,0.04703,28.5,2025,4,2,Apr 2025
BIZ_098,Crumb Kitchen,Tea House,Kondapur,West,17.427656,78.391333,1,3.0,False,2025-05-01,3.48,10307,372,0.058,0.474,7.3,3.63,3.58,801,132,0.0338,0.497,124.0,0.08,0.6034,0.8447,13.004,0.1102,0.086693,37.6,2025,5,2,May 2025
BIZ_098,Crumb Kitchen,Tea House,Kondapur,West,17.427656,78.391333,1,3.1,False,2025-06-01,3.45,10441,134,0.027,0.424,11.2,3.42,3.51,693,206,0.035,0.43,43.23,-0.03,-0.6398,0.8438,4.7948,0.0508,0.031966,24.6,2025,6,2,Jun 2025
BIZ_098,Crumb Kitchen,Tea House,Kondapur,West,17.427656,78.391333,1,3.2,False,2025-07-01,3.68,10696,255,0.042,0.548,7.6,3.38,4.08,791,113,0.03,0.387,79.69,0.23,0.903,0.9047,10.5314,0.0785,0.070209,38.4,2025,7,3,Jul 2025
BIZ_098,Crumb Kitchen,Tea House,Kondapur,West,17.427656,78.391333,1,3.3,False,2025-08-01,3.54,10958,262,0.254,0.509,2.4,3.53,4.28,808,101,0.0272,0.414,79.39,-0.14,0.0275,0.8766,10.593,0.4711,0.07062,37.0,2025,8,3,Aug 2025
BIZ_098,Crumb Kitchen,Tea House,Kondapur,West,17.427656,78.391333,1,3.4,False,2025-09-01,3.35,11252,294,0.141,0.484,3.5,3.68,3.44,882,125,0.0353,0.504,86.47,-0.19,0.1221,0.8321,10.0938,0.264,0.067292,30.9,2025,9,3,Sep 2025
BIZ_098,Crumb Kitchen,Tea House,Kondapur,West,17.427656,78.391333,1,3.5,False,2025-10-01,3.49,11499,247,0.128,0.504,2.5,3.76,3.76,612,60,0.0353,0.463,70.57,0.14,-0.1599,0.8668,8.4919,0.2396,0.056612,32.9,2025,10,4,Oct 2025
BIZ_098,Crumb Kitchen,Tea House,Kondapur,West,17.427656,78.391333,1,3.5,False,2025-11-01,3.48,11780,281,0.213,0.479,4.6,3.19,3.6,914,235,0.0825,0.421,80.29,-0.01,0.1377,0.8639,9.016,0.3914,0.060107,42.9,2025,11,4,Nov 2025
BIZ_098,Crumb Kitchen,Tea House,Kondapur,West,17.427656,78.391333,1,3.6,False,2025-12-01,3.39,12021,241,0.166,0.445,11.4,3.9,3.76,1141,215,0.0417,0.421,66.94,-0.09,-0.1423,0.8381,7.3776,0.3065,0.049184,35.3,2025,12,4,Dec 2025
BIZ_098,Crumb Kitchen,Tea House,Kondapur,West,17.427656,78.391333,1,3.7,False,2026-01-01,3.49,12232,211,0.196,0.438,5.2,3.36,3.68,960,97,0.0472,0.474,57.03,0.1,-0.1245,0.855,6.4631,0.3651,0.043088,34.9,2026,1,1,Jan 2026
BIZ_098,Crumb Kitchen,Tea House,Kondapur,West,17.427656,78.391333,1,3.8,False,2026-02-01,3.56,12447,215,0.008,0.423,7.7,3.51,3.91,664,128,0.0401,0.406,56.58,0.07,0.019,0.8688,6.5549,0.015,0.043699,33.4,2026,2,1,Feb 2026
BIZ_098,Crumb Kitchen,Tea House,Kondapur,West,17.427656,78.391333,1,3.9,False,2026-03-01,3.57,12758,311,0.183,0.517,5.6,2.7,4.1,831,184,0.0389,0.387,79.74,0.01,0.4465,0.8685,9.3807,0.3289,0.062538,35.3,2026,3,1,Mar 2026
BIZ_098,Crumb Kitchen,Tea House,Kondapur,West,17.427656,78.391333,1,4.0,False,2026-04-01,3.63,12937,179,-0.043,0.535,5.5,3.26,3.51,845,112,0.046,0.343,44.75,0.06,-0.4244,0.8793,6.2515,-0.0793,0.041676,35.1,2026,4,2,Apr 2026
BIZ_098,Crumb Kitchen,Tea House,Kondapur,West,17.427656,78.391333,1,4.0,False,2026-05-01,3.6,13248,311,0.284,0.48,3.3,3.5,3.79,812,180,0.0639,0.448,77.75,-0.03,0.7374,0.8749,11.0887,0.5204,0.073924,44.7,2026,5,2,May 2026
BIZ_098,Crumb Kitchen,Tea House,Kondapur,West,17.427656,78.391333,1,4.1,False,2026-06-01,3.62,13480,232,0.051,0.565,11.2,3.27,3.56,513,97,0.0284,0.483,56.59,0.02,-0.254,0.8817,8.8437,0.0931,0.058958,38.3,2026,6,2,Jun 2026
BIZ_099,Cedar Whisk Co,Cafe,Kondapur,West,17.449184,78.384962,1,3.0,False,2025-01-01,5.0,111,5,0.887,0.444,12.6,4.77,5.0,258,70,0.0271,0.537,1.67,0.0,0.0,1.2288,0.1436,1.6654,0.000957,58.1,2025,1,1,Jan 2025
BIZ_099,Cedar Whisk Co,Cafe,Kondapur,West,17.449184,78.384962,1,3.1,False,2025-02-01,5.0,117,6,0.955,0.313,4.3,4.76,5.0,261,71,0.0309,0.522,1.94,0.0,0.2,1.2242,0.1813,1.8064,0.001209,56.3,2025,2,1,Feb 2025
BIZ_099,Cedar Whisk Co,Cafe,Kondapur,West,17.449184,78.384962,1,3.2,False,2025-03-01,5.0,123,6,0.977,0.511,2.8,4.44,4.76,261,43,0.0568,0.509,1.88,0.0,0.0,1.2186,0.1824,1.8685,0.001216,59.9,2025,3,1,Mar 2025
BIZ_099,Cedar Whisk Co,Cafe,Kondapur,West,17.449184,78.384962,1,3.2,False,2025-04-01,4.97,126,3,0.976,0.603,5.0,4.4,5.0,312,76,0.0205,0.48,0.94,-0.03,-0.5,1.2047,0.0912,1.8403,0.000608,52.9,2025,4,2,Apr 2025
BIZ_099,Cedar Whisk Co,Cafe,Kondapur,West,17.449184,78.384962,1,3.3,False,2025-05-01,5.0,127,1,0.862,0.54,8.4,4.82,5.0,227,33,0.0545,0.448,0.3,0.03,-0.6667,1.2137,0.035,1.638,0.000233,59.0,2025,5,2,May 2025
BIZ_099,Cedar Whisk Co,Cafe,Kondapur,West,17.449184,78.384962,1,3.4,False,2025-06-01,4.91,130,3,0.896,0.597,2.8,5.0,4.78,334,69,0.0257,0.478,0.88,-0.09,2.0,1.2009,0.1073,1.6873,0.000716,56.7,2025,6,2,Jun 2025
BIZ_099,Cedar Whisk Co,Cafe,Kondapur,West,17.449184,78.384962,1,3.5,False,2025-07-01,5.0,137,7,0.796,0.458,4.2,4.63,4.67,276,62,0.0799,0.518,2.0,0.09,1.3333,1.2292,0.2891,1.4879,0.001927,60.9,2025,7,3,Jul 2025
BIZ_099,Cedar Whisk Co,Cafe,Kondapur,West,17.449184,78.384962,1,3.6,False,2025-08-01,5.0,142,5,0.962,0.537,5.6,4.76,4.97,214,47,0.0469,0.492,1.39,0.0,-0.2857,1.2381,0.2022,1.7843,0.001348,59.0,2025,8,3,Aug 2025
BIZ_099,Cedar Whisk Co,Cafe,Kondapur,West,17.449184,78.384962,1,3.7,False,2025-09-01,5.0,147,5,0.992,0.568,6.8,4.69,5.0,238,68,0.0357,0.601,1.35,0.0,0.0,1.2419,0.1717,1.8572,0.001144,56.9,2025,9,3,Sep 2025
BIZ_099,Cedar Whisk Co,Cafe,Kondapur,West,17.449184,78.384962,1,3.8,False,2025-10-01,4.96,153,6,0.954,0.376,5.3,5.0,5.0,138,49,0.0357,0.537,1.58,-0.04,0.2,1.2319,0.2063,1.7858,0.001375,58.5,2025,10,4,Oct 2025
BIZ_099,Cedar Whisk Co,Cafe,Kondapur,West,17.449184,78.384962,1,3.8,False,2025-11-01,4.86,159,6,1.0,0.5,8.3,4.58,5.0,196,49,0.0268,0.435,1.58,-0.1,0.0,1.2065,0.1925,1.8376,0.001283,54.3,2025,11,4,Nov 2025
BIZ_099,Cedar Whisk Co,Cafe,Kondapur,West,17.449184,78.384962,1,3.9,False,2025-12-01,5.0,161,2,1.0,0.64,6.0,4.47,4.8,255,65,0.0225,0.611,0.51,0.14,-0.6667,1.2361,0.0612,1.8466,0.000408,53.2,2025,12,4,Dec 2025
BIZ_099,Cedar Whisk Co,Cafe,Kondapur,West,17.449184,78.384962,1,4.0,False,2026-01-01,5.0,169,8,1.0,0.505,4.1,5.0,5.0,268,67,0.022,0.478,2.0,0.0,3.0,1.225,0.245,1.8627,0.001634,65.7,2026,1,1,Jan 2026
BIZ_099,Cedar Whisk Co,Cafe,Kondapur,West,17.449184,78.384962,1,4.1,False,2026-02-01,5.0,175,6,0.819,0.508,6.8,4.63,5.0,259,49,0.0487,0.635,1.46,0.0,-0.25,1.2203,0.1829,1.533,0.00122,57.7,2026,2,1,Feb 2026
BIZ_099,Cedar Whisk Co,Cafe,Kondapur,West,17.449184,78.384962,1,4.2,False,2026-03-01,5.0,182,7,0.899,0.312,6.4,4.76,5.0,242,27,0.0286,0.53,1.67,0.0,0.1667,1.2164,0.2111,1.6159,0.001408,57.1,2026,3,1,Mar 2026
BIZ_099,Cedar Whisk Co,Cafe,Kondapur,West,17.449184,78.384962,1,4.2,False,2026-04-01,5.0,189,7,0.952,0.425,8.7,5.0,5.0,255,75,0.0469,0.5,1.67,0.0,0.0,1.2112,0.2445,1.756,0.00163,62.3,2026,4,2,Apr 2026
BIZ_099,Cedar Whisk Co,Cafe,Kondapur,West,17.449184,78.384962,1,4.3,False,2026-05-01,5.0,194,5,0.862,0.579,4.0,5.0,5.0,240,48,0.0463,0.503,1.16,0.0,-0.2857,1.2152,0.1783,1.5796,0.001188,58.0,2026,5,2,May 2026
BIZ_099,Cedar Whisk Co,Cafe,Kondapur,West,17.449184,78.384962,1,4.4,False,2026-06-01,5.0,200,6,1.0,0.501,6.5,4.82,4.8,200,67,0.0401,0.61,1.36,0.0,0.2,1.2178,0.2287,1.8261,0.001525,60.5,2026,6,2,Jun 2026
BIZ_100,Velvet Sip,Coffee Shop,Mehdipatnam,South,17.420772,78.384813,4,9.0,False,2025-01-01,3.12,269,2,-0.105,0.43,3.2,2.92,2.2,337,68,0.03,0.466,0.22,0.0,0.0,0.7668,0.0574,-0.1971,0.000383,11.9,2025,1,1,Jan 2025
BIZ_100,Velvet Sip,Coffee Shop,Mehdipatnam,South,17.420772,78.384813,4,9.1,False,2025-02-01,3.17,273,4,-0.085,0.576,7.3,2.82,2.81,295,75,0.0577,0.38,0.44,0.05,1.0,0.7762,0.1209,-0.1608,0.000806,10.7,2025,2,1,Feb 2025
BIZ_100,Velvet Sip,Coffee Shop,Mehdipatnam,South,17.420772,78.384813,4,9.2,False,2025-03-01,3.18,277,4,-0.056,0.507,6.5,3.35,2.69,243,52,0.0424,0.407,0.43,0.01,0.0,0.775,0.1216,-0.1071,0.000811,13.1,2025,3,1,Mar 2025
BIZ_100,Velvet Sip,Coffee Shop,Mehdipatnam,South,17.420772,78.384813,4,9.2,False,2025-04-01,3.15,281,4,-0.165,0.34,13.8,3.1,2.84,313,31,0.0359,0.355,0.43,-0.03,0.0,0.7636,0.1216,-0.3111,0.000811,8.3,2025,4,2,Apr 2025
BIZ_100,Velvet Sip,Coffee Shop,Mehdipatnam,South,17.420772,78.384813,4,9.3,False,2025-05-01,3.05,283,2,-0.059,0.518,4.0,2.83,2.39,308,35,0.0812,0.368,0.22,-0.1,-0.5,0.7403,0.0699,-0.1121,0.000466,13.9,2025,5,2,May 2025
BIZ_100,Velvet Sip,Coffee Shop,Mehdipatnam,South,17.420772,78.384813,4,9.4,False,2025-06-01,3.16,287,4,-0.022,0.29,5.2,3.12,2.68,259,16,0.0327,0.435,0.43,0.11,1.0,0.7729,0.1431,-0.0414,0.000954,12.5,2025,6,2,Jun 2025
BIZ_100,Velvet Sip,Coffee Shop,Mehdipatnam,South,17.420772,78.384813,4,9.5,False,2025-07-01,3.15,292,5,-0.168,0.599,12.0,3.37,3.22,224,33,0.0327,0.459,0.53,-0.01,0.25,0.7744,0.2065,-0.314,0.001377,8.6,2025,7,3,Jul 2025
BIZ_100,Velvet Sip,Coffee Shop,Mehdipatnam,South,17.420772,78.384813,4,9.6,False,2025-08-01,3.05,297,5,-0.177,0.57,3.2,2.35,2.85,262,50,0.0238,0.308,0.52,-0.1,0.0,0.7552,0.2022,-0.3283,0.001348,4.6,2025,8,3,Aug 2025
BIZ_100,Velvet Sip,Coffee Shop,Mehdipatnam,South,17.420772,78.384813,4,9.7,False,2025-09-01,3.02,302,5,-0.115,0.363,4.5,2.41,2.74,237,22,0.0305,0.391,0.52,-0.03,0.0,0.7501,0.1717,-0.2153,0.001144,7.0,2025,9,3,Sep 2025
BIZ_100,Velvet Sip,Coffee Shop,Mehdipatnam,South,17.420772,78.384813,4,9.8,False,2025-10-01,3.04,309,7,-0.076,0.502,7.6,3.16,2.72,284,47,0.0667,0.37,0.71,0.02,0.4,0.755,0.2407,-0.1423,0.001604,16.5,2025,10,4,Oct 2025
BIZ_100,Velvet Sip,Coffee Shop,Mehdipatnam,South,17.420772,78.384813,4,9.8,False,2025-11-01,3.0,313,4,-0.127,0.557,3.9,2.19,2.89,294,55,0.0237,0.333,0.41,-0.04,-0.4286,0.7447,0.1283,-0.2334,0.000856,3.7,2025,11,4,Nov 2025
BIZ_100,Velvet Sip,Coffee Shop,Mehdipatnam,South,17.420772,78.384813,4,9.9,False,2025-12-01,2.99,318,5,-0.313,0.486,11.9,3.08,2.46,260,65,0.0276,0.375,0.51,-0.01,0.25,0.7392,0.1531,-0.578,0.00102,6.3,2025,12,4,Dec 2025
BIZ_100,Velvet Sip,Coffee Shop,Mehdipatnam,South,17.420772,78.384813,4,10.0,False,2026-01-01,2.96,323,5,-0.128,0.698,3.4,2.83,2.96,234,48,0.0266,0.341,0.5,-0.03,0.0,0.7252,0.1532,-0.2384,0.001021,4.2,2026,1,1,Jan 2026
BIZ_100,Velvet Sip,Coffee Shop,Mehdipatnam,South,17.420772,78.384813,4,10.1,False,2026-02-01,3.12,331,8,-0.134,0.436,8.8,2.97,2.19,315,88,0.0328,0.399,0.79,0.16,0.6,0.7614,0.2439,-0.2508,0.001626,14.5,2026,2,1,Feb 2026
BIZ_100,Velvet Sip,Coffee Shop,Mehdipatnam,South,17.420772,78.384813,4,10.2,False,2026-03-01,2.93,338,7,-0.281,0.574,7.8,2.93,2.92,319,81,0.0205,0.36,0.69,-0.19,-0.125,0.7128,0.2111,-0.5051,0.001408,4.6,2026,3,1,Mar 2026
BIZ_100,Velvet Sip,Coffee Shop,Mehdipatnam,South,17.420772,78.384813,4,10.2,False,2026-04-01,3.16,343,5,-0.106,0.679,3.7,2.68,2.54,282,28,0.0537,0.296,0.49,0.23,-0.2857,0.7655,0.1746,-0.1955,0.001164,14.0,2026,4,2,Apr 2026
BIZ_100,Velvet Sip,Coffee Shop,Mehdipatnam,South,17.420772,78.384813,4,10.3,False,2026-05-01,3.1,343,0,-0.132,0.518,4.4,3.26,2.81,354,54,0.0441,0.465,0.0,-0.06,-1.0,0.7534,0.0,-0.2419,0.0,10.7,2026,5,2,May 2026
BIZ_100,Velvet Sip,Coffee Shop,Mehdipatnam,South,17.420772,78.384813,4,10.4,False,2026-06-01,3.08,345,2,-0.063,0.411,5.7,3.11,3.03,204,33,0.0232,0.377,0.19,-0.02,0.0,0.7502,0.0762,-0.115,0.000508,11.2,2026,6,2,Jun 2026
BIZ_101,Pearl Aroma Co,Coffee Shop,Nampally,Old City,17.356028,78.453587,2,1.8,False,2025-01-01,3.78,387,16,0.626,0.609,4.8,3.18,4.13,300,63,0.0252,0.474,8.89,0.0,0.0,0.929,0.4595,1.1753,0.003063,33.8,2025,1,1,Jan 2025
BIZ_101,Pearl Aroma Co,Coffee Shop,Nampally,Old City,17.356028,78.453587,2,1.9,False,2025-02-01,3.88,415,28,0.668,0.483,4.8,3.21,4.04,250,64,0.0322,0.453,14.74,0.1,0.75,0.95,0.8461,1.2635,0.005641,33.2,2025,2,1,Feb 2025
BIZ_101,Pearl Aroma Co,Coffee Shop,Nampally,Old City,17.356028,78.453587,2,2.0,False,2025-03-01,4.03,429,14,0.663,0.61,5.6,3.54,4.41,278,50,0.0769,0.516,7.0,0.15,-0.5,0.9822,0.4256,1.268,0.002837,40.0,2025,3,1,Mar 2025
BIZ_101,Pearl Aroma Co,Coffee Shop,Nampally,Old City,17.356028,78.453587,2,2.0,False,2025-04-01,3.82,446,17,0.476,0.545,7.7,3.99,3.48,253,44,0.0267,0.398,8.5,-0.21,0.2143,0.926,0.5169,0.8975,0.003446,31.4,2025,4,2,Apr 2025
BIZ_101,Pearl Aroma Co,Coffee Shop,Nampally,Old City,17.356028,78.453587,2,2.1,False,2025-05-01,3.9,466,20,0.798,0.619,11.0,3.95,3.95,207,44,0.0327,0.481,9.52,0.08,0.1765,0.9466,0.6991,1.5164,0.004661,38.8,2025,5,2,May 2025
BIZ_101,Pearl Aroma Co,Coffee Shop,Nampally,Old City,17.356028,78.453587,2,2.2,False,2025-06-01,3.9,476,10,0.701,0.573,4.7,3.49,3.63,260,57,0.0687,0.458,4.55,0.0,-0.5,0.9538,0.3578,1.3201,0.002385,39.1,2025,6,2,Jun 2025
BIZ_101,Pearl Aroma Co,Coffee Shop,Nampally,Old City,17.356028,78.453587,2,2.3,False,2025-07-01,3.63,494,18,0.704,0.571,6.6,3.52,3.53,193,41,0.0346,0.389,7.83,-0.27,0.8,0.8924,0.7434,1.316,0.004956,31.7,2025,7,3,Jul 2025
BIZ_101,Pearl Aroma Co,Coffee Shop,Nampally,Old City,17.356028,78.453587,2,2.4,False,2025-08-01,3.91,510,16,0.766,0.476,3.1,3.99,3.99,285,40,0.0506,0.444,6.67,0.28,-0.1111,0.9682,0.6469,1.4207,0.004313,41.6,2025,8,3,Aug 2025
BIZ_101,Pearl Aroma Co,Coffee Shop,Nampally,Old City,17.356028,78.453587,2,2.5,False,2025-09-01,3.56,527,17,0.754,0.622,3.3,3.87,3.91,207,35,0.0221,0.421,6.8,-0.35,0.0625,0.8843,0.5837,1.4116,0.003891,32.1,2025,9,3,Sep 2025
BIZ_101,Pearl Aroma Co,Coffee Shop,Nampally,Old City,17.356028,78.453587,2,2.5,False,2025-10-01,3.82,548,21,0.776,0.498,6.2,3.89,4.05,115,45,0.0702,0.47,8.4,0.26,0.2353,0.9488,0.722,1.4526,0.004813,44.7,2025,10,4,Oct 2025
BIZ_101,Pearl Aroma Co,Coffee Shop,Nampally,Old City,17.356028,78.453587,2,2.6,False,2025-11-01,3.75,569,21,0.736,0.583,6.6,3.61,3.53,246,42,0.0395,0.568,8.08,-0.07,0.0,0.9309,0.6738,1.3525,0.004492,36.2,2025,11,4,Nov 2025
BIZ_101,Pearl Aroma Co,Coffee Shop,Nampally,Old City,17.356028,78.453587,2,2.7,False,2025-12-01,3.88,588,19,0.681,0.491,6.1,3.81,4.25,258,64,0.0558,0.432,7.04,0.13,-0.0952,0.9592,0.5816,1.2575,0.003878,38.9,2025,12,4,Dec 2025
BIZ_101,Pearl Aroma Co,Coffee Shop,Nampally,Old City,17.356028,78.453587,2,2.8,False,2026-01-01,3.74,609,21,0.735,0.545,3.3,3.67,3.78,250,63,0.0201,0.452,7.5,-0.14,0.1053,0.9163,0.6433,1.3691,0.004288,32.5,2026,1,1,Jan 2026
BIZ_101,Pearl Aroma Co,Coffee Shop,Nampally,Old City,17.356028,78.453587,2,2.9,False,2026-02-01,3.65,641,32,0.761,0.478,4.6,3.56,3.74,330,42,0.0423,0.371,11.03,-0.09,0.5238,0.8908,0.9756,1.4244,0.006504,40.3,2026,2,1,Feb 2026
BIZ_101,Pearl Aroma Co,Coffee Shop,Nampally,Old City,17.356028,78.453587,2,3.0,False,2026-03-01,3.83,661,20,0.828,0.562,3.4,3.79,3.91,284,37,0.0414,0.403,6.67,0.18,-0.375,0.9317,0.6033,1.4883,0.004022,39.4,2026,3,1,Mar 2026
BIZ_101,Pearl Aroma Co,Coffee Shop,Nampally,Old City,17.356028,78.453587,2,3.0,False,2026-04-01,3.64,679,18,0.842,0.4,4.8,3.36,3.67,222,69,0.022,0.358,6.0,-0.19,-0.1,0.8817,0.6286,1.5531,0.004191,35.1,2026,4,2,Apr 2026
BIZ_101,Pearl Aroma Co,Coffee Shop,Nampally,Old City,17.356028,78.453587,2,3.1,False,2026-05-01,3.88,701,22,0.887,0.439,2.0,3.78,4.21,151,40,0.0227,0.383,7.1,0.24,0.2222,0.943,0.7844,1.6254,0.005229,37.9,2026,5,2,May 2026
BIZ_101,Pearl Aroma Co,Coffee Shop,Nampally,Old City,17.356028,78.453587,2,3.2,False,2026-06-01,3.87,715,14,0.769,0.398,3.8,4.25,3.71,248,45,0.0346,0.368,4.38,-0.01,-0.3636,0.9426,0.5337,1.4043,0.003558,40.1,2026,6,2,Jun 2026
BIZ_102,The Drip Works,Cafe,Gachibowli,West,17.446216,78.3816,3,5.9,False,2025-01-01,3.47,220,6,0.25,0.608,3.6,2.42,3.54,325,81,0.0906,0.375,1.02,0.0,0.0,0.8528,0.1723,0.4694,0.001149,27.5,2025,1,1,Jan 2025
BIZ_102,The Drip Works,Cafe,Gachibowli,West,17.446216,78.3816,3,6.0,False,2025-02-01,3.71,227,7,0.243,0.688,8.0,3.38,3.59,358,42,0.0415,0.423,1.17,0.24,0.1667,0.9084,0.2115,0.4596,0.00141,22.7,2025,2,1,Feb 2025
BIZ_102,The Drip Works,Cafe,Gachibowli,West,17.446216,78.3816,3,6.1,False,2025-03-01,3.51,232,5,0.36,0.503,12.0,3.27,3.1,164,62,0.0255,0.371,0.82,-0.2,-0.2857,0.8554,0.152,0.6885,0.001013,21.5,2025,3,1,Mar 2025
BIZ_102,The Drip Works,Cafe,Gachibowli,West,17.446216,78.3816,3,6.2,False,2025-04-01,3.67,238,6,0.269,0.511,11.8,2.99,4.01,215,46,0.0237,0.473,0.97,0.16,0.2,0.8896,0.1824,0.5072,0.001216,20.7,2025,4,2,Apr 2025
BIZ_102,The Drip Works,Cafe,Gachibowli,West,17.446216,78.3816,3,6.2,False,2025-05-01,3.39,240,2,0.314,0.577,5.6,2.89,3.3,292,81,0.0609,0.377,0.32,-0.28,-0.6667,0.8229,0.0699,0.5967,0.000466,21.3,2025,5,2,May 2025
BIZ_102,The Drip Works,Cafe,Gachibowli,West,17.446216,78.3816,3,6.3,False,2025-06-01,3.38,245,5,0.411,0.428,7.0,3.51,2.86,193,30,0.0443,0.39,0.79,-0.01,1.5,0.8267,0.1789,0.774,0.001193,26.5,2025,6,2,Jun 2025
BIZ_102,The Drip Works,Cafe,Gachibowli,West,17.446216,78.3816,3,6.4,False,2025-07-01,3.53,247,2,0.231,0.503,2.5,3.47,3.19,263,39,0.0832,0.42,0.31,0.15,-0.6,0.8678,0.0826,0.4318,0.000551,27.0,2025,7,3,Jul 2025
BIZ_102,The Drip Works,Cafe,Gachibowli,West,17.446216,78.3816,3,6.5,False,2025-08-01,3.38,251,4,0.162,0.395,8.1,3.0,3.24,259,29,0.0266,0.468,0.62,-0.15,1.0,0.8369,0.1617,0.3005,0.001078,18.3,2025,8,3,Aug 2025
BIZ_102,The Drip Works,Cafe,Gachibowli,West,17.446216,78.3816,3,6.6,False,2025-09-01,3.47,257,6,0.253,0.418,5.5,3.72,3.18,196,57,0.0238,0.403,0.91,0.09,0.5,0.8619,0.206,0.4737,0.001373,22.6,2025,9,3,Sep 2025
BIZ_102,The Drip Works,Cafe,Gachibowli,West,17.446216,78.3816,3,6.7,False,2025-10-01,3.45,259,2,0.25,0.708,2.7,3.08,2.95,280,68,0.0279,0.483,0.3,-0.02,-0.6667,0.8569,0.0688,0.468,0.000458,18.1,2025,10,4,Oct 2025
BIZ_102,The Drip Works,Cafe,Gachibowli,West,17.446216,78.3816,3,6.7,False,2025-11-01,3.53,262,3,0.24,0.585,8.0,3.38,3.15,248,71,0.0244,0.485,0.45,0.08,0.5,0.8763,0.0963,0.441,0.000642,21.8,2025,11,4,Nov 2025
BIZ_102,The Drip Works,Cafe,Gachibowli,West,17.446216,78.3816,3,6.8,False,2025-12-01,3.52,267,5,0.152,0.648,10.6,3.7,3.69,264,48,0.0393,0.366,0.74,-0.01,0.6667,0.8702,0.1531,0.2807,0.00102,24.4,2025,12,4,Dec 2025
BIZ_102,The Drip Works,Cafe,Gachibowli,West,17.446216,78.3816,3,6.9,False,2026-01-01,3.59,273,6,0.382,0.503,2.5,3.34,3.6,269,59,0.0216,0.364,0.87,0.07,0.2,0.8795,0.1838,0.7115,0.001225,22.7,2026,1,1,Jan 2026
BIZ_102,The Drip Works,Cafe,Gachibowli,West,17.446216,78.3816,3,7.0,False,2026-02-01,3.5,277,4,0.232,0.487,2.7,3.57,2.86,228,32,0.0597,0.435,0.57,-0.09,-0.3333,0.8542,0.122,0.4343,0.000813,27.4,2026,2,1,Feb 2026
BIZ_102,The Drip Works,Cafe,Gachibowli,West,17.446216,78.3816,3,7.1,False,2026-03-01,3.66,283,6,0.347,0.555,10.9,3.49,3.43,302,62,0.0242,0.378,0.85,0.16,0.5,0.8904,0.181,0.6237,0.001207,27.5,2026,3,1,Mar 2026
BIZ_102,The Drip Works,Cafe,Gachibowli,West,17.446216,78.3816,3,7.2,False,2026-04-01,3.5,286,3,0.185,0.412,5.3,3.57,3.04,224,51,0.0218,0.476,0.42,-0.16,-0.5,0.8478,0.1048,0.3412,0.000698,20.4,2026,4,2,Apr 2026
BIZ_102,The Drip Works,Cafe,Gachibowli,West,17.446216,78.3816,3,7.2,False,2026-05-01,3.65,290,4,0.289,0.511,6.3,3.28,3.24,199,56,0.0234,0.39,0.56,0.15,0.3333,0.8871,0.1426,0.5296,0.000951,22.5,2026,5,2,May 2026
BIZ_102,The Drip Works,Cafe,Gachibowli,West,17.446216,78.3816,3,7.3,False,2026-06-01,3.58,292,2,0.201,0.597,3.7,3.96,3.39,139,39,0.0904,0.372,0.27,-0.07,-0.5,0.8719,0.0762,0.3671,0.000508,36.5,2026,6,2,Jun 2026
BIZ_103,Fresh Roast,Bakery & Cafe,Begumpet,Central,17.435787,78.444193,2,2.5,False,2025-01-01,4.13,573,27,0.518,0.555,2.7,4.23,4.46,339,73,0.0869,0.497,10.8,0.0,0.0,1.015,0.7754,0.9726,0.005169,47.5,2025,1,1,Jan 2025
BIZ_103,Fresh Roast,Bakery & Cafe,Begumpet,Central,17.435787,78.444193,2,2.6,False,2025-02-01,4.11,594,21,0.539,0.491,6.0,4.12,4.21,274,57,0.0362,0.418,8.08,-0.02,-0.2222,1.0063,0.6346,1.0195,0.00423,35.7,2025,2,1,Feb 2025
BIZ_103,Fresh Roast,Bakery & Cafe,Begumpet,Central,17.435787,78.444193,2,2.7,False,2025-03-01,4.27,612,18,0.408,0.474,8.0,4.09,3.78,279,55,0.043,0.427,6.67,0.16,-0.1429,1.0407,0.5472,0.7803,0.003648,37.8,2025,3,1,Mar 2025
BIZ_103,Fresh Roast,Bakery & Cafe,Begumpet,Central,17.435787,78.444193,2,2.8,False,2025-04-01,4.09,643,31,0.548,0.494,8.1,4.36,3.95,268,31,0.0206,0.508,11.07,-0.18,0.7222,0.9914,0.9426,1.0333,0.006284,38.5,2025,4,2,Apr 2025
BIZ_103,Fresh Roast,Bakery & Cafe,Begumpet,Central,17.435787,78.444193,2,2.8,False,2025-05-01,4.18,658,15,0.519,0.44,7.4,3.12,4.04,196,31,0.0883,0.409,5.36,0.09,-0.5161,1.0146,0.5244,0.9862,0.003496,42.2,2025,5,2,May 2025
BIZ_103,Fresh Roast,Bakery & Cafe,Begumpet,Central,17.435787,78.444193,2,2.9,False,2025-06-01,4.08,684,26,0.604,0.606,7.4,3.85,3.97,229,46,0.0384,0.449,8.97,-0.1,0.7333,0.9979,0.9303,1.1374,0.006202,39.0,2025,6,2,Jun 2025
BIZ_103,Fresh Roast,Bakery & Cafe,Begumpet,Central,17.435787,78.444193,2,3.0,False,2025-07-01,4.07,700,16,0.553,0.405,2.0,3.59,3.48,169,63,0.0359,0.405,5.33,-0.01,-0.3846,1.0005,0.6608,1.0337,0.004405,33.9,2025,7,3,Jul 2025
BIZ_103,Fresh Roast,Bakery & Cafe,Begumpet,Central,17.435787,78.444193,2,3.1,False,2025-08-01,3.98,714,14,0.763,0.559,12.3,3.7,4.32,321,41,0.025,0.532,4.52,-0.09,-0.125,0.9855,0.566,1.4152,0.003774,37.0,2025,8,3,Aug 2025
BIZ_103,Fresh Roast,Bakery & Cafe,Begumpet,Central,17.435787,78.444193,2,3.2,False,2025-09-01,3.96,730,16,0.532,0.554,5.5,3.64,4.12,196,46,0.0255,0.434,5.0,-0.02,0.1429,0.9836,0.5493,0.996,0.003662,32.9,2025,9,3,Sep 2025
BIZ_103,Fresh Roast,Bakery & Cafe,Begumpet,Central,17.435787,78.444193,2,3.2,False,2025-10-01,4.09,750,20,0.614,0.552,7.1,3.9,3.83,157,41,0.0559,0.42,6.25,0.13,0.25,1.0158,0.6876,1.1494,0.004584,42.4,2025,10,4,Oct 2025
BIZ_103,Fresh Roast,Bakery & Cafe,Begumpet,Central,17.435787,78.444193,2,3.3,False,2025-11-01,4.06,764,14,0.506,0.543,8.1,3.96,4.79,331,51,0.0362,0.448,4.24,-0.03,-0.3,1.0079,0.4492,0.9298,0.002995,35.7,2025,11,4,Nov 2025
BIZ_103,Fresh Roast,Bakery & Cafe,Begumpet,Central,17.435787,78.444193,2,3.4,False,2025-12-01,4.14,778,14,0.541,0.628,3.3,3.9,3.75,382,75,0.0749,0.512,4.12,0.08,0.0,1.0235,0.4286,0.999,0.002857,42.7,2025,12,4,Dec 2025
BIZ_103,Fresh Roast,Bakery & Cafe,Begumpet,Central,17.435787,78.444193,2,3.5,False,2026-01-01,4.16,805,27,0.589,0.429,4.6,4.03,4.28,268,87,0.0295,0.405,7.71,0.02,0.9286,1.0192,0.827,1.0971,0.005514,41.2,2026,1,1,Jan 2026
BIZ_103,Fresh Roast,Bakery & Cafe,Begumpet,Central,17.435787,78.444193,2,3.6,False,2026-02-01,4.15,814,9,0.401,0.73,5.6,3.99,4.24,289,71,0.0397,0.364,2.5,-0.01,-0.6667,1.0128,0.2744,0.7506,0.001829,35.6,2026,2,1,Feb 2026
BIZ_103,Fresh Roast,Bakery & Cafe,Begumpet,Central,17.435787,78.444193,2,3.7,False,2026-03-01,4.27,834,20,0.676,0.481,3.5,3.69,4.53,308,44,0.0986,0.462,5.41,0.12,1.2222,1.0388,0.6033,1.2151,0.004022,55.4,2026,3,1,Mar 2026
BIZ_103,Fresh Roast,Bakery & Cafe,Begumpet,Central,17.435787,78.444193,2,3.8,False,2026-04-01,4.29,860,26,0.378,0.537,1.1,4.33,4.57,247,51,0.0217,0.423,6.84,0.02,0.3,1.0392,0.908,0.6973,0.006054,40.4,2026,4,2,Apr 2026
BIZ_103,Fresh Roast,Bakery & Cafe,Begumpet,Central,17.435787,78.444193,2,3.8,False,2026-05-01,4.17,867,7,0.588,0.503,8.7,3.88,4.32,258,44,0.0245,0.362,1.84,-0.12,-0.7308,1.0135,0.2496,1.0775,0.001664,35.2,2026,5,2,May 2026
BIZ_103,Fresh Roast,Bakery & Cafe,Begumpet,Central,17.435787,78.444193,2,3.9,False,2026-06-01,4.24,880,13,0.589,0.691,3.3,3.86,4.21,218,71,0.0202,0.492,3.33,0.07,0.8571,1.0327,0.4956,1.0756,0.003304,39.4,2026,6,2,Jun 2026
BIZ_104,Modern Rise,Restaurant & Cafe,Madhapur,West,17.434855,78.362253,3,4.3,False,2025-01-01,3.45,1249,27,0.206,0.471,7.5,3.39,3.5,297,26,0.0874,0.422,6.28,0.0,0.0,0.8479,0.7754,0.3868,0.005169,31.0,2025,1,1,Jan 2025
BIZ_104,Modern Rise,Restaurant & Cafe,Madhapur,West,17.434855,78.362253,3,4.4,False,2025-02-01,3.34,1268,19,0.269,0.469,5.4,3.11,2.97,234,32,0.0762,0.418,4.32,-0.11,-0.2963,0.8178,0.5741,0.5088,0.003828,21.4,2025,2,1,Feb 2025
BIZ_104,Modern Rise,Restaurant & Cafe,Madhapur,West,17.434855,78.362253,3,4.5,False,2025-03-01,3.28,1291,23,0.159,0.469,6.8,2.89,3.2,273,46,0.0285,0.374,5.11,-0.06,0.2105,0.7994,0.6992,0.3041,0.004662,16.7,2025,3,1,Mar 2025
BIZ_104,Modern Rise,Restaurant & Cafe,Madhapur,West,17.434855,78.362253,3,4.5,False,2025-04-01,3.46,1318,27,0.364,0.414,5.2,3.68,3.38,283,34,0.1104,0.413,6.0,0.18,0.1739,0.8387,0.821,0.6863,0.005473,33.7,2025,4,2,Apr 2025
BIZ_104,Modern Rise,Restaurant & Cafe,Madhapur,West,17.434855,78.362253,3,4.6,False,2025-05-01,3.44,1345,27,0.237,0.644,3.8,3.07,3.25,279,49,0.0217,0.486,5.87,-0.02,0.0,0.835,0.9438,0.4504,0.006292,16.4,2025,5,2,May 2025
BIZ_104,Modern Rise,Restaurant & Cafe,Madhapur,West,17.434855,78.362253,3,4.7,False,2025-06-01,3.47,1372,27,0.167,0.625,8.1,3.36,3.07,215,52,0.0847,0.45,5.74,0.03,0.0,0.8487,0.9661,0.3145,0.006441,28.3,2025,6,2,Jun 2025
BIZ_104,Modern Rise,Restaurant & Cafe,Madhapur,West,17.434855,78.362253,3,4.8,False,2025-07-01,3.5,1383,11,0.343,0.516,11.7,3.68,3.04,212,14,0.0539,0.425,2.29,0.03,-0.5926,0.8604,0.4543,0.6412,0.003029,25.9,2025,7,3,Jul 2025
BIZ_104,Modern Rise,Restaurant & Cafe,Madhapur,West,17.434855,78.362253,3,4.9,False,2025-08-01,3.34,1399,16,0.225,0.666,4.3,2.74,3.2,258,43,0.0392,0.376,3.27,-0.16,0.4545,0.827,0.6469,0.4173,0.004313,19.9,2025,8,3,Aug 2025
BIZ_104,Modern Rise,Restaurant & Cafe,Madhapur,West,17.434855,78.362253,3,5.0,False,2025-09-01,3.48,1416,17,0.2,0.343,8.3,3.82,3.37,194,53,0.0478,0.431,3.4,0.14,0.0625,0.8644,0.5837,0.3744,0.003891,25.0,2025,9,3,Sep 2025
BIZ_104,Modern Rise,Restaurant & Cafe,Madhapur,West,17.434855,78.362253,3,5.0,False,2025-10-01,3.33,1432,16,0.236,0.591,5.1,3.57,3.32,239,25,0.0231,0.4,3.2,-0.15,-0.0588,0.8271,0.5501,0.4418,0.003667,19.3,2025,10,4,Oct 2025
BIZ_104,Modern Rise,Restaurant & Cafe,Madhapur,West,17.434855,78.362253,3,5.1,False,2025-11-01,3.37,1465,33,0.238,0.632,3.9,3.21,3.71,274,52,0.0211,0.47,6.47,0.04,1.0625,0.8366,1.0588,0.4374,0.007059,21.1,2025,11,4,Nov 2025
BIZ_104,Modern Rise,Restaurant & Cafe,Madhapur,West,17.434855,78.362253,3,5.2,False,2025-12-01,3.51,1480,15,0.241,0.625,4.3,3.04,2.92,235,31,0.0677,0.551,2.88,0.14,-0.5455,0.8677,0.4592,0.445,0.003061,25.4,2025,12,4,Dec 2025
BIZ_104,Modern Rise,Restaurant & Cafe,Madhapur,West,17.434855,78.362253,3,5.3,False,2026-01-01,3.5,1507,27,0.166,0.533,8.2,3.54,2.83,293,50,0.0348,0.428,5.09,-0.01,0.8,0.8575,0.827,0.3092,0.005514,24.3,2026,1,1,Jan 2026
BIZ_104,Modern Rise,Restaurant & Cafe,Madhapur,West,17.434855,78.362253,3,5.4,False,2026-02-01,3.56,1536,29,0.236,0.536,3.0,3.45,2.86,239,58,0.0416,0.486,5.37,0.06,0.0741,0.8688,0.8841,0.4417,0.005894,28.0,2026,2,1,Feb 2026
BIZ_104,Modern Rise,Restaurant & Cafe,Madhapur,West,17.434855,78.362253,3,5.5,False,2026-03-01,3.5,1559,23,0.234,0.431,7.7,3.18,3.35,315,47,0.0498,0.467,4.18,-0.06,-0.2069,0.8515,0.6937,0.4206,0.004625,25.7,2026,3,1,Mar 2026
BIZ_104,Modern Rise,Restaurant & Cafe,Madhapur,West,17.434855,78.362253,3,5.5,False,2026-04-01,3.49,1583,24,0.428,0.369,16.3,3.2,3.2,233,39,0.055,0.371,4.36,-0.01,0.0435,0.8454,0.8382,0.7895,0.005588,31.7,2026,4,2,Apr 2026
BIZ_104,Modern Rise,Restaurant & Cafe,Madhapur,West,17.434855,78.362253,3,5.6,False,2026-05-01,3.49,1605,22,0.401,0.296,6.8,3.17,3.2,217,37,0.0451,0.369,3.93,0.0,-0.0833,0.8482,0.7844,0.7348,0.005229,26.0,2026,5,2,May 2026
BIZ_104,Modern Rise,Restaurant & Cafe,Madhapur,West,17.434855,78.362253,3,5.7,False,2026-06-01,3.47,1627,22,0.223,0.412,13.5,3.38,2.93,152,38,0.0479,0.417,3.86,-0.02,0.0,0.8451,0.8386,0.4072,0.005591,27.4,2026,6,2,Jun 2026
BIZ_105,Blue Swirl Station,Coffee Shop,Alwal,East,17.480377,78.522391,2,1.1,False,2025-01-01,4.38,84,10,0.781,0.519,11.4,4.29,4.99,271,64,0.0317,0.476,9.09,0.0,0.0,1.0765,0.2872,1.4663,0.001915,48.1,2025,1,1,Jan 2025
BIZ_105,Blue Swirl Station,Coffee Shop,Alwal,East,17.480377,78.522391,2,1.2,False,2025-02-01,4.35,87,3,0.596,0.474,8.6,4.14,4.33,233,56,0.0354,0.445,2.5,-0.03,-0.7,1.0651,0.0907,1.1274,0.000604,37.8,2025,2,1,Feb 2025
BIZ_105,Blue Swirl Station,Coffee Shop,Alwal,East,17.480377,78.522391,2,1.3,False,2025-03-01,4.47,90,3,0.579,0.512,6.0,3.76,4.07,257,58,0.0407,0.554,2.31,0.12,0.0,1.0894,0.0912,1.1074,0.000608,41.5,2025,3,1,Mar 2025
BIZ_105,Blue Swirl Station,Coffee Shop,Alwal,East,17.480377,78.522391,2,1.4,False,2025-04-01,4.48,92,2,0.612,0.553,2.7,4.24,4.59,240,58,0.0296,0.556,1.43,0.01,-0.3333,1.086,0.0608,1.154,0.000405,41.3,2025,4,2,Apr 2025
BIZ_105,Blue Swirl Station,Coffee Shop,Alwal,East,17.480377,78.522391,2,1.4,False,2025-05-01,4.35,96,4,0.82,0.456,6.2,3.84,4.02,325,74,0.0448,0.419,2.86,-0.13,1.0,1.0559,0.1398,1.5582,0.000932,47.4,2025,5,2,May 2025
BIZ_105,Blue Swirl Station,Coffee Shop,Alwal,East,17.480377,78.522391,2,1.5,False,2025-06-01,4.41,99,3,0.699,0.526,13.2,4.24,4.26,270,48,0.0296,0.474,2.0,0.06,-0.25,1.0786,0.1073,1.3164,0.000716,42.4,2025,6,2,Jun 2025
BIZ_105,Blue Swirl Station,Coffee Shop,Alwal,East,17.480377,78.522391,2,1.6,False,2025-07-01,4.19,101,2,0.823,0.512,9.6,4.54,4.07,230,13,0.0204,0.479,1.25,-0.22,-0.3333,1.03,0.0826,1.5384,0.000551,40.9,2025,7,3,Jul 2025
BIZ_105,Blue Swirl Station,Coffee Shop,Alwal,East,17.480377,78.522391,2,1.7,False,2025-08-01,4.32,107,6,0.586,0.563,7.6,4.42,3.97,230,69,0.0215,0.397,3.53,0.13,2.0,1.0697,0.2426,1.0869,0.001617,42.3,2025,8,3,Aug 2025
BIZ_105,Blue Swirl Station,Coffee Shop,Alwal,East,17.480377,78.522391,2,1.8,False,2025-09-01,4.24,113,6,0.694,0.517,3.6,3.71,4.47,315,54,0.0564,0.548,3.33,-0.08,0.0,1.0532,0.206,1.2993,0.001373,42.1,2025,9,3,Sep 2025
BIZ_105,Blue Swirl Station,Coffee Shop,Alwal,East,17.480377,78.522391,2,1.9,False,2025-10-01,4.24,116,3,0.618,0.455,3.5,4.43,4.57,240,44,0.0369,0.427,1.58,0.0,-0.5,1.0531,0.1031,1.1568,0.000688,40.7,2025,10,4,Oct 2025
BIZ_105,Blue Swirl Station,Coffee Shop,Alwal,East,17.480377,78.522391,2,1.9,False,2025-11-01,4.13,120,4,0.637,0.556,1.7,4.13,4.0,251,68,0.0294,0.427,2.11,-0.11,0.3333,1.0253,0.1283,1.1706,0.000856,38.8,2025,11,4,Nov 2025
BIZ_105,Blue Swirl Station,Coffee Shop,Alwal,East,17.480377,78.522391,2,2.0,False,2025-12-01,4.37,125,5,0.629,0.451,5.8,4.68,4.33,243,56,0.0316,0.453,2.5,0.24,0.25,1.0803,0.1531,1.1615,0.00102,43.8,2025,12,4,Dec 2025
BIZ_105,Blue Swirl Station,Coffee Shop,Alwal,East,17.480377,78.522391,2,2.1,False,2026-01-01,4.32,131,6,0.626,0.34,10.0,3.85,4.68,269,49,0.0406,0.437,2.86,-0.05,0.2,1.0584,0.1838,1.166,0.001225,42.2,2026,1,1,Jan 2026
BIZ_105,Blue Swirl Station,Coffee Shop,Alwal,East,17.480377,78.522391,2,2.2,False,2026-02-01,4.28,138,7,0.712,0.596,9.7,3.99,3.99,223,28,0.0246,0.469,3.18,-0.04,0.1667,1.0445,0.2134,1.3327,0.001423,43.3,2026,2,1,Feb 2026
BIZ_105,Blue Swirl Station,Coffee Shop,Alwal,East,17.480377,78.522391,2,2.3,False,2026-03-01,4.25,143,5,0.724,0.406,4.4,4.4,4.02,285,72,0.0317,0.43,2.17,-0.03,-0.2857,1.0339,0.1508,1.3013,0.001005,43.2,2026,3,1,Mar 2026
BIZ_105,Blue Swirl Station,Coffee Shop,Alwal,East,17.480377,78.522391,2,2.4,False,2026-04-01,4.32,148,5,0.716,0.55,5.2,3.99,4.42,244,77,0.0241,0.489,2.08,0.07,0.0,1.0465,0.1746,1.3207,0.001164,43.0,2026,4,2,Apr 2026
BIZ_105,Blue Swirl Station,Coffee Shop,Alwal,East,17.480377,78.522391,2,2.4,False,2026-05-01,4.49,153,5,0.649,0.408,8.0,4.59,4.04,234,30,0.0394,0.387,2.08,0.17,0.0,1.0913,0.1783,1.1893,0.001188,46.0,2026,5,2,May 2026
BIZ_105,Blue Swirl Station,Coffee Shop,Alwal,East,17.480377,78.522391,2,2.5,False,2026-06-01,4.26,156,3,0.602,0.467,7.3,4.27,4.53,243,14,0.0318,0.517,1.2,-0.23,-0.4,1.0376,0.1144,1.0993,0.000762,40.8,2026,6,2,Jun 2026
BIZ_106,Urban Press,Tea House,Miyapur,West,17.412931,78.370102,4,2.1,False,2025-01-01,4.15,403,18,0.623,0.415,6.8,4.03,3.68,399,55,0.0306,0.4,8.57,0.0,0.0,1.0199,0.5169,1.1697,0.003446,41.9,2025,1,1,Jan 2025
BIZ_106,Urban Press,Tea House,Miyapur,West,17.412931,78.370102,4,2.2,False,2025-02-01,4.16,423,20,0.687,0.37,4.0,4.04,4.34,344,52,0.034,0.404,9.09,0.01,0.1111,1.0186,0.6044,1.2995,0.004029,39.0,2025,2,1,Feb 2025
BIZ_106,Urban Press,Tea House,Miyapur,West,17.412931,78.370102,4,2.3,False,2025-03-01,4.2,440,17,0.701,0.536,3.8,4.39,3.72,277,65,0.0463,0.463,7.39,0.04,-0.15,1.0236,0.5168,1.3407,0.003445,44.0,2025,3,1,Mar 2025
BIZ_106,Urban Press,Tea House,Miyapur,West,17.412931,78.370102,4,2.4,False,2025-04-01,4.19,455,15,0.728,0.597,5.5,4.27,3.92,269,64,0.0558,0.433,6.25,-0.01,-0.1176,1.0157,0.4561,1.3727,0.003041,44.0,2025,4,2,Apr 2025
BIZ_106,Urban Press,Tea House,Miyapur,West,17.412931,78.370102,4,2.4,False,2025-05-01,4.26,466,11,0.636,0.549,3.1,3.72,3.56,204,33,0.0204,0.537,4.58,0.07,-0.2667,1.034,0.3845,1.2086,0.002564,35.5,2025,5,2,May 2025
BIZ_106,Urban Press,Tea House,Miyapur,West,17.412931,78.370102,4,2.5,False,2025-06-01,4.21,480,14,0.61,0.669,3.3,3.94,3.78,274,63,0.0524,0.405,5.6,-0.05,0.2727,1.0297,0.501,1.1487,0.00334,41.8,2025,6,2,Jun 2025
BIZ_106,Urban Press,Tea House,Miyapur,West,17.412931,78.370102,4,2.6,False,2025-07-01,4.23,494,14,0.665,0.569,7.2,3.9,3.78,199,18,0.0675,0.478,5.38,0.02,0.0,1.0399,0.5782,1.2431,0.003855,43.9,2025,7,3,Jul 2025
BIZ_106,Urban Press,Tea House,Miyapur,West,17.412931,78.370102,4,2.7,False,2025-08-01,4.23,503,9,0.611,0.549,2.9,4.17,3.63,268,58,0.0405,0.56,3.33,0.0,-0.3571,1.0474,0.3639,1.1333,0.002426,41.0,2025,8,3,Aug 2025
BIZ_106,Urban Press,Tea House,Miyapur,West,17.412931,78.370102,4,2.8,False,2025-09-01,4.14,518,15,0.597,0.577,12.3,4.09,3.87,176,76,0.0205,0.418,5.36,-0.09,0.6667,1.0283,0.515,1.1177,0.003433,37.5,2025,9,3,Sep 2025
BIZ_106,Urban Press,Tea House,Miyapur,West,17.412931,78.370102,4,2.9,False,2025-10-01,4.02,536,18,0.571,0.515,3.4,3.76,3.89,250,52,0.0237,0.384,6.21,-0.12,0.2,0.9984,0.6188,1.0689,0.004126,34.8,2025,10,4,Oct 2025
BIZ_106,Urban Press,Tea House,Miyapur,West,17.412931,78.370102,4,2.9,False,2025-11-01,4.2,555,19,0.583,0.441,9.8,3.88,3.75,243,49,0.0338,0.509,6.55,0.18,0.0556,1.0426,0.6096,1.0713,0.004064,38.8,2025,11,4,Nov 2025
BIZ_106,Urban Press,Tea House,Miyapur,West,17.412931,78.370102,4,3.0,False,2025-12-01,4.26,571,16,0.526,0.453,5.3,3.64,3.62,325,61,0.0321,0.427,5.33,0.06,-0.1579,1.0532,0.4898,0.9713,0.003265,36.8,2025,12,4,Dec 2025
BIZ_106,Urban Press,Tea House,Miyapur,West,17.412931,78.370102,4,3.1,False,2026-01-01,4.26,588,17,0.558,0.562,2.1,4.42,3.38,344,64,0.0467,0.552,5.48,0.0,0.0625,1.0437,0.5207,1.0394,0.003472,44.2,2026,1,1,Jan 2026
BIZ_106,Urban Press,Tea House,Miyapur,West,17.412931,78.370102,4,3.2,False,2026-02-01,4.31,602,14,0.588,0.573,3.1,4.03,4.19,191,37,0.0733,0.447,4.38,0.05,-0.1765,1.0519,0.4268,1.1006,0.002846,47.6,2026,2,1,Feb 2026
BIZ_106,Urban Press,Tea House,Miyapur,West,17.412931,78.370102,4,3.3,False,2026-03-01,4.13,618,16,0.444,0.467,9.0,3.95,3.7,232,45,0.0384,0.419,4.85,-0.18,0.1429,1.0047,0.4826,0.7981,0.003217,38.3,2026,3,1,Mar 2026
BIZ_106,Urban Press,Tea House,Miyapur,West,17.412931,78.370102,4,3.4,False,2026-04-01,4.41,629,11,0.624,0.463,6.1,4.3,3.48,250,51,0.05,0.493,3.24,0.28,-0.3125,1.0683,0.3842,1.151,0.002561,46.9,2026,4,2,Apr 2026
BIZ_106,Urban Press,Tea House,Miyapur,West,17.412931,78.370102,4,3.4,False,2026-05-01,4.14,640,11,0.415,0.566,2.8,3.86,3.73,229,39,0.024,0.373,3.24,-0.27,0.0,1.0062,0.3922,0.7605,0.002615,32.7,2026,5,2,May 2026
BIZ_106,Urban Press,Tea House,Miyapur,West,17.412931,78.370102,4,3.5,False,2026-06-01,4.39,655,15,0.552,0.658,4.9,4.26,4.03,245,36,0.0672,0.379,4.29,0.25,0.3636,1.0692,0.5718,1.008,0.003812,50.5,2026,6,2,Jun 2026
BIZ_107,Golden Aroma,Cafe,Attapur,South,17.415066,78.430728,2,3.2,False,2025-01-01,4.93,923,20,0.85,0.742,8.5,4.68,5.0,258,71,0.0371,0.473,6.25,0.0,0.0,1.2116,0.5744,1.5959,0.003829,58.2,2025,1,1,Jan 2025
BIZ_107,Golden Aroma,Cafe,Attapur,South,17.415066,78.430728,2,3.3,False,2025-02-01,4.9,946,23,0.881,0.456,9.5,4.44,5.0,347,71,0.0285,0.376,6.97,-0.03,0.15,1.1998,0.695,1.6664,0.004633,53.0,2025,2,1,Feb 2025
BIZ_107,Golden Aroma,Cafe,Attapur,South,17.415066,78.430728,2,3.4,False,2025-03-01,4.97,970,24,0.928,0.468,3.4,5.0,5.0,249,26,0.0475,0.486,7.06,0.07,0.0435,1.2113,0.7296,1.7748,0.004864,60.9,2025,3,1,Mar 2025
BIZ_107,Golden Aroma,Cafe,Attapur,South,17.415066,78.430728,2,3.5,False,2025-04-01,5.0,999,29,0.881,0.485,1.9,4.57,4.72,284,46,0.15,0.494,8.29,0.03,0.2083,1.212,0.8818,1.6612,0.005879,70.0,2025,4,2,Apr 2025
BIZ_107,Golden Aroma,Cafe,Attapur,South,17.415066,78.430728,2,3.5,False,2025-05-01,5.0,1031,32,0.8,0.472,20.3,4.59,5.0,280,64,0.0202,0.455,9.14,0.0,0.1034,1.2137,1.1186,1.5202,0.007457,53.5,2025,5,2,May 2025
BIZ_107,Golden Aroma,Cafe,Attapur,South,17.415066,78.430728,2,3.6,False,2025-06-01,4.97,1055,24,0.848,0.5,2.6,4.91,4.59,170,61,0.0385,0.449,6.67,-0.03,-0.25,1.2155,0.8588,1.5969,0.005725,56.9,2025,6,2,Jun 2025
BIZ_107,Golden Aroma,Cafe,Attapur,South,17.415066,78.430728,2,3.7,False,2025-07-01,5.0,1075,20,0.829,0.579,3.9,5.0,5.0,166,55,0.0569,0.498,5.41,0.03,-0.1667,1.2292,0.826,1.5496,0.005507,59.6,2025,7,3,Jul 2025
BIZ_107,Golden Aroma,Cafe,Attapur,South,17.415066,78.430728,2,3.8,False,2025-08-01,5.0,1096,21,1.0,0.496,4.5,4.99,4.68,263,23,0.0247,0.483,5.53,0.0,0.05,1.2381,0.8491,1.8548,0.00566,58.2,2025,8,3,Aug 2025
BIZ_107,Golden Aroma,Cafe,Attapur,South,17.415066,78.430728,2,3.9,False,2025-09-01,4.98,1114,18,0.934,0.559,4.4,4.26,5.0,250,52,0.0293,0.504,4.62,-0.02,-0.1429,1.237,0.618,1.7486,0.00412,53.8,2025,9,3,Sep 2025
BIZ_107,Golden Aroma,Cafe,Attapur,South,17.415066,78.430728,2,4.0,False,2025-10-01,4.87,1147,33,0.866,0.541,3.6,4.07,4.53,227,63,0.0429,0.503,8.25,-0.11,0.8333,1.2096,1.1345,1.6211,0.007564,56.2,2025,10,4,Oct 2025
BIZ_107,Golden Aroma,Cafe,Attapur,South,17.415066,78.430728,2,4.0,False,2025-11-01,5.0,1161,14,0.871,0.535,6.8,4.55,5.0,292,65,0.0267,0.43,3.5,0.13,-0.5758,1.2412,0.4492,1.6006,0.002995,53.1,2025,11,4,Nov 2025
BIZ_107,Golden Aroma,Cafe,Attapur,South,17.415066,78.430728,2,4.1,False,2025-12-01,5.0,1187,26,0.843,0.393,3.6,4.84,5.0,220,51,0.039,0.479,6.34,0.0,0.8571,1.2361,0.7959,1.5567,0.005306,58.2,2025,12,4,Dec 2025
BIZ_107,Golden Aroma,Cafe,Attapur,South,17.415066,78.430728,2,4.2,False,2026-01-01,5.0,1201,14,0.792,0.5,3.8,4.68,5.0,199,51,0.0461,0.443,3.33,0.0,-0.4615,1.225,0.4288,1.4752,0.002859,56.9,2026,1,1,Jan 2026
BIZ_107,Golden Aroma,Cafe,Attapur,South,17.415066,78.430728,2,4.3,False,2026-02-01,5.0,1229,28,0.892,0.462,5.0,5.0,5.0,234,42,0.0559,0.516,6.51,0.0,1.0,1.2203,0.8537,1.6696,0.005691,67.1,2026,2,1,Feb 2026
BIZ_107,Golden Aroma,Cafe,Attapur,South,17.415066,78.430728,2,4.4,False,2026-03-01,4.99,1253,24,0.903,0.609,6.2,4.59,4.85,267,51,0.0659,0.478,5.45,-0.01,-0.1429,1.2139,0.7239,1.6231,0.004826,62.5,2026,3,1,Mar 2026
BIZ_107,Golden Aroma,Cafe,Attapur,South,17.415066,78.430728,2,4.5,False,2026-04-01,4.98,1280,27,1.0,0.773,4.6,4.77,4.75,156,52,0.0355,0.588,6.0,-0.01,0.125,1.2063,0.943,1.8446,0.006286,62.4,2026,4,2,Apr 2026
BIZ_107,Golden Aroma,Cafe,Attapur,South,17.415066,78.430728,2,4.5,False,2026-05-01,5.0,1299,19,1.0,0.487,5.9,4.6,5.0,202,58,0.0202,0.463,4.22,0.02,-0.2963,1.2152,0.6774,1.8325,0.004516,55.0,2026,5,2,May 2026
BIZ_107,Golden Aroma,Cafe,Attapur,South,17.415066,78.430728,2,4.6,False,2026-06-01,5.0,1316,17,0.89,0.517,4.5,4.83,4.63,206,27,0.0385,0.491,3.7,0.0,-0.1053,1.2178,0.648,1.6253,0.00432,59.0,2026,6,2,Jun 2026
BIZ_108,Happy Press Station,Cafe,Banjara Hills,Central,17.400231,78.451016,3,3.9,False,2025-01-01,3.7,669,11,0.249,0.428,4.6,2.88,4.03,342,40,0.022,0.397,2.82,0.0,0.0,0.9093,0.3159,0.4675,0.002106,24.2,2025,1,1,Jan 2025
BIZ_108,Happy Press Station,Cafe,Banjara Hills,Central,17.400231,78.451016,3,4.0,False,2025-02-01,3.69,678,9,0.124,0.568,2.9,3.13,3.52,229,54,0.0248,0.432,2.25,-0.01,-0.1818,0.9035,0.272,0.2345,0.001813,16.8,2025,2,1,Feb 2025
BIZ_108,Happy Press Station,Cafe,Banjara Hills,Central,17.400231,78.451016,3,4.1,False,2025-03-01,3.46,690,12,0.053,0.47,3.7,3.45,3.08,250,21,0.0269,0.47,2.93,-0.23,0.3333,0.8433,0.3648,0.1014,0.002432,18.7,2025,3,1,Mar 2025
BIZ_108,Happy Press Station,Cafe,Banjara Hills,Central,17.400231,78.451016,3,4.2,False,2025-04-01,3.65,699,9,0.146,0.419,8.8,3.22,3.51,263,85,0.0224,0.392,2.14,0.19,-0.25,0.8848,0.2737,0.2753,0.001824,18.3,2025,4,2,Apr 2025
BIZ_108,Happy Press Station,Cafe,Banjara Hills,Central,17.400231,78.451016,3,4.2,False,2025-05-01,3.76,709,10,0.114,0.43,6.3,3.6,3.64,276,21,0.0265,0.474,2.38,0.11,0.1111,0.9127,0.3496,0.2166,0.00233,20.7,2025,5,2,May 2025
BIZ_108,Happy Press Station,Cafe,Banjara Hills,Central,17.400231,78.451016,3,4.3,False,2025-06-01,3.66,714,5,0.232,0.453,3.1,3.33,3.23,263,51,0.0281,0.459,1.16,-0.1,-0.5,0.8951,0.1789,0.4369,0.001193,21.3,2025,6,2,Jun 2025
BIZ_108,Happy Press Station,Cafe,Banjara Hills,Central,17.400231,78.451016,3,4.4,False,2025-07-01,3.52,725,11,0.278,0.678,10.3,3.73,3.15,303,31,0.0346,0.458,2.5,-0.14,1.2,0.8653,0.4543,0.5197,0.003029,23.8,2025,7,3,Jul 2025
BIZ_108,Happy Press Station,Cafe,Banjara Hills,Central,17.400231,78.451016,3,4.5,False,2025-08-01,3.42,734,9,0.19,0.432,5.3,2.81,3.22,229,28,0.0341,0.373,2.0,-0.1,-0.1818,0.8468,0.3639,0.3524,0.002426,18.5,2025,8,3,Aug 2025
BIZ_108,Happy Press Station,Cafe,Banjara Hills,Central,17.400231,78.451016,3,4.6,False,2025-09-01,3.6,745,11,0.197,0.388,17.4,3.47,3.56,156,36,0.0671,0.436,2.39,0.18,0.2222,0.8942,0.3777,0.3688,0.002518,27.3,2025,9,3,Sep 2025
BIZ_108,Happy Press Station,Cafe,Banjara Hills,Central,17.400231,78.451016,3,4.7,False,2025-10-01,3.54,753,8,0.212,0.474,7.7,3.12,3.19,333,68,0.0817,0.438,1.7,-0.06,-0.2727,0.8792,0.275,0.3968,0.001834,28.5,2025,10,4,Oct 2025
BIZ_108,Happy Press Station,Cafe,Banjara Hills,Central,17.400231,78.451016,3,4.7,False,2025-11-01,3.71,765,12,0.195,0.341,6.0,3.24,3.33,209,33,0.0274,0.444,2.55,0.17,0.5,0.921,0.385,0.3583,0.002567,23.5,2025,11,4,Nov 2025
BIZ_108,Happy Press Station,Cafe,Banjara Hills,Central,17.400231,78.451016,3,4.8,False,2025-12-01,3.53,783,18,0.191,0.389,8.7,3.03,3.49,224,46,0.0256,0.403,3.75,-0.18,0.5,0.8727,0.551,0.3527,0.003673,20.9,2025,12,4,Dec 2025
BIZ_108,Happy Press Station,Cafe,Banjara Hills,Central,17.400231,78.451016,3,4.9,False,2026-01-01,3.53,799,16,0.126,0.506,3.6,2.81,3.44,254,31,0.0275,0.462,3.27,0.0,-0.1111,0.8648,0.4901,0.2347,0.003267,16.2,2026,1,1,Jan 2026
BIZ_108,Happy Press Station,Cafe,Banjara Hills,Central,17.400231,78.451016,3,5.0,False,2026-02-01,3.53,813,14,0.054,0.44,5.0,3.52,2.91,259,72,0.0286,0.536,2.8,0.0,-0.125,0.8615,0.4268,0.1011,0.002846,21.5,2026,2,1,Feb 2026
BIZ_108,Happy Press Station,Cafe,Banjara Hills,Central,17.400231,78.451016,3,5.1,False,2026-03-01,3.56,824,11,0.283,0.342,14.6,3.12,3.49,244,40,0.064,0.452,2.16,0.03,-0.2143,0.8661,0.3318,0.5087,0.002212,28.8,2026,3,1,Mar 2026
BIZ_108,Happy Press Station,Cafe,Banjara Hills,Central,17.400231,78.451016,3,5.2,False,2026-04-01,3.61,837,13,0.113,0.701,2.0,3.53,3.5,307,70,0.0795,0.484,2.5,0.05,0.1818,0.8745,0.454,0.2084,0.003027,32.2,2026,4,2,Apr 2026
BIZ_108,Happy Press Station,Cafe,Banjara Hills,Central,17.400231,78.451016,3,5.2,False,2026-05-01,3.56,849,12,0.253,0.443,12.8,3.45,3.08,221,25,0.0613,0.347,2.31,-0.05,-0.0769,0.8652,0.4279,0.4636,0.002852,27.7,2026,5,2,May 2026
BIZ_108,Happy Press Station,Cafe,Banjara Hills,Central,17.400231,78.451016,3,5.3,False,2026-06-01,3.66,853,4,0.061,0.502,6.5,3.58,3.44,254,44,0.044,0.415,0.75,0.1,-0.6667,0.8914,0.1525,0.1114,0.001017,24.8,2026,6,2,Jun 2026
BIZ_109,Blend Studio,Coffee Shop,Attapur,South,17.358948,78.443121,4,7.3,False,2025-01-01,3.68,756,12,0.372,0.413,5.5,4.22,2.98,238,56,0.0267,0.389,1.64,0.0,0.0,0.9044,0.3446,0.6984,0.002298,32.0,2025,1,1,Jan 2025
BIZ_109,Blend Studio,Coffee Shop,Attapur,South,17.358948,78.443121,4,7.4,False,2025-02-01,3.6,769,13,0.381,0.582,2.5,4.01,3.27,261,52,0.0245,0.426,1.76,-0.08,0.0833,0.8815,0.3928,0.7207,0.002619,24.6,2025,2,1,Feb 2025
BIZ_109,Blend Studio,Coffee Shop,Attapur,South,17.358948,78.443121,4,7.5,False,2025-03-01,3.71,779,10,0.424,0.428,5.2,3.23,3.11,175,53,0.0345,0.484,1.33,0.11,-0.2308,0.9042,0.304,0.8109,0.002027,26.4,2025,3,1,Mar 2025
BIZ_109,Blend Studio,Coffee Shop,Attapur,South,17.358948,78.443121,4,7.5,False,2025-04-01,3.65,785,6,0.489,0.548,3.2,2.84,3.33,210,66,0.097,0.57,0.8,-0.06,-0.4,0.8848,0.1824,0.922,0.001216,30.7,2025,4,2,Apr 2025
BIZ_109,Blend Studio,Coffee Shop,Attapur,South,17.358948,78.443121,4,7.6,False,2025-05-01,3.62,792,7,0.592,0.308,6.6,3.29,3.17,242,43,0.0377,0.459,0.92,-0.03,0.1667,0.8787,0.2447,1.1249,0.001631,28.7,2025,5,2,May 2025
BIZ_109,Blend Studio,Coffee Shop,Attapur,South,17.358948,78.443121,4,7.7,False,2025-06-01,3.61,799,7,0.541,0.505,4.9,2.84,3.48,213,87,0.0384,0.385,0.91,-0.01,0.0,0.8829,0.2505,1.0188,0.00167,26.2,2025,6,2,Jun 2025
BIZ_109,Blend Studio,Coffee Shop,Attapur,South,17.358948,78.443121,4,7.8,False,2025-07-01,3.59,807,8,0.603,0.715,2.1,3.31,3.12,249,63,0.0333,0.451,1.03,-0.02,0.1429,0.8825,0.3304,1.1272,0.002203,27.1,2025,7,3,Jul 2025
BIZ_109,Blend Studio,Coffee Shop,Attapur,South,17.358948,78.443121,4,7.9,False,2025-08-01,3.47,816,9,0.394,0.38,13.7,2.94,3.69,193,75,0.0407,0.471,1.14,-0.12,0.125,0.8592,0.3639,0.7308,0.002426,24.5,2025,8,3,Aug 2025
BIZ_109,Blend Studio,Coffee Shop,Attapur,South,17.358948,78.443121,4,8.0,False,2025-09-01,3.45,821,5,0.539,0.532,10.4,3.48,3.16,258,62,0.023,0.414,0.62,-0.02,-0.4444,0.8569,0.1717,1.0091,0.001144,25.1,2025,9,3,Sep 2025
BIZ_109,Blend Studio,Coffee Shop,Attapur,South,17.358948,78.443121,4,8.1,False,2025-10-01,3.43,831,10,0.38,0.491,6.0,3.64,3.08,276,45,0.0254,0.413,1.23,-0.02,1.0,0.8519,0.3438,0.7113,0.002292,25.6,2025,10,4,Oct 2025
BIZ_109,Blend Studio,Coffee Shop,Attapur,South,17.358948,78.443121,4,8.1,False,2025-11-01,3.58,840,9,0.557,0.676,4.2,3.78,3.1,282,42,0.0443,0.418,1.11,0.15,-0.1,0.8887,0.2888,1.0236,0.001925,31.8,2025,11,4,Nov 2025
BIZ_109,Blend Studio,Coffee Shop,Attapur,South,17.358948,78.443121,4,8.2,False,2025-12-01,3.53,846,6,0.603,0.451,5.5,3.36,3.1,238,77,0.0553,0.438,0.73,-0.05,-0.3333,0.8727,0.1837,1.1135,0.001224,30.6,2025,12,4,Dec 2025
BIZ_109,Blend Studio,Coffee Shop,Attapur,South,17.358948,78.443121,4,8.3,False,2026-01-01,3.47,859,13,0.388,0.654,4.0,3.75,3.12,295,46,0.036,0.506,1.57,-0.06,1.1667,0.8501,0.3982,0.7227,0.002655,29.1,2026,1,1,Jan 2026
BIZ_109,Blend Studio,Coffee Shop,Attapur,South,17.358948,78.443121,4,8.4,False,2026-02-01,3.62,870,11,0.406,0.566,3.3,3.54,3.33,184,57,0.0304,0.388,1.31,0.15,-0.1538,0.8835,0.3354,0.7599,0.002236,28.6,2026,2,1,Feb 2026
BIZ_109,Blend Studio,Coffee Shop,Attapur,South,17.358948,78.443121,4,8.5,False,2026-03-01,3.58,880,10,0.388,0.905,3.4,3.43,2.86,196,27,0.0406,0.38,1.18,-0.04,-0.0909,0.8709,0.3016,0.6974,0.002011,28.3,2026,3,1,Mar 2026
BIZ_109,Blend Studio,Coffee Shop,Attapur,South,17.358948,78.443121,4,8.6,False,2026-04-01,3.61,892,12,0.448,0.414,5.9,3.46,3.04,234,36,0.0356,0.436,1.4,0.03,0.2,0.8745,0.4191,0.8264,0.002794,31.0,2026,4,2,Apr 2026
BIZ_109,Blend Studio,Coffee Shop,Attapur,South,17.358948,78.443121,4,8.6,False,2026-05-01,3.51,898,6,0.51,0.406,7.2,3.46,3.26,266,54,0.025,0.386,0.7,-0.1,-0.5,0.8531,0.2139,0.9346,0.001426,24.8,2026,5,2,May 2026
BIZ_109,Blend Studio,Coffee Shop,Attapur,South,17.358948,78.443121,4,8.7,False,2026-06-01,3.65,903,5,0.479,0.518,3.4,3.72,3.1,132,0,0.0452,0.358,0.57,0.14,-0.1667,0.889,0.1906,0.8747,0.001271,32.7,2026,6,2,Jun 2026
BIZ_110,Green Press,Cafe,Uppal,East,17.49459,78.480757,2,5.0,False,2025-01-01,3.58,516,12,0.106,0.481,7.5,2.78,3.81,406,59,0.0648,0.366,2.4,0.0,0.0,0.8799,0.3446,0.199,0.002298,24.9,2025,1,1,Jan 2025
BIZ_110,Green Press,Cafe,Uppal,East,17.49459,78.480757,2,5.1,False,2025-02-01,3.83,520,4,0.252,0.581,2.7,3.62,3.42,140,40,0.0518,0.443,0.78,0.25,-0.6667,0.9378,0.1209,0.4767,0.000806,24.8,2025,2,1,Feb 2025
BIZ_110,Green Press,Cafe,Uppal,East,17.49459,78.480757,2,5.2,False,2025-03-01,3.71,527,7,0.302,0.529,4.0,3.71,3.23,254,45,0.0223,0.468,1.35,-0.12,0.75,0.9042,0.2128,0.5776,0.001419,28.0,2025,3,1,Mar 2025
BIZ_110,Green Press,Cafe,Uppal,East,17.49459,78.480757,2,5.2,False,2025-04-01,3.69,532,5,0.265,0.552,6.3,3.68,3.8,251,85,0.0294,0.449,0.96,-0.02,-0.2857,0.8945,0.152,0.4997,0.001014,23.5,2025,4,2,Apr 2025
BIZ_110,Green Press,Cafe,Uppal,East,17.49459,78.480757,2,5.3,False,2025-05-01,3.61,540,8,0.298,0.503,8.0,3.71,3.94,289,66,0.025,0.431,1.51,-0.08,0.6,0.8763,0.2797,0.5663,0.001864,23.4,2025,5,2,May 2025
BIZ_110,Green Press,Cafe,Uppal,East,17.49459,78.480757,2,5.4,False,2025-06-01,3.66,542,2,0.149,0.596,7.5,3.4,3.87,264,45,0.1218,0.451,0.37,0.05,-0.75,0.8951,0.0716,0.2806,0.000477,33.4,2025,6,2,Jun 2025
BIZ_110,Green Press,Cafe,Uppal,East,17.49459,78.480757,2,5.5,False,2025-07-01,3.72,546,4,0.312,0.385,11.6,2.87,3.49,205,45,0.0372,0.504,0.73,0.06,1.0,0.9145,0.1652,0.5832,0.001101,22.6,2025,7,3,Jul 2025
BIZ_110,Green Press,Cafe,Uppal,East,17.49459,78.480757,2,5.6,False,2025-08-01,3.57,555,9,0.25,0.506,5.0,3.18,3.89,218,24,0.0411,0.438,1.61,-0.15,1.25,0.884,0.3639,0.4637,0.002426,25.6,2025,8,3,Aug 2025
BIZ_110,Green Press,Cafe,Uppal,East,17.49459,78.480757,2,5.7,False,2025-09-01,3.76,559,4,0.289,0.577,8.3,3.82,3.75,162,37,0.0417,0.341,0.7,0.19,-0.5556,0.9339,0.1373,0.5411,0.000916,27.9,2025,9,3,Sep 2025
BIZ_110,Green Press,Cafe,Uppal,East,17.49459,78.480757,2,5.8,False,2025-10-01,3.71,564,5,0.118,0.628,2.9,3.28,4.21,167,31,0.0267,0.422,0.86,-0.05,0.25,0.9214,0.1719,0.2209,0.001146,21.1,2025,10,4,Oct 2025
BIZ_110,Green Press,Cafe,Uppal,East,17.49459,78.480757,2,5.8,False,2025-11-01,3.63,574,10,0.102,0.473,11.9,3.85,4.04,288,43,0.0383,0.531,1.72,-0.08,1.0,0.9011,0.3209,0.1874,0.002139,25.5,2025,11,4,Nov 2025
BIZ_110,Green Press,Cafe,Uppal,East,17.49459,78.480757,2,5.9,False,2025-12-01,3.68,586,12,0.047,0.68,3.1,3.41,3.79,274,59,0.0316,0.47,2.03,0.05,0.2,0.9098,0.3673,0.0868,0.002449,22.1,2025,12,4,Dec 2025
BIZ_110,Green Press,Cafe,Uppal,East,17.49459,78.480757,2,6.0,False,2026-01-01,3.81,600,14,0.2,0.529,8.7,3.26,3.95,177,73,0.0272,0.544,2.33,0.13,0.1667,0.9334,0.4288,0.3725,0.002859,23.4,2026,1,1,Jan 2026
BIZ_110,Green Press,Cafe,Uppal,East,17.49459,78.480757,2,6.1,False,2026-02-01,3.75,609,9,0.416,0.485,5.6,3.85,3.65,245,22,0.0263,0.423,1.48,-0.06,-0.3571,0.9152,0.2744,0.7787,0.001829,30.0,2026,2,1,Feb 2026
BIZ_110,Green Press,Cafe,Uppal,East,17.49459,78.480757,2,6.2,False,2026-03-01,3.75,615,6,0.448,0.623,14.5,3.74,3.94,268,77,0.0287,0.42,0.97,0.0,-0.3333,0.9123,0.181,0.8053,0.001207,29.8,2026,3,1,Mar 2026
BIZ_110,Green Press,Cafe,Uppal,East,17.49459,78.480757,2,6.2,False,2026-04-01,3.68,624,9,0.419,0.258,6.3,3.1,3.69,251,40,0.0447,0.405,1.45,-0.07,0.5,0.8914,0.3143,0.7729,0.002095,32.3,2026,4,2,Apr 2026
BIZ_110,Green Press,Cafe,Uppal,East,17.49459,78.480757,2,6.3,False,2026-05-01,3.97,635,11,0.446,0.464,5.2,3.83,4.18,214,74,0.0483,0.403,1.75,0.29,0.2222,0.9649,0.3922,0.8173,0.002615,35.4,2026,5,2,May 2026
BIZ_110,Green Press,Cafe,Uppal,East,17.49459,78.480757,2,6.4,False,2026-06-01,3.76,641,6,0.345,0.622,8.1,3.71,3.82,257,45,0.0393,0.466,0.94,-0.21,-0.4545,0.9158,0.2287,0.63,0.001525,30.4,2026,6,2,Jun 2026
BIZ_111,Crumb Lab,Bakery & Cafe,Alwal,East,17.466115,78.516919,3,1.1,False,2025-01-01,4.38,54,5,0.832,0.476,5.8,4.33,3.82,305,47,0.042,0.5,4.55,0.0,0.0,1.0765,0.1436,1.5621,0.000957,50.1,2025,1,1,Jan 2025
BIZ_111,Crumb Lab,Bakery & Cafe,Alwal,East,17.466115,78.516919,3,1.2,False,2025-02-01,4.24,58,4,0.711,0.701,4.9,4.68,4.01,269,55,0.093,0.567,3.33,-0.14,-0.2,1.0382,0.1209,1.3449,0.000806,48.3,2025,2,1,Feb 2025
BIZ_111,Crumb Lab,Bakery & Cafe,Alwal,East,17.466115,78.516919,3,1.3,False,2025-03-01,4.25,63,5,0.646,0.361,7.7,4.17,3.91,212,41,0.0468,0.418,3.85,0.01,0.25,1.0358,0.152,1.2355,0.001013,43.5,2025,3,1,Mar 2025
BIZ_111,Crumb Lab,Bakery & Cafe,Alwal,East,17.466115,78.516919,3,1.4,False,2025-04-01,4.4,68,5,0.806,0.417,2.5,3.93,4.37,355,43,0.0355,0.51,3.57,0.15,0.0,1.0666,0.152,1.5198,0.001014,43.9,2025,4,2,Apr 2025
BIZ_111,Crumb Lab,Bakery & Cafe,Alwal,East,17.466115,78.516919,3,1.4,False,2025-05-01,4.49,72,4,0.636,0.656,5.0,4.03,4.76,200,29,0.0252,0.442,2.86,0.09,-0.2,1.0899,0.1398,1.2086,0.000932,40.4,2025,5,2,May 2025
BIZ_111,Crumb Lab,Bakery & Cafe,Alwal,East,17.466115,78.516919,3,1.5,False,2025-06-01,4.31,75,3,0.682,0.581,6.1,3.95,4.24,194,44,0.0274,0.453,2.0,-0.18,-0.25,1.0541,0.1073,1.2843,0.000716,39.3,2025,6,2,Jun 2025
BIZ_111,Crumb Lab,Bakery & Cafe,Alwal,East,17.466115,78.516919,3,1.6,False,2025-07-01,4.39,78,3,0.64,0.461,3.3,3.54,4.15,217,52,0.057,0.5,1.88,0.08,0.0,1.0792,0.1239,1.1963,0.000826,41.3,2025,7,3,Jul 2025
BIZ_111,Crumb Lab,Bakery & Cafe,Alwal,East,17.466115,78.516919,3,1.7,False,2025-08-01,4.35,82,4,0.727,0.348,13.4,4.11,3.9,254,10,0.0581,0.419,2.35,-0.04,0.3333,1.0771,0.1617,1.3484,0.001078,47.5,2025,8,3,Aug 2025
BIZ_111,Crumb Lab,Bakery & Cafe,Alwal,East,17.466115,78.516919,3,1.8,False,2025-09-01,4.21,87,5,0.682,0.459,3.8,4.37,3.98,225,56,0.0738,0.449,2.78,-0.14,0.25,1.0457,0.1717,1.2768,0.001144,46.0,2025,9,3,Sep 2025
BIZ_111,Crumb Lab,Bakery & Cafe,Alwal,East,17.466115,78.516919,3,1.9,False,2025-10-01,4.22,92,5,0.77,0.5,2.9,4.19,4.14,260,66,0.0603,0.586,2.63,0.01,0.0,1.0481,0.1719,1.4414,0.001146,47.3,2025,10,4,Oct 2025
BIZ_111,Crumb Lab,Bakery & Cafe,Alwal,East,17.466115,78.516919,3,1.9,False,2025-11-01,4.27,96,4,0.834,0.484,4.4,3.71,4.19,245,42,0.0207,0.42,2.11,0.05,-0.2,1.06,0.1283,1.5326,0.000856,40.1,2025,11,4,Nov 2025
BIZ_111,Crumb Lab,Bakery & Cafe,Alwal,East,17.466115,78.516919,3,2.0,False,2025-12-01,4.34,102,6,0.652,0.566,4.8,3.88,3.97,304,70,0.055,0.438,3.0,0.07,0.5,1.0729,0.1837,1.204,0.001224,44.3,2025,12,4,Dec 2025
BIZ_111,Crumb Lab,Bakery & Cafe,Alwal,East,17.466115,78.516919,3,2.1,False,2026-01-01,4.2,109,7,0.731,0.602,6.2,4.54,3.95,289,69,0.0406,0.451,3.33,-0.14,0.1667,1.029,0.2144,1.3616,0.001429,45.5,2026,1,1,Jan 2026
BIZ_111,Crumb Lab,Bakery & Cafe,Alwal,East,17.466115,78.516919,3,2.2,False,2026-02-01,4.41,115,6,0.498,0.505,4.7,4.33,4.16,278,43,0.0789,0.478,2.73,0.21,-0.1429,1.0763,0.1829,0.9322,0.00122,48.9,2026,2,1,Feb 2026
BIZ_111,Crumb Lab,Bakery & Cafe,Alwal,East,17.466115,78.516919,3,2.3,False,2026-03-01,4.4,117,2,0.747,0.432,5.7,4.0,4.47,210,74,0.0325,0.532,0.87,-0.01,-0.6667,1.0704,0.0603,1.3427,0.000402,42.9,2026,3,1,Mar 2026
BIZ_111,Crumb Lab,Bakery & Cafe,Alwal,East,17.466115,78.516919,3,2.4,False,2026-04-01,4.38,121,4,0.584,0.382,8.4,3.85,4.21,352,44,0.0405,0.481,1.67,-0.02,1.0,1.061,0.1397,1.0772,0.000931,46.8,2026,4,2,Apr 2026
BIZ_111,Crumb Lab,Bakery & Cafe,Alwal,East,17.466115,78.516919,3,2.4,False,2026-05-01,4.28,124,3,0.496,0.446,10.6,3.88,3.84,282,63,0.0522,0.438,1.25,-0.1,-0.25,1.0402,0.107,0.9089,0.000713,39.7,2026,5,2,May 2026
BIZ_111,Crumb Lab,Bakery & Cafe,Alwal,East,17.466115,78.516919,3,2.5,False,2026-06-01,4.26,128,4,0.596,0.608,2.8,4.22,4.04,189,41,0.0273,0.422,1.6,-0.02,0.3333,1.0376,0.1525,1.0884,0.001017,41.0,2026,6,2,Jun 2026
BIZ_112,Silver Roast Station,Cafe,Hitech City,West,17.449906,78.384581,2,2.1,False,2025-01-01,4.04,9086,378,0.499,0.564,1.8,3.98,4.12,1252,118,0.0829,0.394,180.0,0.0,0.0,0.9929,10.8558,0.9369,0.072372,63.4,2025,1,1,Jan 2025
BIZ_112,Silver Roast Station,Cafe,Hitech City,West,17.449906,78.384581,2,2.2,False,2025-02-01,4.09,9221,135,0.594,0.37,6.7,3.54,4.1,993,252,0.0216,0.466,61.36,0.05,-0.6429,1.0014,4.0794,1.1236,0.027196,38.7,2025,2,1,Feb 2025
BIZ_112,Silver Roast Station,Cafe,Hitech City,West,17.449906,78.384581,2,2.3,False,2025-03-01,4.16,9565,344,0.548,0.372,14.4,3.68,4.34,974,190,0.0221,0.421,149.57,0.07,1.5481,1.0139,10.458,1.0481,0.06972,60.0,2025,3,1,Mar 2025
BIZ_112,Silver Roast Station,Cafe,Hitech City,West,17.449906,78.384581,2,2.4,False,2025-04-01,4.17,10064,499,0.549,0.232,7.8,3.98,4.12,851,136,0.026,0.51,207.92,0.01,0.4506,1.0108,15.1733,1.0352,0.101155,56.6,2025,4,2,Apr 2025
BIZ_112,Silver Roast Station,Cafe,Hitech City,West,17.449906,78.384581,2,2.4,False,2025-05-01,4.2,10233,169,0.606,0.575,4.2,4.36,4.3,957,86,0.0363,0.461,70.42,0.03,-0.6613,1.0195,5.9077,1.1516,0.039385,47.5,2025,5,2,May 2025
BIZ_112,Silver Roast Station,Cafe,Hitech City,West,17.449906,78.384581,2,2.5,False,2025-06-01,4.02,10538,305,0.528,0.497,5.7,3.54,4.09,469,104,0.029,0.34,122.0,-0.18,0.8047,0.9832,10.9136,0.9943,0.072758,51.7,2025,6,2,Jun 2025
BIZ_112,Silver Roast Station,Cafe,Hitech City,West,17.449906,78.384581,2,2.6,False,2025-07-01,4.04,10670,132,0.564,0.609,5.9,3.85,3.65,813,228,0.0291,0.441,50.77,0.02,-0.5672,0.9932,5.4515,1.0543,0.036344,42.8,2025,7,3,Jul 2025
BIZ_112,Silver Roast Station,Cafe,Hitech City,West,17.449906,78.384581,2,2.7,False,2025-08-01,4.03,11028,358,0.357,0.511,4.6,4.19,4.21,434,199,0.0257,0.502,132.59,-0.01,1.7121,0.9979,14.4744,0.6621,0.096496,54.1,2025,8,3,Aug 2025
BIZ_112,Silver Roast Station,Cafe,Hitech City,West,17.449906,78.384581,2,2.8,False,2025-09-01,4.02,11565,537,0.552,0.386,3.1,4.12,3.76,557,122,0.0292,0.475,191.79,-0.01,0.5,0.9985,18.4367,1.0334,0.122911,55.7,2025,9,3,Sep 2025
BIZ_112,Silver Roast Station,Cafe,Hitech City,West,17.449906,78.384581,2,2.9,False,2025-10-01,4.05,11979,414,0.505,0.536,3.9,4.35,4.33,970,197,0.0246,0.513,142.76,0.03,-0.2291,1.0059,14.2333,0.9453,0.094889,54.5,2025,10,4,Oct 2025
BIZ_112,Silver Roast Station,Cafe,Hitech City,West,17.449906,78.384581,2,2.9,False,2025-11-01,4.15,12368,389,0.483,0.422,10.6,3.75,4.18,717,163,0.0473,0.439,134.14,0.1,-0.0604,1.0302,12.4813,0.8876,0.083209,57.0,2025,11,4,Nov 2025
BIZ_112,Silver Roast Station,Cafe,Hitech City,West,17.449906,78.384581,2,3.0,False,2025-12-01,4.06,12713,345,0.528,0.359,4.7,4.05,3.75,1100,226,0.0748,0.456,115.0,-0.09,-0.1131,1.0037,10.5612,0.975,0.070408,59.3,2025,12,4,Dec 2025
BIZ_112,Silver Roast Station,Cafe,Hitech City,West,17.449906,78.384581,2,3.1,False,2026-01-01,4.1,12891,178,0.509,0.542,13.2,3.56,4.12,555,116,0.0215,0.472,57.42,0.04,-0.4841,1.0045,5.4523,0.9481,0.036349,40.5,2026,1,1,Jan 2026
BIZ_112,Silver Roast Station,Cafe,Hitech City,West,17.449906,78.384581,2,3.2,False,2026-02-01,3.86,13283,392,0.45,0.651,20.0,3.55,3.43,920,170,0.0365,0.368,122.5,-0.24,1.2022,0.942,11.9512,0.8423,0.079675,57.5,2026,2,1,Feb 2026
BIZ_112,Silver Roast Station,Cafe,Hitech City,West,17.449906,78.384581,2,3.3,False,2026-03-01,4.13,13780,497,0.403,0.493,6.7,4.53,4.67,654,157,0.0204,0.413,150.61,0.27,0.2679,1.0047,14.991,0.7244,0.09994,56.6,2026,3,1,Mar 2026
BIZ_112,Silver Roast Station,Cafe,Hitech City,West,17.449906,78.384581,2,3.4,False,2026-04-01,4.12,13944,164,0.564,0.499,2.4,4.46,3.9,682,213,0.0716,0.45,48.24,-0.01,-0.67,0.998,5.7276,1.0403,0.038184,57.2,2026,4,2,Apr 2026
BIZ_112,Silver Roast Station,Cafe,Hitech City,West,17.449906,78.384581,2,3.4,False,2026-05-01,4.06,14099,155,0.548,0.596,2.8,3.52,4.15,792,182,0.029,0.417,45.59,-0.06,-0.0549,0.9867,5.5265,1.0042,0.036843,40.3,2026,5,2,May 2026
BIZ_112,Silver Roast Station,Cafe,Hitech City,West,17.449906,78.384581,2,3.5,False,2026-06-01,4.09,14267,168,0.483,0.499,4.9,4.01,3.84,553,159,0.029,0.449,48.0,0.03,0.0839,0.9962,6.4041,0.882,0.042694,49.0,2026,6,2,Jun 2026
BIZ_113,Silver Drip Works,Bakery & Cafe,Tolichowki,South,17.391079,78.4373,3,13.7,False,2025-01-01,3.37,253,4,0.001,0.593,2.4,3.06,3.2,302,72,0.0312,0.439,0.29,0.0,0.0,0.8282,0.1149,0.0019,0.000766,17.4,2025,1,1,Jan 2025
BIZ_113,Silver Drip Works,Bakery & Cafe,Tolichowki,South,17.391079,78.4373,3,13.8,False,2025-02-01,3.39,256,3,0.003,0.533,2.8,2.9,2.87,218,57,0.0528,0.412,0.22,0.02,-0.25,0.83,0.0907,0.0057,0.000604,12.6,2025,2,1,Feb 2025
BIZ_113,Silver Drip Works,Bakery & Cafe,Tolichowki,South,17.391079,78.4373,3,13.9,False,2025-03-01,3.26,261,5,0.081,0.529,1.8,3.42,3.19,273,62,0.048,0.323,0.36,-0.13,0.6667,0.7945,0.152,0.1549,0.001013,20.0,2025,3,1,Mar 2025
BIZ_113,Silver Drip Works,Bakery & Cafe,Tolichowki,South,17.391079,78.4373,3,13.9,False,2025-04-01,3.37,266,5,0.039,0.75,6.2,3.3,3.34,241,28,0.0985,0.45,0.36,0.11,0.0,0.8169,0.152,0.0735,0.001014,22.6,2025,4,2,Apr 2025
BIZ_113,Silver Drip Works,Bakery & Cafe,Tolichowki,South,17.391079,78.4373,3,14.0,False,2025-05-01,3.36,271,5,0.041,0.435,3.8,2.89,3.65,262,57,0.0275,0.412,0.36,-0.01,0.0,0.8156,0.1748,0.0779,0.001165,10.8,2025,5,2,May 2025
BIZ_113,Silver Drip Works,Bakery & Cafe,Tolichowki,South,17.391079,78.4373,3,14.1,False,2025-06-01,3.49,274,3,-0.175,0.54,8.0,3.02,2.96,228,21,0.0232,0.388,0.21,0.13,-0.4,0.8536,0.1073,-0.3296,0.000716,10.3,2025,6,2,Jun 2025
BIZ_113,Silver Drip Works,Bakery & Cafe,Tolichowki,South,17.391079,78.4373,3,14.2,False,2025-07-01,3.37,276,2,-0.01,0.565,6.4,3.33,3.33,254,50,0.0221,0.357,0.14,-0.12,-0.3333,0.8285,0.0826,-0.0187,0.000551,11.6,2025,7,3,Jul 2025
BIZ_113,Silver Drip Works,Bakery & Cafe,Tolichowki,South,17.391079,78.4373,3,14.3,False,2025-08-01,3.37,278,2,-0.134,0.765,6.7,3.79,3.08,222,51,0.0213,0.427,0.14,0.0,0.0,0.8345,0.0809,-0.2485,0.000539,13.9,2025,8,3,Aug 2025
BIZ_113,Silver Drip Works,Bakery & Cafe,Tolichowki,South,17.391079,78.4373,3,14.4,False,2025-09-01,3.28,284,6,-0.155,0.53,7.9,2.82,2.7,205,61,0.0579,0.386,0.42,-0.09,2.0,0.8147,0.206,-0.2902,0.001373,16.1,2025,9,3,Sep 2025
BIZ_113,Silver Drip Works,Bakery & Cafe,Tolichowki,South,17.391079,78.4373,3,14.4,False,2025-10-01,3.32,287,3,-0.065,0.507,5.1,3.65,2.77,314,61,0.0347,0.53,0.21,0.04,-0.5,0.8246,0.1031,-0.1217,0.000688,14.4,2025,10,4,Oct 2025
BIZ_113,Silver Drip Works,Bakery & Cafe,Tolichowki,South,17.391079,78.4373,3,14.5,False,2025-11-01,3.31,290,3,0.098,0.448,4.0,2.48,3.29,152,68,0.0562,0.421,0.21,-0.01,0.0,0.8217,0.0963,0.1801,0.000642,17.8,2025,11,4,Nov 2025
BIZ_113,Silver Drip Works,Bakery & Cafe,Tolichowki,South,17.391079,78.4373,3,14.6,False,2025-12-01,3.25,292,2,0.098,0.702,6.2,3.25,2.96,296,67,0.0347,0.441,0.14,-0.06,-0.3333,0.8035,0.0612,0.181,0.000408,16.2,2025,12,4,Dec 2025
BIZ_113,Silver Drip Works,Bakery & Cafe,Tolichowki,South,17.391079,78.4373,3,14.7,False,2026-01-01,3.53,297,5,-0.057,0.45,7.7,3.28,3.54,264,66,0.0275,0.449,0.34,0.28,1.5,0.8648,0.1532,-0.1062,0.001021,18.6,2026,1,1,Jan 2026
BIZ_113,Silver Drip Works,Bakery & Cafe,Tolichowki,South,17.391079,78.4373,3,14.8,False,2026-02-01,3.37,305,8,-0.09,0.511,5.4,2.94,3.17,262,63,0.0295,0.374,0.54,-0.16,0.6,0.8225,0.2439,-0.1685,0.001626,17.5,2026,2,1,Feb 2026
BIZ_113,Silver Drip Works,Bakery & Cafe,Tolichowki,South,17.391079,78.4373,3,14.9,False,2026-03-01,3.42,311,6,0.061,0.512,8.6,3.26,2.79,329,44,0.0708,0.452,0.4,0.05,-0.25,0.832,0.181,0.1096,0.001207,25.0,2026,3,1,Mar 2026
BIZ_113,Silver Drip Works,Bakery & Cafe,Tolichowki,South,17.391079,78.4373,3,14.9,False,2026-04-01,3.36,314,3,-0.078,0.572,2.5,3.19,3.47,232,41,0.0366,0.498,0.2,-0.06,-0.5,0.8139,0.1048,-0.1439,0.000698,15.1,2026,4,2,Apr 2026
BIZ_113,Silver Drip Works,Bakery & Cafe,Tolichowki,South,17.391079,78.4373,3,15.0,False,2026-05-01,3.54,318,4,0.013,0.571,8.1,3.48,3.4,300,63,0.0456,0.442,0.27,0.18,0.3333,0.8604,0.1426,0.0238,0.000951,21.0,2026,5,2,May 2026
BIZ_113,Silver Drip Works,Bakery & Cafe,Tolichowki,South,17.391079,78.4373,3,15.1,False,2026-06-01,3.26,321,3,0.1,0.594,7.6,3.63,2.77,274,38,0.0332,0.416,0.2,-0.28,-0.25,0.794,0.1144,0.1826,0.000762,19.5,2026,6,2,Jun 2026
BIZ_114,Cozy Sip,Coffee Shop,Attapur,South,17.371244,78.45659,2,1.9,False,2025-01-01,3.84,387,19,0.527,0.574,5.5,3.72,3.58,223,58,0.0228,0.414,10.0,0.0,0.0,0.9438,0.5457,0.9894,0.003638,34.6,2025,1,1,Jan 2025
BIZ_114,Cozy Sip,Coffee Shop,Attapur,South,17.371244,78.45659,2,2.0,False,2025-02-01,3.92,406,19,0.569,0.516,4.1,3.46,3.83,339,76,0.0221,0.546,9.5,0.08,0.0,0.9598,0.5741,1.0763,0.003828,29.8,2025,2,1,Feb 2025
BIZ_114,Cozy Sip,Coffee Shop,Attapur,South,17.371244,78.45659,2,2.1,False,2025-03-01,3.91,433,27,0.549,0.566,8.4,4.02,3.99,257,66,0.0238,0.418,12.86,-0.01,0.4211,0.9529,0.8208,1.05,0.005472,36.3,2025,3,1,Mar 2025
BIZ_114,Cozy Sip,Coffee Shop,Attapur,South,17.371244,78.45659,2,2.1,False,2025-04-01,3.99,449,16,0.623,0.459,12.2,3.77,4.17,309,66,0.0615,0.48,7.62,0.08,-0.4074,0.9672,0.4865,1.1747,0.003243,37.6,2025,4,2,Apr 2025
BIZ_114,Cozy Sip,Coffee Shop,Attapur,South,17.371244,78.45659,2,2.2,False,2025-05-01,4.1,468,19,0.637,0.49,4.8,4.62,4.08,268,50,0.0486,0.369,8.64,0.11,0.1875,0.9952,0.6642,1.2105,0.004428,44.2,2025,5,2,May 2025
BIZ_114,Cozy Sip,Coffee Shop,Attapur,South,17.371244,78.45659,2,2.3,False,2025-06-01,3.94,483,15,0.586,0.512,3.3,3.7,3.85,271,49,0.0462,0.489,6.52,-0.16,-0.2105,0.9636,0.5367,1.1036,0.003578,35.8,2025,6,2,Jun 2025
BIZ_114,Cozy Sip,Coffee Shop,Attapur,South,17.371244,78.45659,2,2.4,False,2025-07-01,3.9,501,18,0.521,0.604,4.8,3.71,3.91,245,25,0.0468,0.446,7.5,-0.04,0.2,0.9587,0.7434,0.9739,0.004956,34.0,2025,7,3,Jul 2025
BIZ_114,Cozy Sip,Coffee Shop,Attapur,South,17.371244,78.45659,2,2.5,False,2025-08-01,4.02,519,18,0.559,0.371,5.7,3.94,4.17,285,27,0.0241,0.37,7.2,0.12,0.0,0.9954,0.7278,1.0368,0.004852,35.1,2025,8,3,Aug 2025
BIZ_114,Cozy Sip,Coffee Shop,Attapur,South,17.371244,78.45659,2,2.6,False,2025-09-01,3.75,536,17,0.576,0.393,10.9,3.66,3.22,279,30,0.0306,0.465,6.54,-0.27,-0.0556,0.9315,0.5837,1.0784,0.003891,31.6,2025,9,3,Sep 2025
BIZ_114,Cozy Sip,Coffee Shop,Attapur,South,17.371244,78.45659,2,2.6,False,2025-10-01,3.85,549,13,0.491,0.373,5.1,3.44,3.6,268,57,0.0429,0.472,5.0,0.1,-0.2353,0.9562,0.4469,0.9191,0.00298,32.3,2025,10,4,Oct 2025
BIZ_114,Cozy Sip,Coffee Shop,Attapur,South,17.371244,78.45659,2,2.7,False,2025-11-01,3.62,564,15,0.605,0.504,2.0,3.19,3.28,222,49,0.0251,0.435,5.56,-0.23,0.1538,0.8986,0.4813,1.1118,0.003209,28.6,2025,11,4,Nov 2025
BIZ_114,Cozy Sip,Coffee Shop,Attapur,South,17.371244,78.45659,2,2.8,False,2025-12-01,3.88,579,15,0.609,0.424,13.8,3.44,3.79,246,45,0.1043,0.374,5.36,0.26,0.0,0.9592,0.4592,1.1246,0.003061,42.9,2025,12,4,Dec 2025
BIZ_114,Cozy Sip,Coffee Shop,Attapur,South,17.371244,78.45659,2,2.9,False,2026-01-01,3.97,599,20,0.586,0.504,3.4,3.7,4.49,255,75,0.0325,0.455,6.9,0.09,0.3333,0.9726,0.6126,1.0915,0.004084,36.0,2026,1,1,Jan 2026
BIZ_114,Cozy Sip,Coffee Shop,Attapur,South,17.371244,78.45659,2,3.0,False,2026-02-01,3.94,615,16,0.581,0.5,3.0,3.56,4.22,287,69,0.0325,0.434,5.33,-0.03,-0.2,0.9616,0.4878,1.0875,0.003252,35.7,2026,2,1,Feb 2026
BIZ_114,Cozy Sip,Coffee Shop,Attapur,South,17.371244,78.45659,2,3.1,False,2026-03-01,3.98,628,13,0.713,0.58,2.3,3.7,4.2,328,63,0.026,0.429,4.19,0.04,-0.1875,0.9682,0.3921,1.2816,0.002614,36.7,2026,3,1,Mar 2026
BIZ_114,Cozy Sip,Coffee Shop,Attapur,South,17.371244,78.45659,2,3.1,False,2026-04-01,4.07,641,13,0.574,0.43,4.4,3.62,3.93,292,76,0.0409,0.504,4.19,0.09,0.0,0.9859,0.454,1.0588,0.003027,39.4,2026,4,2,Apr 2026
BIZ_114,Cozy Sip,Coffee Shop,Attapur,South,17.371244,78.45659,2,3.2,False,2026-05-01,3.91,656,15,0.583,0.531,2.3,4.03,3.75,246,53,0.0239,0.464,4.69,-0.16,0.1538,0.9503,0.5348,1.0683,0.003565,34.0,2026,5,2,May 2026
BIZ_114,Cozy Sip,Coffee Shop,Attapur,South,17.371244,78.45659,2,3.3,False,2026-06-01,3.94,673,17,0.667,0.562,4.9,3.8,4.08,197,24,0.0561,0.501,5.15,0.03,0.1333,0.9596,0.648,1.218,0.00432,42.7,2026,6,2,Jun 2026
BIZ_115,Velvet Steam Kitchen,Restaurant & Cafe,Hitech City,West,17.460413,78.388604,3,5.4,False,2025-01-01,4.58,1461,18,0.708,0.588,7.5,4.37,4.39,258,60,0.0217,0.48,3.33,0.0,0.0,1.1256,0.5169,1.3293,0.003446,48.6,2025,1,1,Jan 2025
BIZ_115,Velvet Steam Kitchen,Restaurant & Cafe,Hitech City,West,17.460413,78.388604,3,5.5,False,2025-02-01,4.59,1482,21,0.885,0.604,3.9,4.34,4.33,340,52,0.0259,0.432,3.82,0.01,0.1667,1.1239,0.6346,1.674,0.00423,48.4,2025,2,1,Feb 2025
BIZ_115,Velvet Steam Kitchen,Restaurant & Cafe,Hitech City,West,17.460413,78.388604,3,5.6,False,2025-03-01,4.61,1498,16,0.892,0.4,9.0,4.72,4.33,234,60,0.0387,0.442,2.86,0.02,-0.2381,1.1235,0.4864,1.706,0.003243,52.4,2025,3,1,Mar 2025
BIZ_115,Velvet Steam Kitchen,Restaurant & Cafe,Hitech City,West,17.460413,78.388604,3,5.7,False,2025-04-01,4.66,1508,10,0.817,0.679,4.0,4.01,4.31,218,82,0.0868,0.501,1.75,0.05,-0.375,1.1296,0.3041,1.5405,0.002027,52.9,2025,4,2,Apr 2025
BIZ_115,Velvet Steam Kitchen,Restaurant & Cafe,Hitech City,West,17.460413,78.388604,3,5.7,False,2025-05-01,4.53,1534,26,0.886,0.694,2.8,4.15,3.88,190,44,0.0543,0.416,4.56,-0.13,1.6,1.0996,0.9089,1.6836,0.006059,56.5,2025,5,2,May 2025
BIZ_115,Velvet Steam Kitchen,Restaurant & Cafe,Hitech City,West,17.460413,78.388604,3,5.8,False,2025-06-01,4.7,1552,18,0.898,0.709,2.9,4.46,4.89,250,33,0.0277,0.501,3.1,0.17,-0.3077,1.1495,0.6441,1.6911,0.004294,50.7,2025,6,2,Jun 2025
BIZ_115,Velvet Steam Kitchen,Restaurant & Cafe,Hitech City,West,17.460413,78.388604,3,5.9,False,2025-07-01,4.51,1571,19,0.853,0.523,4.3,4.32,4.1,153,23,0.0402,0.503,3.22,-0.19,0.0556,1.1087,0.7847,1.5945,0.005231,48.8,2025,7,3,Jul 2025
BIZ_115,Velvet Steam Kitchen,Restaurant & Cafe,Hitech City,West,17.460413,78.388604,3,6.0,False,2025-08-01,4.53,1595,24,0.876,0.567,5.4,4.73,4.42,182,44,0.0436,0.52,4.0,0.02,0.2632,1.1217,0.9704,1.6248,0.006469,53.2,2025,8,3,Aug 2025
BIZ_115,Velvet Steam Kitchen,Restaurant & Cafe,Hitech City,West,17.460413,78.388604,3,6.1,False,2025-09-01,4.45,1613,18,0.791,0.515,10.5,4.45,3.79,200,23,0.0281,0.461,2.95,-0.08,-0.25,1.1053,0.618,1.4809,0.00412,45.6,2025,9,3,Sep 2025
BIZ_115,Velvet Steam Kitchen,Restaurant & Cafe,Hitech City,West,17.460413,78.388604,3,6.2,False,2025-10-01,4.69,1628,15,0.878,0.585,10.6,4.72,4.76,293,31,0.0716,0.49,2.42,0.24,-0.1667,1.1649,0.5157,1.6435,0.003438,58.6,2025,10,4,Oct 2025
BIZ_115,Velvet Steam Kitchen,Restaurant & Cafe,Hitech City,West,17.460413,78.388604,3,6.2,False,2025-11-01,4.61,1643,15,0.97,0.512,5.3,4.28,3.79,297,38,0.0217,0.422,2.42,-0.08,0.0,1.1444,0.4813,1.7825,0.003209,49.5,2025,11,4,Nov 2025
BIZ_115,Velvet Steam Kitchen,Restaurant & Cafe,Hitech City,West,17.460413,78.388604,3,6.3,False,2025-12-01,4.61,1665,22,0.79,0.394,3.7,4.35,4.44,295,61,0.049,0.525,3.49,0.0,0.4667,1.1397,0.6735,1.4588,0.00449,51.4,2025,12,4,Dec 2025
BIZ_115,Velvet Steam Kitchen,Restaurant & Cafe,Hitech City,West,17.460413,78.388604,3,6.4,False,2026-01-01,4.58,1689,24,0.884,0.58,5.3,4.52,4.32,343,57,0.0802,0.438,3.75,-0.03,0.0909,1.1221,0.7351,1.6466,0.004901,61.9,2026,1,1,Jan 2026
BIZ_115,Velvet Steam Kitchen,Restaurant & Cafe,Hitech City,West,17.460413,78.388604,3,6.5,False,2026-02-01,4.51,1707,18,0.989,0.512,5.9,3.99,4.33,231,43,0.0565,0.506,2.77,-0.07,-0.25,1.1007,0.5488,1.8512,0.003659,54.2,2026,2,1,Feb 2026
BIZ_115,Velvet Steam Kitchen,Restaurant & Cafe,Hitech City,West,17.460413,78.388604,3,6.6,False,2026-03-01,4.63,1730,23,1.0,0.452,4.3,4.36,4.43,299,54,0.0234,0.505,3.48,0.12,0.2778,1.1264,0.6937,1.7974,0.004625,52.7,2026,3,1,Mar 2026
BIZ_115,Velvet Steam Kitchen,Restaurant & Cafe,Hitech City,West,17.460413,78.388604,3,6.7,False,2026-04-01,4.69,1748,18,0.885,0.305,7.5,3.96,4.26,250,30,0.0365,0.434,2.69,0.06,-0.2174,1.1361,0.6286,1.6325,0.004191,52.3,2026,4,2,Apr 2026
BIZ_115,Velvet Steam Kitchen,Restaurant & Cafe,Hitech City,West,17.460413,78.388604,3,6.7,False,2026-05-01,4.67,1765,17,0.963,0.555,3.4,4.29,4.44,292,36,0.0402,0.422,2.54,-0.02,-0.0556,1.135,0.6061,1.7647,0.004041,52.7,2026,5,2,May 2026
BIZ_115,Velvet Steam Kitchen,Restaurant & Cafe,Hitech City,West,17.460413,78.388604,3,6.8,False,2026-06-01,4.63,1790,25,0.954,0.637,6.1,4.97,4.47,228,48,0.0681,0.523,3.68,-0.04,0.4706,1.1277,0.953,1.7421,0.006353,63.4,2026,6,2,Jun 2026
BIZ_116,Pour Co,Tea House,Jubilee Hills,Central,17.395469,78.447842,4,4.7,False,2025-01-01,4.07,568,10,0.556,0.625,6.1,3.65,3.27,324,97,0.0208,0.411,2.13,0.0,0.0,1.0003,0.2872,1.0439,0.001915,36.8,2025,1,1,Jan 2025
BIZ_116,Pour Co,Tea House,Jubilee Hills,Central,17.395469,78.447842,4,4.8,False,2025-02-01,4.05,580,12,0.663,0.32,6.9,3.99,3.85,298,82,0.0549,0.61,2.5,-0.02,0.2,0.9916,0.3626,1.2541,0.002417,39.0,2025,2,1,Feb 2025
BIZ_116,Pour Co,Tea House,Jubilee Hills,Central,17.395469,78.447842,4,4.9,False,2025-03-01,4.18,591,11,0.512,0.611,4.1,3.75,3.66,259,87,0.0221,0.487,2.24,0.13,-0.0833,1.0187,0.3344,0.9792,0.002229,34.8,2025,3,1,Mar 2025
BIZ_116,Pour Co,Tea House,Jubilee Hills,Central,17.395469,78.447842,4,5.0,False,2025-04-01,4.29,601,10,0.63,0.362,19.4,4.28,3.88,241,33,0.0413,0.37,2.0,0.11,-0.0909,1.0399,0.3041,1.1879,0.002027,41.7,2025,4,2,Apr 2025
BIZ_116,Pour Co,Tea House,Jubilee Hills,Central,17.395469,78.447842,4,5.0,False,2025-05-01,4.1,607,6,0.493,0.609,4.1,3.41,3.71,188,42,0.0669,0.469,1.2,-0.19,-0.4,0.9952,0.2097,0.9368,0.001398,37.7,2025,5,2,May 2025
BIZ_116,Pour Co,Tea House,Jubilee Hills,Central,17.395469,78.447842,4,5.1,False,2025-06-01,4.12,618,11,0.525,0.497,5.4,3.95,3.62,189,15,0.0541,0.414,2.16,0.02,0.8333,1.0076,0.3936,0.9887,0.002624,40.0,2025,6,2,Jun 2025
BIZ_116,Pour Co,Tea House,Jubilee Hills,Central,17.395469,78.447842,4,5.2,False,2025-07-01,4.02,626,8,0.665,0.481,10.3,3.47,3.53,210,45,0.0541,0.394,1.54,-0.1,-0.2727,0.9882,0.3304,1.2431,0.002203,36.8,2025,7,3,Jul 2025
BIZ_116,Pour Co,Tea House,Jubilee Hills,Central,17.395469,78.447842,4,5.3,False,2025-08-01,3.9,633,7,0.607,0.454,3.6,3.53,3.81,147,33,0.0395,0.435,1.32,-0.12,-0.125,0.9657,0.283,1.1258,0.001887,34.7,2025,8,3,Aug 2025
BIZ_116,Pour Co,Tea House,Jubilee Hills,Central,17.395469,78.447842,4,5.4,False,2025-09-01,4.07,637,4,0.595,0.491,2.2,3.93,3.77,240,53,0.0201,0.477,0.74,0.17,-0.4286,1.0109,0.1373,1.114,0.000916,34.5,2025,9,3,Sep 2025
BIZ_116,Pour Co,Tea House,Jubilee Hills,Central,17.395469,78.447842,4,5.5,False,2025-10-01,4.04,645,8,0.522,0.382,3.9,3.73,3.24,180,65,0.0217,0.437,1.45,-0.03,1.0,1.0034,0.275,0.9771,0.001834,34.8,2025,10,4,Oct 2025
BIZ_116,Pour Co,Tea House,Jubilee Hills,Central,17.395469,78.447842,4,5.5,False,2025-11-01,4.21,650,5,0.768,0.538,8.8,4.02,4.02,221,33,0.0348,0.552,0.91,0.17,-0.375,1.0451,0.1604,1.4113,0.00107,41.4,2025,11,4,Nov 2025
BIZ_116,Pour Co,Tea House,Jubilee Hills,Central,17.395469,78.447842,4,5.6,False,2025-12-01,4.11,663,13,0.506,0.593,8.6,3.99,3.71,237,53,0.0545,0.489,2.32,-0.1,1.6,1.0161,0.398,0.9344,0.002653,41.8,2025,12,4,Dec 2025
BIZ_116,Pour Co,Tea House,Jubilee Hills,Central,17.395469,78.447842,4,5.7,False,2026-01-01,4.04,673,10,0.52,0.513,5.3,4.07,3.82,306,62,0.0309,0.458,1.75,-0.07,-0.2308,0.9898,0.3063,0.9686,0.002042,34.8,2026,1,1,Jan 2026
BIZ_116,Pour Co,Tea House,Jubilee Hills,Central,17.395469,78.447842,4,5.8,False,2026-02-01,4.23,689,16,0.593,0.588,3.7,3.72,3.78,214,42,0.0249,0.43,2.76,0.19,0.6,1.0323,0.4878,1.11,0.003252,41.8,2026,2,1,Feb 2026
BIZ_116,Pour Co,Tea House,Jubilee Hills,Central,17.395469,78.447842,4,5.9,False,2026-03-01,4.21,700,11,0.664,0.536,8.7,4.29,4.18,285,58,0.0378,0.488,1.86,-0.02,-0.3125,1.0242,0.3318,1.1935,0.002212,42.6,2026,3,1,Mar 2026
BIZ_116,Pour Co,Tea House,Jubilee Hills,Central,17.395469,78.447842,4,6.0,False,2026-04-01,4.19,710,10,0.668,0.456,4.3,4.41,4.25,203,39,0.0489,0.472,1.67,-0.02,-0.0909,1.015,0.3492,1.2322,0.002328,45.9,2026,4,2,Apr 2026
BIZ_116,Pour Co,Tea House,Jubilee Hills,Central,17.395469,78.447842,4,6.0,False,2026-05-01,4.09,720,10,0.679,0.583,6.0,3.8,3.64,221,52,0.0374,0.438,1.67,-0.1,0.0,0.994,0.3565,1.2443,0.002377,38.5,2026,5,2,May 2026
BIZ_116,Pour Co,Tea House,Jubilee Hills,Central,17.395469,78.447842,4,6.1,False,2026-06-01,4.16,729,9,0.615,0.591,3.6,4.36,3.92,170,68,0.0216,0.539,1.48,0.07,-0.1,1.0132,0.3431,1.1231,0.002287,39.2,2026,6,2,Jun 2026
BIZ_117,The Stir Kitchen,Tea House,Begumpet,Central,17.400465,78.427379,3,7.7,False,2025-01-01,4.54,370,4,0.767,0.612,4.9,4.49,4.74,275,54,0.034,0.521,0.52,0.0,0.0,1.1158,0.1149,1.4401,0.000766,50.4,2025,1,1,Jan 2025
BIZ_117,The Stir Kitchen,Tea House,Begumpet,Central,17.400465,78.427379,3,7.8,False,2025-02-01,4.61,375,5,0.856,0.611,4.4,3.83,4.53,241,50,0.0328,0.412,0.64,0.07,0.25,1.1288,0.1511,1.6191,0.001007,46.0,2025,2,1,Feb 2025
BIZ_117,The Stir Kitchen,Tea House,Begumpet,Central,17.400465,78.427379,3,7.9,False,2025-03-01,4.56,382,7,0.933,0.528,10.5,4.88,4.48,250,77,0.0358,0.441,0.89,-0.05,0.4,1.1113,0.2128,1.7844,0.001419,54.7,2025,3,1,Mar 2025
BIZ_117,The Stir Kitchen,Tea House,Begumpet,Central,17.400465,78.427379,3,8.0,False,2025-04-01,4.66,386,4,0.997,0.387,3.9,4.3,4.57,238,42,0.0396,0.402,0.5,0.1,-0.4286,1.1296,0.1216,1.8799,0.000811,51.5,2025,4,2,Apr 2025
BIZ_117,The Stir Kitchen,Tea House,Begumpet,Central,17.400465,78.427379,3,8.0,False,2025-05-01,4.63,388,2,0.846,0.541,3.9,4.6,3.91,322,41,0.0374,0.365,0.25,-0.03,-0.5,1.1238,0.0699,1.6076,0.000466,50.3,2025,5,2,May 2025
BIZ_117,The Stir Kitchen,Tea House,Begumpet,Central,17.400465,78.427379,3,8.1,False,2025-06-01,4.55,390,2,0.747,0.426,7.8,4.47,4.71,217,17,0.0858,0.579,0.25,-0.08,0.0,1.1128,0.0716,1.4067,0.000477,54.2,2025,6,2,Jun 2025
BIZ_117,The Stir Kitchen,Tea House,Begumpet,Central,17.400465,78.427379,3,8.2,False,2025-07-01,4.47,395,5,0.892,0.636,3.6,3.85,4.1,209,52,0.1182,0.555,0.61,-0.08,1.5,1.0989,0.2065,1.6674,0.001377,58.2,2025,7,3,Jul 2025
BIZ_117,The Stir Kitchen,Tea House,Begumpet,Central,17.400465,78.427379,3,8.3,False,2025-08-01,4.53,399,4,0.845,0.623,6.8,4.25,4.04,172,40,0.0317,0.445,0.48,0.06,-0.2,1.1217,0.1617,1.5673,0.001078,47.2,2025,8,3,Aug 2025
BIZ_117,The Stir Kitchen,Tea House,Begumpet,Central,17.400465,78.427379,3,8.4,False,2025-09-01,4.57,404,5,0.857,0.547,4.3,4.62,4.57,280,60,0.0212,0.55,0.6,0.04,0.25,1.1351,0.1717,1.6045,0.001144,47.9,2025,9,3,Sep 2025
BIZ_117,The Stir Kitchen,Tea House,Begumpet,Central,17.400465,78.427379,3,8.4,False,2025-10-01,4.51,409,5,0.931,0.603,4.6,4.3,4.5,288,67,0.0534,0.451,0.6,-0.06,0.0,1.1201,0.1719,1.7427,0.001146,52.9,2025,10,4,Oct 2025
BIZ_117,The Stir Kitchen,Tea House,Begumpet,Central,17.400465,78.427379,3,8.5,False,2025-11-01,4.53,413,4,0.79,0.586,6.5,5.0,4.3,242,67,0.021,0.519,0.47,0.02,-0.2,1.1246,0.1283,1.4517,0.000856,47.0,2025,11,4,Nov 2025
BIZ_117,The Stir Kitchen,Tea House,Begumpet,Central,17.400465,78.427379,3,8.6,False,2025-12-01,4.52,417,4,0.956,0.557,4.0,4.46,4.56,232,53,0.0683,0.43,0.47,-0.01,0.0,1.1174,0.1224,1.7654,0.000816,54.3,2025,12,4,Dec 2025
BIZ_117,The Stir Kitchen,Tea House,Begumpet,Central,17.400465,78.427379,3,8.7,False,2026-01-01,4.49,424,7,0.978,0.574,2.7,4.32,3.95,411,61,0.0279,0.468,0.8,-0.03,0.75,1.1,0.2144,1.8217,0.001429,51.4,2026,1,1,Jan 2026
BIZ_117,The Stir Kitchen,Tea House,Begumpet,Central,17.400465,78.427379,3,8.8,False,2026-02-01,4.66,431,7,0.969,0.567,3.3,4.74,4.49,270,49,0.1063,0.556,0.8,0.17,0.0,1.1373,0.2134,1.8138,0.001423,65.8,2026,2,1,Feb 2026
BIZ_117,The Stir Kitchen,Tea House,Begumpet,Central,17.400465,78.427379,3,8.9,False,2026-03-01,4.7,435,4,0.799,0.451,5.7,3.92,4.84,217,36,0.0246,0.409,0.45,0.04,-0.4286,1.1434,0.1207,1.4362,0.000804,46.4,2026,3,1,Mar 2026
BIZ_117,The Stir Kitchen,Tea House,Begumpet,Central,17.400465,78.427379,3,8.9,False,2026-04-01,4.58,438,3,0.884,0.598,5.7,4.31,4.32,208,37,0.0274,0.454,0.34,-0.12,-0.25,1.1094,0.1048,1.6306,0.000698,49.5,2026,4,2,Apr 2026
BIZ_117,The Stir Kitchen,Tea House,Begumpet,Central,17.400465,78.427379,3,9.0,False,2026-05-01,4.62,440,2,0.802,0.554,5.4,3.62,4.57,293,37,0.0215,0.471,0.22,0.04,-0.3333,1.1228,0.0713,1.4697,0.000475,42.5,2026,5,2,May 2026
BIZ_117,The Stir Kitchen,Tea House,Begumpet,Central,17.400465,78.427379,3,9.1,False,2026-06-01,4.64,444,4,0.896,0.431,2.9,4.46,4.13,174,57,0.0759,0.524,0.44,0.02,1.0,1.1301,0.1525,1.6362,0.001017,61.3,2026,6,2,Jun 2026
BIZ_118,Sip Co,Cafe,Sainikpuri,East,17.449871,78.552526,1,4.0,False,2025-01-01,3.94,1867,47,0.427,0.536,4.1,3.78,3.78,276,76,0.03,0.367,11.75,0.0,0.0,0.9683,1.3498,0.8017,0.008999,36.5,2025,1,1,Jan 2025
BIZ_118,Sip Co,Cafe,Sainikpuri,East,17.449871,78.552526,1,4.1,False,2025-02-01,3.84,1926,59,0.404,0.464,8.6,3.43,4.11,312,55,0.0251,0.449,14.39,-0.1,0.2553,0.9402,1.7828,0.7642,0.011886,28.9,2025,2,1,Feb 2025
BIZ_118,Sip Co,Cafe,Sainikpuri,East,17.449871,78.552526,1,4.2,False,2025-03-01,3.8,1983,57,0.44,0.479,7.2,3.28,3.78,224,66,0.0538,0.362,13.57,-0.04,-0.0339,0.9261,1.7329,0.8415,0.011552,33.6,2025,3,1,Mar 2025
BIZ_118,Sip Co,Cafe,Sainikpuri,East,17.449871,78.552526,1,4.2,False,2025-04-01,3.85,2027,44,0.457,0.509,4.8,4.39,3.76,322,55,0.0493,0.438,10.48,0.05,-0.2281,0.9332,1.3379,0.8617,0.00892,35.9,2025,4,2,Apr 2025
BIZ_118,Sip Co,Cafe,Sainikpuri,East,17.449871,78.552526,1,4.3,False,2025-05-01,3.87,2060,33,0.5,0.443,4.4,3.28,4.06,193,74,0.0278,0.548,7.67,0.02,-0.25,0.9394,1.1536,0.9501,0.007691,28.7,2025,5,2,May 2025
BIZ_118,Sip Co,Cafe,Sainikpuri,East,17.449871,78.552526,1,4.4,False,2025-06-01,3.67,2097,37,0.395,0.485,8.0,3.64,3.7,164,58,0.0238,0.439,8.41,-0.2,0.1212,0.8976,1.324,0.7439,0.008826,27.6,2025,6,2,Jun 2025
BIZ_118,Sip Co,Cafe,Sainikpuri,East,17.449871,78.552526,1,4.5,False,2025-07-01,3.92,2131,34,0.433,0.479,5.3,3.96,4.36,274,45,0.0284,0.477,7.56,0.25,-0.0811,0.9637,1.4042,0.8094,0.009361,32.2,2025,7,3,Jul 2025
BIZ_118,Sip Co,Cafe,Sainikpuri,East,17.449871,78.552526,1,4.6,False,2025-08-01,3.91,2169,38,0.487,0.475,4.3,4.0,4.35,179,59,0.0248,0.387,8.26,-0.01,0.1176,0.9682,1.5364,0.9033,0.010243,34.2,2025,8,3,Aug 2025
BIZ_118,Sip Co,Cafe,Sainikpuri,East,17.449871,78.552526,1,4.7,False,2025-09-01,3.82,2202,33,0.64,0.367,4.5,3.62,4.18,279,52,0.0412,0.417,7.02,-0.09,-0.1316,0.9488,1.133,1.1982,0.007553,35.1,2025,9,3,Sep 2025
BIZ_118,Sip Co,Cafe,Sainikpuri,East,17.449871,78.552526,1,4.8,False,2025-10-01,3.85,2244,42,0.5,0.458,2.8,3.5,4.12,250,59,0.0692,0.467,8.75,0.03,0.2727,0.9562,1.444,0.936,0.009626,39.4,2025,10,4,Oct 2025
BIZ_118,Sip Co,Cafe,Sainikpuri,East,17.449871,78.552526,1,4.8,False,2025-11-01,3.65,2280,36,0.434,0.486,1.7,4.06,3.23,321,37,0.0354,0.414,7.5,-0.2,-0.1429,0.9061,1.1551,0.7975,0.007701,31.4,2025,11,4,Nov 2025
BIZ_118,Sip Co,Cafe,Sainikpuri,East,17.449871,78.552526,1,4.9,False,2025-12-01,3.76,2309,29,0.576,0.433,5.3,3.0,4.18,373,76,0.0376,0.442,5.92,0.11,-0.1944,0.9295,0.8878,1.0636,0.005918,30.5,2025,12,4,Dec 2025
BIZ_118,Sip Co,Cafe,Sainikpuri,East,17.449871,78.552526,1,5.0,False,2026-01-01,3.69,2357,48,0.47,0.516,12.4,3.51,4.02,279,58,0.0357,0.361,9.6,-0.07,0.6552,0.904,1.4703,0.8755,0.009802,32.9,2026,1,1,Jan 2026
BIZ_118,Sip Co,Cafe,Sainikpuri,East,17.449871,78.552526,1,5.1,False,2026-02-01,3.99,2413,56,0.552,0.452,1.8,4.02,4.28,289,80,0.0376,0.406,10.98,0.3,0.1667,0.9738,1.7073,1.0332,0.011382,41.7,2026,2,1,Feb 2026
BIZ_118,Sip Co,Cafe,Sainikpuri,East,17.449871,78.552526,1,5.2,False,2026-03-01,3.94,2448,35,0.523,0.629,10.6,3.82,4.51,303,54,0.0297,0.52,6.73,-0.05,-0.375,0.9585,1.0557,0.9401,0.007038,34.8,2026,3,1,Mar 2026
BIZ_118,Sip Co,Cafe,Sainikpuri,East,17.449871,78.552526,1,5.2,False,2026-04-01,3.96,2503,55,0.517,0.596,9.2,3.75,4.17,325,65,0.0294,0.463,10.58,0.02,0.5714,0.9593,1.9208,0.9537,0.012806,41.2,2026,4,2,Apr 2026
BIZ_118,Sip Co,Cafe,Sainikpuri,East,17.449871,78.552526,1,5.3,False,2026-05-01,3.89,2537,34,0.496,0.51,5.7,3.6,4.23,295,41,0.0265,0.491,6.42,-0.07,-0.3818,0.9454,1.2123,0.9089,0.008082,31.2,2026,5,2,May 2026
BIZ_118,Sip Co,Cafe,Sainikpuri,East,17.449871,78.552526,1,5.4,False,2026-06-01,3.92,2577,40,0.567,0.27,8.2,3.19,4.25,124,44,0.0243,0.506,7.41,0.03,0.1765,0.9547,1.5248,1.0354,0.010165,34.3,2026,6,2,Jun 2026
BIZ_119,Press Studio,Cafe,Uppal,East,17.462635,78.576174,3,3.9,False,2025-01-01,4.48,577,11,0.864,0.424,5.3,4.46,4.12,269,32,0.0233,0.528,2.82,0.0,0.0,1.101,0.3159,1.6222,0.002106,50.5,2025,1,1,Jan 2025
BIZ_119,Press Studio,Cafe,Uppal,East,17.462635,78.576174,3,4.0,False,2025-02-01,4.49,595,18,0.769,0.598,2.9,4.21,4.25,253,51,0.0237,0.424,4.5,0.01,0.6364,1.0994,0.5439,1.4546,0.003626,44.9,2025,2,1,Feb 2025
BIZ_119,Press Studio,Cafe,Uppal,East,17.462635,78.576174,3,4.1,False,2025-03-01,4.3,610,15,0.877,0.567,1.3,4.05,4.26,333,58,0.0216,0.401,3.66,-0.19,-0.1667,1.048,0.456,1.6773,0.00304,44.1,2025,3,1,Mar 2025
BIZ_119,Press Studio,Cafe,Uppal,East,17.462635,78.576174,3,4.2,False,2025-04-01,4.5,626,16,0.711,0.501,3.4,4.43,4.21,243,43,0.04,0.492,3.81,0.2,0.0667,1.0908,0.4865,1.3406,0.003243,46.8,2025,4,2,Apr 2025
BIZ_119,Press Studio,Cafe,Uppal,East,17.462635,78.576174,3,4.2,False,2025-05-01,4.49,636,10,0.886,0.501,8.6,3.97,4.76,303,12,0.0288,0.497,2.38,-0.01,-0.375,1.0899,0.3496,1.6836,0.00233,45.5,2025,5,2,May 2025
BIZ_119,Press Studio,Cafe,Uppal,East,17.462635,78.576174,3,4.3,False,2025-06-01,4.53,642,6,0.902,0.525,6.0,4.52,4.14,346,63,0.0242,0.493,1.4,0.04,-0.4,1.1079,0.2147,1.6986,0.001431,47.7,2025,6,2,Jun 2025
BIZ_119,Press Studio,Cafe,Uppal,East,17.462635,78.576174,3,4.4,False,2025-07-01,4.4,649,7,0.81,0.41,9.5,3.55,4.44,208,50,0.0375,0.538,1.59,-0.13,0.1667,1.0817,0.2891,1.5141,0.001927,42.0,2025,7,3,Jul 2025
BIZ_119,Press Studio,Cafe,Uppal,East,17.462635,78.576174,3,4.5,False,2025-08-01,4.25,654,5,0.721,0.545,3.0,3.65,4.1,240,44,0.0451,0.512,1.11,-0.15,-0.2857,1.0524,0.2022,1.3373,0.001348,41.7,2025,8,3,Aug 2025
BIZ_119,Press Studio,Cafe,Uppal,East,17.462635,78.576174,3,4.6,False,2025-09-01,4.37,661,7,0.879,0.389,7.5,3.9,3.68,148,37,0.0516,0.439,1.52,0.12,0.4,1.0855,0.2403,1.6457,0.001602,47.2,2025,9,3,Sep 2025
BIZ_119,Press Studio,Cafe,Uppal,East,17.462635,78.576174,3,4.7,False,2025-10-01,4.39,671,10,0.901,0.514,6.0,3.98,4.23,305,41,0.033,0.478,2.13,0.02,0.4286,1.0903,0.3438,1.6866,0.002292,47.5,2025,10,4,Oct 2025
BIZ_119,Press Studio,Cafe,Uppal,East,17.462635,78.576174,3,4.7,False,2025-11-01,4.45,692,21,0.749,0.472,8.0,4.33,4.51,249,56,0.0491,0.518,4.47,0.06,1.1,1.1047,0.6738,1.3764,0.004492,50.2,2025,11,4,Nov 2025
BIZ_119,Press Studio,Cafe,Uppal,East,17.462635,78.576174,3,4.8,False,2025-12-01,4.36,699,7,0.886,0.639,10.4,4.12,4.17,308,52,0.031,0.444,1.46,-0.09,-0.6667,1.0779,0.2143,1.6361,0.001429,44.0,2025,12,4,Dec 2025
BIZ_119,Press Studio,Cafe,Uppal,East,17.462635,78.576174,3,4.9,False,2026-01-01,4.54,713,14,0.958,0.456,7.1,4.61,4.42,315,46,0.0205,0.43,2.86,0.18,1.0,1.1123,0.4288,1.7845,0.002859,52.4,2026,1,1,Jan 2026
BIZ_119,Press Studio,Cafe,Uppal,East,17.462635,78.576174,3,5.0,False,2026-02-01,4.44,726,13,0.898,0.343,6.8,4.13,4.23,334,87,0.0253,0.511,2.6,-0.1,-0.0714,1.0836,0.3963,1.6809,0.002642,48.4,2026,2,1,Feb 2026
BIZ_119,Press Studio,Cafe,Uppal,East,17.462635,78.576174,3,5.1,False,2026-03-01,4.51,741,15,0.857,0.498,6.0,4.35,3.72,222,68,0.1012,0.419,2.94,0.07,0.1538,1.0972,0.4524,1.5404,0.003016,61.2,2026,3,1,Mar 2026
BIZ_119,Press Studio,Cafe,Uppal,East,17.462635,78.576174,3,5.2,False,2026-04-01,4.61,747,6,0.626,0.596,7.9,4.54,4.09,247,45,0.033,0.527,1.15,0.1,-0.6,1.1167,0.2095,1.1547,0.001397,46.2,2026,4,2,Apr 2026
BIZ_119,Press Studio,Cafe,Uppal,East,17.462635,78.576174,3,5.2,False,2026-05-01,4.46,758,11,0.937,0.501,3.5,4.4,4.54,262,55,0.0581,0.5,2.12,-0.15,0.8333,1.084,0.3922,1.717,0.002615,53.9,2026,5,2,May 2026
BIZ_119,Press Studio,Cafe,Uppal,East,17.462635,78.576174,3,5.3,False,2026-06-01,4.45,763,5,0.995,0.636,5.3,4.08,3.86,221,23,0.0337,0.502,0.94,-0.01,-0.5455,1.0838,0.1906,1.817,0.001271,48.4,2026,6,2,Jun 2026
BIZ_120,Stir Co,Bakery & Cafe,Ameerpet,Central,17.440268,78.44994,4,2.2,False,2025-01-01,4.49,6559,194,0.639,0.413,5.2,4.54,4.04,625,94,0.0231,0.413,88.18,0.0,0.0,1.1035,5.5715,1.1997,0.037143,56.5,2025,1,1,Jan 2025
BIZ_120,Stir Co,Bakery & Cafe,Ameerpet,Central,17.440268,78.44994,4,2.3,False,2025-02-01,4.56,6823,264,0.757,0.598,11.1,4.25,4.13,524,85,0.0327,0.405,114.78,0.07,0.3608,1.1165,7.9774,1.4319,0.053183,61.5,2025,2,1,Feb 2025
BIZ_120,Stir Co,Bakery & Cafe,Ameerpet,Central,17.440268,78.44994,4,2.4,False,2025-03-01,4.76,7174,351,0.773,0.465,4.4,4.71,4.13,739,40,0.021,0.471,146.25,0.2,0.3295,1.1601,10.6709,1.4784,0.071139,71.1,2025,3,1,Mar 2025
BIZ_120,Stir Co,Bakery & Cafe,Ameerpet,Central,17.440268,78.44994,4,2.5,False,2025-04-01,4.69,7370,196,0.678,0.55,3.5,4.82,4.59,637,116,0.0342,0.402,78.4,-0.07,-0.4416,1.1369,5.9599,1.2784,0.039732,55.7,2025,4,2,Apr 2025
BIZ_120,Stir Co,Bakery & Cafe,Ameerpet,Central,17.440268,78.44994,4,2.5,False,2025-05-01,4.64,7600,230,0.616,0.537,2.0,4.59,4.13,436,130,0.0396,0.533,92.0,-0.05,0.1735,1.1263,8.0401,1.1706,0.053601,59.7,2025,5,2,May 2025
BIZ_120,Stir Co,Bakery & Cafe,Ameerpet,Central,17.440268,78.44994,4,2.6,False,2025-06-01,4.71,7843,243,0.654,0.371,5.7,4.85,4.35,317,60,0.0224,0.495,93.46,0.07,0.0565,1.1519,8.6951,1.2316,0.057968,61.8,2025,6,2,Jun 2025
BIZ_120,Stir Co,Bakery & Cafe,Ameerpet,Central,17.440268,78.44994,4,2.7,False,2025-07-01,4.69,8009,166,0.778,0.341,4.8,5.0,4.0,625,95,0.0661,0.402,61.48,-0.02,-0.3169,1.153,6.8557,1.4543,0.045705,67.7,2025,7,3,Jul 2025
BIZ_120,Stir Co,Bakery & Cafe,Ameerpet,Central,17.440268,78.44994,4,2.8,False,2025-08-01,4.58,8313,304,0.737,0.496,5.4,4.03,4.11,521,95,0.0292,0.489,108.57,-0.11,0.8313,1.1341,12.2911,1.367,0.081941,62.8,2025,8,3,Aug 2025
BIZ_120,Stir Co,Bakery & Cafe,Ameerpet,Central,17.440268,78.44994,4,2.9,False,2025-09-01,4.51,8560,247,0.631,0.531,11.0,4.43,3.99,408,80,0.0327,0.471,85.17,-0.07,-0.1875,1.1202,8.4802,1.1814,0.056535,52.8,2025,9,3,Sep 2025
BIZ_120,Stir Co,Bakery & Cafe,Ameerpet,Central,17.440268,78.44994,4,3.0,False,2025-10-01,4.6,8818,258,0.628,0.452,3.8,4.28,3.98,678,82,0.0442,0.536,86.0,0.09,0.0445,1.1425,8.87,1.1756,0.059134,59.1,2025,10,4,Oct 2025
BIZ_120,Stir Co,Bakery & Cafe,Ameerpet,Central,17.440268,78.44994,4,3.0,False,2025-11-01,4.65,9051,233,0.718,0.616,3.1,4.51,4.22,398,133,0.0499,0.483,77.67,0.05,-0.0969,1.1543,7.4759,1.3194,0.04984,61.9,2025,11,4,Nov 2025
BIZ_120,Stir Co,Bakery & Cafe,Ameerpet,Central,17.440268,78.44994,4,3.1,False,2025-12-01,4.58,9299,248,0.618,0.629,4.9,4.39,3.98,718,94,0.055,0.51,80.0,-0.07,0.0644,1.1323,7.5918,1.1412,0.050612,60.6,2025,12,4,Dec 2025
BIZ_120,Stir Co,Bakery & Cafe,Ameerpet,Central,17.440268,78.44994,4,3.2,False,2026-01-01,4.65,9556,257,0.577,0.668,6.6,4.43,4.41,698,101,0.0844,0.529,80.31,0.07,0.0363,1.1392,7.8722,1.0748,0.052481,71.5,2026,1,1,Jan 2026
BIZ_120,Stir Co,Bakery & Cafe,Ameerpet,Central,17.440268,78.44994,4,3.3,False,2026-02-01,4.68,9765,209,0.639,0.48,5.9,4.48,4.43,662,170,0.0221,0.454,63.33,0.03,-0.1868,1.1422,6.372,1.1961,0.04248,57.2,2026,2,1,Feb 2026
BIZ_120,Stir Co,Bakery & Cafe,Ameerpet,Central,17.440268,78.44994,4,3.4,False,2026-03-01,4.53,10082,317,0.627,0.212,10.1,4.41,4.62,610,158,0.025,0.451,93.24,-0.15,0.5167,1.102,9.5616,1.127,0.063744,58.6,2026,3,1,Mar 2026
BIZ_120,Stir Co,Bakery & Cafe,Ameerpet,Central,17.440268,78.44994,4,3.5,False,2026-04-01,4.72,10321,239,0.541,0.361,7.0,3.8,4.19,594,77,0.0448,0.433,68.29,0.19,-0.2461,1.1434,8.3469,0.9979,0.055646,65.2,2026,4,2,Apr 2026
BIZ_120,Stir Co,Bakery & Cafe,Ameerpet,Central,17.440268,78.44994,4,3.5,False,2026-05-01,4.77,10543,222,0.549,0.48,9.4,4.23,4.11,730,115,0.0301,0.484,63.43,0.05,-0.0711,1.1593,7.9154,1.006,0.052769,54.9,2026,5,2,May 2026
BIZ_120,Stir Co,Bakery & Cafe,Ameerpet,Central,17.440268,78.44994,4,3.6,False,2026-06-01,4.69,10769,226,0.74,0.311,5.4,4.99,4.53,644,98,0.0241,0.544,62.78,-0.08,0.018,1.1423,8.615,1.3513,0.057433,67.4,2026,6,2,Jun 2026
BIZ_121,Bean Coffee,Coffee Shop,Nampally,Old City,17.356157,78.468017,2,10.6,False,2025-01-01,3.64,1056,11,0.32,0.559,3.0,3.18,3.45,297,92,0.0204,0.442,1.04,0.0,0.0,0.8946,0.3159,0.6008,0.002106,25.8,2025,1,1,Jan 2025
BIZ_121,Bean Coffee,Coffee Shop,Nampally,Old City,17.356157,78.468017,2,10.7,False,2025-02-01,3.61,1062,6,0.191,0.388,6.1,3.28,3.58,254,33,0.0597,0.476,0.56,-0.03,-0.4545,0.8839,0.1813,0.3613,0.001209,21.0,2025,2,1,Feb 2025
BIZ_121,Bean Coffee,Coffee Shop,Nampally,Old City,17.356157,78.468017,2,10.8,False,2025-03-01,3.5,1065,3,0.262,0.511,17.0,3.27,3.25,353,63,0.0306,0.4,0.28,-0.11,-0.5,0.853,0.0912,0.5011,0.000608,19.3,2025,3,1,Mar 2025
BIZ_121,Bean Coffee,Coffee Shop,Nampally,Old City,17.356157,78.468017,2,10.8,False,2025-04-01,3.69,1075,10,0.235,0.572,8.3,3.22,3.56,276,51,0.0244,0.434,0.93,0.19,2.3333,0.8945,0.3041,0.4431,0.002027,26.3,2025,4,2,Apr 2025
BIZ_121,Bean Coffee,Coffee Shop,Nampally,Old City,17.356157,78.468017,2,10.9,False,2025-05-01,3.61,1080,5,0.258,0.305,10.6,3.55,3.3,134,55,0.0619,0.419,0.46,-0.08,-0.5,0.8763,0.1748,0.4903,0.001165,26.6,2025,5,2,May 2025
BIZ_121,Bean Coffee,Coffee Shop,Nampally,Old City,17.356157,78.468017,2,11.0,False,2025-06-01,3.65,1087,7,0.141,0.615,1.5,3.32,3.69,200,16,0.0262,0.408,0.64,0.04,0.4,0.8927,0.2505,0.2655,0.00167,20.4,2025,6,2,Jun 2025
BIZ_121,Bean Coffee,Coffee Shop,Nampally,Old City,17.356157,78.468017,2,11.1,False,2025-07-01,3.55,1094,7,0.209,0.632,3.8,3.53,3.55,242,41,0.0323,0.5,0.63,-0.1,0.0,0.8727,0.2891,0.3907,0.001927,20.5,2025,7,3,Jul 2025
BIZ_121,Bean Coffee,Coffee Shop,Nampally,Old City,17.356157,78.468017,2,11.2,False,2025-08-01,3.59,1103,9,0.316,0.689,3.6,3.7,3.65,273,52,0.0651,0.472,0.8,0.04,0.2857,0.8889,0.3639,0.5861,0.002426,31.6,2025,8,3,Aug 2025
BIZ_121,Bean Coffee,Coffee Shop,Nampally,Old City,17.356157,78.468017,2,11.3,False,2025-09-01,3.64,1111,8,0.076,0.451,10.7,3.35,3.49,253,50,0.0688,0.356,0.71,0.05,-0.1111,0.9041,0.2747,0.1423,0.001831,25.1,2025,9,3,Sep 2025
BIZ_121,Bean Coffee,Coffee Shop,Nampally,Old City,17.356157,78.468017,2,11.3,False,2025-10-01,3.44,1114,3,0.097,0.435,12.7,3.22,3.35,177,47,0.0321,0.466,0.27,-0.2,-0.625,0.8544,0.1031,0.1816,0.000688,16.5,2025,10,4,Oct 2025
BIZ_121,Bean Coffee,Coffee Shop,Nampally,Old City,17.356157,78.468017,2,11.4,False,2025-11-01,3.43,1122,8,0.22,0.618,5.4,2.91,3.33,233,30,0.0407,0.413,0.7,-0.01,1.6667,0.8515,0.2567,0.4043,0.001711,23.1,2025,11,4,Nov 2025
BIZ_121,Bean Coffee,Coffee Shop,Nampally,Old City,17.356157,78.468017,2,11.5,False,2025-12-01,3.6,1128,6,0.254,0.522,7.8,3.57,3.54,368,51,0.0409,0.47,0.52,0.17,-0.25,0.89,0.1837,0.469,0.001224,25.1,2025,12,4,Dec 2025
BIZ_121,Bean Coffee,Coffee Shop,Nampally,Old City,17.356157,78.468017,2,11.6,False,2026-01-01,3.63,1137,9,0.119,0.636,9.3,3.32,3.62,247,52,0.0311,0.457,0.78,0.03,0.5,0.8893,0.2757,0.2217,0.001838,21.4,2026,1,1,Jan 2026
BIZ_121,Bean Coffee,Coffee Shop,Nampally,Old City,17.356157,78.468017,2,11.7,False,2026-02-01,3.57,1145,8,0.281,0.615,4.9,3.42,3.58,260,56,0.0917,0.426,0.68,-0.06,-0.1111,0.8713,0.2439,0.526,0.001626,34.0,2026,2,1,Feb 2026
BIZ_121,Bean Coffee,Coffee Shop,Nampally,Old City,17.356157,78.468017,2,11.8,False,2026-03-01,3.67,1151,6,0.251,0.632,3.3,3.04,3.56,218,62,0.0569,0.396,0.51,0.1,-0.25,0.8928,0.181,0.4512,0.001207,27.9,2026,3,1,Mar 2026
BIZ_121,Bean Coffee,Coffee Shop,Nampally,Old City,17.356157,78.468017,2,11.8,False,2026-04-01,3.53,1161,10,0.096,0.548,6.1,3.56,3.44,243,48,0.0347,0.318,0.85,-0.14,0.6667,0.8551,0.3492,0.1771,0.002328,25.8,2026,4,2,Apr 2026
BIZ_121,Bean Coffee,Coffee Shop,Nampally,Old City,17.356157,78.468017,2,11.9,False,2026-05-01,3.58,1165,4,0.109,0.48,8.9,2.99,3.11,202,42,0.0224,0.475,0.34,0.05,-0.6,0.8701,0.1426,0.1997,0.000951,16.2,2026,5,2,May 2026
BIZ_121,Bean Coffee,Coffee Shop,Nampally,Old City,17.356157,78.468017,2,12.0,False,2026-06-01,3.57,1173,8,0.158,0.617,4.1,3.0,3.51,309,70,0.0293,0.385,0.67,-0.01,1.0,0.8695,0.305,0.2885,0.002033,23.1,2026,6,2,Jun 2026
BIZ_122,Crimson Sip Cafe,Cafe,Sainikpuri,East,17.459847,78.513727,2,3.2,False,2025-01-01,4.0,2665,72,0.635,0.429,2.9,4.02,3.75,207,44,0.0612,0.477,22.5,0.0,0.0,0.9831,2.0678,1.1922,0.013785,46.8,2025,1,1,Jan 2025
BIZ_122,Crimson Sip Cafe,Cafe,Sainikpuri,East,17.459847,78.513727,2,3.3,False,2025-02-01,4.12,2727,62,0.583,0.484,6.1,4.23,4.35,260,65,0.0398,0.423,18.79,0.12,-0.1389,1.0088,1.8735,1.1028,0.01249,40.2,2025,2,1,Feb 2025
BIZ_122,Crimson Sip Cafe,Cafe,Sainikpuri,East,17.459847,78.513727,2,3.4,False,2025-03-01,4.18,2810,83,0.462,0.688,4.0,4.26,3.86,283,35,0.0833,0.431,24.41,0.06,0.3387,1.0187,2.5233,0.8836,0.016822,48.6,2025,3,1,Mar 2025
BIZ_122,Crimson Sip Cafe,Cafe,Sainikpuri,East,17.459847,78.513727,2,3.5,False,2025-04-01,4.18,2882,72,0.688,0.429,4.8,4.07,4.12,250,67,0.0373,0.454,20.57,0.0,-0.1325,1.0132,2.1893,1.2973,0.014596,42.4,2025,4,2,Apr 2025
BIZ_122,Crimson Sip Cafe,Cafe,Sainikpuri,East,17.459847,78.513727,2,3.5,False,2025-05-01,4.25,2903,21,0.437,0.559,1.7,3.82,4.83,220,57,0.0373,0.507,6.0,0.07,-0.7083,1.0316,0.7341,0.8304,0.004894,34.9,2025,5,2,May 2025
BIZ_122,Crimson Sip Cafe,Cafe,Sainikpuri,East,17.459847,78.513727,2,3.6,False,2025-06-01,4.09,2950,47,0.585,0.548,5.6,3.48,4.11,271,36,0.0287,0.501,13.06,-0.16,1.2381,1.0003,1.6818,1.1017,0.011212,37.7,2025,6,2,Jun 2025
BIZ_122,Crimson Sip Cafe,Cafe,Sainikpuri,East,17.459847,78.513727,2,3.7,False,2025-07-01,4.19,3037,87,0.545,0.534,2.0,3.71,4.32,261,23,0.0413,0.528,23.51,0.1,0.8511,1.03,3.5931,1.0187,0.023954,43.0,2025,7,3,Jul 2025
BIZ_122,Crimson Sip Cafe,Cafe,Sainikpuri,East,17.459847,78.513727,2,3.8,False,2025-08-01,4.1,3116,79,0.541,0.428,11.3,4.39,3.85,169,45,0.0266,0.43,20.79,-0.09,-0.092,1.0152,3.1941,1.0034,0.021294,41.1,2025,8,3,Aug 2025
BIZ_122,Crimson Sip Cafe,Cafe,Sainikpuri,East,17.459847,78.513727,2,3.9,False,2025-09-01,4.11,3192,76,0.568,0.535,5.8,3.86,3.9,238,58,0.0221,0.359,19.49,0.01,-0.038,1.0209,2.6093,1.0634,0.017395,37.6,2025,9,3,Sep 2025
BIZ_122,Crimson Sip Cafe,Cafe,Sainikpuri,East,17.459847,78.513727,2,4.0,False,2025-10-01,4.04,3266,74,0.403,0.259,2.6,4.24,4.02,228,65,0.0201,0.464,18.5,-0.07,-0.0263,1.0034,2.5441,0.7544,0.016961,35.3,2025,10,4,Oct 2025
BIZ_122,Crimson Sip Cafe,Cafe,Sainikpuri,East,17.459847,78.513727,2,4.0,False,2025-11-01,4.12,3345,79,0.495,0.424,6.6,3.76,4.17,219,32,0.0331,0.47,19.75,0.08,0.0676,1.0228,2.5348,0.9096,0.016898,38.9,2025,11,4,Nov 2025
BIZ_122,Crimson Sip Cafe,Cafe,Sainikpuri,East,17.459847,78.513727,2,4.1,False,2025-12-01,4.02,3434,89,0.538,0.527,7.8,3.54,4.11,250,54,0.044,0.47,21.71,-0.1,0.1266,0.9938,2.7245,0.9935,0.018163,39.7,2025,12,4,Dec 2025
BIZ_122,Crimson Sip Cafe,Cafe,Sainikpuri,East,17.459847,78.513727,2,4.2,False,2026-01-01,4.04,3507,73,0.587,0.28,4.6,4.0,3.96,277,75,0.0206,0.39,17.38,0.02,-0.1798,0.9898,2.2361,1.0934,0.014907,37.4,2026,1,1,Jan 2026
BIZ_122,Crimson Sip Cafe,Cafe,Sainikpuri,East,17.459847,78.513727,2,4.3,False,2026-02-01,4.16,3577,70,0.462,0.504,4.4,4.11,3.94,293,45,0.0497,0.461,16.28,0.12,-0.0411,1.0153,2.1341,0.8648,0.014228,44.1,2026,2,1,Feb 2026
BIZ_122,Crimson Sip Cafe,Cafe,Sainikpuri,East,17.459847,78.513727,2,4.4,False,2026-03-01,4.22,3632,55,0.601,0.557,5.2,4.12,4.3,291,70,0.0472,0.488,12.5,0.06,-0.2143,1.0266,1.659,1.0803,0.01106,44.6,2026,3,1,Mar 2026
BIZ_122,Crimson Sip Cafe,Cafe,Sainikpuri,East,17.459847,78.513727,2,4.5,False,2026-04-01,4.08,3687,55,0.518,0.323,11.7,4.32,4.59,202,52,0.0316,0.427,12.22,-0.14,0.0,0.9883,1.9208,0.9555,0.012806,43.0,2026,4,2,Apr 2026
BIZ_122,Crimson Sip Cafe,Cafe,Sainikpuri,East,17.459847,78.513727,2,4.5,False,2026-05-01,4.28,3742,55,0.31,0.554,8.3,4.24,4.45,318,44,0.033,0.484,12.22,0.2,0.0,1.0402,1.961,0.5681,0.013073,37.8,2026,5,2,May 2026
BIZ_122,Crimson Sip Cafe,Cafe,Sainikpuri,East,17.459847,78.513727,2,4.6,False,2026-06-01,4.22,3798,56,0.622,0.527,3.5,3.73,4.32,175,43,0.0384,0.478,12.17,-0.06,0.0182,1.0278,2.1347,1.1359,0.014231,44.5,2026,6,2,Jun 2026
BIZ_123,Little Aroma,Tea House,Koti,Old City,17.346625,78.489465,2,2.8,False,2025-01-01,5.0,187,6,1.0,0.658,2.7,5.0,5.0,244,29,0.0363,0.524,2.14,0.0,0.0,1.2288,0.1723,1.8775,0.001149,62.1,2025,1,1,Jan 2025
BIZ_123,Little Aroma,Tea House,Koti,Old City,17.346625,78.489465,2,2.9,False,2025-02-01,5.0,192,5,0.869,0.581,3.7,4.73,5.0,370,64,0.0811,0.575,1.72,0.0,-0.1667,1.2242,0.1511,1.6437,0.001007,59.7,2025,2,1,Feb 2025
BIZ_123,Little Aroma,Tea House,Koti,Old City,17.346625,78.489465,2,3.0,False,2025-03-01,5.0,199,7,0.88,0.581,4.0,4.77,5.0,273,58,0.0308,0.469,2.33,0.0,0.4,1.2186,0.2128,1.683,0.001419,57.9,2025,3,1,Mar 2025
BIZ_123,Little Aroma,Tea House,Koti,Old City,17.346625,78.489465,2,3.0,False,2025-04-01,5.0,205,6,0.823,0.498,5.6,4.54,5.0,239,63,0.0448,0.601,2.0,0.0,-0.1429,1.212,0.1824,1.5518,0.001216,55.0,2025,4,2,Apr 2025
BIZ_123,Little Aroma,Tea House,Koti,Old City,17.346625,78.489465,2,3.1,False,2025-05-01,5.0,212,7,0.848,0.471,2.7,5.0,5.0,332,38,0.0238,0.501,2.26,0.0,0.1667,1.2137,0.2447,1.6114,0.001631,55.7,2025,5,2,May 2025
BIZ_123,Little Aroma,Tea House,Koti,Old City,17.346625,78.489465,2,3.2,False,2025-06-01,4.97,218,6,0.842,0.478,4.6,4.95,4.98,212,15,0.0302,0.558,1.88,-0.03,-0.1429,1.2155,0.2147,1.5856,0.001431,54.8,2025,6,2,Jun 2025
BIZ_123,Little Aroma,Tea House,Koti,Old City,17.346625,78.489465,2,3.3,False,2025-07-01,5.0,220,2,0.806,0.629,2.1,5.0,5.0,294,33,0.0696,0.511,0.61,0.03,-0.6667,1.2292,0.0826,1.5066,0.000551,59.3,2025,7,3,Jul 2025
BIZ_123,Little Aroma,Tea House,Koti,Old City,17.346625,78.489465,2,3.4,False,2025-08-01,5.0,225,5,1.0,0.495,5.3,4.43,4.99,310,58,0.0349,0.49,1.47,0.0,1.5,1.2381,0.2022,1.8548,0.001348,58.7,2025,8,3,Aug 2025
BIZ_123,Little Aroma,Tea House,Koti,Old City,17.346625,78.489465,2,3.5,False,2025-09-01,4.95,232,7,1.0,0.452,8.7,3.86,4.7,284,38,0.0223,0.421,2.0,-0.05,0.4,1.2295,0.2403,1.8722,0.001602,52.5,2025,9,3,Sep 2025
BIZ_123,Little Aroma,Tea House,Koti,Old City,17.346625,78.489465,2,3.5,False,2025-10-01,4.8,239,7,0.963,0.487,5.3,4.26,4.9,243,38,0.025,0.434,2.0,-0.15,0.0,1.1922,0.2407,1.8027,0.001604,52.0,2025,10,4,Oct 2025
BIZ_123,Little Aroma,Tea House,Koti,Old City,17.346625,78.489465,2,3.6,False,2025-11-01,4.9,244,5,0.909,0.643,2.8,4.51,5.0,303,61,0.0255,0.534,1.39,0.1,-0.2857,1.2164,0.1604,1.6704,0.00107,52.2,2025,11,4,Nov 2025
BIZ_123,Little Aroma,Tea House,Koti,Old City,17.346625,78.489465,2,3.7,False,2025-12-01,4.92,251,7,0.912,0.562,5.2,4.31,4.81,391,59,0.0322,0.403,1.89,0.02,0.4,1.2163,0.2143,1.6841,0.001429,53.6,2025,12,4,Dec 2025
BIZ_123,Little Aroma,Tea House,Koti,Old City,17.346625,78.489465,2,3.8,False,2026-01-01,5.0,258,7,0.998,0.346,7.2,4.58,5.0,254,53,0.0218,0.443,1.84,0.08,0.0,1.225,0.2144,1.859,0.001429,55.8,2026,1,1,Jan 2026
BIZ_123,Little Aroma,Tea House,Koti,Old City,17.346625,78.489465,2,3.9,False,2026-02-01,5.0,264,6,1.0,0.618,3.0,5.0,5.0,230,63,0.0422,0.461,1.54,0.0,-0.1429,1.2203,0.1829,1.8718,0.00122,61.6,2026,2,1,Feb 2026
BIZ_123,Little Aroma,Tea House,Koti,Old City,17.346625,78.489465,2,4.0,False,2026-03-01,4.86,269,5,1.0,0.356,13.6,4.63,4.64,189,78,0.0299,0.545,1.25,-0.14,-0.1667,1.1823,0.1508,1.7974,0.001005,55.8,2026,3,1,Mar 2026
BIZ_123,Little Aroma,Tea House,Koti,Old City,17.346625,78.489465,2,4.0,False,2026-04-01,5.0,274,5,1.0,0.498,6.4,4.96,4.89,241,53,0.0212,0.488,1.25,0.14,0.0,1.2112,0.1746,1.8446,0.001164,58.9,2026,4,2,Apr 2026
BIZ_123,Little Aroma,Tea House,Koti,Old City,17.346625,78.489465,2,4.1,False,2026-05-01,5.0,279,5,1.0,0.742,2.2,4.94,5.0,257,39,0.0439,0.503,1.22,0.0,0.0,1.2152,0.1783,1.8325,0.001188,60.0,2026,5,2,May 2026
BIZ_123,Little Aroma,Tea House,Koti,Old City,17.346625,78.489465,2,4.2,False,2026-06-01,5.0,281,2,1.0,0.397,10.4,4.33,4.67,185,47,0.0246,0.491,0.48,0.0,-0.6,1.2178,0.0762,1.8261,0.000508,53.9,2026,6,2,Jun 2026
BIZ_124,Royal Sip,Coffee Shop,Charminar,Old City,17.379107,78.499017,3,2.0,False,2025-01-01,3.86,197,7,0.363,0.573,5.9,3.36,3.83,363,80,0.0459,0.406,3.5,0.0,0.0,0.9487,0.201,0.6815,0.00134,32.5,2025,1,1,Jan 2025
BIZ_124,Royal Sip,Coffee Shop,Charminar,Old City,17.379107,78.499017,3,2.1,False,2025-02-01,3.82,208,11,0.257,0.408,6.6,3.63,3.6,266,51,0.0555,0.512,5.24,-0.04,0.5714,0.9353,0.3324,0.4861,0.002216,27.9,2025,2,1,Feb 2025
BIZ_124,Royal Sip,Coffee Shop,Charminar,Old City,17.379107,78.499017,3,2.2,False,2025-03-01,3.93,222,14,0.307,0.551,5.6,3.52,3.56,277,46,0.0359,0.423,6.36,0.11,0.2727,0.9578,0.4256,0.5871,0.002837,30.2,2025,3,1,Mar 2025
BIZ_124,Royal Sip,Coffee Shop,Charminar,Old City,17.379107,78.499017,3,2.2,False,2025-04-01,3.74,228,6,0.294,0.522,6.5,3.6,3.54,256,76,0.0527,0.387,2.73,-0.19,-0.5714,0.9066,0.1824,0.5544,0.001216,26.3,2025,4,2,Apr 2025
BIZ_124,Royal Sip,Coffee Shop,Charminar,Old City,17.379107,78.499017,3,2.3,False,2025-05-01,3.86,241,13,0.486,0.38,6.2,3.44,3.43,288,62,0.037,0.513,5.65,0.12,1.1667,0.9369,0.4544,0.9235,0.00303,32.5,2025,5,2,May 2025
BIZ_124,Royal Sip,Coffee Shop,Charminar,Old City,17.379107,78.499017,3,2.4,False,2025-06-01,3.71,250,9,0.349,0.496,3.3,3.01,3.51,169,57,0.0585,0.415,3.75,-0.15,-0.3077,0.9074,0.322,0.6572,0.002147,27.4,2025,6,2,Jun 2025
BIZ_124,Royal Sip,Coffee Shop,Charminar,Old City,17.379107,78.499017,3,2.5,False,2025-07-01,3.66,260,10,0.512,0.61,5.6,3.5,3.73,206,62,0.0248,0.45,4.0,-0.05,0.1111,0.8997,0.413,0.9571,0.002753,26.1,2025,7,3,Jul 2025
BIZ_124,Royal Sip,Coffee Shop,Charminar,Old City,17.379107,78.499017,3,2.6,False,2025-08-01,3.76,264,4,0.284,0.487,15.7,3.32,3.86,296,44,0.0478,0.514,1.54,0.1,-0.6,0.931,0.1617,0.5268,0.001078,27.4,2025,8,3,Aug 2025
BIZ_124,Royal Sip,Coffee Shop,Charminar,Old City,17.379107,78.499017,3,2.7,False,2025-09-01,3.75,270,6,0.308,0.429,6.1,3.3,3.36,229,22,0.0375,0.506,2.22,-0.01,0.5,0.9315,0.206,0.5766,0.001373,26.9,2025,9,3,Sep 2025
BIZ_124,Royal Sip,Coffee Shop,Charminar,Old City,17.379107,78.499017,3,2.8,False,2025-10-01,3.83,277,7,0.361,0.52,2.5,3.17,3.64,228,78,0.0434,0.459,2.5,0.08,0.1667,0.9513,0.2407,0.6758,0.001604,29.2,2025,10,4,Oct 2025
BIZ_124,Royal Sip,Coffee Shop,Charminar,Old City,17.379107,78.499017,3,2.8,False,2025-11-01,3.7,285,8,0.359,0.64,4.3,3.69,3.65,263,31,0.0471,0.421,2.86,-0.13,0.1429,0.9185,0.2567,0.6597,0.001711,30.1,2025,11,4,Nov 2025
BIZ_124,Royal Sip,Coffee Shop,Charminar,Old City,17.379107,78.499017,3,2.9,False,2025-12-01,3.7,297,12,0.466,0.655,5.6,3.51,3.61,335,57,0.09,0.449,4.14,0.0,0.5,0.9147,0.3673,0.8605,0.002449,37.5,2025,12,4,Dec 2025
BIZ_124,Royal Sip,Coffee Shop,Charminar,Old City,17.379107,78.499017,3,3.0,False,2026-01-01,3.66,306,9,0.516,0.685,2.6,3.21,3.14,299,61,0.0411,0.413,3.0,-0.04,-0.25,0.8967,0.2757,0.9611,0.001838,28.5,2026,1,1,Jan 2026
BIZ_124,Royal Sip,Coffee Shop,Charminar,Old City,17.379107,78.499017,3,3.1,False,2026-02-01,3.83,317,11,0.544,0.399,8.2,3.34,3.38,300,57,0.0816,0.401,3.55,0.17,0.2222,0.9347,0.3354,1.0183,0.002236,41.2,2026,2,1,Feb 2026
BIZ_124,Royal Sip,Coffee Shop,Charminar,Old City,17.379107,78.499017,3,3.2,False,2026-03-01,3.7,325,8,0.361,0.431,4.1,3.31,3.2,295,70,0.0508,0.361,2.5,-0.13,-0.2727,0.9001,0.2413,0.6489,0.001609,30.0,2026,3,1,Mar 2026
BIZ_124,Royal Sip,Coffee Shop,Charminar,Old City,17.379107,78.499017,3,3.2,False,2026-04-01,3.83,334,9,0.443,0.496,3.6,4.04,3.61,205,56,0.0251,0.405,2.81,0.13,0.125,0.9278,0.3143,0.8172,0.002095,33.5,2026,4,2,Apr 2026
BIZ_124,Royal Sip,Coffee Shop,Charminar,Old City,17.379107,78.499017,3,3.3,False,2026-05-01,3.75,343,9,0.337,0.575,4.0,2.95,3.47,313,35,0.0345,0.465,2.73,-0.08,0.0,0.9114,0.3209,0.6175,0.002139,24.7,2026,5,2,May 2026
BIZ_124,Royal Sip,Coffee Shop,Charminar,Old City,17.379107,78.499017,3,3.4,False,2026-06-01,4.02,350,7,0.434,0.294,9.7,3.87,3.72,210,42,0.0419,0.423,2.06,0.27,-0.2222,0.9791,0.2668,0.7925,0.001779,36.4,2026,6,2,Jun 2026
BIZ_125,Modern Bean,Bakery & Cafe,Uppal,East,17.471113,78.575513,2,2.1,False,2025-01-01,4.13,268,12,0.703,0.43,2.8,4.35,3.91,360,76,0.0515,0.4,5.71,0.0,0.0,1.015,0.3446,1.3199,0.002298,46.5,2025,1,1,Jan 2025
BIZ_125,Modern Bean,Bakery & Cafe,Uppal,East,17.471113,78.575513,2,2.2,False,2025-02-01,4.32,276,8,0.557,0.581,7.4,4.29,4.22,252,94,0.0204,0.534,3.64,0.19,-0.3333,1.0578,0.2417,1.0536,0.001612,36.5,2025,2,1,Feb 2025
BIZ_125,Modern Bean,Bakery & Cafe,Uppal,East,17.471113,78.575513,2,2.3,False,2025-03-01,4.09,286,10,0.512,0.68,14.6,3.95,3.99,263,51,0.0241,0.385,4.35,-0.23,0.25,0.9968,0.304,0.9792,0.002027,35.9,2025,3,1,Mar 2025
BIZ_125,Modern Bean,Bakery & Cafe,Uppal,East,17.471113,78.575513,2,2.4,False,2025-04-01,4.2,297,11,0.735,0.557,4.2,3.59,3.9,185,78,0.022,0.404,4.58,0.11,0.1,1.0181,0.3345,1.3859,0.00223,37.6,2025,4,2,Apr 2025
BIZ_125,Modern Bean,Bakery & Cafe,Uppal,East,17.471113,78.575513,2,2.4,False,2025-05-01,4.26,305,8,0.546,0.492,5.9,4.19,4.4,223,45,0.0201,0.456,3.33,0.06,-0.2727,1.034,0.2797,1.0375,0.001864,35.6,2025,5,2,May 2025
BIZ_125,Modern Bean,Bakery & Cafe,Uppal,East,17.471113,78.575513,2,2.5,False,2025-06-01,4.05,320,15,0.503,0.451,11.9,3.97,3.93,155,29,0.0489,0.458,6.0,-0.21,0.875,0.9905,0.5367,0.9472,0.003578,38.4,2025,6,2,Jun 2025
BIZ_125,Modern Bean,Bakery & Cafe,Uppal,East,17.471113,78.575513,2,2.6,False,2025-07-01,4.05,326,6,0.551,0.44,5.9,4.25,4.03,159,45,0.0238,0.462,2.31,0.0,-0.6,0.9956,0.2478,1.03,0.001652,33.8,2025,7,3,Jul 2025
BIZ_125,Modern Bean,Bakery & Cafe,Uppal,East,17.471113,78.575513,2,2.7,False,2025-08-01,4.2,332,6,0.719,0.553,5.4,4.36,3.9,243,49,0.0421,0.434,2.22,0.15,0.0,1.04,0.2426,1.3336,0.001617,43.7,2025,8,3,Aug 2025
BIZ_125,Modern Bean,Bakery & Cafe,Uppal,East,17.471113,78.575513,2,2.8,False,2025-09-01,4.04,340,8,0.647,0.453,9.5,3.7,3.9,348,27,0.0279,0.396,2.86,-0.16,0.3333,1.0035,0.2747,1.2113,0.001831,36.1,2025,9,3,Sep 2025
BIZ_125,Modern Bean,Bakery & Cafe,Uppal,East,17.471113,78.575513,2,2.9,False,2025-10-01,4.1,350,10,0.581,0.706,4.6,4.13,4.17,238,49,0.0399,0.47,3.45,0.06,0.25,1.0183,0.3438,1.0876,0.002292,39.6,2025,10,4,Oct 2025
BIZ_125,Modern Bean,Bakery & Cafe,Uppal,East,17.471113,78.575513,2,2.9,False,2025-11-01,4.25,357,7,0.71,0.553,3.4,3.97,3.85,105,35,0.0382,0.429,2.41,0.15,-0.3,1.055,0.2246,1.3047,0.001497,41.4,2025,11,4,Nov 2025
BIZ_125,Modern Bean,Bakery & Cafe,Uppal,East,17.471113,78.575513,2,3.0,False,2025-12-01,4.24,364,7,0.71,0.452,3.2,4.55,4.47,328,62,0.0249,0.418,2.33,-0.01,0.0,1.0482,0.2143,1.3111,0.001429,41.8,2025,12,4,Dec 2025
BIZ_125,Modern Bean,Bakery & Cafe,Uppal,East,17.471113,78.575513,2,3.1,False,2026-01-01,4.15,382,18,0.725,0.46,3.2,3.86,4.21,323,55,0.034,0.497,5.81,-0.09,1.5714,1.0167,0.5514,1.3504,0.003676,44.9,2026,1,1,Jan 2026
BIZ_125,Modern Bean,Bakery & Cafe,Uppal,East,17.471113,78.575513,2,3.2,False,2026-02-01,4.19,391,9,0.575,0.59,7.5,3.94,4.08,340,51,0.031,0.491,2.81,0.04,-0.5,1.0226,0.2744,1.0763,0.001829,38.3,2026,2,1,Feb 2026
BIZ_125,Modern Bean,Bakery & Cafe,Uppal,East,17.471113,78.575513,2,3.3,False,2026-03-01,4.25,399,8,0.618,0.32,12.5,4.46,3.99,350,50,0.0302,0.451,2.42,0.06,-0.1111,1.0339,0.2413,1.1108,0.001609,42.1,2026,3,1,Mar 2026
BIZ_125,Modern Bean,Bakery & Cafe,Uppal,East,17.471113,78.575513,2,3.4,False,2026-04-01,4.07,407,8,0.533,0.425,4.1,3.3,4.45,260,39,0.0221,0.466,2.35,-0.18,0.0,0.9859,0.2794,0.9832,0.001863,34.4,2026,4,2,Apr 2026
BIZ_125,Modern Bean,Bakery & Cafe,Uppal,East,17.471113,78.575513,2,3.4,False,2026-05-01,4.36,414,7,0.639,0.415,17.2,4.67,3.97,223,46,0.0227,0.495,2.06,0.29,-0.125,1.0597,0.2496,1.171,0.001664,41.9,2026,5,2,May 2026
BIZ_125,Modern Bean,Bakery & Cafe,Uppal,East,17.471113,78.575513,2,3.5,False,2026-06-01,4.05,427,13,0.68,0.576,6.4,3.4,3.75,192,53,0.0324,0.39,3.71,-0.31,0.8571,0.9864,0.4956,1.2418,0.003304,38.9,2026,6,2,Jun 2026
BIZ_126,Cedar Stir,Coffee Shop,Jubilee Hills,Central,17.473148,78.467757,3,2.0,False,2025-01-01,3.87,586,18,0.476,0.559,7.1,3.96,3.75,236,66,0.0388,0.455,9.0,0.0,0.0,0.9511,0.5169,0.8937,0.003446,36.8,2025,1,1,Jan 2025
BIZ_126,Cedar Stir,Coffee Shop,Jubilee Hills,Central,17.473148,78.467757,3,2.1,False,2025-02-01,3.81,604,18,0.347,0.528,6.2,3.93,3.94,299,64,0.0724,0.345,8.57,-0.06,0.0,0.9329,0.5439,0.6564,0.003626,32.0,2025,2,1,Feb 2025
BIZ_126,Cedar Stir,Coffee Shop,Jubilee Hills,Central,17.473148,78.467757,3,2.2,False,2025-03-01,4.04,629,25,0.408,0.379,14.4,4.25,4.05,282,88,0.0271,0.477,11.36,0.23,0.3889,0.9846,0.76,0.7803,0.005067,36.3,2025,3,1,Mar 2025
BIZ_126,Cedar Stir,Coffee Shop,Jubilee Hills,Central,17.473148,78.467757,3,2.2,False,2025-04-01,3.91,655,26,0.377,0.401,21.8,3.56,3.82,217,15,0.0271,0.408,11.82,-0.13,0.04,0.9478,0.7906,0.7109,0.005271,28.8,2025,4,2,Apr 2025
BIZ_126,Cedar Stir,Coffee Shop,Jubilee Hills,Central,17.473148,78.467757,3,2.3,False,2025-05-01,3.87,672,17,0.278,0.455,8.0,3.51,3.62,335,62,0.0601,0.413,7.39,-0.04,-0.3462,0.9394,0.5943,0.5283,0.003962,30.6,2025,5,2,May 2025
BIZ_126,Cedar Stir,Coffee Shop,Jubilee Hills,Central,17.473148,78.467757,3,2.4,False,2025-06-01,3.94,692,20,0.364,0.364,6.8,3.83,4.07,179,77,0.0259,0.522,8.33,0.07,0.1765,0.9636,0.7156,0.6855,0.004771,30.3,2025,6,2,Jun 2025
BIZ_126,Cedar Stir,Coffee Shop,Jubilee Hills,Central,17.473148,78.467757,3,2.5,False,2025-07-01,3.9,712,20,0.175,0.488,6.5,3.08,3.85,177,47,0.0213,0.484,8.0,-0.04,0.0,0.9587,0.826,0.3271,0.005507,21.6,2025,7,3,Jul 2025
BIZ_126,Cedar Stir,Coffee Shop,Jubilee Hills,Central,17.473148,78.467757,3,2.6,False,2025-08-01,3.93,732,20,0.436,0.695,4.9,3.68,3.71,180,32,0.0282,0.368,7.69,0.03,0.0,0.9731,0.8086,0.8087,0.005391,31.8,2025,8,3,Aug 2025
BIZ_126,Cedar Stir,Coffee Shop,Jubilee Hills,Central,17.473148,78.467757,3,2.7,False,2025-09-01,3.78,761,29,0.37,0.561,1.0,3.51,3.32,152,28,0.0637,0.533,10.74,-0.15,0.45,0.9389,0.9957,0.6927,0.006638,32.9,2025,9,3,Sep 2025
BIZ_126,Cedar Stir,Coffee Shop,Jubilee Hills,Central,17.473148,78.467757,3,2.8,False,2025-10-01,3.84,788,27,0.269,0.471,4.2,3.32,3.8,293,55,0.0411,0.451,9.64,0.06,-0.069,0.9537,0.9283,0.5035,0.006188,28.3,2025,10,4,Oct 2025
BIZ_126,Cedar Stir,Coffee Shop,Jubilee Hills,Central,17.473148,78.467757,3,2.8,False,2025-11-01,3.73,801,13,0.265,0.559,4.8,3.35,3.63,169,49,0.0963,0.498,4.64,-0.11,-0.5185,0.926,0.4171,0.487,0.002781,34.6,2025,11,4,Nov 2025
BIZ_126,Cedar Stir,Coffee Shop,Jubilee Hills,Central,17.473148,78.467757,3,2.9,False,2025-12-01,3.7,817,16,0.343,0.384,12.6,3.14,3.89,334,75,0.0342,0.424,5.52,-0.03,0.2308,0.9147,0.4898,0.6334,0.003265,26.3,2025,12,4,Dec 2025
BIZ_126,Cedar Stir,Coffee Shop,Jubilee Hills,Central,17.473148,78.467757,3,3.0,False,2026-01-01,4.01,843,26,0.343,0.421,13.1,3.66,4.28,256,50,0.035,0.436,8.67,0.31,0.625,0.9824,0.7964,0.6389,0.005309,33.7,2026,1,1,Jan 2026
BIZ_126,Cedar Stir,Coffee Shop,Jubilee Hills,Central,17.473148,78.467757,3,3.1,False,2026-02-01,3.9,873,30,0.354,0.422,17.7,3.95,3.84,332,60,0.0345,0.566,9.68,-0.11,0.1538,0.9518,0.9146,0.6626,0.006098,35.2,2026,2,1,Feb 2026
BIZ_126,Cedar Stir,Coffee Shop,Jubilee Hills,Central,17.473148,78.467757,3,3.2,False,2026-03-01,3.91,907,34,0.387,0.596,7.1,4.03,3.96,265,45,0.0541,0.507,10.62,0.01,0.1333,0.9512,1.0255,0.6956,0.006837,38.3,2026,3,1,Mar 2026
BIZ_126,Cedar Stir,Coffee Shop,Jubilee Hills,Central,17.473148,78.467757,3,3.2,False,2026-04-01,3.95,935,28,0.455,0.585,8.0,3.63,4.12,284,51,0.0678,0.455,8.75,0.04,-0.1765,0.9568,0.9779,0.8393,0.006519,40.7,2026,4,2,Apr 2026
BIZ_126,Cedar Stir,Coffee Shop,Jubilee Hills,Central,17.473148,78.467757,3,3.3,False,2026-05-01,4.02,942,7,0.368,0.518,2.4,3.36,3.93,256,58,0.035,0.408,2.12,0.07,-0.75,0.977,0.2496,0.6744,0.001664,29.2,2026,5,2,May 2026
BIZ_126,Cedar Stir,Coffee Shop,Jubilee Hills,Central,17.473148,78.467757,3,3.4,False,2026-06-01,3.89,960,18,0.399,0.632,10.6,3.92,4.32,188,30,0.0349,0.425,5.29,-0.13,1.5714,0.9474,0.6861,0.7286,0.004574,37.1,2026,6,2,Jun 2026
BIZ_127,Aroma Coffee,Cafe,Kondapur,West,17.454689,78.377461,3,1.8,False,2025-01-01,4.55,135,7,0.777,0.514,2.7,4.14,4.3,266,35,0.0841,0.525,3.89,0.0,0.0,1.1182,0.201,1.4588,0.00134,55.3,2025,1,1,Jan 2025
BIZ_127,Aroma Coffee,Cafe,Kondapur,West,17.454689,78.377461,3,1.9,False,2025-02-01,4.31,140,5,0.81,0.58,5.7,4.76,3.91,212,83,0.0391,0.434,2.63,-0.24,-0.2857,1.0553,0.1511,1.5321,0.001007,45.0,2025,2,1,Feb 2025
BIZ_127,Aroma Coffee,Cafe,Kondapur,West,17.454689,78.377461,3,2.0,False,2025-03-01,4.33,148,8,0.819,0.635,2.3,3.92,3.93,330,64,0.0324,0.503,4.0,0.02,0.6,1.0553,0.2432,1.5664,0.001621,46.5,2025,3,1,Mar 2025
BIZ_127,Aroma Coffee,Cafe,Kondapur,West,17.454689,78.377461,3,2.0,False,2025-04-01,4.42,154,6,0.774,0.62,8.4,4.26,4.28,200,29,0.0299,0.48,3.0,0.09,-0.25,1.0714,0.1824,1.4594,0.001216,43.9,2025,4,2,Apr 2025
BIZ_127,Aroma Coffee,Cafe,Kondapur,West,17.454689,78.377461,3,2.1,False,2025-05-01,4.4,160,6,0.864,0.68,5.4,4.52,3.99,266,42,0.0236,0.469,2.86,-0.02,0.0,1.068,0.2097,1.6418,0.001398,46.0,2025,5,2,May 2025
BIZ_127,Aroma Coffee,Cafe,Kondapur,West,17.454689,78.377461,3,2.2,False,2025-06-01,4.26,166,6,0.886,0.463,5.0,4.01,3.58,99,63,0.0418,0.501,2.73,-0.14,0.0,1.0419,0.2147,1.6685,0.001431,45.1,2025,6,2,Jun 2025
BIZ_127,Aroma Coffee,Cafe,Kondapur,West,17.454689,78.377461,3,2.3,False,2025-07-01,4.38,172,6,0.707,0.359,10.4,3.65,4.11,208,23,0.0298,0.46,2.61,0.12,0.0,1.0767,0.2478,1.3216,0.001652,39.1,2025,7,3,Jul 2025
BIZ_127,Aroma Coffee,Cafe,Kondapur,West,17.454689,78.377461,3,2.4,False,2025-08-01,4.26,175,3,0.796,0.545,3.4,4.15,4.1,219,33,0.0395,0.535,1.25,-0.12,-0.5,1.0548,0.1213,1.4764,0.000809,43.7,2025,8,3,Aug 2025
BIZ_127,Aroma Coffee,Cafe,Kondapur,West,17.454689,78.377461,3,2.5,False,2025-09-01,4.31,180,5,0.843,0.32,9.9,3.92,4.0,281,22,0.0912,0.54,2.0,0.05,0.6667,1.0706,0.1717,1.5783,0.001144,50.7,2025,9,3,Sep 2025
BIZ_127,Aroma Coffee,Cafe,Kondapur,West,17.454689,78.377461,3,2.5,False,2025-10-01,4.54,183,3,0.817,0.524,5.5,4.01,4.11,262,35,0.0219,0.477,1.2,0.23,-0.4,1.1276,0.1031,1.5294,0.000688,43.9,2025,10,4,Oct 2025
BIZ_127,Aroma Coffee,Cafe,Kondapur,West,17.454689,78.377461,3,2.6,False,2025-11-01,4.35,187,4,0.812,0.638,5.4,4.47,4.18,236,66,0.0399,0.556,1.54,-0.19,0.3333,1.0799,0.1283,1.4922,0.000856,47.2,2025,11,4,Nov 2025
BIZ_127,Aroma Coffee,Cafe,Kondapur,West,17.454689,78.377461,3,2.7,False,2025-12-01,4.28,195,8,0.858,0.419,5.4,4.22,4.55,292,54,0.0269,0.404,2.96,-0.07,1.0,1.0581,0.2449,1.5844,0.001633,45.1,2025,12,4,Dec 2025
BIZ_127,Aroma Coffee,Cafe,Kondapur,West,17.454689,78.377461,3,2.8,False,2026-01-01,4.36,201,6,0.76,0.59,5.3,3.8,3.87,189,70,0.0683,0.461,2.14,0.08,-0.25,1.0682,0.1838,1.4156,0.001225,49.5,2026,1,1,Jan 2026
BIZ_127,Aroma Coffee,Cafe,Kondapur,West,17.454689,78.377461,3,2.9,False,2026-02-01,4.22,210,9,0.804,0.356,8.6,4.12,4.32,266,56,0.0504,0.502,3.1,-0.14,0.5,1.0299,0.2744,1.5049,0.001829,49.7,2026,2,1,Feb 2026
BIZ_127,Aroma Coffee,Cafe,Kondapur,West,17.454689,78.377461,3,3.0,False,2026-03-01,4.36,215,5,0.747,0.327,6.9,4.16,4.17,196,58,0.0305,0.487,1.67,0.14,-0.4444,1.0607,0.1508,1.3427,0.001005,43.4,2026,3,1,Mar 2026
BIZ_127,Aroma Coffee,Cafe,Kondapur,West,17.454689,78.377461,3,3.0,False,2026-04-01,4.39,223,8,0.72,0.563,5.5,3.99,4.25,293,51,0.0201,0.49,2.67,0.03,0.6,1.0634,0.2794,1.3281,0.001863,45.6,2026,4,2,Apr 2026
BIZ_127,Aroma Coffee,Cafe,Kondapur,West,17.454689,78.377461,3,3.1,False,2026-05-01,4.39,229,6,0.827,0.545,5.4,4.14,4.35,220,56,0.0209,0.541,1.94,0.0,-0.25,1.0669,0.2139,1.5155,0.001426,42.7,2026,5,2,May 2026
BIZ_127,Aroma Coffee,Cafe,Kondapur,West,17.454689,78.377461,3,3.2,False,2026-06-01,4.31,235,6,0.73,0.687,4.5,4.49,3.92,155,39,0.0219,0.429,1.88,-0.08,0.0,1.0497,0.2287,1.3331,0.001525,43.2,2026,6,2,Jun 2026
BIZ_128,Little Stir,Cafe,Banjara Hills,Central,17.439895,78.427783,3,3.3,False,2025-01-01,4.43,8628,259,0.819,0.649,5.5,4.03,4.0,843,151,0.0312,0.481,78.48,0.0,0.0,1.0888,7.4383,1.5377,0.049588,61.5,2025,1,1,Jan 2025
BIZ_128,Little Stir,Cafe,Banjara Hills,Central,17.439895,78.427783,3,3.4,False,2025-02-01,4.58,8824,196,0.989,0.473,4.4,4.54,4.0,1012,155,0.1094,0.541,57.65,0.15,-0.2432,1.1214,5.9226,1.8707,0.039484,70.8,2025,2,1,Feb 2025
BIZ_128,Little Stir,Cafe,Banjara Hills,Central,17.439895,78.427783,3,3.5,False,2025-03-01,4.5,8982,158,0.949,0.435,12.0,4.09,3.77,809,138,0.0211,0.531,45.14,-0.08,-0.1939,1.0967,4.8034,1.815,0.032023,56.0,2025,3,1,Mar 2025
BIZ_128,Little Stir,Cafe,Banjara Hills,Central,17.439895,78.427783,3,3.5,False,2025-04-01,4.66,9221,239,0.957,0.535,6.4,4.52,4.46,888,171,0.0206,0.496,68.29,0.16,0.5127,1.1296,7.2674,1.8045,0.048449,61.1,2025,4,2,Apr 2025
BIZ_128,Little Stir,Cafe,Banjara Hills,Central,17.439895,78.427783,3,3.6,False,2025-05-01,4.65,9438,217,0.892,0.576,5.8,4.66,4.43,493,134,0.0233,0.507,60.28,-0.01,-0.0921,1.1287,7.5856,1.695,0.050571,61.1,2025,5,2,May 2025
BIZ_128,Little Stir,Cafe,Banjara Hills,Central,17.439895,78.427783,3,3.7,False,2025-06-01,4.55,9761,323,0.955,0.519,8.4,4.21,4.58,809,192,0.0243,0.398,87.3,-0.1,0.4885,1.1128,11.5577,1.7984,0.077052,68.1,2025,6,2,Jun 2025
BIZ_128,Little Stir,Cafe,Banjara Hills,Central,17.439895,78.427783,3,3.8,False,2025-07-01,4.48,9951,190,0.844,0.518,6.0,4.11,4.3,662,78,0.1042,0.459,50.0,-0.07,-0.4118,1.1013,7.8469,1.5776,0.052313,69.7,2025,7,3,Jul 2025
BIZ_128,Little Stir,Cafe,Banjara Hills,Central,17.439895,78.427783,3,3.9,False,2025-08-01,4.6,10273,322,1.0,0.63,8.3,4.65,4.39,557,133,0.0252,0.435,82.56,0.12,0.6947,1.139,13.0189,1.8548,0.086792,70.0,2025,8,3,Aug 2025
BIZ_128,Little Stir,Cafe,Banjara Hills,Central,17.439895,78.427783,3,4.0,False,2025-09-01,4.53,10353,80,0.852,0.431,14.8,3.93,4.43,960,189,0.0215,0.489,20.0,-0.07,-0.7516,1.1252,2.7466,1.5951,0.018311,46.8,2025,9,3,Sep 2025
BIZ_128,Little Stir,Cafe,Banjara Hills,Central,17.439895,78.427783,3,4.0,False,2025-10-01,4.54,10573,220,0.867,0.5,5.8,4.4,4.32,884,158,0.0425,0.498,55.0,0.01,1.75,1.1276,7.5636,1.6229,0.050424,64.5,2025,10,4,Oct 2025
BIZ_128,Little Stir,Cafe,Banjara Hills,Central,17.439895,78.427783,3,4.1,False,2025-11-01,4.67,10818,245,0.844,0.576,7.4,4.22,4.25,976,141,0.0235,0.451,59.76,0.13,0.1136,1.1593,7.861,1.551,0.052406,60.1,2025,11,4,Nov 2025
BIZ_128,Little Stir,Cafe,Banjara Hills,Central,17.439895,78.427783,3,4.2,False,2025-12-01,4.51,10957,139,0.963,0.554,6.6,4.4,4.12,1021,220,0.0457,0.451,33.1,-0.16,-0.4327,1.115,4.2551,1.7783,0.028367,57.3,2025,12,4,Dec 2025
BIZ_128,Little Stir,Cafe,Banjara Hills,Central,17.439895,78.427783,3,4.3,False,2026-01-01,4.51,11178,221,1.0,0.399,3.5,3.76,3.99,765,151,0.0912,0.494,51.4,0.0,0.5899,1.1049,6.7695,1.8627,0.04513,75.2,2026,1,1,Jan 2026
BIZ_128,Little Stir,Cafe,Banjara Hills,Central,17.439895,78.427783,3,4.4,False,2026-02-01,4.68,11398,220,0.873,0.54,5.4,4.78,3.82,730,200,0.074,0.388,50.0,0.17,-0.0045,1.1422,6.7073,1.6341,0.044715,70.8,2026,2,1,Feb 2026
BIZ_128,Little Stir,Cafe,Banjara Hills,Central,17.439895,78.427783,3,4.5,False,2026-03-01,4.65,11636,238,0.977,0.78,2.9,4.26,4.57,1111,197,0.0593,0.439,52.89,-0.03,0.0818,1.1312,7.1788,1.7561,0.047858,66.3,2026,3,1,Mar 2026
BIZ_128,Little Stir,Cafe,Banjara Hills,Central,17.439895,78.427783,3,4.5,False,2026-04-01,4.79,11862,226,1.0,0.535,4.8,5.0,4.66,792,98,0.0491,0.457,50.22,0.14,-0.0504,1.1603,7.8929,1.8446,0.052619,78.3,2026,4,2,Apr 2026
BIZ_128,Little Stir,Cafe,Banjara Hills,Central,17.439895,78.427783,3,4.6,False,2026-05-01,4.69,12036,174,0.959,0.498,5.4,4.37,4.34,867,151,0.0308,0.414,37.83,-0.1,-0.2301,1.1399,6.2039,1.7574,0.04136,59.1,2026,5,2,May 2026
BIZ_128,Little Stir,Cafe,Banjara Hills,Central,17.439895,78.427783,3,4.7,False,2026-06-01,4.64,12179,143,0.902,0.682,1.9,4.67,4.32,590,82,0.03,0.489,30.43,-0.05,-0.1782,1.1301,5.4511,1.6472,0.036341,62.3,2026,6,2,Jun 2026
BIZ_129,Happy Bake,Cafe,Kompally,East,17.471728,78.557047,3,14.5,False,2025-01-01,4.11,589,7,0.614,0.473,2.8,3.62,3.73,325,57,0.0221,0.436,0.48,0.0,0.0,1.0101,0.201,1.1528,0.00134,38.2,2025,1,1,Jan 2025
BIZ_129,Happy Bake,Cafe,Kompally,East,17.471728,78.557047,3,14.6,False,2025-02-01,4.13,595,6,0.713,0.546,13.8,3.87,4.14,236,58,0.0347,0.426,0.41,0.02,-0.1429,1.0112,0.1813,1.3487,0.001209,37.2,2025,2,1,Feb 2025
BIZ_129,Happy Bake,Cafe,Kompally,East,17.471728,78.557047,3,14.7,False,2025-03-01,4.07,600,5,0.54,0.48,6.8,4.12,3.94,211,43,0.0647,0.423,0.34,-0.06,-0.1667,0.9919,0.152,1.0328,0.001013,39.8,2025,3,1,Mar 2025
BIZ_129,Happy Bake,Cafe,Kompally,East,17.471728,78.557047,3,14.8,False,2025-04-01,4.18,607,7,0.532,0.764,7.1,4.39,4.05,308,34,0.0412,0.52,0.47,0.11,0.4,1.0132,0.2129,1.0031,0.001419,40.2,2025,4,2,Apr 2025
BIZ_129,Happy Bake,Cafe,Kompally,East,17.471728,78.557047,3,14.8,False,2025-05-01,4.1,610,3,0.522,0.563,2.5,4.41,3.58,252,12,0.0365,0.508,0.2,-0.08,-0.5714,0.9952,0.1049,0.9919,0.000699,36.5,2025,5,2,May 2025
BIZ_129,Happy Bake,Cafe,Kompally,East,17.471728,78.557047,3,14.9,False,2025-06-01,4.3,615,5,0.533,0.484,9.6,3.48,4.08,108,44,0.123,0.521,0.34,0.2,0.6667,1.0517,0.1789,1.0037,0.001193,49.7,2025,6,2,Jun 2025
BIZ_129,Happy Bake,Cafe,Kompally,East,17.471728,78.557047,3,15.0,False,2025-07-01,3.98,619,4,0.656,0.759,9.5,4.19,3.77,268,46,0.0202,0.425,0.27,-0.32,-0.2,0.9784,0.1652,1.2262,0.001101,34.2,2025,7,3,Jul 2025
BIZ_129,Happy Bake,Cafe,Kompally,East,17.471728,78.557047,3,15.1,False,2025-08-01,4.2,624,5,0.702,0.578,2.7,4.13,3.57,200,46,0.0345,0.38,0.33,0.22,0.25,1.04,0.2022,1.302,0.001348,41.6,2025,8,3,Aug 2025
BIZ_129,Happy Bake,Cafe,Kompally,East,17.471728,78.557047,3,15.2,False,2025-09-01,4.11,628,4,0.63,0.353,10.3,4.51,4.25,246,30,0.0807,0.427,0.26,-0.09,-0.2,1.0209,0.1373,1.1795,0.000916,44.8,2025,9,3,Sep 2025
BIZ_129,Happy Bake,Cafe,Kompally,East,17.471728,78.557047,3,15.2,False,2025-10-01,4.08,632,4,0.48,0.676,5.3,3.85,3.49,212,80,0.0321,0.582,0.26,-0.03,0.0,1.0133,0.1375,0.8985,0.000917,34.4,2025,10,4,Oct 2025
BIZ_129,Happy Bake,Cafe,Kompally,East,17.471728,78.557047,3,15.3,False,2025-11-01,3.89,637,5,0.449,0.494,6.0,3.1,3.99,290,47,0.0525,0.519,0.33,-0.19,0.25,0.9657,0.1604,0.8251,0.00107,32.6,2025,11,4,Nov 2025
BIZ_129,Happy Bake,Cafe,Kompally,East,17.471728,78.557047,3,15.4,False,2025-12-01,3.96,644,7,0.567,0.535,6.0,3.94,3.53,308,85,0.044,0.517,0.45,0.07,0.4,0.979,0.2143,1.047,0.001429,37.1,2025,12,4,Dec 2025
BIZ_129,Happy Bake,Cafe,Kompally,East,17.471728,78.557047,3,15.5,False,2026-01-01,4.13,649,5,0.439,0.549,3.0,4.24,4.21,236,74,0.0417,0.482,0.32,0.17,-0.2857,1.0118,0.1532,0.8177,0.001021,37.1,2026,1,1,Jan 2026
BIZ_129,Happy Bake,Cafe,Kompally,East,17.471728,78.557047,3,15.6,False,2026-02-01,4.09,656,7,0.423,0.609,5.5,3.29,3.67,190,45,0.0412,0.502,0.45,-0.04,0.4,0.9982,0.2134,0.7918,0.001423,36.8,2026,2,1,Feb 2026
BIZ_129,Happy Bake,Cafe,Kompally,East,17.471728,78.557047,3,15.7,False,2026-03-01,4.13,661,5,0.475,0.527,5.6,3.99,3.7,305,46,0.057,0.45,0.32,0.04,-0.2857,1.0047,0.1508,0.8538,0.001005,40.5,2026,3,1,Mar 2026
BIZ_129,Happy Bake,Cafe,Kompally,East,17.471728,78.557047,3,15.8,False,2026-04-01,4.11,666,5,0.609,0.579,9.0,3.99,3.46,179,67,0.0495,0.462,0.32,-0.02,0.0,0.9956,0.1746,1.1234,0.001164,42.5,2026,4,2,Apr 2026
BIZ_129,Happy Bake,Cafe,Kompally,East,17.471728,78.557047,3,15.8,False,2026-05-01,4.1,670,4,0.5,0.449,6.4,3.66,3.77,229,17,0.0378,0.421,0.25,-0.01,-0.2,0.9965,0.1426,0.9162,0.000951,34.5,2026,5,2,May 2026
BIZ_129,Happy Bake,Cafe,Kompally,East,17.471728,78.557047,3,15.9,False,2026-06-01,4.15,674,4,0.45,0.621,3.1,4.42,4.07,203,45,0.0217,0.463,0.25,0.05,0.0,1.0108,0.1525,0.8218,0.001017,36.7,2026,6,2,Jun 2026
BIZ_130,Swirl Corner,Restaurant & Cafe,Narsingi,South,17.401112,78.4523,2,7.8,False,2025-01-01,4.62,2146,28,0.701,0.674,3.0,4.02,4.36,314,50,0.026,0.436,3.59,0.0,0.0,1.1355,0.8041,1.3161,0.005361,48.6,2025,1,1,Jan 2025
BIZ_130,Swirl Corner,Restaurant & Cafe,Narsingi,South,17.401112,78.4523,2,7.9,False,2025-02-01,4.42,2178,32,0.656,0.594,4.4,4.73,4.25,276,49,0.0285,0.514,4.05,-0.2,0.1429,1.0822,0.967,1.2408,0.006446,44.6,2025,2,1,Feb 2025
BIZ_130,Swirl Corner,Restaurant & Cafe,Narsingi,South,17.401112,78.4523,2,8.0,False,2025-03-01,4.48,2207,29,0.57,0.388,6.9,4.06,4.35,276,45,0.0423,0.496,3.62,0.06,-0.0938,1.0918,0.8816,1.0901,0.005878,44.0,2025,3,1,Mar 2025
BIZ_130,Swirl Corner,Restaurant & Cafe,Narsingi,South,17.401112,78.4523,2,8.1,False,2025-04-01,4.5,2241,34,0.69,0.496,10.3,4.3,4.21,252,38,0.0204,0.472,4.2,0.02,0.1724,1.0908,1.0339,1.301,0.006892,44.5,2025,4,2,Apr 2025
BIZ_130,Swirl Corner,Restaurant & Cafe,Narsingi,South,17.401112,78.4523,2,8.1,False,2025-05-01,4.73,2252,11,0.683,0.594,5.0,4.29,4.89,157,57,0.0414,0.359,1.36,0.23,-0.6765,1.1481,0.3845,1.2979,0.002564,47.9,2025,5,2,May 2025
BIZ_130,Swirl Corner,Restaurant & Cafe,Narsingi,South,17.401112,78.4523,2,8.2,False,2025-06-01,4.67,2265,13,0.841,0.595,7.4,4.79,4.7,223,62,0.0214,0.379,1.59,-0.06,0.1818,1.1422,0.4652,1.5838,0.003101,50.1,2025,6,2,Jun 2025
BIZ_130,Swirl Corner,Restaurant & Cafe,Narsingi,South,17.401112,78.4523,2,8.3,False,2025-07-01,4.63,2298,33,0.749,0.676,7.8,4.21,4.71,237,25,0.0305,0.452,3.98,-0.04,1.5385,1.1382,1.3629,1.4001,0.009086,48.8,2025,7,3,Jul 2025
BIZ_130,Swirl Corner,Restaurant & Cafe,Narsingi,South,17.401112,78.4523,2,8.4,False,2025-08-01,4.56,2319,21,0.598,0.365,7.1,4.23,4.54,270,46,0.026,0.422,2.5,-0.07,-0.3636,1.1291,0.8491,1.1091,0.00566,43.1,2025,8,3,Aug 2025
BIZ_130,Swirl Corner,Restaurant & Cafe,Narsingi,South,17.401112,78.4523,2,8.5,False,2025-09-01,4.49,2341,22,0.645,0.535,6.3,4.26,4.53,249,36,0.0293,0.533,2.59,-0.07,0.0476,1.1153,0.7553,1.2076,0.005035,43.7,2025,9,3,Sep 2025
BIZ_130,Swirl Corner,Restaurant & Cafe,Narsingi,South,17.401112,78.4523,2,8.6,False,2025-10-01,4.42,2369,28,0.562,0.638,3.3,4.26,3.94,190,57,0.0249,0.502,3.26,-0.07,0.2727,1.0978,0.9626,1.052,0.006418,41.8,2025,10,4,Oct 2025
BIZ_130,Swirl Corner,Restaurant & Cafe,Narsingi,South,17.401112,78.4523,2,8.6,False,2025-11-01,4.4,2381,12,0.741,0.606,5.8,4.17,4.27,348,79,0.0271,0.573,1.4,-0.02,-0.5714,1.0923,0.385,1.3617,0.002567,42.5,2025,11,4,Nov 2025
BIZ_130,Swirl Corner,Restaurant & Cafe,Narsingi,South,17.401112,78.4523,2,8.7,False,2025-12-01,4.62,2403,22,0.638,0.639,3.6,4.49,4.28,310,63,0.042,0.521,2.53,0.22,0.8333,1.1422,0.6735,1.1781,0.00449,49.4,2025,12,4,Dec 2025
BIZ_130,Swirl Corner,Restaurant & Cafe,Narsingi,South,17.401112,78.4523,2,8.8,False,2026-01-01,4.54,2434,31,0.799,0.57,5.5,4.52,4.66,194,63,0.0426,0.526,3.52,-0.08,0.4091,1.1123,0.9496,1.4883,0.00633,53.3,2026,1,1,Jan 2026
BIZ_130,Swirl Corner,Restaurant & Cafe,Narsingi,South,17.401112,78.4523,2,8.9,False,2026-02-01,4.7,2458,24,0.759,0.588,3.3,4.39,4.89,257,71,0.0516,0.487,2.7,0.16,-0.2258,1.1471,0.7317,1.4207,0.004878,53.7,2026,2,1,Feb 2026
BIZ_130,Swirl Corner,Restaurant & Cafe,Narsingi,South,17.401112,78.4523,2,9.0,False,2026-03-01,4.59,2481,23,0.883,0.59,5.6,4.81,3.95,260,46,0.0271,0.513,2.56,-0.11,-0.0417,1.1166,0.6937,1.5871,0.004625,52.0,2026,3,1,Mar 2026
BIZ_130,Swirl Corner,Restaurant & Cafe,Narsingi,South,17.401112,78.4523,2,9.1,False,2026-04-01,4.63,2508,27,0.705,0.65,4.1,3.84,4.68,141,28,0.026,0.432,2.97,0.04,0.1739,1.1216,0.943,1.3004,0.006286,48.7,2026,4,2,Apr 2026
BIZ_130,Swirl Corner,Restaurant & Cafe,Narsingi,South,17.401112,78.4523,2,9.1,False,2026-05-01,4.59,2536,28,0.605,0.69,2.9,4.02,4.56,306,35,0.0249,0.454,3.08,-0.04,0.037,1.1156,0.9983,1.1087,0.006656,42.8,2026,5,2,May 2026
BIZ_130,Swirl Corner,Restaurant & Cafe,Narsingi,South,17.401112,78.4523,2,9.2,False,2026-06-01,4.53,2558,22,0.819,0.593,1.5,4.0,4.55,205,38,0.0219,0.432,2.39,-0.06,-0.2143,1.1033,0.8386,1.4956,0.005591,46.0,2026,6,2,Jun 2026
BIZ_131,Royal Aroma Studio,Cafe,Tolichowki,South,17.405974,78.434658,3,3.7,False,2025-01-01,3.85,745,15,0.324,0.665,2.9,3.7,3.74,323,69,0.0277,0.473,4.05,0.0,0.0,0.9462,0.4308,0.6083,0.002872,31.3,2025,1,1,Jan 2025
BIZ_131,Royal Aroma Studio,Cafe,Tolichowki,South,17.405974,78.434658,3,3.8,False,2025-02-01,3.77,774,29,0.403,0.587,6.7,3.89,3.42,253,66,0.0452,0.477,7.63,-0.08,0.9333,0.9231,0.8763,0.7623,0.005842,31.6,2025,2,1,Feb 2025
BIZ_131,Royal Aroma Studio,Cafe,Tolichowki,South,17.405974,78.434658,3,3.9,False,2025-03-01,3.75,797,23,0.243,0.577,6.4,3.38,3.32,309,40,0.0233,0.443,5.9,-0.02,-0.2069,0.9139,0.6992,0.4647,0.004662,23.6,2025,3,1,Mar 2025
BIZ_131,Royal Aroma Studio,Cafe,Tolichowki,South,17.405974,78.434658,3,4.0,False,2025-04-01,3.73,816,19,0.273,0.49,3.5,3.28,3.16,257,37,0.0297,0.438,4.75,-0.02,-0.1739,0.9042,0.5777,0.5148,0.003852,23.2,2025,4,2,Apr 2025
BIZ_131,Royal Aroma Studio,Cafe,Tolichowki,South,17.405974,78.434658,3,4.0,False,2025-05-01,3.72,834,18,0.285,0.569,5.1,3.55,3.73,257,72,0.0755,0.39,4.5,-0.01,-0.0526,0.903,0.6292,0.5416,0.004195,32.6,2025,5,2,May 2025
BIZ_131,Royal Aroma Studio,Cafe,Tolichowki,South,17.405974,78.434658,3,4.1,False,2025-06-01,3.68,851,17,0.296,0.585,3.5,3.2,3.53,256,43,0.0341,0.328,4.15,-0.04,-0.0556,0.9,0.6083,0.5574,0.004055,24.2,2025,6,2,Jun 2025
BIZ_131,Royal Aroma Studio,Cafe,Tolichowki,South,17.405974,78.434658,3,4.2,False,2025-07-01,3.69,868,17,0.266,0.483,3.2,3.49,3.18,246,43,0.0306,0.483,4.05,0.01,0.0,0.9071,0.7021,0.4972,0.004681,23.5,2025,7,3,Jul 2025
BIZ_131,Royal Aroma Studio,Cafe,Tolichowki,South,17.405974,78.434658,3,4.3,False,2025-08-01,3.68,888,20,0.153,0.442,11.2,3.48,3.16,151,31,0.0926,0.493,4.65,-0.01,0.1765,0.9112,0.8086,0.2838,0.005391,33.9,2025,8,3,Aug 2025
BIZ_131,Royal Aroma Studio,Cafe,Tolichowki,South,17.405974,78.434658,3,4.4,False,2025-09-01,3.65,906,18,0.294,0.487,1.7,3.85,3.55,168,45,0.0541,0.5,4.09,-0.03,-0.1,0.9066,0.618,0.5504,0.00412,29.2,2025,9,3,Sep 2025
BIZ_131,Royal Aroma Studio,Cafe,Tolichowki,South,17.405974,78.434658,3,4.5,False,2025-10-01,3.66,920,14,0.447,0.507,6.5,3.51,3.42,272,37,0.0271,0.533,3.11,0.01,-0.2222,0.909,0.4813,0.8367,0.003209,27.0,2025,10,4,Oct 2025
BIZ_131,Royal Aroma Studio,Cafe,Tolichowki,South,17.405974,78.434658,3,4.5,False,2025-11-01,3.74,939,19,0.248,0.489,3.6,4.12,3.28,226,50,0.0789,0.345,4.22,0.08,0.3571,0.9284,0.6096,0.4557,0.004064,36.1,2025,11,4,Nov 2025
BIZ_131,Royal Aroma Studio,Cafe,Tolichowki,South,17.405974,78.434658,3,4.6,False,2025-12-01,3.59,950,11,0.233,0.475,4.7,3.94,3.09,277,61,0.0419,0.455,2.39,-0.15,-0.4211,0.8875,0.3367,0.4303,0.002245,26.3,2025,12,4,Dec 2025
BIZ_131,Royal Aroma Studio,Cafe,Tolichowki,South,17.405974,78.434658,3,4.7,False,2026-01-01,3.65,966,16,0.182,0.775,3.4,3.18,3.49,325,45,0.0612,0.51,3.4,0.06,0.4545,0.8942,0.4901,0.339,0.003267,28.8,2026,1,1,Jan 2026
BIZ_131,Royal Aroma Studio,Cafe,Tolichowki,South,17.405974,78.434658,3,4.8,False,2026-02-01,3.86,983,17,0.24,0.511,2.5,3.58,4.09,274,40,0.0235,0.401,3.54,0.21,0.0625,0.942,0.5183,0.4492,0.003455,28.8,2026,2,1,Feb 2026
BIZ_131,Royal Aroma Studio,Cafe,Tolichowki,South,17.405974,78.434658,3,4.9,False,2026-03-01,3.77,1010,27,0.245,0.454,6.4,4.02,3.7,261,22,0.0728,0.442,5.51,-0.09,0.5882,0.9171,0.8144,0.4404,0.005429,38.3,2026,3,1,Mar 2026
BIZ_131,Royal Aroma Studio,Cafe,Tolichowki,South,17.405974,78.434658,3,5.0,False,2026-04-01,3.74,1028,18,0.197,0.605,5.9,3.46,3.42,292,47,0.027,0.415,3.6,-0.03,-0.3333,0.906,0.6286,0.3634,0.004191,25.7,2026,4,2,Apr 2026
BIZ_131,Royal Aroma Studio,Cafe,Tolichowki,South,17.405974,78.434658,3,5.0,False,2026-05-01,3.68,1048,20,0.287,0.593,4.5,3.72,3.21,186,60,0.0205,0.412,4.0,-0.06,0.1111,0.8944,0.7131,0.5259,0.004754,24.7,2026,5,2,May 2026
BIZ_131,Royal Aroma Studio,Cafe,Tolichowki,South,17.405974,78.434658,3,5.1,False,2026-06-01,3.7,1066,18,0.339,0.51,5.5,3.58,3.84,270,53,0.0305,0.452,3.53,0.02,-0.1,0.9012,0.6861,0.6191,0.004574,28.9,2026,6,2,Jun 2026
BIZ_132,Silver Crumb,Cafe,Narsingi,South,17.388486,78.438068,3,3.9,False,2025-01-01,3.99,84,6,0.409,0.332,15.4,4.69,3.68,256,37,0.0269,0.452,1.54,0.0,0.0,0.9806,0.1723,0.7679,0.001149,37.7,2025,1,1,Jan 2025
BIZ_132,Silver Crumb,Cafe,Narsingi,South,17.388486,78.438068,3,4.0,False,2025-02-01,3.85,89,5,0.379,0.37,4.7,3.33,3.77,342,51,0.0258,0.43,1.25,-0.14,-0.1667,0.9427,0.1511,0.7169,0.001007,24.2,2025,2,1,Feb 2025
BIZ_132,Silver Crumb,Cafe,Narsingi,South,17.388486,78.438068,3,4.1,False,2025-03-01,4.0,92,3,0.346,0.395,2.8,3.5,4.0,268,47,0.0319,0.371,0.73,0.15,-0.4,0.9749,0.0912,0.6617,0.000608,28.1,2025,3,1,Mar 2025
BIZ_132,Silver Crumb,Cafe,Narsingi,South,17.388486,78.438068,3,4.2,False,2025-04-01,4.08,96,4,0.488,0.515,4.7,3.44,3.86,300,51,0.0262,0.508,0.95,0.08,0.3333,0.989,0.1216,0.9202,0.000811,31.9,2025,4,2,Apr 2025
BIZ_132,Silver Crumb,Cafe,Narsingi,South,17.388486,78.438068,3,4.2,False,2025-05-01,4.09,101,5,0.388,0.484,4.2,4.2,4.01,282,36,0.0426,0.493,1.19,0.01,0.25,0.9928,0.1748,0.7373,0.001165,35.7,2025,5,2,May 2025
BIZ_132,Silver Crumb,Cafe,Narsingi,South,17.388486,78.438068,3,4.3,False,2025-06-01,4.02,108,7,0.506,0.214,7.7,3.68,4.02,194,59,0.0241,0.423,1.63,-0.07,0.4,0.9832,0.2505,0.9529,0.00167,32.3,2025,6,2,Jun 2025
BIZ_132,Silver Crumb,Cafe,Narsingi,South,17.388486,78.438068,3,4.4,False,2025-07-01,4.04,111,3,0.489,0.483,6.1,4.28,4.12,146,41,0.0221,0.433,0.68,0.02,-0.5714,0.9932,0.1239,0.9141,0.000826,32.3,2025,7,3,Jul 2025
BIZ_132,Silver Crumb,Cafe,Narsingi,South,17.388486,78.438068,3,4.5,False,2025-08-01,3.84,116,5,0.588,0.322,5.3,3.78,3.78,217,43,0.0675,0.442,1.11,-0.2,0.6667,0.9508,0.2022,1.0906,0.001348,40.0,2025,8,3,Aug 2025
BIZ_132,Silver Crumb,Cafe,Narsingi,South,17.388486,78.438068,3,4.6,False,2025-09-01,3.92,116,0,0.399,0.409,8.1,3.76,3.99,171,73,0.0341,0.409,0.0,0.08,-1.0,0.9737,0.0,0.747,0.0,29.9,2025,9,3,Sep 2025
BIZ_132,Silver Crumb,Cafe,Narsingi,South,17.388486,78.438068,3,4.7,False,2025-10-01,4.04,121,5,0.442,0.362,7.5,2.96,3.55,338,71,0.0474,0.444,1.06,0.12,0.0,1.0034,0.1719,0.8274,0.001146,32.6,2025,10,4,Oct 2025
BIZ_132,Silver Crumb,Cafe,Narsingi,South,17.388486,78.438068,3,4.7,False,2025-11-01,4.06,125,4,0.501,0.466,5.5,4.02,4.0,190,45,0.0225,0.488,0.85,0.02,-0.2,1.0079,0.1283,0.9207,0.000856,33.4,2025,11,4,Nov 2025
BIZ_132,Silver Crumb,Cafe,Narsingi,South,17.388486,78.438068,3,4.8,False,2025-12-01,3.89,129,4,0.471,0.525,4.7,3.59,3.52,228,65,0.0637,0.402,0.83,-0.17,0.0,0.9617,0.1224,0.8698,0.000816,35.4,2025,12,4,Dec 2025
BIZ_132,Silver Crumb,Cafe,Narsingi,South,17.388486,78.438068,3,4.9,False,2026-01-01,3.93,133,4,0.471,0.499,4.7,3.86,3.93,211,53,0.0455,0.45,0.82,0.04,0.0,0.9628,0.1225,0.8773,0.000817,35.1,2026,1,1,Jan 2026
BIZ_132,Silver Crumb,Cafe,Narsingi,South,17.388486,78.438068,3,5.0,False,2026-02-01,4.05,138,5,0.51,0.437,2.8,4.27,3.73,276,54,0.0269,0.393,1.0,0.12,0.25,0.9884,0.1524,0.9546,0.001016,38.8,2026,2,1,Feb 2026
BIZ_132,Silver Crumb,Cafe,Narsingi,South,17.388486,78.438068,3,5.1,False,2026-03-01,4.09,142,4,0.618,0.408,2.6,4.08,3.42,196,43,0.067,0.506,0.78,0.04,-0.2,0.995,0.1207,1.1108,0.000804,44.4,2026,3,1,Mar 2026
BIZ_132,Silver Crumb,Cafe,Narsingi,South,17.388486,78.438068,3,5.2,False,2026-04-01,3.99,145,3,0.398,0.409,3.3,3.8,4.04,318,49,0.023,0.434,0.58,-0.1,-0.25,0.9665,0.1048,0.7341,0.000698,31.7,2026,4,2,Apr 2026
BIZ_132,Silver Crumb,Cafe,Narsingi,South,17.388486,78.438068,3,5.2,False,2026-05-01,4.24,151,6,0.727,0.567,8.2,3.73,3.98,276,51,0.0216,0.402,1.15,0.25,1.0,1.0305,0.2139,1.3322,0.001426,39.1,2026,5,2,May 2026
BIZ_132,Silver Crumb,Cafe,Narsingi,South,17.388486,78.438068,3,5.3,False,2026-06-01,4.07,156,5,0.696,0.342,7.4,4.01,3.94,267,53,0.0266,0.487,0.94,-0.17,-0.1667,0.9913,0.1906,1.271,0.001271,38.5,2026,6,2,Jun 2026
BIZ_133,Filter Hub,Bakery & Cafe,Madhapur,West,17.462925,78.374844,2,4.0,False,2025-01-01,4.26,438,11,0.485,0.515,5.3,3.79,4.37,307,53,0.0424,0.388,2.75,0.0,0.0,1.047,0.3159,0.9106,0.002106,40.7,2025,1,1,Jan 2025
BIZ_133,Filter Hub,Bakery & Cafe,Madhapur,West,17.462925,78.374844,2,4.1,False,2025-02-01,4.27,450,12,0.428,0.514,3.1,3.87,3.64,271,51,0.0413,0.444,2.93,0.01,0.0909,1.0455,0.3626,0.8096,0.002417,35.2,2025,2,1,Feb 2025
BIZ_133,Filter Hub,Bakery & Cafe,Madhapur,West,17.462925,78.374844,2,4.2,False,2025-03-01,4.23,461,11,0.442,0.596,5.4,4.17,4.33,275,56,0.0281,0.48,2.62,-0.04,-0.0833,1.0309,0.3344,0.8453,0.002229,36.4,2025,3,1,Mar 2025
BIZ_133,Filter Hub,Bakery & Cafe,Madhapur,West,17.462925,78.374844,2,4.2,False,2025-04-01,4.18,467,6,0.697,0.377,21.6,3.81,4.58,234,61,0.0401,0.406,1.43,-0.05,-0.4545,1.0132,0.1824,1.3142,0.001216,38.3,2025,4,2,Apr 2025
BIZ_133,Filter Hub,Bakery & Cafe,Madhapur,West,17.462925,78.374844,2,4.3,False,2025-05-01,4.33,476,9,0.552,0.476,4.8,3.86,4.32,153,63,0.0404,0.375,2.09,0.15,0.5,1.051,0.3146,1.0489,0.002097,40.6,2025,5,2,May 2025
BIZ_133,Filter Hub,Bakery & Cafe,Madhapur,West,17.462925,78.374844,2,4.4,False,2025-06-01,4.39,484,8,0.571,0.629,7.3,3.96,4.27,161,21,0.0404,0.482,1.82,0.06,-0.1111,1.0737,0.2863,1.0753,0.001908,40.8,2025,6,2,Jun 2025
BIZ_133,Filter Hub,Bakery & Cafe,Madhapur,West,17.462925,78.374844,2,4.5,False,2025-07-01,4.3,494,10,0.621,0.503,13.5,3.73,4.06,223,43,0.0374,0.484,2.22,-0.09,0.25,1.0571,0.413,1.1608,0.002753,38.7,2025,7,3,Jul 2025
BIZ_133,Filter Hub,Bakery & Cafe,Madhapur,West,17.462925,78.374844,2,4.6,False,2025-08-01,4.26,503,9,0.579,0.374,9.0,4.14,3.9,286,51,0.0225,0.447,1.96,-0.04,-0.1,1.0548,0.3639,1.0739,0.002426,38.1,2025,8,3,Aug 2025
BIZ_133,Filter Hub,Bakery & Cafe,Madhapur,West,17.462925,78.374844,2,4.7,False,2025-09-01,4.14,508,5,0.512,0.486,5.4,4.41,4.37,246,74,0.0811,0.509,1.06,-0.12,-0.4444,1.0283,0.1717,0.9586,0.001144,42.7,2025,9,3,Sep 2025
BIZ_133,Filter Hub,Bakery & Cafe,Madhapur,West,17.462925,78.374844,2,4.8,False,2025-10-01,4.19,514,6,0.656,0.552,3.8,3.86,4.0,351,50,0.0721,0.547,1.25,0.05,0.2,1.0407,0.2063,1.228,0.001375,46.1,2025,10,4,Oct 2025
BIZ_133,Filter Hub,Bakery & Cafe,Madhapur,West,17.462925,78.374844,2,4.8,False,2025-11-01,4.29,526,12,0.469,0.632,4.3,3.88,3.7,334,49,0.0815,0.447,2.5,0.1,1.0,1.065,0.385,0.8618,0.002567,46.3,2025,11,4,Nov 2025
BIZ_133,Filter Hub,Bakery & Cafe,Madhapur,West,17.462925,78.374844,2,4.9,False,2025-12-01,4.07,537,11,0.582,0.421,6.4,4.12,3.55,218,51,0.0208,0.474,2.24,-0.22,-0.0833,1.0062,0.3367,1.0747,0.002245,35.7,2025,12,4,Dec 2025
BIZ_133,Filter Hub,Bakery & Cafe,Madhapur,West,17.462925,78.374844,2,5.0,False,2026-01-01,4.31,545,8,0.609,0.462,6.6,4.14,4.59,319,48,0.0263,0.49,1.6,0.24,-0.2727,1.0559,0.245,1.1344,0.001634,38.8,2026,1,1,Jan 2026
BIZ_133,Filter Hub,Bakery & Cafe,Madhapur,West,17.462925,78.374844,2,5.1,False,2026-02-01,4.22,554,9,0.526,0.643,5.1,4.24,4.32,299,76,0.0408,0.456,1.76,-0.09,0.125,1.0299,0.2744,0.9846,0.001829,42.6,2026,2,1,Feb 2026
BIZ_133,Filter Hub,Bakery & Cafe,Madhapur,West,17.462925,78.374844,2,5.2,False,2026-03-01,4.28,561,7,0.514,0.36,3.9,4.28,4.66,271,43,0.02,0.464,1.35,0.06,-0.2222,1.0412,0.2111,0.9239,0.001408,38.2,2026,3,1,Mar 2026
BIZ_133,Filter Hub,Bakery & Cafe,Madhapur,West,17.462925,78.374844,2,5.2,False,2026-04-01,4.44,563,2,0.533,0.412,2.5,3.88,4.44,213,63,0.0221,0.428,0.38,0.16,-0.7143,1.0755,0.0698,0.9832,0.000466,37.9,2026,4,2,Apr 2026
BIZ_133,Filter Hub,Bakery & Cafe,Madhapur,West,17.462925,78.374844,2,5.3,False,2026-05-01,4.21,568,5,0.459,0.566,6.4,3.93,4.16,289,53,0.0863,0.5,0.94,-0.23,1.5,1.0232,0.1783,0.8411,0.001188,46.1,2026,5,2,May 2026
BIZ_133,Filter Hub,Bakery & Cafe,Madhapur,West,17.462925,78.374844,2,5.4,False,2026-06-01,4.34,576,8,0.533,0.479,5.4,3.77,4.33,262,56,0.0569,0.451,1.48,0.13,0.6,1.057,0.305,0.9733,0.002033,45.5,2026,6,2,Jun 2026
BIZ_134,Pour Kitchen,Cafe,Hitech City,West,17.451511,78.38917,2,7.8,False,2025-01-01,3.75,479,6,0.014,0.673,3.9,3.34,3.83,382,55,0.0218,0.395,0.77,0.0,0.0,0.9216,0.1723,0.0263,0.001149,22.1,2025,1,1,Jan 2025
BIZ_134,Pour Kitchen,Cafe,Hitech City,West,17.451511,78.38917,2,7.9,False,2025-02-01,3.62,485,6,0.102,0.356,16.8,3.36,4.3,315,53,0.0281,0.547,0.76,-0.13,0.0,0.8864,0.1813,0.1929,0.001209,16.9,2025,2,1,Feb 2025
BIZ_134,Pour Kitchen,Cafe,Hitech City,West,17.451511,78.38917,2,8.0,False,2025-03-01,3.69,487,2,0.303,0.605,4.3,3.94,3.05,241,56,0.0504,0.534,0.25,0.07,-0.6667,0.8993,0.0608,0.5795,0.000405,26.5,2025,3,1,Mar 2025
BIZ_134,Pour Kitchen,Cafe,Hitech City,West,17.451511,78.38917,2,8.1,False,2025-04-01,3.61,492,5,0.127,0.661,3.7,3.66,3.3,235,40,0.0206,0.354,0.62,-0.08,1.5,0.8751,0.152,0.2395,0.001014,23.0,2025,4,2,Apr 2025
BIZ_134,Pour Kitchen,Cafe,Hitech City,West,17.451511,78.38917,2,8.1,False,2025-05-01,3.68,496,4,-0.008,0.443,5.4,3.2,3.86,217,60,0.0662,0.565,0.49,0.07,-0.2,0.8932,0.1398,-0.0152,0.000932,22.2,2025,5,2,May 2025
BIZ_134,Pour Kitchen,Cafe,Hitech City,West,17.451511,78.38917,2,8.2,False,2025-06-01,3.73,499,3,0.138,0.852,2.0,3.51,3.74,217,17,0.0684,0.424,0.37,0.05,-0.25,0.9123,0.1073,0.2599,0.000716,27.3,2025,6,2,Jun 2025
BIZ_134,Pour Kitchen,Cafe,Hitech City,West,17.451511,78.38917,2,8.3,False,2025-07-01,3.55,501,2,0.221,0.631,4.7,3.32,3.33,138,29,0.123,0.392,0.24,-0.18,-0.3333,0.8727,0.0826,0.4131,0.000551,32.4,2025,7,3,Jul 2025
BIZ_134,Pour Kitchen,Cafe,Hitech City,West,17.451511,78.38917,2,8.4,False,2025-08-01,3.65,505,4,0.204,0.501,7.8,3.23,3.45,126,48,0.0232,0.468,0.48,0.1,1.0,0.9038,0.1617,0.3784,0.001078,22.4,2025,8,3,Aug 2025
BIZ_134,Pour Kitchen,Cafe,Hitech City,West,17.451511,78.38917,2,8.5,False,2025-09-01,3.54,509,4,0.138,0.642,4.8,3.03,3.59,189,15,0.0748,0.469,0.47,-0.11,0.0,0.8793,0.1373,0.2584,0.000916,24.5,2025,9,3,Sep 2025
BIZ_134,Pour Kitchen,Cafe,Hitech City,West,17.451511,78.38917,2,8.6,False,2025-10-01,3.54,512,3,0.187,0.452,8.5,3.73,3.45,307,55,0.0259,0.389,0.35,0.0,-0.25,0.8792,0.1031,0.35,0.000688,20.9,2025,10,4,Oct 2025
BIZ_134,Pour Kitchen,Cafe,Hitech City,West,17.451511,78.38917,2,8.6,False,2025-11-01,3.57,514,2,0.223,0.43,7.0,3.8,3.28,356,85,0.0343,0.358,0.23,0.03,-0.3333,0.8862,0.0642,0.4098,0.000428,23.7,2025,11,4,Nov 2025
BIZ_134,Pour Kitchen,Cafe,Hitech City,West,17.451511,78.38917,2,8.7,False,2025-12-01,3.44,518,4,0.111,0.436,4.3,3.43,3.13,225,50,0.0637,0.398,0.46,-0.13,1.0,0.8504,0.1224,0.205,0.000816,25.5,2025,12,4,Dec 2025
BIZ_134,Pour Kitchen,Cafe,Hitech City,West,17.451511,78.38917,2,8.8,False,2026-01-01,3.56,523,5,0.057,0.581,4.4,3.54,3.95,232,62,0.0236,0.338,0.57,0.12,0.25,0.8722,0.1532,0.1062,0.001021,17.9,2026,1,1,Jan 2026
BIZ_134,Pour Kitchen,Cafe,Hitech City,West,17.451511,78.38917,2,8.9,False,2026-02-01,3.67,529,6,0.163,0.257,8.1,3.21,4.04,313,60,0.1268,0.454,0.67,0.11,0.2,0.8957,0.1829,0.3051,0.00122,38.4,2026,2,1,Feb 2026
BIZ_134,Pour Kitchen,Cafe,Hitech City,West,17.451511,78.38917,2,9.0,False,2026-03-01,3.58,534,5,0.002,0.564,3.5,4.05,3.44,320,76,0.027,0.436,0.56,-0.09,-0.1667,0.8709,0.1508,0.0036,0.001005,22.0,2026,3,1,Mar 2026
BIZ_134,Pour Kitchen,Cafe,Hitech City,West,17.451511,78.38917,2,9.1,False,2026-04-01,3.73,539,5,0.1,0.562,2.1,3.3,3.82,306,41,0.0254,0.543,0.55,0.15,0.0,0.9035,0.1746,0.1845,0.001164,23.2,2026,4,2,Apr 2026
BIZ_134,Pour Kitchen,Cafe,Hitech City,West,17.451511,78.38917,2,9.1,False,2026-05-01,3.61,545,6,0.173,0.51,4.7,3.72,3.84,210,57,0.0425,0.4,0.66,-0.12,0.2,0.8774,0.2139,0.317,0.001426,25.0,2026,5,2,May 2026
BIZ_134,Pour Kitchen,Cafe,Hitech City,West,17.451511,78.38917,2,9.2,False,2026-06-01,3.74,550,5,0.164,0.423,9.0,3.12,3.25,253,65,0.0218,0.414,0.54,0.13,-0.1667,0.9109,0.1906,0.2995,0.001271,22.1,2026,6,2,Jun 2026
BIZ_135,Jade Whisk,Bakery & Cafe,Kondapur,West,17.433998,78.369822,3,4.5,False,2025-01-01,3.94,39,4,0.209,0.462,7.9,4.34,3.63,329,69,0.0597,0.443,0.89,0.0,0.0,0.9683,0.1149,0.3924,0.000766,35.9,2025,1,1,Jan 2025
BIZ_135,Jade Whisk,Bakery & Cafe,Kondapur,West,17.433998,78.369822,3,4.6,False,2025-02-01,4.02,42,3,0.094,0.639,6.5,3.78,4.09,245,45,0.0451,0.428,0.65,0.08,-0.25,0.9843,0.0907,0.1778,0.000604,24.8,2025,2,1,Feb 2025
BIZ_135,Jade Whisk,Bakery & Cafe,Kondapur,West,17.433998,78.369822,3,4.7,False,2025-03-01,3.89,46,4,0.245,0.337,13.2,3.28,3.65,231,69,0.0423,0.426,0.85,-0.13,0.3333,0.9481,0.1216,0.4686,0.000811,28.0,2025,3,1,Mar 2025
BIZ_135,Jade Whisk,Bakery & Cafe,Kondapur,West,17.433998,78.369822,3,4.8,False,2025-04-01,3.87,53,7,0.101,0.477,6.3,3.44,3.73,210,72,0.0564,0.441,1.46,-0.02,0.75,0.9381,0.2129,0.1904,0.001419,27.3,2025,4,2,Apr 2025
BIZ_135,Jade Whisk,Bakery & Cafe,Kondapur,West,17.433998,78.369822,3,4.8,False,2025-05-01,4.05,61,8,0.214,0.401,5.9,3.62,4.02,241,29,0.0423,0.542,1.67,0.18,0.1429,0.9831,0.2797,0.4067,0.001864,29.2,2025,5,2,May 2025
BIZ_135,Jade Whisk,Bakery & Cafe,Kondapur,West,17.433998,78.369822,3,4.9,False,2025-06-01,4.05,65,4,0.219,0.543,5.2,3.82,3.79,114,62,0.0528,0.386,0.82,0.0,-0.5,0.9905,0.1431,0.4124,0.000954,31.3,2025,6,2,Jun 2025
BIZ_135,Jade Whisk,Bakery & Cafe,Kondapur,West,17.433998,78.369822,3,5.0,False,2025-07-01,3.95,70,5,0.35,0.471,6.1,3.73,3.33,242,40,0.0678,0.39,1.0,-0.1,0.25,0.971,0.2065,0.6542,0.001377,33.9,2025,7,3,Jul 2025
BIZ_135,Jade Whisk,Bakery & Cafe,Kondapur,West,17.433998,78.369822,3,5.1,False,2025-08-01,3.93,73,3,0.219,0.606,6.1,4.02,3.55,215,66,0.022,0.459,0.59,-0.02,-0.4,0.9731,0.1213,0.4062,0.000809,26.9,2025,8,3,Aug 2025
BIZ_135,Jade Whisk,Bakery & Cafe,Kondapur,West,17.433998,78.369822,3,5.2,False,2025-09-01,3.97,78,5,0.202,0.695,2.3,3.28,3.03,266,67,0.0217,0.438,0.96,0.04,0.6667,0.9861,0.1717,0.3782,0.001144,26.0,2025,9,3,Sep 2025
BIZ_135,Jade Whisk,Bakery & Cafe,Kondapur,West,17.433998,78.369822,3,5.2,False,2025-10-01,3.88,80,2,0.278,0.411,8.7,3.98,3.87,267,37,0.0851,0.521,0.38,-0.09,-0.6,0.9637,0.0688,0.5204,0.000458,36.4,2025,10,4,Oct 2025
BIZ_135,Jade Whisk,Bakery & Cafe,Kondapur,West,17.433998,78.369822,3,5.3,False,2025-11-01,4.06,88,8,0.31,0.533,10.9,3.67,3.76,269,53,0.0226,0.369,1.51,0.18,3.0,1.0079,0.2567,0.5697,0.001711,33.8,2025,11,4,Nov 2025
BIZ_135,Jade Whisk,Bakery & Cafe,Kondapur,West,17.433998,78.369822,3,5.4,False,2025-12-01,3.86,93,5,0.418,0.463,5.0,4.19,3.59,276,54,0.0391,0.441,0.93,-0.2,-0.375,0.9543,0.1531,0.7719,0.00102,32.7,2025,12,4,Dec 2025
BIZ_135,Jade Whisk,Bakery & Cafe,Kondapur,West,17.433998,78.369822,3,5.5,False,2026-01-01,3.85,98,5,0.278,0.732,5.4,3.36,3.41,319,70,0.0373,0.409,0.91,-0.01,0.0,0.9432,0.1532,0.5178,0.001021,26.9,2026,1,1,Jan 2026
BIZ_135,Jade Whisk,Bakery & Cafe,Kondapur,West,17.433998,78.369822,3,5.6,False,2026-02-01,4.02,104,6,0.381,0.599,5.4,3.98,3.59,290,49,0.0295,0.454,1.07,0.17,0.2,0.9811,0.1829,0.7132,0.00122,35.4,2026,2,1,Feb 2026
BIZ_135,Jade Whisk,Bakery & Cafe,Kondapur,West,17.433998,78.369822,3,5.7,False,2026-03-01,4.02,108,4,0.441,0.621,3.1,3.97,4.01,206,63,0.0583,0.453,0.7,0.0,-0.3333,0.978,0.1207,0.7927,0.000804,38.6,2026,3,1,Mar 2026
BIZ_135,Jade Whisk,Bakery & Cafe,Kondapur,West,17.433998,78.369822,3,5.8,False,2026-04-01,4.17,117,9,0.384,0.576,7.4,3.97,4.26,300,55,0.0253,0.551,1.55,0.15,1.25,1.0101,0.3143,0.7083,0.002095,40.3,2026,4,2,Apr 2026
BIZ_135,Jade Whisk,Bakery & Cafe,Kondapur,West,17.433998,78.369822,3,5.8,False,2026-05-01,3.95,120,3,0.294,0.403,4.1,4.03,3.73,166,56,0.0599,0.385,0.52,-0.22,-0.6667,0.96,0.107,0.5388,0.000713,34.0,2026,5,2,May 2026
BIZ_135,Jade Whisk,Bakery & Cafe,Kondapur,West,17.433998,78.369822,3,5.9,False,2026-06-01,4.06,126,6,0.311,0.573,11.4,3.96,3.76,269,32,0.0409,0.405,1.02,0.11,1.0,0.9888,0.2287,0.5679,0.001525,37.1,2026,6,2,Jun 2026
BIZ_136,Spice Lounge,Tea House,Gachibowli,West,17.41398,78.37287,3,1.0,False,2025-01-01,2.92,775,91,0.076,0.557,6.2,2.69,2.77,249,59,0.0226,0.391,91.0,0.0,0.0,0.7176,2.6134,0.1427,0.017423,15.9,2025,1,1,Jan 2025
BIZ_136,Spice Lounge,Tea House,Gachibowli,West,17.41398,78.37287,3,1.1,False,2025-02-01,3.21,831,56,0.055,0.511,1.5,3.2,3.32,280,74,0.0916,0.379,50.91,0.29,-0.3846,0.786,1.6922,0.104,0.011281,20.1,2025,2,1,Feb 2025
BIZ_136,Spice Lounge,Tea House,Gachibowli,West,17.41398,78.37287,3,1.2,False,2025-03-01,3.15,903,72,-0.082,0.604,10.5,3.06,3.34,244,40,0.0363,0.398,60.0,-0.06,0.2857,0.7677,2.1889,-0.1568,0.014593,15.3,2025,3,1,Mar 2025
BIZ_136,Spice Lounge,Tea House,Gachibowli,West,17.41398,78.37287,3,1.2,False,2025-04-01,3.03,948,45,-0.03,0.39,8.4,3.0,3.1,193,27,0.0234,0.402,37.5,-0.12,-0.375,0.7345,1.3683,-0.0566,0.009122,8.1,2025,4,2,Apr 2025
BIZ_136,Spice Lounge,Tea House,Gachibowli,West,17.41398,78.37287,3,1.3,False,2025-05-01,3.15,1017,69,-0.06,0.626,9.7,2.8,2.85,268,71,0.0278,0.358,53.08,0.12,0.5333,0.7646,2.412,-0.114,0.01608,10.4,2025,5,2,May 2025
BIZ_136,Spice Lounge,Tea House,Gachibowli,West,17.41398,78.37287,3,1.4,False,2025-06-01,3.01,1088,71,0.069,0.335,7.5,2.93,2.44,257,45,0.0691,0.457,50.71,-0.14,0.029,0.7362,2.5406,0.1299,0.016937,19.9,2025,6,2,Jun 2025
BIZ_136,Spice Lounge,Tea House,Gachibowli,West,17.41398,78.37287,3,1.5,False,2025-07-01,3.02,1118,30,-0.026,0.463,6.4,3.09,3.07,258,43,0.0664,0.376,20.0,0.01,-0.5775,0.7424,1.239,-0.0486,0.00826,14.5,2025,7,3,Jul 2025
BIZ_136,Spice Lounge,Tea House,Gachibowli,West,17.41398,78.37287,3,1.6,False,2025-08-01,2.87,1173,55,-0.115,0.583,5.1,2.87,2.42,224,33,0.024,0.398,34.38,-0.15,0.8333,0.7107,2.2237,-0.2133,0.014825,9.4,2025,8,3,Aug 2025
BIZ_136,Spice Lounge,Tea House,Gachibowli,West,17.41398,78.37287,3,1.7,False,2025-09-01,2.94,1240,67,-0.134,0.645,3.2,3.15,2.34,246,55,0.0512,0.43,39.41,0.07,0.2182,0.7303,2.3003,-0.2509,0.015335,13.2,2025,9,3,Sep 2025
BIZ_136,Spice Lounge,Tea House,Gachibowli,West,17.41398,78.37287,3,1.8,False,2025-10-01,2.85,1346,106,0.003,0.557,3.0,2.93,2.52,251,24,0.0204,0.41,58.89,-0.09,0.5821,0.7079,3.6443,0.0056,0.024295,12.4,2025,10,4,Oct 2025
BIZ_136,Spice Lounge,Tea House,Gachibowli,West,17.41398,78.37287,3,1.8,False,2025-11-01,2.89,1417,71,-0.159,0.554,6.5,2.65,2.42,269,38,0.0711,0.461,39.44,0.04,-0.3302,0.7174,2.2781,-0.2922,0.015187,14.5,2025,11,4,Nov 2025
BIZ_136,Spice Lounge,Tea House,Gachibowli,West,17.41398,78.37287,3,1.9,False,2025-12-01,2.95,1464,47,-0.085,0.516,5.4,2.93,2.95,251,79,0.0249,0.402,24.74,0.06,-0.338,0.7293,1.4388,-0.157,0.009592,9.6,2025,12,4,Dec 2025
BIZ_136,Spice Lounge,Tea House,Gachibowli,West,17.41398,78.37287,3,2.0,False,2026-01-01,3.05,1532,68,-0.087,0.608,4.1,2.74,2.98,407,57,0.0499,0.353,34.0,0.1,0.4468,0.7472,2.0829,-0.1621,0.013886,15.5,2026,1,1,Jan 2026
BIZ_136,Spice Lounge,Tea House,Gachibowli,West,17.41398,78.37287,3,2.1,False,2026-02-01,3.07,1605,73,-0.132,0.584,4.7,2.8,2.81,161,48,0.0333,0.409,34.76,0.02,0.0735,0.7492,2.2256,-0.2471,0.014837,14.7,2026,2,1,Feb 2026
BIZ_136,Spice Lounge,Tea House,Gachibowli,West,17.41398,78.37287,3,2.2,False,2026-03-01,3.07,1651,46,-0.133,0.371,2.3,2.41,3.03,253,56,0.0364,0.339,20.91,0.0,-0.3699,0.7468,1.3875,-0.2391,0.00925,10.1,2026,3,1,Mar 2026
BIZ_136,Spice Lounge,Tea House,Gachibowli,West,17.41398,78.37287,3,2.2,False,2026-04-01,3.07,1714,63,-0.0,0.502,17.4,2.95,3.01,182,40,0.0215,0.444,28.64,0.0,0.3696,0.7437,2.2002,-0.0,0.014668,17.7,2026,4,2,Apr 2026
BIZ_136,Spice Lounge,Tea House,Gachibowli,West,17.41398,78.37287,3,2.3,False,2026-05-01,3.01,1761,47,-0.191,0.581,5.5,2.93,3.04,267,33,0.0967,0.315,20.43,-0.06,-0.254,0.7316,1.6758,-0.35,0.011172,18.9,2026,5,2,May 2026
BIZ_136,Spice Lounge,Tea House,Gachibowli,West,17.41398,78.37287,3,2.4,False,2026-06-01,3.02,1840,79,-0.041,0.572,3.3,3.35,3.16,175,36,0.0395,0.312,32.92,0.01,0.6809,0.7355,3.0114,-0.0749,0.020076,22.1,2026,6,2,Jun 2026
BIZ_137,Velvet Roast,Bakery & Cafe,Banjara Hills,Central,17.415959,78.453876,4,2.1,False,2025-01-01,3.9,107,6,0.579,0.845,4.9,3.9,3.28,365,49,0.0305,0.415,2.86,0.0,0.0,0.9585,0.1723,1.0871,0.001149,37.1,2025,1,1,Jan 2025
BIZ_137,Velvet Roast,Bakery & Cafe,Banjara Hills,Central,17.415959,78.453876,4,2.2,False,2025-02-01,3.99,113,6,0.533,0.431,7.5,3.65,3.41,356,64,0.0264,0.424,2.73,0.09,0.0,0.977,0.1813,1.0082,0.001209,30.5,2025,2,1,Feb 2025
BIZ_137,Velvet Roast,Bakery & Cafe,Banjara Hills,Central,17.415959,78.453876,4,2.3,False,2025-03-01,3.96,122,9,0.363,0.498,8.2,3.46,3.52,208,62,0.0216,0.467,3.91,-0.03,0.5,0.9651,0.2736,0.6942,0.001824,30.2,2025,3,1,Mar 2025
BIZ_137,Velvet Roast,Bakery & Cafe,Banjara Hills,Central,17.415959,78.453876,4,2.4,False,2025-04-01,3.89,127,5,0.512,0.686,7.0,4.09,3.49,291,51,0.0333,0.424,2.08,-0.07,-0.4444,0.9429,0.152,0.9654,0.001014,32.1,2025,4,2,Apr 2025
BIZ_137,Velvet Roast,Bakery & Cafe,Banjara Hills,Central,17.415959,78.453876,4,2.4,False,2025-05-01,4.05,133,6,0.525,0.526,3.5,4.13,3.86,169,51,0.026,0.433,2.5,0.16,0.2,0.9831,0.2097,0.9976,0.001398,34.3,2025,5,2,May 2025
BIZ_137,Velvet Roast,Bakery & Cafe,Banjara Hills,Central,17.415959,78.453876,4,2.5,False,2025-06-01,3.98,136,3,0.446,0.389,12.1,3.65,3.44,269,33,0.0306,0.467,1.2,-0.07,-0.5,0.9734,0.1073,0.8399,0.000716,30.3,2025,6,2,Jun 2025
BIZ_137,Velvet Roast,Bakery & Cafe,Banjara Hills,Central,17.415959,78.453876,4,2.6,False,2025-07-01,3.89,141,5,0.534,0.431,2.9,3.99,2.93,137,50,0.0516,0.433,1.92,-0.09,0.6667,0.9563,0.2065,0.9982,0.001377,35.4,2025,7,3,Jul 2025
BIZ_137,Velvet Roast,Bakery & Cafe,Banjara Hills,Central,17.415959,78.453876,4,2.7,False,2025-08-01,3.87,147,6,0.573,0.563,4.8,3.91,3.55,219,32,0.0228,0.475,2.22,-0.02,0.2,0.9583,0.2426,1.0628,0.001617,32.9,2025,8,3,Aug 2025
BIZ_137,Velvet Roast,Bakery & Cafe,Banjara Hills,Central,17.415959,78.453876,4,2.8,False,2025-09-01,3.85,151,4,0.39,0.664,2.3,3.46,3.25,246,51,0.0511,0.434,1.43,-0.02,-0.3333,0.9563,0.1373,0.7302,0.000916,30.7,2025,9,3,Sep 2025
BIZ_137,Velvet Roast,Bakery & Cafe,Banjara Hills,Central,17.415959,78.453876,4,2.9,False,2025-10-01,3.97,154,3,0.657,0.488,3.8,3.66,3.29,289,25,0.029,0.451,1.03,0.12,-0.25,0.986,0.1031,1.2298,0.000688,34.7,2025,10,4,Oct 2025
BIZ_137,Velvet Roast,Bakery & Cafe,Banjara Hills,Central,17.415959,78.453876,4,2.9,False,2025-11-01,4.0,161,7,0.636,0.497,7.4,3.53,3.47,269,27,0.0564,0.406,2.41,0.03,1.3333,0.993,0.2246,1.1687,0.001497,41.0,2025,11,4,Nov 2025
BIZ_137,Velvet Roast,Bakery & Cafe,Banjara Hills,Central,17.415959,78.453876,4,3.0,False,2025-12-01,3.83,165,4,0.516,0.403,4.4,3.86,3.48,274,56,0.0249,0.51,1.33,-0.17,-0.4286,0.9468,0.1224,0.9528,0.000816,30.4,2025,12,4,Dec 2025
BIZ_137,Velvet Roast,Bakery & Cafe,Banjara Hills,Central,17.415959,78.453876,4,3.1,False,2026-01-01,3.85,170,5,0.638,0.563,2.6,3.39,3.24,266,63,0.0201,0.439,1.61,0.02,0.25,0.9432,0.1532,1.1884,0.001021,30.4,2026,1,1,Jan 2026
BIZ_137,Velvet Roast,Bakery & Cafe,Banjara Hills,Central,17.415959,78.453876,4,3.2,False,2026-02-01,3.75,177,7,0.595,0.626,10.0,3.18,3.57,356,34,0.0214,0.408,2.19,-0.1,0.4,0.9152,0.2134,1.1137,0.001423,32.6,2026,2,1,Feb 2026
BIZ_137,Velvet Roast,Bakery & Cafe,Banjara Hills,Central,17.415959,78.453876,4,3.3,False,2026-03-01,3.8,180,3,0.778,0.489,14.4,3.53,3.6,261,53,0.0274,0.426,0.91,0.05,-0.5714,0.9244,0.0905,1.3984,0.000603,33.8,2026,3,1,Mar 2026
BIZ_137,Velvet Roast,Bakery & Cafe,Banjara Hills,Central,17.415959,78.453876,4,3.4,False,2026-04-01,4.01,185,5,0.406,0.517,3.7,3.54,3.23,280,66,0.0318,0.519,1.47,0.21,0.6667,0.9714,0.1746,0.7489,0.001164,35.9,2026,4,2,Apr 2026
BIZ_137,Velvet Roast,Bakery & Cafe,Banjara Hills,Central,17.415959,78.453876,4,3.4,False,2026-05-01,3.97,188,3,0.583,0.41,3.4,3.9,3.45,130,55,0.0387,0.406,0.88,-0.04,-0.4,0.9649,0.107,1.0683,0.000713,35.3,2026,5,2,May 2026
BIZ_137,Velvet Roast,Bakery & Cafe,Banjara Hills,Central,17.415959,78.453876,4,3.5,False,2026-06-01,4.02,191,3,0.531,0.34,13.0,3.24,3.21,270,72,0.031,0.447,0.86,0.05,0.0,0.9791,0.1144,0.9697,0.000762,33.2,2026,6,2,Jun 2026
BIZ_138,Bake Studio,Cafe,Uppal,East,17.454319,78.581503,2,3.2,False,2025-01-01,3.99,307,5,0.484,0.465,5.1,3.88,3.92,253,63,0.025,0.413,1.56,0.0,0.0,0.9806,0.1436,0.9087,0.000957,35.7,2025,1,1,Jan 2025
BIZ_138,Bake Studio,Cafe,Uppal,East,17.454319,78.581503,2,3.3,False,2025-02-01,4.21,315,8,0.577,0.552,4.6,3.66,3.96,338,45,0.0238,0.438,2.42,0.22,0.6,1.0308,0.2417,1.0914,0.001612,35.0,2025,2,1,Feb 2025
BIZ_138,Bake Studio,Cafe,Uppal,East,17.454319,78.581503,2,3.4,False,2025-03-01,4.15,322,7,0.634,0.564,2.4,4.22,4.3,322,45,0.0325,0.566,2.06,-0.06,-0.125,1.0114,0.2128,1.2125,0.001419,39.4,2025,3,1,Mar 2025
BIZ_138,Bake Studio,Cafe,Uppal,East,17.454319,78.581503,2,3.5,False,2025-04-01,4.25,330,8,0.614,0.518,2.2,3.86,4.02,216,76,0.0397,0.43,2.29,0.1,0.1429,1.0302,0.2433,1.1577,0.001622,39.4,2025,4,2,Apr 2025
BIZ_138,Bake Studio,Cafe,Uppal,East,17.454319,78.581503,2,3.5,False,2025-05-01,4.25,340,10,0.591,0.549,13.1,3.64,3.82,135,33,0.044,0.42,2.86,0.0,0.25,1.0316,0.3496,1.123,0.00233,39.6,2025,5,2,May 2025
BIZ_138,Bake Studio,Cafe,Uppal,East,17.454319,78.581503,2,3.6,False,2025-06-01,4.23,346,6,0.553,0.496,6.9,3.97,4.26,192,48,0.0438,0.486,1.67,-0.02,-0.4,1.0346,0.2147,1.0414,0.001431,38.7,2025,6,2,Jun 2025
BIZ_138,Bake Studio,Cafe,Uppal,East,17.454319,78.581503,2,3.7,False,2025-07-01,4.14,354,8,0.763,0.513,3.3,3.45,3.91,265,49,0.0676,0.413,2.16,-0.09,0.3333,1.0177,0.3304,1.4262,0.002203,42.2,2025,7,3,Jul 2025
BIZ_138,Bake Studio,Cafe,Uppal,East,17.454319,78.581503,2,3.8,False,2025-08-01,4.19,358,4,0.601,0.547,3.5,4.04,3.96,243,23,0.0248,0.461,1.05,0.05,-0.5,1.0375,0.1617,1.1147,0.001078,36.9,2025,8,3,Aug 2025
BIZ_138,Bake Studio,Cafe,Uppal,East,17.454319,78.581503,2,3.9,False,2025-09-01,4.02,366,8,0.647,0.459,9.1,3.73,4.24,226,63,0.0262,0.478,2.05,-0.17,1.0,0.9985,0.2747,1.2113,0.001831,36.4,2025,9,3,Sep 2025
BIZ_138,Bake Studio,Cafe,Uppal,East,17.454319,78.581503,2,4.0,False,2025-10-01,3.97,371,5,0.489,0.595,11.5,3.7,4.1,275,73,0.0289,0.465,1.25,-0.05,-0.375,0.986,0.1719,0.9154,0.001146,31.6,2025,10,4,Oct 2025
BIZ_138,Bake Studio,Cafe,Uppal,East,17.454319,78.581503,2,4.0,False,2025-11-01,4.05,379,8,0.555,0.666,6.3,3.5,3.73,281,55,0.0932,0.489,2.0,0.08,0.6,1.0054,0.2567,1.0199,0.001711,44.7,2025,11,4,Nov 2025
BIZ_138,Bake Studio,Cafe,Uppal,East,17.454319,78.581503,2,4.1,False,2025-12-01,4.08,384,5,0.646,0.453,7.6,4.02,4.1,269,66,0.0308,0.568,1.22,0.03,-0.375,1.0087,0.1531,1.1929,0.00102,36.9,2025,12,4,Dec 2025
BIZ_138,Bake Studio,Cafe,Uppal,East,17.454319,78.581503,2,4.2,False,2026-01-01,4.11,392,8,0.62,0.527,1.6,3.86,4.56,276,82,0.0203,0.564,1.9,0.03,0.6,1.0069,0.245,1.1549,0.001634,36.4,2026,1,1,Jan 2026
BIZ_138,Bake Studio,Cafe,Uppal,East,17.454319,78.581503,2,4.3,False,2026-02-01,4.25,398,6,0.61,0.549,3.2,4.28,4.04,206,57,0.0336,0.472,1.4,0.14,-0.25,1.0372,0.1829,1.1418,0.00122,42.0,2026,2,1,Feb 2026
BIZ_138,Bake Studio,Cafe,Uppal,East,17.454319,78.581503,2,4.4,False,2026-03-01,4.22,405,7,0.662,0.518,2.9,3.88,4.49,219,51,0.0233,0.41,1.59,-0.03,0.1667,1.0266,0.2111,1.1899,0.001408,39.7,2026,3,1,Mar 2026
BIZ_138,Bake Studio,Cafe,Uppal,East,17.454319,78.581503,2,4.5,False,2026-04-01,4.23,411,6,0.561,0.457,5.9,4.27,4.23,253,46,0.0561,0.417,1.33,0.01,-0.1429,1.0247,0.2095,1.0348,0.001397,44.6,2026,4,2,Apr 2026
BIZ_138,Bake Studio,Cafe,Uppal,East,17.454319,78.581503,2,4.5,False,2026-05-01,4.19,418,7,0.591,0.364,8.2,4.14,4.37,278,33,0.0256,0.418,1.56,-0.04,0.1667,1.0183,0.2496,1.083,0.001664,37.7,2026,5,2,May 2026
BIZ_138,Bake Studio,Cafe,Uppal,East,17.454319,78.581503,2,4.6,False,2026-06-01,4.23,422,4,0.69,0.393,7.7,3.97,4.26,197,37,0.0208,0.48,0.87,0.04,-0.4286,1.0302,0.1525,1.26,0.001017,38.5,2026,6,2,Jun 2026
BIZ_139,Cup Co,Restaurant & Cafe,Jubilee Hills,Central,17.433041,78.423969,2,10.5,False,2025-01-01,4.23,392,3,0.772,0.54,5.1,4.45,4.01,285,60,0.0607,0.45,0.29,0.0,0.0,1.0396,0.0862,1.4494,0.000574,49.8,2025,1,1,Jan 2025
BIZ_139,Cup Co,Restaurant & Cafe,Jubilee Hills,Central,17.433041,78.423969,2,10.6,False,2025-02-01,4.15,400,8,0.843,0.474,11.0,3.92,4.55,299,57,0.0327,0.504,0.75,-0.08,1.6667,1.0161,0.2417,1.5946,0.001612,43.1,2025,2,1,Feb 2025
BIZ_139,Cup Co,Restaurant & Cafe,Jubilee Hills,Central,17.433041,78.423969,2,10.7,False,2025-03-01,4.25,402,2,0.698,0.461,9.0,4.28,4.3,313,46,0.0354,0.481,0.19,0.1,-0.75,1.0358,0.0608,1.3349,0.000405,39.8,2025,3,1,Mar 2025
BIZ_139,Cup Co,Restaurant & Cafe,Jubilee Hills,Central,17.433041,78.423969,2,10.8,False,2025-04-01,4.3,403,1,0.576,0.758,2.9,4.48,4.15,236,57,0.087,0.507,0.09,0.05,-0.5,1.0423,0.0304,1.0861,0.000203,45.8,2025,4,2,Apr 2025
BIZ_139,Cup Co,Restaurant & Cafe,Jubilee Hills,Central,17.433041,78.423969,2,10.8,False,2025-05-01,4.29,407,4,0.603,0.435,3.7,4.14,4.25,255,44,0.0375,0.469,0.37,-0.01,3.0,1.0413,0.1398,1.1459,0.000932,46.5,2025,5,2,May 2025
BIZ_139,Cup Co,Restaurant & Cafe,Jubilee Hills,Central,17.433041,78.423969,2,10.9,False,2025-06-01,4.22,411,4,0.62,0.628,2.8,3.34,4.2,267,40,0.0686,0.376,0.37,-0.07,0.0,1.0321,0.1431,1.1676,0.000954,41.0,2025,6,2,Jun 2025
BIZ_139,Cup Co,Restaurant & Cafe,Jubilee Hills,Central,17.433041,78.423969,2,11.0,False,2025-07-01,4.22,412,1,0.649,0.547,4.0,4.16,4.29,292,51,0.0354,0.55,0.09,0.0,-0.75,1.0374,0.0413,1.2131,0.000275,38.3,2025,7,3,Jul 2025
BIZ_139,Cup Co,Restaurant & Cafe,Jubilee Hills,Central,17.433041,78.423969,2,11.1,False,2025-08-01,4.18,415,3,0.758,0.632,4.9,4.41,4.51,200,47,0.0348,0.456,0.27,-0.04,2.0,1.035,0.1213,1.4059,0.000809,45.5,2025,8,3,Aug 2025
BIZ_139,Cup Co,Restaurant & Cafe,Jubilee Hills,Central,17.433041,78.423969,2,11.2,False,2025-09-01,4.19,420,5,0.498,0.56,2.4,4.07,3.91,159,73,0.0296,0.423,0.45,0.01,0.6667,1.0408,0.1717,0.9324,0.001144,37.1,2025,9,3,Sep 2025
BIZ_139,Cup Co,Restaurant & Cafe,Jubilee Hills,Central,17.433041,78.423969,2,11.2,False,2025-10-01,4.06,422,2,0.62,0.623,7.7,3.72,3.99,267,48,0.0434,0.459,0.18,-0.13,-0.6,1.0084,0.0688,1.1606,0.000458,36.9,2025,10,4,Oct 2025
BIZ_139,Cup Co,Restaurant & Cafe,Jubilee Hills,Central,17.433041,78.423969,2,11.3,False,2025-11-01,4.17,423,1,0.548,0.461,10.6,4.02,4.17,361,23,0.034,0.43,0.09,0.11,-0.5,1.0352,0.0321,1.007,0.000214,36.6,2025,11,4,Nov 2025
BIZ_139,Cup Co,Restaurant & Cafe,Jubilee Hills,Central,17.433041,78.423969,2,11.4,False,2025-12-01,4.24,429,6,0.56,0.633,4.3,4.3,4.73,290,52,0.0432,0.395,0.53,0.07,5.0,1.0482,0.1837,1.0341,0.001224,49.0,2025,12,4,Dec 2025
BIZ_139,Cup Co,Restaurant & Cafe,Jubilee Hills,Central,17.433041,78.423969,2,11.5,False,2026-01-01,4.26,434,5,0.64,0.5,12.3,4.14,4.11,263,70,0.0639,0.465,0.43,0.02,-0.1667,1.0437,0.1532,1.1921,0.001021,46.8,2026,1,1,Jan 2026
BIZ_139,Cup Co,Restaurant & Cafe,Jubilee Hills,Central,17.433041,78.423969,2,11.6,False,2026-02-01,4.17,438,4,0.567,0.56,4.5,3.84,4.19,342,51,0.0318,0.503,0.34,-0.09,-0.2,1.0177,0.122,1.0613,0.000813,38.5,2026,2,1,Feb 2026
BIZ_139,Cup Co,Restaurant & Cafe,Jubilee Hills,Central,17.433041,78.423969,2,11.7,False,2026-03-01,4.18,442,4,0.498,0.579,0.7,3.52,4.2,137,88,0.0247,0.478,0.34,0.01,0.0,1.0169,0.1207,0.8951,0.000804,35.0,2026,3,1,Mar 2026
BIZ_139,Cup Co,Restaurant & Cafe,Jubilee Hills,Central,17.433041,78.423969,2,11.8,False,2026-04-01,4.29,447,5,0.505,0.302,7.4,3.93,3.98,291,26,0.0257,0.504,0.42,0.11,0.25,1.0392,0.1746,0.9315,0.001164,39.9,2026,4,2,Apr 2026
BIZ_139,Cup Co,Restaurant & Cafe,Jubilee Hills,Central,17.433041,78.423969,2,11.8,False,2026-05-01,4.25,454,7,0.629,0.69,1.1,4.33,4.39,257,55,0.0573,0.435,0.59,-0.04,0.4,1.0329,0.2496,1.1526,0.001664,45.3,2026,5,2,May 2026
BIZ_139,Cup Co,Restaurant & Cafe,Jubilee Hills,Central,17.433041,78.423969,2,11.9,False,2026-06-01,4.07,456,2,0.784,0.585,4.5,4.25,3.88,246,44,0.0252,0.442,0.17,-0.18,-0.7143,0.9913,0.0762,1.4317,0.000508,39.4,2026,6,2,Jun 2026
BIZ_140,Happy Steam,Restaurant & Cafe,Attapur,South,17.407154,78.452451,3,5.6,False,2025-01-01,4.55,516,6,0.832,0.496,9.6,4.35,4.0,347,63,0.0634,0.461,1.07,0.0,0.0,1.1182,0.1723,1.5621,0.001149,54.6,2025,1,1,Jan 2025
BIZ_140,Happy Steam,Restaurant & Cafe,Attapur,South,17.407154,78.452451,3,5.7,False,2025-02-01,4.63,526,10,0.864,0.596,6.1,4.34,4.5,362,60,0.0296,0.482,1.75,0.08,0.6667,1.1337,0.3022,1.6343,0.002015,49.2,2025,2,1,Feb 2025
BIZ_140,Happy Steam,Restaurant & Cafe,Attapur,South,17.407154,78.452451,3,5.8,False,2025-03-01,4.55,531,5,0.763,0.61,5.7,4.9,4.5,300,83,0.0274,0.405,0.86,-0.08,-0.5,1.1089,0.152,1.4593,0.001013,47.1,2025,3,1,Mar 2025
BIZ_140,Happy Steam,Restaurant & Cafe,Attapur,South,17.407154,78.452451,3,5.8,False,2025-04-01,4.57,540,9,0.884,0.601,3.1,4.81,4.54,294,33,0.0305,0.502,1.55,0.02,0.8,1.1078,0.2737,1.6668,0.001824,52.6,2025,4,2,Apr 2025
BIZ_140,Happy Steam,Restaurant & Cafe,Attapur,South,17.407154,78.452451,3,5.9,False,2025-05-01,4.68,545,5,0.83,0.569,12.4,4.95,4.57,210,50,0.0362,0.486,0.85,0.11,-0.4444,1.136,0.1748,1.5772,0.001165,52.2,2025,5,2,May 2025
BIZ_140,Happy Steam,Restaurant & Cafe,Attapur,South,17.407154,78.452451,3,6.0,False,2025-06-01,4.63,550,5,0.849,0.29,4.6,4.7,4.86,170,46,0.0287,0.457,0.83,-0.05,0.0,1.1324,0.1789,1.5988,0.001193,49.7,2025,6,2,Jun 2025
BIZ_140,Happy Steam,Restaurant & Cafe,Attapur,South,17.407154,78.452451,3,6.1,False,2025-07-01,4.63,556,6,0.859,0.512,6.9,4.72,4.87,190,33,0.0305,0.509,0.98,0.0,0.2,1.1382,0.2478,1.6057,0.001652,49.8,2025,7,3,Jul 2025
BIZ_140,Happy Steam,Restaurant & Cafe,Attapur,South,17.407154,78.452451,3,6.2,False,2025-08-01,4.49,559,3,0.837,0.512,5.1,4.67,4.49,244,46,0.0231,0.424,0.48,-0.14,-0.5,1.1118,0.1213,1.5524,0.000809,46.4,2025,8,3,Aug 2025
BIZ_140,Happy Steam,Restaurant & Cafe,Attapur,South,17.407154,78.452451,3,6.3,False,2025-09-01,4.44,564,5,0.846,0.655,4.5,4.37,4.35,187,42,0.1121,0.357,0.79,-0.05,0.6667,1.1028,0.1717,1.5839,0.001144,56.3,2025,9,3,Sep 2025
BIZ_140,Happy Steam,Restaurant & Cafe,Attapur,South,17.407154,78.452451,3,6.3,False,2025-10-01,4.51,566,2,0.899,0.604,2.5,3.94,3.89,244,44,0.0226,0.515,0.32,0.07,-0.6,1.1201,0.0688,1.6828,0.000458,44.5,2025,10,4,Oct 2025
BIZ_140,Happy Steam,Restaurant & Cafe,Attapur,South,17.407154,78.452451,3,6.4,False,2025-11-01,4.47,572,6,0.842,0.388,8.2,4.5,3.91,312,66,0.0332,0.553,0.94,-0.04,2.0,1.1097,0.1925,1.5473,0.001283,50.7,2025,11,4,Nov 2025
BIZ_140,Happy Steam,Restaurant & Cafe,Attapur,South,17.407154,78.452451,3,6.5,False,2025-12-01,4.55,579,7,0.854,0.433,15.1,4.04,4.56,317,51,0.031,0.435,1.08,0.08,0.1667,1.1248,0.2143,1.577,0.001429,46.7,2025,12,4,Dec 2025
BIZ_140,Happy Steam,Restaurant & Cafe,Attapur,South,17.407154,78.452451,3,6.6,False,2026-01-01,4.6,588,9,0.882,0.56,8.3,4.49,4.67,232,50,0.0412,0.463,1.36,0.05,0.2857,1.127,0.2757,1.6429,0.001838,53.4,2026,1,1,Jan 2026
BIZ_140,Happy Steam,Restaurant & Cafe,Attapur,South,17.407154,78.452451,3,6.7,False,2026-02-01,4.51,596,8,0.898,0.495,4.6,3.82,4.39,186,56,0.0341,0.565,1.19,-0.09,-0.1111,1.1007,0.2439,1.6809,0.001626,48.8,2026,2,1,Feb 2026
BIZ_140,Happy Steam,Restaurant & Cafe,Attapur,South,17.407154,78.452451,3,6.8,False,2026-03-01,4.62,603,7,1.0,0.535,2.4,4.3,4.91,223,47,0.0673,0.461,1.03,0.11,-0.125,1.1239,0.2111,1.7974,0.001408,58.0,2026,3,1,Mar 2026
BIZ_140,Happy Steam,Restaurant & Cafe,Attapur,South,17.407154,78.452451,3,6.8,False,2026-04-01,4.54,612,9,0.936,0.395,6.4,4.17,3.94,179,31,0.0228,0.498,1.32,-0.08,0.2857,1.0998,0.3143,1.7265,0.002095,51.1,2026,4,2,Apr 2026
BIZ_140,Happy Steam,Restaurant & Cafe,Attapur,South,17.407154,78.452451,3,6.9,False,2026-05-01,4.62,616,4,0.859,0.418,16.0,4.47,4.68,257,68,0.0208,0.418,0.58,0.08,-0.5556,1.1228,0.1426,1.5741,0.000951,46.8,2026,5,2,May 2026
BIZ_140,Happy Steam,Restaurant & Cafe,Attapur,South,17.407154,78.452451,3,7.0,False,2026-06-01,4.58,623,7,0.941,0.487,23.0,4.33,3.96,278,52,0.0217,0.531,1.0,-0.04,0.75,1.1155,0.2668,1.7184,0.001779,50.2,2026,6,2,Jun 2026
BIZ_141,The Brew Kitchen,Cafe,Hitech City,West,17.46218,78.367472,3,14.0,False,2025-01-01,3.92,397,1,0.292,0.547,4.5,3.46,3.52,321,44,0.0541,0.373,0.07,0.0,0.0,0.9634,0.0287,0.5482,0.000191,32.9,2025,1,1,Jan 2025
BIZ_141,The Brew Kitchen,Cafe,Hitech City,West,17.46218,78.367472,3,14.1,False,2025-02-01,3.61,403,6,0.504,0.674,2.7,3.71,2.97,272,63,0.0355,0.508,0.43,-0.31,5.0,0.8839,0.1813,0.9533,0.001209,35.3,2025,2,1,Feb 2025
BIZ_141,The Brew Kitchen,Cafe,Hitech City,West,17.46218,78.367472,3,14.2,False,2025-03-01,3.7,408,5,0.372,0.553,11.8,3.42,3.4,302,58,0.031,0.359,0.35,0.09,-0.1667,0.9017,0.152,0.7115,0.001013,25.6,2025,3,1,Mar 2025
BIZ_141,The Brew Kitchen,Cafe,Hitech City,West,17.46218,78.367472,3,14.2,False,2025-04-01,3.75,410,2,0.34,0.52,7.2,3.34,3.58,215,42,0.0282,0.433,0.14,0.05,-0.6,0.909,0.0608,0.6411,0.000405,23.0,2025,4,2,Apr 2025
BIZ_141,The Brew Kitchen,Cafe,Hitech City,West,17.46218,78.367472,3,14.3,False,2025-05-01,3.88,412,2,0.322,0.63,4.4,3.3,3.56,155,38,0.0392,0.419,0.14,0.13,0.0,0.9418,0.0699,0.6119,0.000466,26.5,2025,5,2,May 2025
BIZ_141,The Brew Kitchen,Cafe,Hitech City,West,17.46218,78.367472,3,14.4,False,2025-06-01,3.8,414,2,0.417,0.553,4.0,4.08,3.61,293,43,0.0225,0.47,0.14,-0.08,0.0,0.9294,0.0716,0.7853,0.000477,28.9,2025,6,2,Jun 2025
BIZ_141,The Brew Kitchen,Cafe,Hitech City,West,17.46218,78.367472,3,14.5,False,2025-07-01,3.74,419,5,0.444,0.495,8.0,3.99,3.66,222,17,0.0276,0.428,0.34,-0.06,1.5,0.9194,0.2065,0.8299,0.001377,29.2,2025,7,3,Jul 2025
BIZ_141,The Brew Kitchen,Cafe,Hitech City,West,17.46218,78.367472,3,14.6,False,2025-08-01,3.72,423,4,0.353,0.499,4.4,3.7,2.95,225,30,0.0203,0.421,0.27,-0.02,-0.2,0.9211,0.1617,0.6547,0.001078,25.6,2025,8,3,Aug 2025
BIZ_141,The Brew Kitchen,Cafe,Hitech City,West,17.46218,78.367472,3,14.7,False,2025-09-01,3.78,428,5,0.336,0.375,5.8,3.23,3.14,263,46,0.0329,0.341,0.34,0.06,0.25,0.9389,0.1717,0.6291,0.001144,26.7,2025,9,3,Sep 2025
BIZ_141,The Brew Kitchen,Cafe,Hitech City,West,17.46218,78.367472,3,14.8,False,2025-10-01,3.59,430,2,0.369,0.48,7.2,3.44,3.71,247,55,0.0243,0.497,0.14,-0.19,-0.6,0.8916,0.0688,0.6907,0.000458,22.7,2025,10,4,Oct 2025
BIZ_141,The Brew Kitchen,Cafe,Hitech City,West,17.46218,78.367472,3,14.8,False,2025-11-01,3.58,437,7,0.453,0.584,3.5,3.46,3.25,323,34,0.0358,0.376,0.47,-0.01,2.5,0.8887,0.2246,0.8324,0.001497,31.2,2025,11,4,Nov 2025
BIZ_141,The Brew Kitchen,Cafe,Hitech City,West,17.46218,78.367472,3,14.9,False,2025-12-01,3.73,443,6,0.37,0.706,5.2,3.25,3.45,235,49,0.0504,0.407,0.4,0.15,-0.1429,0.9221,0.1837,0.6832,0.001224,28.6,2025,12,4,Dec 2025
BIZ_141,The Brew Kitchen,Cafe,Hitech City,West,17.46218,78.367472,3,15.0,False,2026-01-01,3.71,450,7,0.42,0.581,13.3,3.72,3.42,342,53,0.0506,0.409,0.47,-0.02,0.1667,0.9089,0.2144,0.7823,0.001429,32.6,2026,1,1,Jan 2026
BIZ_141,The Brew Kitchen,Cafe,Hitech City,West,17.46218,78.367472,3,15.1,False,2026-02-01,3.71,457,7,0.388,0.587,2.3,3.49,3.01,256,57,0.0253,0.483,0.46,0.0,0.0,0.9054,0.2134,0.7263,0.001423,28.8,2026,2,1,Feb 2026
BIZ_141,The Brew Kitchen,Cafe,Hitech City,West,17.46218,78.367472,3,15.2,False,2026-03-01,3.79,459,2,0.431,0.486,5.3,3.16,3.7,251,73,0.0406,0.397,0.13,0.08,-0.7143,0.922,0.0603,0.7747,0.000402,28.6,2026,3,1,Mar 2026
BIZ_141,The Brew Kitchen,Cafe,Hitech City,West,17.46218,78.367472,3,15.2,False,2026-04-01,3.71,463,4,0.544,0.517,4.6,3.99,3.65,299,36,0.024,0.494,0.26,-0.08,1.0,0.8987,0.1397,1.0035,0.000931,36.1,2026,4,2,Apr 2026
BIZ_141,The Brew Kitchen,Cafe,Hitech City,West,17.46218,78.367472,3,15.3,False,2026-05-01,3.67,465,2,0.456,0.54,4.4,3.9,3.41,245,22,0.0219,0.368,0.13,-0.04,-0.5,0.892,0.0713,0.8356,0.000475,26.9,2026,5,2,May 2026
BIZ_141,The Brew Kitchen,Cafe,Hitech City,West,17.46218,78.367472,3,15.4,False,2026-06-01,3.71,468,3,0.287,0.649,7.0,3.46,3.45,219,16,0.0607,0.438,0.19,0.04,0.5,0.9036,0.1144,0.5241,0.000762,33.3,2026,6,2,Jun 2026
BIZ_142,Blue Spice,Coffee Shop,Begumpet,Central,17.413308,78.468915,3,2.3,False,2025-01-01,2.79,64,4,-0.087,0.497,4.0,2.97,2.72,286,44,0.0347,0.364,1.74,0.0,0.0,0.6857,0.1149,-0.1633,0.000766,9.3,2025,1,1,Jan 2025
BIZ_142,Blue Spice,Coffee Shop,Begumpet,Central,17.413308,78.468915,3,2.4,False,2025-02-01,3.0,69,5,-0.048,0.607,4.3,2.53,2.98,301,51,0.0391,0.327,2.08,0.21,0.25,0.7345,0.1511,-0.0908,0.001007,4.7,2025,2,1,Feb 2025
BIZ_142,Blue Spice,Coffee Shop,Begumpet,Central,17.413308,78.468915,3,2.5,False,2025-03-01,2.87,73,4,0.036,0.417,5.4,2.45,2.86,263,42,0.0299,0.384,1.6,-0.13,-0.2,0.6995,0.1216,0.0689,0.000811,5.5,2025,3,1,Mar 2025
BIZ_142,Blue Spice,Coffee Shop,Begumpet,Central,17.413308,78.468915,3,2.5,False,2025-04-01,2.94,77,4,-0.034,0.364,4.6,3.1,3.0,278,57,0.0263,0.356,1.6,0.07,0.0,0.7127,0.1216,-0.0641,0.000811,6.9,2025,4,2,Apr 2025
BIZ_142,Blue Spice,Coffee Shop,Begumpet,Central,17.413308,78.468915,3,2.6,False,2025-05-01,2.98,85,8,0.019,0.477,3.1,2.81,3.03,195,54,0.0222,0.357,3.08,0.04,1.0,0.7233,0.2797,0.0361,0.001864,6.5,2025,5,2,May 2025
BIZ_142,Blue Spice,Coffee Shop,Begumpet,Central,17.413308,78.468915,3,2.7,False,2025-06-01,2.85,90,5,0.015,0.579,1.4,2.72,2.52,147,42,0.038,0.352,1.85,-0.13,-0.375,0.697,0.1789,0.0282,0.001193,7.1,2025,6,2,Jun 2025
BIZ_142,Blue Spice,Coffee Shop,Begumpet,Central,17.413308,78.468915,3,2.8,False,2025-07-01,2.92,96,6,0.062,0.611,2.8,2.91,2.53,206,55,0.0256,0.323,2.14,0.07,0.2,0.7178,0.2478,0.1159,0.001652,6.8,2025,7,3,Jul 2025
BIZ_142,Blue Spice,Coffee Shop,Begumpet,Central,17.413308,78.468915,3,2.9,False,2025-08-01,2.84,101,5,0.111,0.533,4.1,3.11,2.49,160,53,0.0236,0.43,1.72,-0.08,-0.1667,0.7032,0.2022,0.2059,0.001348,9.7,2025,8,3,Aug 2025
BIZ_142,Blue Spice,Coffee Shop,Begumpet,Central,17.413308,78.468915,3,3.0,False,2025-09-01,2.88,106,5,0.039,0.549,4.4,2.08,2.73,265,50,0.15,0.323,1.67,0.04,0.0,0.7154,0.1717,0.073,0.001144,20.5,2025,9,3,Sep 2025
BIZ_142,Blue Spice,Coffee Shop,Begumpet,Central,17.413308,78.468915,3,3.0,False,2025-10-01,2.81,111,5,-0.087,0.45,20.5,2.27,2.51,208,48,0.0601,0.389,1.67,-0.07,0.0,0.6979,0.1719,-0.1629,0.001146,8.4,2025,10,4,Oct 2025
BIZ_142,Blue Spice,Coffee Shop,Begumpet,Central,17.413308,78.468915,3,3.1,False,2025-11-01,2.83,116,5,0.002,0.441,5.3,2.88,2.64,257,59,0.0454,0.317,1.61,0.02,0.0,0.7025,0.1604,0.0037,0.00107,10.4,2025,11,4,Nov 2025
BIZ_142,Blue Spice,Coffee Shop,Begumpet,Central,17.413308,78.468915,3,3.2,False,2025-12-01,2.88,124,8,-0.117,0.378,10.1,2.49,2.84,240,58,0.0305,0.467,2.5,0.05,0.6,0.712,0.2449,-0.2161,0.001633,6.7,2025,12,4,Dec 2025
BIZ_142,Blue Spice,Coffee Shop,Begumpet,Central,17.413308,78.468915,3,3.3,False,2026-01-01,2.99,130,6,0.142,0.559,4.5,2.66,2.89,218,70,0.0387,0.46,1.82,0.11,-0.25,0.7325,0.1838,0.2645,0.001225,10.6,2026,1,1,Jan 2026
BIZ_142,Blue Spice,Coffee Shop,Begumpet,Central,17.413308,78.468915,3,3.4,False,2026-02-01,2.84,136,6,0.043,0.383,8.9,2.36,2.91,246,34,0.0202,0.397,1.76,-0.15,0.0,0.6931,0.1829,0.0805,0.00122,7.8,2026,2,1,Feb 2026
BIZ_142,Blue Spice,Coffee Shop,Begumpet,Central,17.413308,78.468915,3,3.5,False,2026-03-01,2.99,140,4,0.108,0.555,11.7,2.92,2.77,376,52,0.0203,0.428,1.14,0.15,-0.3333,0.7274,0.1207,0.1941,0.000804,10.6,2026,3,1,Mar 2026
BIZ_142,Blue Spice,Coffee Shop,Begumpet,Central,17.413308,78.468915,3,3.5,False,2026-04-01,2.93,145,5,0.173,0.508,9.1,2.13,3.01,173,53,0.0297,0.349,1.43,-0.06,0.25,0.7098,0.1746,0.3191,0.001164,12.2,2026,4,2,Apr 2026
BIZ_142,Blue Spice,Coffee Shop,Begumpet,Central,17.413308,78.468915,3,3.6,False,2026-05-01,2.82,149,4,-0.022,0.663,5.8,2.64,2.69,263,64,0.0235,0.438,1.11,-0.11,-0.2,0.6854,0.1426,-0.0403,0.000951,4.5,2026,5,2,May 2026
BIZ_142,Blue Spice,Coffee Shop,Begumpet,Central,17.413308,78.468915,3,3.7,False,2026-06-01,2.86,156,7,0.175,0.566,2.8,2.79,2.74,243,67,0.0424,0.318,1.89,0.04,0.75,0.6966,0.2668,0.3196,0.001779,16.2,2026,6,2,Jun 2026
BIZ_143,Crimson Blend,Cafe,Tolichowki,South,17.408208,78.41866,3,3.2,False,2025-01-01,5.0,403,11,0.919,0.507,4.6,4.76,4.88,318,98,0.0259,0.507,3.44,0.0,0.0,1.2288,0.3159,1.7254,0.002106,58.8,2025,1,1,Jan 2025
BIZ_143,Crimson Blend,Cafe,Tolichowki,South,17.408208,78.41866,3,3.3,False,2025-02-01,5.0,412,9,0.795,0.419,11.0,4.6,4.69,266,47,0.15,0.495,2.73,0.0,-0.1818,1.2242,0.272,1.5038,0.001813,66.0,2025,2,1,Feb 2025
BIZ_143,Crimson Blend,Cafe,Tolichowki,South,17.408208,78.41866,3,3.4,False,2025-03-01,5.0,425,13,0.788,0.601,7.5,4.89,5.0,330,46,0.0284,0.463,3.82,0.0,0.4444,1.2186,0.3952,1.5071,0.002635,56.9,2025,3,1,Mar 2025
BIZ_143,Crimson Blend,Cafe,Tolichowki,South,17.408208,78.41866,3,3.5,False,2025-04-01,4.98,430,5,0.882,0.607,5.6,4.42,5.0,282,61,0.0291,0.575,1.43,-0.02,-0.6154,1.2072,0.152,1.6631,0.001014,52.3,2025,4,2,Apr 2025
BIZ_143,Crimson Blend,Cafe,Tolichowki,South,17.408208,78.41866,3,3.5,False,2025-05-01,5.0,437,7,0.802,0.628,4.6,4.89,4.89,286,67,0.0573,0.516,2.0,0.02,0.4,1.2137,0.2447,1.524,0.001631,61.2,2025,5,2,May 2025
BIZ_143,Crimson Blend,Cafe,Tolichowki,South,17.408208,78.41866,3,3.6,False,2025-06-01,5.0,443,6,0.827,0.447,5.3,4.6,4.9,227,48,0.0549,0.546,1.67,0.0,-0.1429,1.2229,0.2147,1.5574,0.001431,57.0,2025,6,2,Jun 2025
BIZ_143,Crimson Blend,Cafe,Tolichowki,South,17.408208,78.41866,3,3.7,False,2025-07-01,5.0,452,9,0.911,0.621,12.0,5.0,4.92,201,46,0.0244,0.545,2.43,0.0,0.5,1.2292,0.3717,1.7029,0.002478,56.0,2025,7,3,Jul 2025
BIZ_143,Crimson Blend,Cafe,Tolichowki,South,17.408208,78.41866,3,3.8,False,2025-08-01,4.93,465,13,0.901,0.802,2.6,4.8,4.64,177,59,0.028,0.531,3.42,-0.07,0.4444,1.2207,0.5256,1.6711,0.003504,55.6,2025,8,3,Aug 2025
BIZ_143,Crimson Blend,Cafe,Tolichowki,South,17.408208,78.41866,3,3.9,False,2025-09-01,4.94,476,11,1.0,0.45,4.8,4.14,4.95,337,27,0.0415,0.436,2.82,0.01,-0.1538,1.227,0.3777,1.8722,0.002518,55.1,2025,9,3,Sep 2025
BIZ_143,Crimson Blend,Cafe,Tolichowki,South,17.408208,78.41866,3,4.0,False,2025-10-01,5.0,484,8,0.991,0.466,5.0,4.71,4.64,319,63,0.0626,0.387,2.0,0.06,-0.2727,1.2418,0.275,1.8551,0.001834,62.2,2025,10,4,Oct 2025
BIZ_143,Crimson Blend,Cafe,Tolichowki,South,17.408208,78.41866,3,4.0,False,2025-11-01,5.0,498,14,0.887,0.564,6.0,5.0,4.93,274,70,0.0369,0.579,3.5,0.0,0.75,1.2412,0.4492,1.63,0.002995,58.5,2025,11,4,Nov 2025
BIZ_143,Crimson Blend,Cafe,Tolichowki,South,17.408208,78.41866,3,4.1,False,2025-12-01,5.0,510,12,0.838,0.611,4.7,5.0,4.81,296,55,0.0616,0.41,2.93,0.0,-0.1429,1.2361,0.3673,1.5475,0.002449,59.6,2025,12,4,Dec 2025
BIZ_143,Crimson Blend,Cafe,Tolichowki,South,17.408208,78.41866,3,4.2,False,2026-01-01,5.0,525,15,0.876,0.335,15.5,5.0,5.0,278,53,0.0311,0.472,3.57,0.0,0.25,1.225,0.4595,1.6317,0.003063,58.5,2026,1,1,Jan 2026
BIZ_143,Crimson Blend,Cafe,Tolichowki,South,17.408208,78.41866,3,4.3,False,2026-02-01,5.0,536,11,0.895,0.571,3.5,5.0,4.89,262,65,0.043,0.551,2.56,0.0,-0.2667,1.2203,0.3354,1.6753,0.002236,59.8,2026,2,1,Feb 2026
BIZ_143,Crimson Blend,Cafe,Tolichowki,South,17.408208,78.41866,3,4.4,False,2026-03-01,5.0,545,9,0.919,0.569,5.4,5.0,4.61,212,42,0.0409,0.413,2.05,0.0,-0.1818,1.2164,0.2715,1.6518,0.00181,59.6,2026,3,1,Mar 2026
BIZ_143,Crimson Blend,Cafe,Tolichowki,South,17.408208,78.41866,3,4.5,False,2026-04-01,5.0,552,7,0.905,0.569,3.6,5.0,4.38,232,61,0.0286,0.519,1.56,0.0,-0.2222,1.2112,0.2445,1.6694,0.00163,58.0,2026,4,2,Apr 2026
BIZ_143,Crimson Blend,Cafe,Tolichowki,South,17.408208,78.41866,3,4.5,False,2026-05-01,5.0,563,11,1.0,0.498,6.6,4.68,5.0,185,53,0.0355,0.505,2.44,0.0,0.5714,1.2152,0.3922,1.8325,0.002615,58.4,2026,5,2,May 2026
BIZ_143,Crimson Blend,Cafe,Tolichowki,South,17.408208,78.41866,3,4.6,False,2026-06-01,5.0,570,7,0.806,0.596,6.0,5.0,4.71,274,44,0.0417,0.401,1.52,0.0,-0.3636,1.2178,0.2668,1.4719,0.001779,57.8,2026,6,2,Jun 2026
BIZ_144,Filter Kitchen,Cafe,Gachibowli,West,17.430474,78.381753,3,1.5,False,2025-01-01,3.84,3735,247,0.426,0.429,12.0,3.94,3.3,382,70,0.0491,0.482,164.67,0.0,0.0,0.9438,7.0936,0.7998,0.047291,48.8,2025,1,1,Jan 2025
BIZ_144,Filter Kitchen,Cafe,Gachibowli,West,17.430474,78.381753,3,1.6,False,2025-02-01,3.91,4017,282,0.473,0.521,3.9,3.42,2.92,403,63,0.0277,0.373,176.25,0.07,0.1417,0.9574,8.5214,0.8947,0.056809,44.9,2025,2,1,Feb 2025
BIZ_144,Filter Kitchen,Cafe,Gachibowli,West,17.430474,78.381753,3,1.7,False,2025-03-01,3.91,4271,254,0.358,0.494,5.3,3.53,3.72,290,80,0.0286,0.534,149.41,0.0,-0.0993,0.9529,7.7219,0.6847,0.05148,42.5,2025,3,1,Mar 2025
BIZ_144,Filter Kitchen,Cafe,Gachibowli,West,17.430474,78.381753,3,1.8,False,2025-04-01,4.05,4415,144,0.302,0.52,5.7,3.95,4.04,319,39,0.0634,0.516,80.0,0.14,-0.4331,0.9817,4.3787,0.5694,0.029191,38.9,2025,4,2,Apr 2025
BIZ_144,Filter Kitchen,Cafe,Gachibowli,West,17.430474,78.381753,3,1.8,False,2025-05-01,4.03,4611,196,0.408,0.713,3.1,4.07,3.38,363,18,0.0232,0.362,108.89,-0.02,0.3611,0.9782,6.8515,0.7753,0.045677,41.3,2025,5,2,May 2025
BIZ_144,Filter Kitchen,Cafe,Gachibowli,West,17.430474,78.381753,3,1.9,False,2025-06-01,3.81,4831,220,0.554,0.531,8.0,3.92,3.44,173,50,0.0475,0.433,115.79,-0.22,0.1224,0.9318,7.8721,1.0433,0.052481,48.0,2025,6,2,Jun 2025
BIZ_144,Filter Kitchen,Cafe,Gachibowli,West,17.430474,78.381753,3,2.0,False,2025-07-01,3.88,5040,209,0.536,0.44,10.1,3.8,3.85,279,64,0.0373,0.46,104.5,0.07,-0.05,0.9538,8.6316,1.0019,0.057544,47.8,2025,7,3,Jul 2025
BIZ_144,Filter Kitchen,Cafe,Gachibowli,West,17.430474,78.381753,3,2.1,False,2025-08-01,3.83,5144,104,0.572,0.543,5.7,3.02,3.86,239,44,0.0493,0.473,49.52,-0.05,-0.5024,0.9484,4.2049,1.0609,0.028032,37.9,2025,8,3,Aug 2025
BIZ_144,Filter Kitchen,Cafe,Gachibowli,West,17.430474,78.381753,3,2.2,False,2025-09-01,3.88,5398,254,0.522,0.304,11.9,4.05,3.67,280,56,0.0382,0.346,115.45,0.05,1.4423,0.9638,8.7205,0.9773,0.058137,44.8,2025,9,3,Sep 2025
BIZ_144,Filter Kitchen,Cafe,Gachibowli,West,17.430474,78.381753,3,2.2,False,2025-10-01,3.84,5538,140,0.396,0.5,8.2,3.73,3.47,284,75,0.0435,0.415,63.64,-0.04,-0.4488,0.9537,4.8132,0.7413,0.032088,37.3,2025,10,4,Oct 2025
BIZ_144,Filter Kitchen,Cafe,Gachibowli,West,17.430474,78.381753,3,2.3,False,2025-11-01,3.94,5649,111,0.453,0.494,5.8,3.59,3.29,398,87,0.0375,0.454,48.26,0.1,-0.2071,0.9781,3.5615,0.8324,0.023743,37.5,2025,11,4,Nov 2025
BIZ_144,Filter Kitchen,Cafe,Gachibowli,West,17.430474,78.381753,3,2.4,False,2025-12-01,3.89,5791,142,0.473,0.668,5.3,3.7,4.02,372,63,0.0374,0.365,59.17,-0.05,0.2793,0.9617,4.3469,0.8734,0.02898,39.9,2025,12,4,Dec 2025
BIZ_144,Filter Kitchen,Cafe,Gachibowli,West,17.430474,78.381753,3,2.5,False,2026-01-01,4.02,5996,205,0.515,0.559,5.5,3.64,4.1,331,47,0.03,0.389,82.0,0.13,0.4437,0.9849,6.2794,0.9593,0.041862,45.8,2026,1,1,Jan 2026
BIZ_144,Filter Kitchen,Cafe,Gachibowli,West,17.430474,78.381753,3,2.6,False,2026-02-01,3.93,6082,86,0.53,0.598,4.7,3.88,3.61,240,66,0.0201,0.365,33.08,-0.09,-0.5805,0.9591,2.622,0.9921,0.01748,36.4,2026,2,1,Feb 2026
BIZ_144,Filter Kitchen,Cafe,Gachibowli,West,17.430474,78.381753,3,2.7,False,2026-03-01,4.01,6208,126,0.587,0.509,3.7,3.33,4.35,450,44,0.0349,0.429,46.67,0.08,0.4651,0.9755,3.8005,1.0551,0.025337,41.3,2026,3,1,Mar 2026
BIZ_144,Filter Kitchen,Cafe,Gachibowli,West,17.430474,78.381753,3,2.8,False,2026-04-01,3.96,6426,218,0.462,0.509,14.0,3.58,4.03,248,60,0.0473,0.492,77.86,-0.05,0.7302,0.9593,7.6135,0.8522,0.050757,56.0,2026,4,2,Apr 2026
BIZ_144,Filter Kitchen,Cafe,Gachibowli,West,17.430474,78.381753,3,2.8,False,2026-05-01,4.04,6623,197,0.568,0.464,9.9,3.98,3.8,277,69,0.0291,0.424,70.36,0.08,-0.0963,0.9819,7.024,1.0409,0.046827,44.4,2026,5,2,May 2026
BIZ_144,Filter Kitchen,Cafe,Gachibowli,West,17.430474,78.381753,3,2.9,False,2026-06-01,4.04,6815,192,0.456,0.495,4.6,3.66,4.07,402,70,0.0374,0.314,66.21,0.0,-0.0254,0.984,7.3189,0.8327,0.048793,49.9,2026,6,2,Jun 2026
BIZ_145,The Leaf,Cafe,Begumpet,Central,17.438817,78.476987,4,7.0,False,2025-01-01,4.91,629,10,0.983,0.423,6.3,4.76,4.53,258,59,0.0364,0.45,1.43,0.0,0.0,1.2067,0.2872,1.8456,0.001915,60.1,2025,1,1,Jan 2025
BIZ_145,The Leaf,Cafe,Begumpet,Central,17.438817,78.476987,4,7.1,False,2025-02-01,4.73,640,11,0.876,0.192,11.1,4.74,3.87,240,43,0.0483,0.47,1.55,-0.18,0.1,1.1581,0.3324,1.657,0.002216,53.5,2025,2,1,Feb 2025
BIZ_145,The Leaf,Cafe,Begumpet,Central,17.438817,78.476987,4,7.2,False,2025-03-01,4.86,650,10,0.785,0.49,12.8,4.44,4.36,277,88,0.0426,0.453,1.39,0.13,-0.0909,1.1845,0.304,1.5013,0.002027,52.9,2025,3,1,Mar 2025
BIZ_145,The Leaf,Cafe,Begumpet,Central,17.438817,78.476987,4,7.2,False,2025-04-01,4.79,659,9,0.849,0.573,2.9,4.74,4.23,234,38,0.0284,0.465,1.25,-0.07,-0.1,1.1611,0.2737,1.6008,0.001824,52.1,2025,4,2,Apr 2025
BIZ_145,The Leaf,Cafe,Begumpet,Central,17.438817,78.476987,4,7.3,False,2025-05-01,4.92,666,7,0.842,0.542,10.8,5.0,4.65,249,14,0.0232,0.438,0.96,0.13,-0.2222,1.1942,0.2447,1.6,0.001631,53.7,2025,5,2,May 2025
BIZ_145,The Leaf,Cafe,Begumpet,Central,17.438817,78.476987,4,7.4,False,2025-06-01,4.78,676,10,0.965,0.633,7.0,4.54,4.2,197,40,0.0306,0.433,1.35,-0.14,0.4286,1.1691,0.3578,1.8173,0.002385,53.9,2025,6,2,Jun 2025
BIZ_145,The Leaf,Cafe,Begumpet,Central,17.438817,78.476987,4,7.5,False,2025-07-01,4.87,684,8,0.8,0.639,5.2,5.0,4.66,218,44,0.0454,0.402,1.07,0.09,-0.2,1.1972,0.3304,1.4954,0.002203,54.9,2025,7,3,Jul 2025
BIZ_145,The Leaf,Cafe,Begumpet,Central,17.438817,78.476987,4,7.6,False,2025-08-01,4.81,691,7,0.948,0.518,6.1,4.39,3.96,254,26,0.0216,0.472,0.92,-0.06,-0.125,1.191,0.283,1.7583,0.001887,51.4,2025,8,3,Aug 2025
BIZ_145,The Leaf,Cafe,Begumpet,Central,17.438817,78.476987,4,7.7,False,2025-09-01,4.59,698,7,0.939,0.57,1.8,3.98,4.48,234,17,0.0252,0.591,0.91,-0.22,0.0,1.1401,0.2403,1.758,0.001602,47.6,2025,9,3,Sep 2025
BIZ_145,The Leaf,Cafe,Begumpet,Central,17.438817,78.476987,4,7.8,False,2025-10-01,4.8,705,7,0.924,0.495,6.8,4.83,4.32,125,56,0.0672,0.488,0.9,0.21,0.0,1.1922,0.2407,1.7296,0.001604,60.4,2025,10,4,Oct 2025
BIZ_145,The Leaf,Cafe,Begumpet,Central,17.438817,78.476987,4,7.8,False,2025-11-01,4.72,715,10,1.0,0.579,2.3,4.73,4.74,212,66,0.0558,0.505,1.28,-0.08,0.4286,1.1717,0.3209,1.8376,0.002139,58.5,2025,11,4,Nov 2025
BIZ_145,The Leaf,Cafe,Begumpet,Central,17.438817,78.476987,4,7.9,False,2025-12-01,4.81,723,8,0.909,0.558,2.8,4.86,4.19,269,61,0.0235,0.475,1.01,0.09,-0.2,1.1891,0.2449,1.6786,0.001633,52.3,2025,12,4,Dec 2025
BIZ_145,The Leaf,Cafe,Begumpet,Central,17.438817,78.476987,4,8.0,False,2026-01-01,4.91,728,5,0.905,0.388,5.5,4.71,5.0,254,72,0.0341,0.498,0.62,0.1,-0.375,1.2029,0.1532,1.6857,0.001021,55.1,2026,1,1,Jan 2026
BIZ_145,The Leaf,Cafe,Begumpet,Central,17.438817,78.476987,4,8.1,False,2026-02-01,4.86,733,5,0.943,0.495,5.2,4.67,4.35,294,55,0.0238,0.459,0.62,-0.05,0.0,1.1861,0.1524,1.7651,0.001016,55.7,2026,2,1,Feb 2026
BIZ_145,The Leaf,Cafe,Begumpet,Central,17.438817,78.476987,4,8.2,False,2026-03-01,4.97,742,9,1.0,0.448,6.9,4.83,4.45,330,65,0.0223,0.495,1.1,0.11,0.8,1.2091,0.2715,1.7974,0.00181,59.2,2026,3,1,Mar 2026
BIZ_145,The Leaf,Cafe,Begumpet,Central,17.438817,78.476987,4,8.2,False,2026-04-01,4.95,748,6,0.951,0.542,7.0,4.95,4.57,256,53,0.0204,0.466,0.73,-0.02,-0.3333,1.1991,0.2095,1.7542,0.001397,56.3,2026,4,2,Apr 2026
BIZ_145,The Leaf,Cafe,Begumpet,Central,17.438817,78.476987,4,8.3,False,2026-05-01,4.78,758,10,1.0,0.587,4.0,4.7,4.63,264,37,0.0812,0.492,1.2,-0.17,0.6667,1.1617,0.3565,1.8325,0.002377,63.5,2026,5,2,May 2026
BIZ_145,The Leaf,Cafe,Begumpet,Central,17.438817,78.476987,4,8.4,False,2026-06-01,4.84,765,7,0.939,0.556,12.5,5.0,4.69,345,41,0.0575,0.503,0.83,0.06,-0.3,1.1788,0.2668,1.7147,0.001779,61.0,2026,6,2,Jun 2026
BIZ_146,Silver Swirl Hub,Restaurant & Cafe,Hitech City,West,17.436411,78.40278,3,9.5,False,2025-01-01,3.98,4881,14,0.301,0.409,5.5,3.87,3.91,544,73,0.1099,0.41,1.47,0.0,0.0,0.9782,0.4021,0.5651,0.00268,42.5,2025,1,1,Jan 2025
BIZ_146,Silver Swirl Hub,Restaurant & Cafe,Hitech City,West,17.436411,78.40278,3,9.6,False,2025-02-01,4.14,4906,25,0.161,0.523,4.2,4.24,3.98,704,93,0.0268,0.45,2.6,0.16,0.7857,1.0137,0.7554,0.3045,0.005036,30.5,2025,2,1,Feb 2025
BIZ_146,Silver Swirl Hub,Restaurant & Cafe,Hitech City,West,17.436411,78.40278,3,9.7,False,2025-03-01,4.2,4943,37,0.419,0.467,13.8,3.97,3.89,405,108,0.0241,0.351,3.81,0.06,0.48,1.0236,1.1248,0.8014,0.007499,37.9,2025,3,1,Mar 2025
BIZ_146,Silver Swirl Hub,Restaurant & Cafe,Hitech City,West,17.436411,78.40278,3,9.8,False,2025-04-01,4.09,4965,22,0.174,0.521,4.8,3.82,3.96,397,148,0.089,0.444,2.24,-0.11,-0.4054,0.9914,0.669,0.3281,0.00446,34.7,2025,4,2,Apr 2025
BIZ_146,Silver Swirl Hub,Restaurant & Cafe,Hitech City,West,17.436411,78.40278,3,9.8,False,2025-05-01,4.12,4996,31,0.242,0.443,3.1,3.85,4.09,589,75,0.0516,0.467,3.16,0.03,0.4091,1.0,1.0837,0.4599,0.007224,35.2,2025,5,2,May 2025
BIZ_146,Silver Swirl Hub,Restaurant & Cafe,Hitech City,West,17.436411,78.40278,3,9.9,False,2025-06-01,4.06,5018,22,0.364,0.416,4.5,4.24,3.94,485,127,0.0427,0.455,2.22,-0.06,-0.2903,0.993,0.7872,0.6855,0.005248,35.5,2025,6,2,Jun 2025
BIZ_146,Silver Swirl Hub,Restaurant & Cafe,Hitech City,West,17.436411,78.40278,3,10.0,False,2025-07-01,3.94,5042,24,0.345,0.451,2.5,3.47,3.69,563,62,0.0246,0.444,2.4,-0.12,0.0909,0.9686,0.9912,0.6449,0.006608,27.6,2025,7,3,Jul 2025
BIZ_146,Silver Swirl Hub,Restaurant & Cafe,Hitech City,West,17.436411,78.40278,3,10.1,False,2025-08-01,3.96,5078,36,0.353,0.78,4.7,4.24,4.05,423,71,0.0507,0.447,3.56,0.02,0.5,0.9806,1.4555,0.6547,0.009704,38.0,2025,8,3,Aug 2025
BIZ_146,Silver Swirl Hub,Restaurant & Cafe,Hitech City,West,17.436411,78.40278,3,10.2,False,2025-09-01,3.97,5125,47,0.36,0.491,5.1,3.68,3.94,396,90,0.1039,0.477,4.61,0.01,0.3056,0.9861,1.6136,0.674,0.010758,40.7,2025,9,3,Sep 2025
BIZ_146,Silver Swirl Hub,Restaurant & Cafe,Hitech City,West,17.436411,78.40278,3,10.2,False,2025-10-01,4.1,5144,19,0.414,0.682,10.1,3.75,4.1,620,108,0.0335,0.447,1.86,0.13,-0.5957,1.0183,0.6532,0.775,0.004355,32.9,2025,10,4,Oct 2025
BIZ_146,Silver Swirl Hub,Restaurant & Cafe,Hitech City,West,17.436411,78.40278,3,10.3,False,2025-11-01,4.03,5175,31,0.273,0.571,3.7,3.66,3.84,584,118,0.0675,0.352,3.01,-0.07,0.6316,1.0004,0.9947,0.5017,0.006631,37.4,2025,11,4,Nov 2025
BIZ_146,Silver Swirl Hub,Restaurant & Cafe,Hitech City,West,17.436411,78.40278,3,10.4,False,2025-12-01,4.19,5219,44,0.469,0.664,9.8,3.85,3.93,539,98,0.0331,0.438,4.23,0.16,0.4194,1.0358,1.3469,0.8661,0.00898,38.5,2025,12,4,Dec 2025
BIZ_146,Silver Swirl Hub,Restaurant & Cafe,Hitech City,West,17.436411,78.40278,3,10.5,False,2026-01-01,4.15,5264,45,0.254,0.519,5.1,3.85,3.77,489,131,0.0223,0.462,4.29,-0.04,0.0227,1.0167,1.3784,0.4731,0.009189,31.5,2026,1,1,Jan 2026
BIZ_146,Silver Swirl Hub,Restaurant & Cafe,Hitech City,West,17.436411,78.40278,3,10.6,False,2026-02-01,4.12,5322,58,0.581,0.56,7.6,3.44,3.82,518,79,0.0711,0.434,5.47,-0.03,0.2889,1.0055,1.7683,1.0875,0.011789,46.7,2026,2,1,Feb 2026
BIZ_146,Silver Swirl Hub,Restaurant & Cafe,Hitech City,West,17.436411,78.40278,3,10.7,False,2026-03-01,3.99,5369,47,0.36,0.756,3.5,3.11,4.02,422,106,0.0315,0.432,4.39,-0.13,-0.1897,0.9707,1.4177,0.6471,0.009451,31.3,2026,3,1,Mar 2026
BIZ_146,Silver Swirl Hub,Restaurant & Cafe,Hitech City,West,17.436411,78.40278,3,10.8,False,2026-04-01,4.12,5415,46,0.428,0.542,8.3,3.85,4.27,304,115,0.0235,0.507,4.26,0.13,-0.0213,0.998,1.6065,0.7895,0.01071,38.3,2026,4,2,Apr 2026
BIZ_146,Silver Swirl Hub,Restaurant & Cafe,Hitech City,West,17.436411,78.40278,3,10.8,False,2026-05-01,4.1,5445,30,0.322,0.398,8.7,3.79,4.16,307,101,0.0208,0.577,2.78,-0.02,-0.3478,0.9965,1.0696,0.5901,0.007131,30.4,2026,5,2,May 2026
BIZ_146,Silver Swirl Hub,Restaurant & Cafe,Hitech City,West,17.436411,78.40278,3,10.9,False,2026-06-01,3.99,5500,55,0.41,0.466,6.9,4.1,3.41,487,83,0.0342,0.513,5.05,-0.11,0.8333,0.9718,2.0966,0.7487,0.013977,40.6,2026,6,2,Jun 2026
BIZ_147,Amber Steam Station,Restaurant & Cafe,Madhapur,West,17.434216,78.367972,3,2.3,False,2025-01-01,3.6,220,7,0.232,0.272,5.3,3.0,3.83,280,43,0.0261,0.38,3.04,0.0,0.0,0.8848,0.201,0.4356,0.00134,23.5,2025,1,1,Jan 2025
BIZ_147,Amber Steam Station,Restaurant & Cafe,Madhapur,West,17.434216,78.367972,3,2.4,False,2025-02-01,3.55,229,9,0.183,0.472,6.8,3.66,3.75,271,83,0.0263,0.369,3.75,-0.05,0.2857,0.8692,0.272,0.3461,0.001813,19.3,2025,2,1,Feb 2025
BIZ_147,Amber Steam Station,Restaurant & Cafe,Madhapur,West,17.434216,78.367972,3,2.5,False,2025-03-01,3.71,236,7,0.105,0.497,12.8,3.77,3.38,260,68,0.0294,0.398,2.8,0.16,-0.2222,0.9042,0.2128,0.2008,0.001419,21.8,2025,3,1,Mar 2025
BIZ_147,Amber Steam Station,Restaurant & Cafe,Madhapur,West,17.434216,78.367972,3,2.5,False,2025-04-01,3.61,246,10,0.275,0.394,5.6,3.43,3.35,236,24,0.0298,0.429,4.0,-0.1,0.4286,0.8751,0.3041,0.5185,0.002027,23.4,2025,4,2,Apr 2025
BIZ_147,Amber Steam Station,Restaurant & Cafe,Madhapur,West,17.434216,78.367972,3,2.6,False,2025-05-01,3.49,258,12,0.167,0.432,4.5,3.47,3.52,209,50,0.0251,0.482,4.62,-0.12,0.2,0.8471,0.4195,0.3173,0.002797,17.8,2025,5,2,May 2025
BIZ_147,Amber Steam Station,Restaurant & Cafe,Madhapur,West,17.434216,78.367972,3,2.7,False,2025-06-01,3.6,267,9,0.037,0.521,2.5,3.39,3.58,304,29,0.0308,0.41,3.33,0.11,-0.25,0.8805,0.322,0.0697,0.002147,18.4,2025,6,2,Jun 2025
BIZ_147,Amber Steam Station,Restaurant & Cafe,Madhapur,West,17.434216,78.367972,3,2.8,False,2025-07-01,3.43,273,6,0.284,0.521,3.7,3.09,3.42,217,72,0.025,0.389,2.14,-0.17,-0.3333,0.8432,0.2478,0.5309,0.001652,17.0,2025,7,3,Jul 2025
BIZ_147,Amber Steam Station,Restaurant & Cafe,Madhapur,West,17.434216,78.367972,3,2.9,False,2025-08-01,3.54,280,7,0.066,0.58,2.8,3.33,3.18,189,68,0.0615,0.448,2.41,0.11,0.1667,0.8766,0.283,0.1224,0.001887,24.5,2025,8,3,Aug 2025
BIZ_147,Amber Steam Station,Restaurant & Cafe,Madhapur,West,17.434216,78.367972,3,3.0,False,2025-09-01,3.53,287,7,0.232,0.657,6.2,3.37,3.56,237,63,0.0383,0.37,2.33,-0.01,0.0,0.8768,0.2403,0.4343,0.001602,23.0,2025,9,3,Sep 2025
BIZ_147,Amber Steam Station,Restaurant & Cafe,Madhapur,West,17.434216,78.367972,3,3.0,False,2025-10-01,3.51,295,8,0.25,0.58,7.6,2.9,3.63,225,41,0.0201,0.478,2.67,-0.02,0.1429,0.8718,0.275,0.468,0.001834,18.7,2025,10,4,Oct 2025
BIZ_147,Amber Steam Station,Restaurant & Cafe,Madhapur,West,17.434216,78.367972,3,3.1,False,2025-11-01,3.57,302,7,0.231,0.386,4.2,2.87,3.29,302,49,0.0282,0.455,2.26,0.06,-0.125,0.8862,0.2246,0.4245,0.001497,20.1,2025,11,4,Nov 2025
BIZ_147,Amber Steam Station,Restaurant & Cafe,Madhapur,West,17.434216,78.367972,3,3.2,False,2025-12-01,3.65,313,11,0.213,0.513,5.5,2.81,3.15,274,53,0.052,0.438,3.44,0.08,0.5714,0.9023,0.3367,0.3933,0.002245,25.2,2025,12,4,Dec 2025
BIZ_147,Amber Steam Station,Restaurant & Cafe,Madhapur,West,17.434216,78.367972,3,3.3,False,2026-01-01,3.68,322,9,0.246,0.634,6.1,3.48,3.46,269,70,0.0459,0.38,2.73,0.03,-0.1818,0.9016,0.2757,0.4582,0.001838,26.3,2026,1,1,Jan 2026
BIZ_147,Amber Steam Station,Restaurant & Cafe,Madhapur,West,17.434216,78.367972,3,3.4,False,2026-02-01,3.64,329,7,0.286,0.711,5.1,3.51,3.22,197,55,0.03,0.441,2.06,-0.04,-0.2222,0.8884,0.2134,0.5353,0.001423,26.2,2026,2,1,Feb 2026
BIZ_147,Amber Steam Station,Restaurant & Cafe,Madhapur,West,17.434216,78.367972,3,3.5,False,2026-03-01,3.6,341,12,0.4,0.443,8.9,2.81,3.48,240,38,0.0222,0.523,3.43,-0.04,0.7143,0.8758,0.362,0.719,0.002413,25.4,2026,3,1,Mar 2026
BIZ_147,Amber Steam Station,Restaurant & Cafe,Madhapur,West,17.434216,78.367972,3,3.5,False,2026-04-01,3.76,349,8,0.336,0.439,13.1,3.09,3.79,274,38,0.067,0.448,2.29,0.16,-0.3333,0.9108,0.2794,0.6198,0.001863,32.2,2026,4,2,Apr 2026
BIZ_147,Amber Steam Station,Restaurant & Cafe,Madhapur,West,17.434216,78.367972,3,3.6,False,2026-05-01,3.58,351,2,0.217,0.652,3.4,3.44,3.4,240,26,0.0319,0.426,0.56,-0.18,-0.75,0.8701,0.0713,0.3976,0.000475,21.2,2026,5,2,May 2026
BIZ_147,Amber Steam Station,Restaurant & Cafe,Madhapur,West,17.434216,78.367972,3,3.7,False,2026-06-01,3.64,354,3,0.388,0.532,9.7,3.81,3.78,185,40,0.053,0.466,0.81,0.06,0.5,0.8866,0.1144,0.7085,0.000762,34.0,2026,6,2,Jun 2026
BIZ_148,Grind Works,Bakery & Cafe,Hitech City,West,17.5073,78.379067,1,3.4,False,2025-01-01,4.14,871,29,0.523,0.623,4.2,3.4,4.53,307,36,0.0341,0.418,8.53,0.0,0.0,1.0175,0.8329,0.9819,0.005552,38.5,2025,1,1,Jan 2025
BIZ_148,Grind Works,Bakery & Cafe,Hitech City,West,17.5073,78.379067,1,3.5,False,2025-02-01,4.06,890,19,0.433,0.599,7.1,3.86,4.51,322,54,0.0389,0.48,5.43,-0.08,-0.3448,0.9941,0.5741,0.819,0.003828,32.0,2025,2,1,Feb 2025
BIZ_148,Grind Works,Bakery & Cafe,Hitech City,West,17.5073,78.379067,1,3.6,False,2025-03-01,3.96,912,22,0.457,0.624,2.6,3.76,4.37,306,51,0.0931,0.44,6.11,-0.1,0.1579,0.9651,0.6688,0.874,0.004459,40.9,2025,3,1,Mar 2025
BIZ_148,Grind Works,Bakery & Cafe,Hitech City,West,17.5073,78.379067,1,3.6,False,2025-04-01,4.06,937,25,0.534,0.561,8.8,3.55,4.14,253,40,0.0261,0.429,6.94,0.1,0.1364,0.9841,0.7602,1.0069,0.005068,33.4,2025,4,2,Apr 2025
BIZ_148,Grind Works,Bakery & Cafe,Hitech City,West,17.5073,78.379067,1,3.7,False,2025-05-01,4.18,958,21,0.62,0.631,5.1,4.34,4.36,176,39,0.0322,0.276,5.68,0.12,-0.16,1.0146,0.7341,1.1782,0.004894,39.9,2025,5,2,May 2025
BIZ_148,Grind Works,Bakery & Cafe,Hitech City,West,17.5073,78.379067,1,3.8,False,2025-06-01,4.06,977,19,0.583,0.521,9.2,3.73,4.18,270,6,0.0204,0.33,5.0,-0.12,-0.0952,0.993,0.6799,1.0979,0.004532,33.9,2025,6,2,Jun 2025
BIZ_148,Grind Works,Bakery & Cafe,Hitech City,West,17.5073,78.379067,1,3.9,False,2025-07-01,4.09,998,21,0.516,0.489,15.6,4.04,4.19,150,22,0.0695,0.4,5.38,0.03,0.1053,1.0055,0.8673,0.9645,0.005782,41.2,2025,7,3,Jul 2025
BIZ_148,Grind Works,Bakery & Cafe,Hitech City,West,17.5073,78.379067,1,4.0,False,2025-08-01,4.12,1015,17,0.346,0.364,8.8,3.54,4.79,170,43,0.0216,0.469,4.25,0.03,-0.1905,1.0202,0.6873,0.6417,0.004582,30.4,2025,8,3,Aug 2025
BIZ_148,Grind Works,Bakery & Cafe,Hitech City,West,17.5073,78.379067,1,4.1,False,2025-09-01,4.23,1039,24,0.319,0.476,5.4,3.93,4.12,186,60,0.0315,0.443,5.85,0.11,0.4118,1.0507,0.824,0.5972,0.005493,34.8,2025,9,3,Sep 2025
BIZ_148,Grind Works,Bakery & Cafe,Hitech City,West,17.5073,78.379067,1,4.2,False,2025-10-01,4.05,1056,17,0.508,0.499,3.0,3.94,4.2,256,41,0.0385,0.458,4.05,-0.18,-0.2917,1.0059,0.5845,0.9509,0.003896,36.0,2025,10,4,Oct 2025
BIZ_148,Grind Works,Bakery & Cafe,Hitech City,West,17.5073,78.379067,1,4.2,False,2025-11-01,4.01,1089,33,0.455,0.465,9.8,3.29,4.18,265,61,0.0203,0.485,7.86,-0.04,0.9412,0.9955,1.0588,0.8361,0.007059,32.2,2025,11,4,Nov 2025
BIZ_148,Grind Works,Bakery & Cafe,Hitech City,West,17.5073,78.379067,1,4.3,False,2025-12-01,4.07,1119,30,0.449,0.543,6.4,3.93,4.59,322,36,0.0316,0.452,6.98,0.06,-0.0909,1.0062,0.9184,0.8291,0.006122,35.3,2025,12,4,Dec 2025
BIZ_148,Grind Works,Bakery & Cafe,Hitech City,West,17.5073,78.379067,1,4.4,False,2026-01-01,4.06,1152,33,0.57,0.493,3.2,3.33,3.99,303,55,0.0837,0.426,7.5,-0.01,0.1,0.9947,1.0108,1.0617,0.006739,46.2,2026,1,1,Jan 2026
BIZ_148,Grind Works,Bakery & Cafe,Hitech City,West,17.5073,78.379067,1,4.5,False,2026-02-01,4.19,1177,25,0.388,0.421,16.5,4.31,4.6,283,79,0.0514,0.413,5.56,0.13,-0.2424,1.0226,0.7622,0.7263,0.005081,41.1,2026,2,1,Feb 2026
BIZ_148,Grind Works,Bakery & Cafe,Hitech City,West,17.5073,78.379067,1,4.6,False,2026-03-01,4.05,1199,22,0.479,0.544,2.7,4.24,3.91,333,48,0.0313,0.362,4.78,-0.14,-0.12,0.9853,0.6636,0.861,0.004424,37.4,2026,3,1,Mar 2026
BIZ_148,Grind Works,Bakery & Cafe,Hitech City,West,17.5073,78.379067,1,4.7,False,2026-04-01,4.19,1225,26,0.577,0.364,5.0,4.16,4.42,264,44,0.0357,0.48,5.53,0.14,0.1818,1.015,0.908,1.0643,0.006054,43.7,2026,4,2,Apr 2026
BIZ_148,Grind Works,Bakery & Cafe,Hitech City,West,17.5073,78.379067,1,4.7,False,2026-05-01,4.13,1251,26,0.501,0.351,7.5,4.07,4.38,211,53,0.0276,0.587,5.53,-0.06,0.0,1.0038,0.927,0.9181,0.00618,36.3,2026,5,2,May 2026
BIZ_148,Grind Works,Bakery & Cafe,Hitech City,West,17.5073,78.379067,1,4.8,False,2026-06-01,4.16,1265,14,0.417,0.598,7.8,4.2,4.25,232,45,0.0264,0.499,2.92,0.03,-0.4615,1.0132,0.5337,0.7615,0.003558,36.3,2026,6,2,Jun 2026
BIZ_149,Ivory Rise,Restaurant & Cafe,Ameerpet,Central,17.405544,78.443852,2,0.9,False,2025-01-01,4.54,1300,150,0.657,0.584,9.0,4.38,4.44,315,57,0.0387,0.458,166.67,0.0,0.0,1.1158,4.3079,1.2335,0.028719,56.2,2025,1,1,Jan 2025
BIZ_149,Ivory Rise,Restaurant & Cafe,Ameerpet,Central,17.405544,78.443852,2,1.0,False,2025-02-01,4.41,1378,78,0.7,0.581,4.4,3.94,4.46,257,53,0.0362,0.484,78.0,-0.13,-0.48,1.0798,2.357,1.3241,0.015713,44.7,2025,2,1,Feb 2025
BIZ_149,Ivory Rise,Restaurant & Cafe,Ameerpet,Central,17.405544,78.443852,2,1.1,False,2025-03-01,4.45,1471,93,0.626,0.593,2.3,4.3,3.93,256,64,0.0282,0.444,84.55,0.04,0.1923,1.0845,2.8273,1.1972,0.018849,48.7,2025,3,1,Mar 2025
BIZ_149,Ivory Rise,Restaurant & Cafe,Ameerpet,Central,17.405544,78.443852,2,1.1,False,2025-04-01,4.56,1586,115,0.503,0.545,3.5,4.3,4.8,288,66,0.0684,0.417,104.55,0.11,0.2366,1.1053,3.4969,0.9484,0.023312,51.0,2025,4,2,Apr 2025
BIZ_149,Ivory Rise,Restaurant & Cafe,Ameerpet,Central,17.405544,78.443852,2,1.2,False,2025-05-01,4.48,1678,92,0.595,0.512,3.7,4.27,4.4,208,29,0.0425,0.405,76.67,-0.08,-0.2,1.0874,3.216,1.1306,0.02144,48.5,2025,5,2,May 2025
BIZ_149,Ivory Rise,Restaurant & Cafe,Ameerpet,Central,17.405544,78.443852,2,1.3,False,2025-06-01,4.37,1855,177,0.672,0.477,6.2,4.24,4.21,191,41,0.0271,0.45,136.15,-0.11,0.9239,1.0688,6.3335,1.2655,0.042223,53.1,2025,6,2,Jun 2025
BIZ_149,Ivory Rise,Restaurant & Cafe,Ameerpet,Central,17.405544,78.443852,2,1.4,False,2025-07-01,4.42,1958,103,0.824,0.341,19.3,4.67,4.37,187,55,0.0833,0.441,73.57,0.05,-0.4181,1.0866,4.2539,1.5403,0.028359,61.3,2025,7,3,Jul 2025
BIZ_149,Ivory Rise,Restaurant & Cafe,Ameerpet,Central,17.405544,78.443852,2,1.5,False,2025-08-01,4.35,2037,79,0.565,0.465,11.8,3.92,4.51,255,27,0.0475,0.459,52.67,-0.07,-0.233,1.0771,3.1941,1.0479,0.021294,45.8,2025,8,3,Aug 2025
BIZ_149,Ivory Rise,Restaurant & Cafe,Ameerpet,Central,17.405544,78.443852,2,1.6,False,2025-09-01,4.26,2138,101,0.596,0.576,5.7,3.56,4.33,317,43,0.0203,0.369,63.12,-0.09,0.2785,1.0581,3.4676,1.1158,0.023117,39.9,2025,9,3,Sep 2025
BIZ_149,Ivory Rise,Restaurant & Cafe,Ameerpet,Central,17.405544,78.443852,2,1.6,False,2025-10-01,4.4,2177,39,0.67,0.481,11.7,4.41,4.27,229,55,0.0328,0.465,24.38,0.14,-0.6139,1.0928,1.3408,1.2542,0.008939,44.2,2025,10,4,Oct 2025
BIZ_149,Ivory Rise,Restaurant & Cafe,Ameerpet,Central,17.405544,78.443852,2,1.7,False,2025-11-01,4.39,2262,85,0.726,0.506,3.4,4.79,4.5,308,69,0.0573,0.489,50.0,-0.01,1.1795,1.0898,2.7273,1.3341,0.018182,55.4,2025,11,4,Nov 2025
BIZ_149,Ivory Rise,Restaurant & Cafe,Ameerpet,Central,17.405544,78.443852,2,1.8,False,2025-12-01,4.33,2393,131,0.66,0.559,5.1,4.36,4.56,136,49,0.035,0.499,72.78,-0.06,0.5412,1.0705,4.0102,1.2188,0.026735,50.1,2025,12,4,Dec 2025
BIZ_149,Ivory Rise,Restaurant & Cafe,Ameerpet,Central,17.405544,78.443852,2,1.9,False,2026-01-01,4.45,2534,141,0.721,0.43,6.0,3.94,4.82,303,63,0.0231,0.552,74.21,0.12,0.0763,1.0902,4.319,1.343,0.028793,49.8,2026,1,1,Jan 2026
BIZ_149,Ivory Rise,Restaurant & Cafe,Ameerpet,Central,17.405544,78.443852,2,2.0,False,2026-02-01,4.57,2672,138,0.9,0.431,5.7,4.41,4.95,235,82,0.0329,0.466,69.0,0.12,-0.0213,1.1153,4.2073,1.6846,0.028049,58.6,2026,2,1,Feb 2026
BIZ_149,Ivory Rise,Restaurant & Cafe,Ameerpet,Central,17.405544,78.443852,2,2.1,False,2026-03-01,4.52,2828,156,0.713,0.452,2.8,4.58,4.55,249,45,0.0702,0.476,74.29,-0.05,0.1304,1.0996,4.7054,1.2816,0.031369,60.5,2026,3,1,Mar 2026
BIZ_149,Ivory Rise,Restaurant & Cafe,Ameerpet,Central,17.405544,78.443852,2,2.1,False,2026-04-01,4.51,2893,65,0.815,0.62,4.6,4.16,4.36,120,55,0.0371,0.434,30.95,-0.01,-0.5833,1.0925,2.2701,1.5033,0.015134,52.3,2026,4,2,Apr 2026
BIZ_149,Ivory Rise,Restaurant & Cafe,Ameerpet,Central,17.405544,78.443852,2,2.2,False,2026-05-01,4.45,2957,64,0.523,0.511,11.5,4.2,4.2,301,58,0.0407,0.453,29.09,-0.06,-0.0154,1.0815,2.2819,0.9584,0.015213,44.8,2026,5,2,May 2026
BIZ_149,Ivory Rise,Restaurant & Cafe,Ameerpet,Central,17.405544,78.443852,2,2.3,False,2026-06-01,4.46,3068,111,0.731,0.574,14.5,4.31,4.17,220,47,0.0319,0.447,48.26,0.01,0.7344,1.0863,4.2313,1.3349,0.028208,55.5,2026,6,2,Jun 2026
BIZ_150,Spice Bar,Bakery & Cafe,Uppal,East,17.445955,78.590043,2,7.9,False,2025-01-01,3.98,332,5,0.536,0.598,1.6,3.79,4.09,395,37,0.0907,0.428,0.63,0.0,0.0,0.9782,0.1436,1.0063,0.000957,43.7,2025,1,1,Jan 2025
BIZ_150,Spice Bar,Bakery & Cafe,Uppal,East,17.445955,78.590043,2,8.0,False,2025-02-01,4.04,338,6,0.58,0.646,8.8,4.44,3.83,253,61,0.026,0.471,0.75,0.06,0.2,0.9892,0.1813,1.0971,0.001209,35.5,2025,2,1,Feb 2025
BIZ_150,Spice Bar,Bakery & Cafe,Uppal,East,17.445955,78.590043,2,8.1,False,2025-03-01,3.99,342,4,0.703,0.594,7.5,4.36,4.01,237,37,0.0309,0.447,0.49,-0.05,-0.3333,0.9724,0.1216,1.3445,0.000811,38.3,2025,3,1,Mar 2025
BIZ_150,Spice Bar,Bakery & Cafe,Uppal,East,17.445955,78.590043,2,8.2,False,2025-04-01,4.15,342,0,0.528,0.607,2.0,3.88,3.86,199,43,0.0276,0.506,0.0,0.16,-1.0,1.006,0.0,0.9956,0.0,32.5,2025,4,2,Apr 2025
BIZ_150,Spice Bar,Bakery & Cafe,Uppal,East,17.445955,78.590043,2,8.2,False,2025-05-01,3.91,348,6,0.551,0.436,9.6,3.87,4.02,266,48,0.0506,0.49,0.73,-0.24,0.0,0.9491,0.2097,1.047,0.001398,36.2,2025,5,2,May 2025
BIZ_150,Spice Bar,Bakery & Cafe,Uppal,East,17.445955,78.590043,2,8.3,False,2025-06-01,4.02,353,5,0.752,0.623,4.1,3.8,3.76,334,67,0.0411,0.364,0.6,0.11,-0.1667,0.9832,0.1789,1.4162,0.001193,38.7,2025,6,2,Jun 2025
BIZ_150,Spice Bar,Bakery & Cafe,Uppal,East,17.445955,78.590043,2,8.4,False,2025-07-01,3.99,357,4,0.63,0.496,8.2,4.2,4.21,272,35,0.0201,0.534,0.48,-0.03,-0.2,0.9809,0.1652,1.1776,0.001101,33.9,2025,7,3,Jul 2025
BIZ_150,Spice Bar,Bakery & Cafe,Uppal,East,17.445955,78.590043,2,8.5,False,2025-08-01,4.07,364,7,0.605,0.59,3.2,3.7,3.57,201,12,0.0394,0.446,0.82,0.08,0.75,1.0078,0.283,1.1221,0.001887,38.3,2025,8,3,Aug 2025
BIZ_150,Spice Bar,Bakery & Cafe,Uppal,East,17.445955,78.590043,2,8.6,False,2025-09-01,4.04,368,4,0.398,0.432,12.3,4.28,3.54,183,36,0.023,0.428,0.47,-0.03,-0.4286,1.0035,0.1373,0.7451,0.000916,32.5,2025,9,3,Sep 2025
BIZ_150,Spice Bar,Bakery & Cafe,Uppal,East,17.445955,78.590043,2,8.7,False,2025-10-01,3.92,371,3,0.588,0.397,4.6,4.02,4.02,284,82,0.0421,0.46,0.34,-0.12,-0.25,0.9736,0.1031,1.1007,0.000688,36.3,2025,10,4,Oct 2025
BIZ_150,Spice Bar,Bakery & Cafe,Uppal,East,17.445955,78.590043,2,8.7,False,2025-11-01,3.8,378,7,0.576,0.57,6.3,3.64,3.81,250,64,0.0298,0.522,0.8,-0.12,1.3333,0.9433,0.2246,1.0585,0.001497,33.9,2025,11,4,Nov 2025
BIZ_150,Spice Bar,Bakery & Cafe,Uppal,East,17.445955,78.590043,2,8.8,False,2025-12-01,3.9,382,4,0.533,0.512,12.8,3.6,4.56,285,87,0.0409,0.464,0.45,0.1,-0.4286,0.9642,0.1224,0.9842,0.000816,32.7,2025,12,4,Dec 2025
BIZ_150,Spice Bar,Bakery & Cafe,Uppal,East,17.445955,78.590043,2,8.9,False,2026-01-01,4.06,389,7,0.694,0.411,7.0,4.24,3.8,193,35,0.0485,0.331,0.79,0.16,0.75,0.9947,0.2144,1.2927,0.001429,45.0,2026,1,1,Jan 2026
BIZ_150,Spice Bar,Bakery & Cafe,Uppal,East,17.445955,78.590043,2,9.0,False,2026-02-01,3.99,393,4,0.531,0.434,2.8,4.36,3.82,353,53,0.0404,0.419,0.44,-0.07,-0.4286,0.9738,0.122,0.9939,0.000813,38.1,2026,2,1,Feb 2026
BIZ_150,Spice Bar,Bakery & Cafe,Uppal,East,17.445955,78.590043,2,9.1,False,2026-03-01,3.96,399,6,0.579,0.534,12.7,3.52,3.72,311,64,0.035,0.445,0.66,-0.03,0.5,0.9634,0.181,1.0407,0.001207,36.6,2026,3,1,Mar 2026
BIZ_150,Spice Bar,Bakery & Cafe,Uppal,East,17.445955,78.590043,2,9.2,False,2026-04-01,4.04,404,5,0.519,0.44,3.8,3.95,4.23,290,44,0.0382,0.444,0.54,0.08,-0.1667,0.9786,0.1746,0.9573,0.001164,37.7,2026,4,2,Apr 2026
BIZ_150,Spice Bar,Bakery & Cafe,Uppal,East,17.445955,78.590043,2,9.2,False,2026-05-01,4.12,405,1,0.576,0.659,1.7,3.96,4.27,212,61,0.0276,0.413,0.11,0.08,-0.8,1.0013,0.0357,1.0555,0.000238,34.9,2026,5,2,May 2026
BIZ_150,Spice Bar,Bakery & Cafe,Uppal,East,17.445955,78.590043,2,9.3,False,2026-06-01,4.05,411,6,0.531,0.672,4.6,3.92,4.04,207,50,0.0251,0.495,0.65,-0.07,5.0,0.9864,0.2287,0.9697,0.001525,43.8,2026,6,2,Jun 2026
