business_id,business_name,category,location,cluster,latitude,longitude,price_level,business_age_years,is_our_business,date,rating,review_count,monthly_reviews,sentiment_score,response_rate,response_time_hours,service_score,value_score,website_visits,social_engagement,engagement_rate,repeat_customer_rate
BIZ_001,Cafe Niloufer,Cafe,Banjara Hills,Central,17.435934,78.446235,1,48.0,True,2025-01-01,4.2,7655,20,0.801,0.78,2.7,,4.33,647.0,179.0,0.0609,0.504
BIZ_001,Cafe Niloufer,Cafe,Banjara Hills,Central,17.435934,78.446235,1,48.1,True,2025-02-01,4.1,7674,19,0.606,0.704,2.4,3.51,4.59,818.0,194.0,0.09,0.387
BIZ_001,Cafe Niloufer,Cafe,Banjara Hills,Central,17.435934,78.446235,1,48.2,True,2025-03-01,4.32,7679,5,0.772,0.714,7.7,4.32,4.18,716.0,194.0,0.0237,0.449
BIZ_001,Cafe Niloufer,Cafe,Banjara Hills,Central,17.435934,78.446235,1,48.2,True,2025-04-01,4.52,7693,14,0.793,0.843,3.9,4.24,4.67,778.0,156.0,0.0352,0.458
BIZ_001,Cafe Niloufer,Cafe,Banjara Hills,Central,17.435934,78.446235,1,48.3,True,2025-05-01,4.27,7704,11,0.802,0.681,4.4,4.11,4.58,709.0,197.0,0.0345,0.569
BIZ_001,Cafe Niloufer,Cafe,Banjara Hills,Central,17.435934,78.446235,1,48.4,True,2025-06-01,4.32,7719,15,0.689,0.801,2.2,3.94,5.0,657.0,147.0,0.0436,0.463
BIZ_001,Cafe Niloufer,Cafe,Banjara Hills,Central,17.435934,78.446235,1,48.5,True,2025-07-01,4.47,7734,15,0.804,0.695,4.4,4.33,4.78,501.0,166.0,0.0415,0.547
BIZ_001,Cafe Niloufer,Cafe,Banjara Hills,Central,17.435934,78.446235,1,48.6,True,2025-08-01,4.2,7746,12,0.726,0.734,4.8,4.09,4.5,942.0,159.0,0.0622,0.381
BIZ_001,Cafe Niloufer,Cafe,Banjara Hills,Central,17.435934,78.446235,1,48.7,True,2025-09-01,4.2,7762,16,0.839,0.812,5.0,4.38,4.33,749.0,97.0,0.0201,0.41
BIZ_001,Cafe Niloufer,Cafe,Banjara Hills,Central,17.435934,78.446235,1,48.8,True,2025-10-01,4.15,7781,19,0.732,0.641,1.6,3.76,4.02,1049.0,,0.0393,0.353
BIZ_001,Cafe Niloufer,Cafe,Banjara Hills,Central,17.435934,78.446235,1,48.8,True,2025-11-01,4.22,7795,14,0.897,0.695,4.3,3.67,4.04,1077.0,83.0,0.0353,0.534
BIZ_001,Cafe Niloufer,Cafe,Banjara Hills,Central,17.435934,78.446235,1,48.9,True,2025-12-01,4.34,7812,17,,0.816,4.1,4.17,4.52,773.0,165.0,0.0333,0.421
BIZ_001,Cafe Niloufer,Cafe,Banjara Hills,Central,17.435934,78.446235,1,49.0,True,2026-01-01,4.24,7831,19,0.771,0.549,6.5,4.5,4.64,813.0,106.0,0.0226,0.493
BIZ_001,Cafe Niloufer,Cafe,Banjara Hills,Central,17.435934,78.446235,1,49.1,True,2026-02-01,4.27,7846,15,0.721,0.68,5.2,3.59,4.58,,204.0,0.0528,0.436
BIZ_001,Cafe Niloufer,Cafe,Banjara Hills,Central,17.435934,78.446235,1,49.2,True,2026-03-01,4.37,7862,16,0.846,0.861,4.1,4.09,4.67,928.0,108.0,0.0306,0.403
BIZ_001,Cafe Niloufer,Cafe,Banjara Hills,Central,17.435934,78.446235,1,49.2,True,2026-04-01,4.32,7872,10,0.913,0.711,7.8,3.92,4.59,658.0,259.0,0.0377,0.491
BIZ_001,Cafe Niloufer,Cafe,Banjara Hills,Central,17.435934,78.446235,1,49.3,True,2026-05-01,4.31,7882,10,0.884,0.862,7.5,3.65,4.58,961.0,66.0,0.0337,0.425
BIZ_001,Cafe Niloufer,Cafe,Banjara Hills,Central,17.435934,78.446235,1,49.4,True,2026-06-01,4.49,7900,18,0.811,0.797,8.3,4.17,4.63,595.0,89.0,0.0251,0.436
BIZ_002,Roastery Coffee House,Coffee Shop,Somajiguda,Central,17.438954,78.479461,2,9.0,False,2025-01-01,4.46,15501,206,0.689,0.591,14.5,3.9,4.15,1931.0,519.0,0.0462,0.435
BIZ_002,Roastery Coffee House,Coffee Shop,Somajiguda,Central,17.438954,78.479461,2,9.1,False,2025-02-01,4.42,15684,183,0.682,0.599,3.1,4.27,4.07,1659.0,257.0,0.0482,0.536
BIZ_002,Roastery Coffee House,Coffee Shop,Somajiguda,Central,17.438954,78.479461,2,9.2,False,2025-03-01,4.35,15813,129,0.559,0.552,7.9,4.17,4.66,1386.0,342.0,0.0482,0.477
BIZ_002,Roastery Coffee House,Coffee Shop,Somajiguda,Central,17.438954,78.479461,2,9.2,False,2025-04-01,4.44,15984,171,0.744,0.466,3.1,3.69,4.57,1167.0,106.0,0.0384,0.512
BIZ_002,Roastery Coffee House,Coffee Shop,Somajiguda,Central,17.438954,78.479461,2,9.3,False,2025-05-01,4.45,16125,141,0.664,0.507,7.2,4.12,4.74,1556.0,331.0,0.0273,0.461
BIZ_002,Roastery Coffee House,Coffee Shop,Somajiguda,Central,17.438954,78.479461,2,9.4,False,2025-06-01,4.37,16271,146,0.588,0.548,5.3,4.5,4.49,1296.0,334.0,0.0386,0.437
BIZ_002,Roastery Coffee House,Coffee Shop,Somajiguda,Central,17.438954,78.479461,2,9.5,False,2025-07-01,4.45,16284,13,0.661,0.508,3.5,4.4,4.46,733.0,196.0,0.0341,0.423
BIZ_002,Roastery Coffee House,Coffee Shop,Somajiguda,Central,17.438954,78.479461,2,9.6,False,2025-08-01,4.37,16355,71,0.699,0.698,7.9,4.11,4.74,1348.0,230.0,0.1023,0.442
BIZ_002,Roastery Coffee House,Coffee Shop,Somajiguda,Central,17.438954,78.479461,2,9.7,False,2025-09-01,4.33,16470,115,0.591,0.575,3.8,4.14,4.15,926.0,359.0,0.0396,0.342
BIZ_002,Roastery Coffee House,Coffee Shop,Somajiguda,Central,17.438954,78.479461,2,9.8,False,2025-10-01,4.44,16553,83,0.625,0.428,2.6,4.4,4.62,1325.0,66.0,0.0204,0.513
BIZ_002,Roastery Coffee House,Coffee Shop,Somajiguda,Central,17.438954,78.479461,2,9.8,False,2025-11-01,4.3,16709,156,0.55,0.446,6.1,3.52,4.82,1253.0,318.0,0.0279,0.461
BIZ_002,Roastery Coffee House,Coffee Shop,Somajiguda,Central,17.438954,78.479461,2,9.9,False,2025-12-01,4.52,16810,101,0.506,0.692,3.9,4.12,4.78,1511.0,502.0,0.0259,0.466
BIZ_002,Roastery Coffee House,Coffee Shop,Somajiguda,Central,17.438954,78.479461,2,10.0,False,2026-01-01,4.49,17032,222,0.728,0.573,7.7,4.1,4.53,1366.0,350.0,0.0467,0.571
BIZ_002,Roastery Coffee House,Coffee Shop,Somajiguda,Central,17.438954,78.479461,2,10.1,False,2026-02-01,4.45,17176,144,0.641,0.41,4.1,4.61,4.29,1379.0,386.0,0.0238,0.484
BIZ_002,Roastery Coffee House,Coffee Shop,Somajiguda,Central,17.438954,78.479461,2,10.2,False,2026-03-01,4.4,17295,119,0.693,0.606,9.5,3.83,4.28,1695.0,238.0,0.0498,0.493
BIZ_002,Roastery Coffee House,Coffee Shop,Somajiguda,Central,17.438954,78.479461,2,10.2,False,2026-04-01,4.64,17409,114,0.693,0.551,6.1,4.9,4.77,1659.0,396.0,0.0227,0.498
BIZ_002,Roastery Coffee House,Coffee Shop,Somajiguda,Central,17.438954,78.479461,2,10.3,False,2026-05-01,4.44,17514,105,0.512,0.371,2.6,4.42,4.48,1241.0,247.0,0.0244,0.485
BIZ_002,Roastery Coffee House,Coffee Shop,Somajiguda,Central,17.438954,78.479461,2,10.4,False,2026-06-01,4.51,17673,159,0.564,0.528,6.4,4.24,4.91,1450.0,326.0,0.05,0.418
BIZ_003,Roast CCX,Coffee Shop,Gachibowli,West,17.443317,78.376317,2,2.0,False,2025-01-01,4.59,6105,335,0.897,0.513,2.7,4.54,4.77,921.0,168.0,,0.508
BIZ_003,Roast CCX,Coffee Shop,Gachibowli,West,17.443317,78.376317,2,2.1,False,2025-02-01,4.49,6430,325,0.889,0.639,6.5,4.24,4.18,622.0,100.0,0.0522,0.493
BIZ_003,Roast CCX,Coffee Shop,Gachibowli,West,17.443317,78.376317,2,2.2,False,2025-03-01,4.53,6740,310,0.982,,,4.42,4.9,449.0,85.0,0.0232,0.516
BIZ_003,Roast CCX,Coffee Shop,Gachibowli,West,17.443317,78.376317,2,2.2,False,2025-04-01,4.62,7104,364,0.842,0.532,8.7,4.0,4.18,397.0,157.0,0.0516,0.489
BIZ_003,Roast CCX,Coffee Shop,Gachibowli,West,17.443317,78.376317,2,2.3,False,2025-05-01,4.58,7486,382,0.858,0.523,3.9,4.94,5.0,,138.0,0.0527,0.519
BIZ_003,Roast CCX,Coffee Shop,Gachibowli,West,17.443317,78.376317,2,2.4,False,2025-06-01,4.59,7636,150,0.889,0.493,,4.6,4.83,508.0,150.0,0.0316,0.458
BIZ_003,Roast CCX,Coffee Shop,Gachibowli,West,17.443317,78.376317,2,2.5,False,2025-07-01,4.54,7779,143,0.886,0.558,2.7,4.39,4.68,699.0,60.0,0.0508,0.469
BIZ_003,Roast CCX,Coffee Shop,Gachibowli,West,17.443317,78.376317,2,2.6,False,2025-08-01,4.51,7961,182,0.992,0.698,9.2,4.16,4.23,514.0,38.0,0.0271,0.532
BIZ_003,Roast CCX,Coffee Shop,Gachibowli,West,17.443317,78.376317,2,2.7,False,2025-09-01,4.55,8156,195,0.945,0.491,11.7,4.02,4.54,552.0,92.0,0.0337,0.563
BIZ_003,Roast CCX,Coffee Shop,Gachibowli,West,17.443317,78.376317,2,2.8,False,2025-10-01,4.53,8352,196,0.958,0.41,7.7,4.56,4.83,560.0,107.0,0.0261,0.498
BIZ_003,Roast CCX,Coffee Shop,Gachibowli,West,17.443317,78.376317,2,2.8,False,2025-11-01,4.55,8549,197,0.854,0.48,13.0,4.19,4.55,626.0,84.0,0.0306,0.517
BIZ_003,Roast CCX,Coffee Shop,Gachibowli,West,17.443317,78.376317,2,2.9,False,2025-12-01,4.57,8825,276,0.977,0.354,5.5,4.61,4.25,680.0,82.0,0.0325,0.484
BIZ_003,Roast CCX,Coffee Shop,Gachibowli,West,17.443317,78.376317,2,3.0,False,2026-01-01,4.64,9043,218,0.919,0.467,4.6,4.63,4.53,774.0,223.0,0.0224,0.501
BIZ_003,Roast CCX,Coffee Shop,Gachibowli,West,17.443317,78.376317,2,3.1,False,2026-02-01,4.7,9327,284,0.922,0.427,6.7,4.18,3.97,696.0,160.0,0.0324,0.568
BIZ_003,Roast CCX,Coffee Shop,Gachibowli,West,17.443317,78.376317,2,3.2,False,2026-03-01,4.58,9534,207,0.965,0.65,4.7,4.19,4.56,543.0,143.0,0.026,0.456
BIZ_003,Roast CCX,Coffee Shop,Gachibowli,West,17.443317,78.376317,2,3.2,False,2026-04-01,4.59,9783,249,1.0,0.542,4.8,4.31,4.2,673.0,111.0,0.0355,0.431
BIZ_003,Roast CCX,Coffee Shop,Gachibowli,West,17.443317,78.376317,2,3.3,False,2026-05-01,4.66,10080,297,1.0,0.641,3.5,3.92,4.71,570.0,152.0,0.0401,0.458
BIZ_003,Roast CCX,Coffee Shop,Gachibowli,West,17.443317,78.376317,2,3.4,False,2026-06-01,4.75,10294,214,1.0,0.558,3.5,4.36,5.0,459.0,85.0,0.0241,0.495
BIZ_004,Concu,Bakery & Cafe,Banjara Hills,Central,17.457584,78.464349,3,14.0,False,2025-01-01,4.52,8310,59,,0.622,4.8,4.4,4.31,1087.0,249.0,0.0236,0.466
BIZ_004,Concu,Bakery & Cafe,Banjara Hills,Central,17.457584,78.464349,3,14.1,False,2025-02-01,4.6,8382,72,1.0,,5.6,,4.31,944.0,164.0,0.0542,0.565
BIZ_004,Concu,Bakery & Cafe,Banjara Hills,Central,17.457584,78.464349,3,14.2,False,2025-03-01,4.57,8430,48,0.671,0.553,10.2,4.34,3.81,768.0,216.0,0.0238,0.517
BIZ_004,Concu,Bakery & Cafe,Banjara Hills,Central,17.457584,78.464349,3,14.2,False,2025-04-01,4.59,8475,45,0.799,,3.5,4.87,4.31,980.0,229.0,0.0287,0.47
BIZ_004,Concu,Bakery & Cafe,Banjara Hills,Central,17.457584,78.464349,3,14.3,False,2025-05-01,4.63,8520,45,0.84,0.607,3.3,4.79,4.15,665.0,170.0,0.0563,0.519
BIZ_004,Concu,Bakery & Cafe,Banjara Hills,Central,17.457584,78.464349,3,14.4,False,2025-06-01,4.41,8564,44,0.985,0.47,4.3,4.36,4.25,741.0,160.0,0.0511,0.414
BIZ_004,Concu,Bakery & Cafe,Banjara Hills,Central,17.457584,78.464349,3,14.5,False,2025-07-01,4.56,8609,45,0.882,0.473,6.5,3.84,3.79,692.0,186.0,0.0296,0.448
BIZ_004,Concu,Bakery & Cafe,Banjara Hills,Central,17.457584,78.464349,3,14.6,False,2025-08-01,4.46,8656,47,,0.641,3.7,4.41,4.19,802.0,166.0,0.0204,0.519
BIZ_004,Concu,Bakery & Cafe,Banjara Hills,Central,17.457584,78.464349,3,14.7,False,2025-09-01,4.4,8711,55,0.801,0.604,3.6,3.93,,,131.0,0.0382,0.422
BIZ_004,Concu,Bakery & Cafe,Banjara Hills,Central,17.457584,78.464349,3,14.8,False,2025-10-01,4.35,8774,63,0.969,0.56,4.8,4.17,4.44,642.0,168.0,0.022,0.488
BIZ_004,Concu,Bakery & Cafe,Banjara Hills,Central,17.457584,78.464349,3,14.8,False,2025-11-01,4.49,8836,62,1.0,0.389,4.8,4.73,4.2,987.0,180.0,0.0317,0.556
BIZ_004,Concu,Bakery & Cafe,Banjara Hills,Central,17.457584,78.464349,3,14.9,False,2025-12-01,4.56,8915,79,0.893,0.578,2.3,4.29,4.15,1232.0,169.0,0.0801,0.549
BIZ_004,Concu,Bakery & Cafe,Banjara Hills,Central,17.457584,78.464349,3,15.0,False,2026-01-01,4.53,9005,90,0.843,0.559,4.8,4.2,3.78,871.0,83.0,,0.4
BIZ_004,Concu,Bakery & Cafe,Banjara Hills,Central,17.457584,78.464349,3,15.1,False,2026-02-01,4.56,9061,56,0.719,0.539,3.7,4.46,4.7,595.0,183.0,0.0737,0.436
BIZ_004,Concu,Bakery & Cafe,Banjara Hills,Central,17.457584,78.464349,3,15.2,False,2026-03-01,4.5,9100,39,0.858,0.58,1.7,4.3,4.57,784.0,138.0,0.03,0.385
BIZ_004,Concu,Bakery & Cafe,Banjara Hills,Central,17.457584,78.464349,3,15.2,False,2026-04-01,4.4,9153,53,0.878,0.412,10.3,4.05,4.23,1042.0,200.0,0.0224,0.433
BIZ_004,Concu,Bakery & Cafe,Banjara Hills,Central,17.457584,78.464349,3,15.3,False,2026-05-01,4.34,9185,32,0.813,0.722,3.2,4.29,4.1,922.0,200.0,0.029,0.47
BIZ_004,Concu,Bakery & Cafe,Banjara Hills,Central,17.457584,78.464349,3,15.4,False,2026-06-01,4.5,9238,53,0.857,0.665,5.2,4.11,4.39,505.0,142.0,0.0202,0.39
BIZ_005,Habitat Cafe,Cafe,Miyapur,West,17.438611,78.391851,1,2.0,False,2025-01-01,4.56,6642,367,0.788,0.557,8.1,4.91,4.57,509.0,87.0,0.0511,0.545
BIZ_005,Habitat Cafe,Cafe,Miyapur,West,17.438611,78.391851,1,2.1,False,2025-02-01,4.51,6960,318,0.709,0.497,8.7,4.54,4.27,736.0,66.0,0.0445,0.426
BIZ_005,Habitat Cafe,Cafe,Miyapur,West,17.438611,78.391851,1,2.2,False,2025-03-01,4.66,7221,261,0.593,,5.3,4.48,4.82,419.0,152.0,,0.391
BIZ_005,Habitat Cafe,Cafe,Miyapur,West,17.438611,78.391851,1,2.2,False,2025-04-01,4.49,7558,337,0.822,0.387,5.1,4.28,4.76,443.0,119.0,0.0333,0.475
BIZ_005,Habitat Cafe,Cafe,Miyapur,West,17.438611,78.391851,1,2.3,False,2025-05-01,4.51,7791,233,0.728,,5.6,3.77,4.62,479.0,105.0,0.0639,0.534
BIZ_005,Habitat Cafe,Cafe,Miyapur,West,17.438611,78.391851,1,2.4,False,2025-06-01,4.56,8010,219,0.734,0.353,4.1,4.0,4.79,644.0,163.0,0.0487,0.464
BIZ_005,Habitat Cafe,Cafe,Miyapur,West,17.438611,78.391851,1,2.5,False,2025-07-01,4.6,8148,138,0.631,0.384,4.4,4.42,4.93,551.0,32.0,0.023,0.579
BIZ_005,Habitat Cafe,Cafe,Miyapur,West,17.438611,78.391851,1,2.6,False,2025-08-01,4.41,8177,29,0.68,0.62,12.8,3.84,4.73,411.0,88.0,0.0329,0.399
BIZ_005,Habitat Cafe,Cafe,Miyapur,West,17.438611,78.391851,1,2.7,False,2025-09-01,4.48,8439,262,0.847,0.474,6.9,4.08,4.9,476.0,60.0,0.0993,0.531
BIZ_005,Habitat Cafe,Cafe,Miyapur,West,17.438611,78.391851,1,2.8,False,2025-10-01,4.45,8561,122,0.809,0.419,4.7,4.08,5.0,303.0,205.0,0.0372,0.535
BIZ_005,Habitat Cafe,Cafe,Miyapur,West,17.438611,78.391851,1,2.8,False,2025-11-01,4.44,8874,313,0.83,0.627,4.3,4.2,4.89,816.0,119.0,0.0722,0.474
BIZ_005,Habitat Cafe,Cafe,Miyapur,West,17.438611,78.391851,1,2.9,False,2025-12-01,4.45,9257,383,0.789,0.433,7.8,3.96,4.31,531.0,147.0,0.0247,0.448
BIZ_005,Habitat Cafe,Cafe,Miyapur,West,17.438611,78.391851,1,3.0,False,2026-01-01,4.58,9598,341,0.773,0.552,4.0,4.59,5.0,670.0,136.0,0.039,0.474
BIZ_005,Habitat Cafe,Cafe,Miyapur,West,17.438611,78.391851,1,3.1,False,2026-02-01,4.47,9880,282,0.658,0.442,5.8,4.03,4.59,397.0,126.0,0.0216,0.548
BIZ_005,Habitat Cafe,Cafe,Miyapur,West,17.438611,78.391851,1,3.2,False,2026-03-01,4.56,10147,267,0.727,0.494,4.1,4.06,4.57,661.0,93.0,0.073,0.516
BIZ_005,Habitat Cafe,Cafe,Miyapur,West,17.438611,78.391851,1,3.2,False,2026-04-01,4.55,10387,240,0.563,0.574,2.8,4.37,4.82,673.0,64.0,0.0226,0.475
BIZ_005,Habitat Cafe,Cafe,Miyapur,West,17.438611,78.391851,1,3.3,False,2026-05-01,4.64,10800,413,0.622,0.445,6.9,4.11,5.0,579.0,115.0,0.0526,0.528
BIZ_005,Habitat Cafe,Cafe,Miyapur,West,17.438611,78.391851,1,3.4,False,2026-06-01,4.76,11058,258,0.687,0.507,2.3,4.35,4.86,405.0,96.0,0.0476,0.444
BIZ_006,F3 Cafe,Cafe,Uppal,East,17.473415,78.528357,3,7.0,False,2025-01-01,4.49,1519,19,0.639,0.608,3.8,4.6,4.12,279.0,71.0,0.0681,0.49
BIZ_006,F3 Cafe,Cafe,Uppal,East,17.473415,78.528357,3,7.1,False,2025-02-01,4.42,1540,21,0.659,0.291,7.4,4.64,4.45,330.0,75.0,0.0877,0.417
BIZ_006,F3 Cafe,Cafe,Uppal,East,17.473415,78.528357,3,7.2,False,2025-03-01,4.53,1560,20,0.687,0.491,6.3,4.45,4.3,127.0,54.0,0.0322,0.442
BIZ_006,F3 Cafe,Cafe,Uppal,East,17.473415,78.528357,3,7.2,False,2025-04-01,4.35,1575,15,0.702,0.49,12.1,4.25,4.23,281.0,32.0,0.0328,0.456
BIZ_006,F3 Cafe,Cafe,Uppal,East,17.473415,78.528357,3,7.3,False,2025-05-01,4.47,1596,21,0.846,0.461,5.0,4.65,4.47,285.0,25.0,0.0301,0.425
BIZ_006,F3 Cafe,Cafe,Uppal,East,17.473415,78.528357,3,7.4,False,2025-06-01,4.47,1609,13,0.771,0.481,5.5,4.28,4.02,254.0,35.0,0.0203,0.394
BIZ_006,F3 Cafe,Cafe,Uppal,East,17.473415,78.528357,3,7.5,False,2025-07-01,4.3,1623,14,0.516,,1.5,4.08,4.11,239.0,41.0,0.0346,0.411
BIZ_006,F3 Cafe,Cafe,Uppal,East,17.473415,78.528357,3,7.6,False,2025-08-01,4.46,1642,19,0.788,0.579,5.2,4.46,4.41,199.0,34.0,0.0204,0.519
BIZ_006,F3 Cafe,Cafe,Uppal,East,17.473415,78.528357,3,7.7,False,2025-09-01,4.29,1646,4,0.756,0.634,2.4,4.29,4.26,117.0,32.0,0.0272,0.465
BIZ_006,F3 Cafe,Cafe,Uppal,East,17.473415,78.528357,3,7.8,False,2025-10-01,4.21,1662,16,0.872,0.537,6.1,3.63,3.86,231.0,45.0,0.0395,0.49
BIZ_006,F3 Cafe,Cafe,Uppal,East,17.473415,78.528357,3,7.8,False,2025-11-01,4.46,1682,20,0.714,0.405,14.6,3.91,4.47,300.0,50.0,0.0269,0.519
BIZ_006,F3 Cafe,Cafe,Uppal,East,17.473415,78.528357,3,7.9,False,2025-12-01,4.36,1700,18,0.76,0.451,17.6,3.68,4.21,383.0,56.0,0.0216,0.512
BIZ_006,F3 Cafe,Cafe,Uppal,East,17.473415,78.528357,3,8.0,False,2026-01-01,4.34,1732,32,0.6,0.479,5.7,4.08,3.83,309.0,63.0,0.0255,0.39
BIZ_006,F3 Cafe,Cafe,Uppal,East,17.473415,78.528357,3,8.1,False,2026-02-01,4.45,1763,31,0.647,0.554,3.8,4.38,4.26,250.0,63.0,0.033,0.422
BIZ_006,F3 Cafe,Cafe,Uppal,East,17.473415,78.528357,3,8.2,False,2026-03-01,4.5,1789,26,0.854,0.558,2.9,4.3,4.69,299.0,50.0,0.0252,0.407
BIZ_006,F3 Cafe,Cafe,Uppal,East,17.473415,78.528357,3,8.2,False,2026-04-01,4.49,1811,22,0.728,0.488,6.7,4.16,4.27,354.0,46.0,0.0225,0.432
BIZ_006,F3 Cafe,Cafe,Uppal,East,17.473415,78.528357,3,8.3,False,2026-05-01,4.31,1820,9,0.64,0.56,5.7,4.14,4.25,290.0,37.0,0.0258,0.371
BIZ_006,F3 Cafe,Cafe,Uppal,East,17.473415,78.528357,3,8.4,False,2026-06-01,4.48,1829,9,0.831,0.536,3.4,4.16,4.45,222.0,52.0,0.0315,0.497
BIZ_007,HC Cafe,Cafe,Sainikpuri,East,17.491049,78.492168,1,5.0,False,2025-01-01,4.88,147,7,0.868,0.489,1.0,4.8,4.75,259.0,42.0,0.0586,0.365
BIZ_007,HC Cafe,Cafe,Sainikpuri,East,17.491049,78.492168,1,5.1,False,2025-02-01,4.94,153,6,0.931,0.649,2.7,4.95,5.0,,61.0,0.0311,0.53
BIZ_007,HC Cafe,Cafe,Sainikpuri,East,17.491049,78.492168,1,5.2,False,2025-03-01,4.74,157,4,0.815,0.422,4.4,4.91,5.0,256.0,70.0,0.0272,0.555
BIZ_007,HC Cafe,Cafe,Sainikpuri,East,17.491049,78.492168,1,5.2,False,2025-04-01,4.88,161,4,0.933,0.603,4.3,4.5,5.0,336.0,,0.0216,0.585
BIZ_007,HC Cafe,Cafe,Sainikpuri,East,17.491049,78.492168,1,5.3,False,2025-05-01,4.99,166,5,0.849,0.582,5.4,4.31,5.0,279.0,58.0,0.0222,0.595
BIZ_007,HC Cafe,Cafe,Sainikpuri,East,17.491049,78.492168,1,5.4,False,2025-06-01,5.0,171,5,0.879,0.578,8.0,4.7,5.0,229.0,50.0,0.0461,0.474
BIZ_007,HC Cafe,Cafe,Sainikpuri,East,17.491049,78.492168,1,5.5,False,2025-07-01,4.97,174,3,0.935,0.395,3.7,5.0,5.0,244.0,43.0,0.0337,0.44
BIZ_007,HC Cafe,Cafe,Sainikpuri,East,17.491049,78.492168,1,5.6,False,2025-08-01,4.87,179,5,0.959,0.496,5.6,4.21,4.98,262.0,,0.0358,0.586
BIZ_007,HC Cafe,Cafe,Sainikpuri,East,17.491049,78.492168,1,5.7,False,2025-09-01,4.88,183,4,0.911,0.549,10.7,4.39,5.0,175.0,31.0,0.061,0.548
BIZ_007,HC Cafe,Cafe,Sainikpuri,East,17.491049,78.492168,1,5.8,False,2025-10-01,4.93,189,6,0.779,0.646,5.3,4.62,5.0,161.0,56.0,0.0273,0.557
BIZ_007,HC Cafe,Cafe,Sainikpuri,East,17.491049,78.492168,1,5.8,False,2025-11-01,4.77,196,7,0.817,0.456,5.7,4.36,5.0,359.0,43.0,0.0281,0.487
BIZ_007,HC Cafe,Cafe,Sainikpuri,East,17.491049,78.492168,1,5.9,False,2025-12-01,4.86,201,5,0.926,0.637,9.7,4.56,4.73,261.0,60.0,0.0265,0.47
BIZ_007,HC Cafe,Cafe,Sainikpuri,East,17.491049,78.492168,1,6.0,False,2026-01-01,4.8,204,3,0.89,0.676,,4.41,5.0,232.0,32.0,0.0261,0.491
BIZ_007,HC Cafe,Cafe,Sainikpuri,East,17.491049,78.492168,1,6.1,False,2026-02-01,4.85,208,4,0.802,0.546,5.6,4.43,5.0,255.0,52.0,0.0383,0.57
BIZ_007,HC Cafe,Cafe,Sainikpuri,East,17.491049,78.492168,1,6.2,False,2026-03-01,5.0,215,7,0.963,0.368,11.2,5.0,4.82,258.0,57.0,0.0377,0.547
BIZ_007,HC Cafe,Cafe,Sainikpuri,East,17.491049,78.492168,1,6.2,False,2026-04-01,5.0,219,4,0.877,0.372,9.0,4.97,5.0,306.0,44.0,0.0242,0.452
BIZ_007,HC Cafe,Cafe,Sainikpuri,East,17.491049,78.492168,1,6.3,False,2026-05-01,4.98,224,5,0.894,0.364,5.7,5.0,5.0,232.0,44.0,0.039,0.43
BIZ_007,HC Cafe,Cafe,Sainikpuri,East,17.491049,78.492168,1,6.4,False,2026-06-01,5.0,227,3,0.899,0.554,4.7,4.56,,171.0,31.0,0.0213,0.58
BIZ_008,SAGE Farm Cafe,Cafe,Mehdipatnam,South,17.358502,78.426754,2,9.0,False,2025-01-01,4.34,878,5,0.636,0.687,6.1,4.18,4.76,278.0,48.0,0.0707,0.519
BIZ_008,SAGE Farm Cafe,Cafe,Mehdipatnam,South,17.358502,78.426754,2,9.1,False,2025-02-01,4.52,885,7,0.513,0.575,7.4,4.25,4.88,215.0,66.0,0.0444,0.384
BIZ_008,SAGE Farm Cafe,Cafe,Mehdipatnam,South,17.358502,78.426754,2,9.2,False,2025-03-01,4.18,894,9,0.642,0.497,2.4,3.78,4.19,308.0,53.0,0.0222,0.44
BIZ_008,SAGE Farm Cafe,Cafe,Mehdipatnam,South,17.358502,78.426754,2,9.2,False,2025-04-01,4.47,899,5,0.696,0.517,4.9,4.51,4.56,278.0,,0.0223,0.415
BIZ_008,SAGE Farm Cafe,Cafe,Mehdipatnam,South,17.358502,78.426754,2,9.3,False,2025-05-01,4.26,906,7,0.502,0.331,9.7,4.38,4.14,197.0,61.0,0.069,0.459
BIZ_008,SAGE Farm Cafe,Cafe,Mehdipatnam,South,17.358502,78.426754,2,9.4,False,2025-06-01,4.36,913,7,0.461,0.522,3.6,4.21,,235.0,38.0,0.0426,0.474
BIZ_008,SAGE Farm Cafe,Cafe,Mehdipatnam,South,17.358502,78.426754,2,9.5,False,2025-07-01,4.32,918,5,,0.435,7.6,3.83,4.46,160.0,53.0,0.0225,0.514
BIZ_008,SAGE Farm Cafe,Cafe,Mehdipatnam,South,17.358502,78.426754,2,9.6,False,2025-08-01,4.36,922,4,0.651,0.474,3.2,4.1,4.28,338.0,49.0,0.0256,0.458
BIZ_008,SAGE Farm Cafe,Cafe,Mehdipatnam,South,17.358502,78.426754,2,9.7,False,2025-09-01,4.22,927,5,0.594,0.556,6.6,3.4,4.58,,11.0,0.0438,0.422
BIZ_008,SAGE Farm Cafe,Cafe,Mehdipatnam,South,17.358502,78.426754,2,9.8,False,2025-10-01,4.31,928,1,0.654,0.578,8.1,3.81,4.33,203.0,53.0,0.0282,0.487
BIZ_008,SAGE Farm Cafe,Cafe,Mehdipatnam,South,17.358502,78.426754,2,9.8,False,2025-11-01,4.21,935,7,0.555,0.532,6.0,3.21,4.28,266.0,42.0,0.0365,0.538
BIZ_008,SAGE Farm Cafe,Cafe,Mehdipatnam,South,17.358502,78.426754,2,9.9,False,2025-12-01,4.38,944,9,0.802,0.582,6.2,4.16,4.68,337.0,47.0,0.032,0.482
BIZ_008,SAGE Farm Cafe,Cafe,Mehdipatnam,South,17.358502,78.426754,2,10.0,False,2026-01-01,4.3,953,9,0.747,0.527,,,4.53,,58.0,0.0214,0.435
BIZ_008,SAGE Farm Cafe,Cafe,Mehdipatnam,South,17.358502,78.426754,2,10.1,False,2026-02-01,4.37,965,12,0.629,0.357,9.7,3.98,4.07,251.0,53.0,0.0292,0.553
BIZ_008,SAGE Farm Cafe,Cafe,Mehdipatnam,South,17.358502,78.426754,2,10.2,False,2026-03-01,4.35,976,11,0.75,0.524,15.9,4.23,4.72,338.0,59.0,0.0479,0.469
BIZ_008,SAGE Farm Cafe,Cafe,Mehdipatnam,South,17.358502,78.426754,2,10.2,False,2026-04-01,4.49,985,9,0.607,0.685,6.2,4.16,4.37,264.0,56.0,0.0678,0.492
BIZ_008,SAGE Farm Cafe,Cafe,Mehdipatnam,South,17.358502,78.426754,2,10.3,False,2026-05-01,4.49,994,9,0.705,0.731,7.1,4.26,4.18,181.0,60.0,0.0245,0.411
BIZ_008,SAGE Farm Cafe,Cafe,Mehdipatnam,South,17.358502,78.426754,2,10.4,False,2026-06-01,4.29,1000,6,0.571,0.547,8.4,3.82,4.67,243.0,58.0,0.0518,0.511
BIZ_009,Lemerian Workin Cafe,Cafe,Alwal,East,17.459679,78.547856,3,3.0,False,2025-01-01,4.79,1033,25,0.691,0.414,9.3,4.13,4.74,339.0,65.0,0.0501,0.45
BIZ_009,Lemerian Workin Cafe,Cafe,Alwal,East,17.459679,78.547856,3,3.1,False,2025-02-01,4.77,1066,33,0.704,0.414,2.5,4.68,4.18,287.0,52.0,0.0278,0.519
BIZ_009,Lemerian Workin Cafe,Cafe,Alwal,East,17.459679,78.547856,3,3.2,False,2025-03-01,4.72,1092,26,0.806,0.444,6.7,4.87,4.32,287.0,58.0,0.1409,0.434
BIZ_009,Lemerian Workin Cafe,Cafe,Alwal,East,17.459679,78.547856,3,3.2,False,2025-04-01,4.73,1119,27,0.751,0.548,10.9,4.85,4.2,,69.0,0.0487,0.539
BIZ_009,Lemerian Workin Cafe,Cafe,Alwal,East,17.459679,78.547856,3,3.3,False,2025-05-01,4.9,1153,34,0.795,0.678,10.6,5.0,4.58,163.0,37.0,0.0382,0.503
BIZ_009,Lemerian Workin Cafe,Cafe,Alwal,East,17.459679,78.547856,3,3.4,False,2025-06-01,4.55,1182,29,0.847,0.456,6.5,4.94,4.23,164.0,65.0,0.0768,0.485
BIZ_009,Lemerian Workin Cafe,Cafe,Alwal,East,17.459679,78.547856,3,3.5,False,2025-07-01,4.59,1215,33,0.87,0.384,10.6,4.51,4.14,152.0,48.0,0.0444,0.584
BIZ_009,Lemerian Workin Cafe,Cafe,Alwal,East,17.459679,78.547856,3,3.6,False,2025-08-01,4.63,1236,21,0.818,0.67,6.8,4.55,4.54,219.0,51.0,,0.43
BIZ_009,Lemerian Workin Cafe,Cafe,Alwal,East,17.459679,78.547856,3,3.7,False,2025-09-01,4.62,1248,12,0.841,0.53,8.1,3.9,4.7,190.0,44.0,0.0387,0.428
BIZ_009,Lemerian Workin Cafe,Cafe,Alwal,East,17.459679,78.547856,3,3.8,False,2025-10-01,4.69,1281,33,0.741,0.605,3.6,4.57,4.7,248.0,56.0,0.0576,0.476
BIZ_009,Lemerian Workin Cafe,Cafe,Alwal,East,17.459679,78.547856,3,3.8,False,2025-11-01,4.61,1313,32,0.837,0.448,5.7,4.21,4.23,182.0,50.0,0.0221,0.472
BIZ_009,Lemerian Workin Cafe,Cafe,Alwal,East,17.459679,78.547856,3,3.9,False,2025-12-01,4.65,1344,31,0.858,0.602,3.6,4.08,4.19,258.0,51.0,0.0259,0.553
BIZ_009,Lemerian Workin Cafe,Cafe,Alwal,East,17.459679,78.547856,3,4.0,False,2026-01-01,4.6,1373,29,0.853,0.603,4.1,3.82,4.36,355.0,61.0,0.023,0.494
BIZ_009,Lemerian Workin Cafe,Cafe,Alwal,East,17.459679,78.547856,3,4.1,False,2026-02-01,4.93,1407,34,,0.505,2.3,4.7,4.52,328.0,48.0,0.0212,0.426
BIZ_009,Lemerian Workin Cafe,Cafe,Alwal,East,17.459679,78.547856,3,4.2,False,2026-03-01,4.55,1441,34,0.972,0.628,6.7,4.22,4.55,329.0,55.0,0.111,0.471
BIZ_009,Lemerian Workin Cafe,Cafe,Alwal,East,17.459679,78.547856,3,4.2,False,2026-04-01,4.8,1468,27,0.736,0.51,13.3,4.98,4.59,297.0,44.0,0.0304,0.459
BIZ_009,Lemerian Workin Cafe,Cafe,Alwal,East,17.459679,78.547856,3,4.3,False,2026-05-01,4.57,1489,21,0.883,0.541,2.9,4.27,5.0,169.0,56.0,0.0361,0.559
BIZ_009,Lemerian Workin Cafe,Cafe,Alwal,East,17.459679,78.547856,3,4.4,False,2026-06-01,4.62,1515,26,0.775,0.456,4.0,4.23,4.28,190.0,56.0,0.0724,0.488
BIZ_010,Thrivesome Cafe Co,Cafe,Miyapur,West,17.42984,78.352754,1,2.0,False,2025-01-01,4.9,218,10,0.832,0.55,6.7,4.85,4.85,253.0,47.0,0.0614,0.448
BIZ_010,Thrivesome Cafe Co,Cafe,Miyapur,West,17.42984,78.352754,1,2.1,False,2025-02-01,4.75,229,11,,,7.8,3.93,4.81,280.0,42.0,0.0707,0.457
BIZ_010,Thrivesome Cafe Co,Cafe,Miyapur,West,17.42984,78.352754,1,2.2,False,2025-03-01,4.78,238,9,0.971,0.669,4.0,4.57,4.68,365.0,32.0,0.15,0.464
BIZ_010,Thrivesome Cafe Co,Cafe,Miyapur,West,17.42984,78.352754,1,2.2,False,2025-04-01,4.96,245,7,0.93,0.524,1.9,4.99,5.0,275.0,108.0,0.021,0.493
BIZ_010,Thrivesome Cafe Co,Cafe,Miyapur,West,17.42984,78.352754,1,2.3,False,2025-05-01,4.79,256,11,0.882,0.355,6.2,4.67,4.77,190.0,38.0,0.0296,0.467
BIZ_010,Thrivesome Cafe Co,Cafe,Miyapur,West,17.42984,78.352754,1,2.4,False,2025-06-01,4.92,262,6,0.928,0.437,9.2,4.92,5.0,208.0,53.0,0.0214,0.567
BIZ_010,Thrivesome Cafe Co,Cafe,Miyapur,West,17.42984,78.352754,1,2.5,False,2025-07-01,4.8,267,5,0.803,0.561,5.8,4.81,4.63,153.0,,0.0577,0.446
BIZ_010,Thrivesome Cafe Co,Cafe,Miyapur,West,17.42984,78.352754,1,2.6,False,2025-08-01,4.84,276,9,1.0,0.45,5.5,4.15,4.94,267.0,36.0,0.0748,0.467
BIZ_010,Thrivesome Cafe Co,Cafe,Miyapur,West,17.42984,78.352754,1,2.7,False,2025-09-01,4.65,281,5,0.923,0.504,7.3,3.95,4.85,335.0,40.0,0.0478,0.513
BIZ_010,Thrivesome Cafe Co,Cafe,Miyapur,West,17.42984,78.352754,1,2.8,False,2025-10-01,4.85,287,6,1.0,0.603,4.4,5.0,4.78,208.0,40.0,0.0241,0.448
BIZ_010,Thrivesome Cafe Co,Cafe,Miyapur,West,17.42984,78.352754,1,2.8,False,2025-11-01,4.59,296,9,1.0,0.504,2.3,4.62,4.38,208.0,50.0,0.0225,0.536
BIZ_010,Thrivesome Cafe Co,Cafe,Miyapur,West,17.42984,78.352754,1,2.9,False,2025-12-01,4.76,309,13,0.831,0.564,5.8,4.64,5.0,,60.0,0.0302,0.513
BIZ_010,Thrivesome Cafe Co,Cafe,Miyapur,West,17.42984,78.352754,1,3.0,False,2026-01-01,4.82,319,10,0.825,0.407,6.3,4.66,4.85,308.0,88.0,0.0222,0.503
BIZ_010,Thrivesome Cafe Co,Cafe,Miyapur,West,17.42984,78.352754,1,3.1,False,2026-02-01,4.7,329,10,0.886,0.319,4.9,4.38,5.0,310.0,36.0,0.0258,0.397
BIZ_010,Thrivesome Cafe Co,Cafe,Miyapur,West,17.42984,78.352754,1,3.2,False,2026-03-01,4.9,339,10,0.933,0.294,6.7,5.0,4.97,214.0,44.0,0.0218,0.414
BIZ_010,Thrivesome Cafe Co,Cafe,Miyapur,West,17.42984,78.352754,1,3.2,False,2026-04-01,4.6,346,7,0.942,0.63,3.8,4.27,5.0,156.0,44.0,,0.507
BIZ_010,Thrivesome Cafe Co,Cafe,Miyapur,West,17.42984,78.352754,1,3.3,False,2026-05-01,4.97,353,7,0.857,0.395,5.8,4.82,5.0,317.0,53.0,0.0214,0.442
BIZ_010,Thrivesome Cafe Co,Cafe,Miyapur,West,17.42984,78.352754,1,3.4,False,2026-06-01,4.78,362,9,0.91,0.451,6.9,4.79,4.46,275.0,38.0,0.0537,0.412
BIZ_011,Mikro Neighbourhood Cafe,Cafe,Ameerpet,Central,17.455313,78.444484,2,3.0,False,2025-01-01,4.26,162,7,0.941,0.498,4.1,3.94,4.17,227.0,53.0,0.0623,0.394
BIZ_011,Mikro Neighbourhood Cafe,Cafe,Ameerpet,Central,17.455313,78.444484,2,3.1,False,2025-02-01,4.45,170,8,0.836,0.538,7.7,3.87,4.88,292.0,80.0,0.0426,0.551
BIZ_011,Mikro Neighbourhood Cafe,Cafe,Ameerpet,Central,17.455313,78.444484,2,3.2,False,2025-03-01,4.4,174,4,0.853,0.53,10.3,4.13,4.69,305.0,50.0,0.0258,0.467
BIZ_011,Mikro Neighbourhood Cafe,Cafe,Ameerpet,Central,17.455313,78.444484,2,3.2,False,2025-04-01,4.54,176,2,0.839,0.333,10.8,4.32,4.65,206.0,69.0,0.0422,0.537
BIZ_011,Mikro Neighbourhood Cafe,Cafe,Ameerpet,Central,17.455313,78.444484,2,3.3,False,2025-05-01,4.4,180,4,0.797,0.643,8.0,4.33,4.11,195.0,30.0,0.0358,0.412
BIZ_011,Mikro Neighbourhood Cafe,Cafe,Ameerpet,Central,17.455313,78.444484,2,3.4,False,2025-06-01,4.4,183,3,0.723,0.554,6.0,4.14,4.21,269.0,68.0,0.0236,0.451
BIZ_011,Mikro Neighbourhood Cafe,Cafe,Ameerpet,Central,17.455313,78.444484,2,3.5,False,2025-07-01,4.35,186,3,0.808,0.523,4.3,4.05,4.33,203.0,42.0,0.051,0.466
BIZ_011,Mikro Neighbourhood Cafe,Cafe,Ameerpet,Central,17.455313,78.444484,2,3.6,False,2025-08-01,4.37,187,-1,0.932,0.519,7.0,4.45,4.11,241.0,39.0,0.0294,0.438
BIZ_011,Mikro Neighbourhood Cafe,Cafe,Ameerpet,Central,17.455313,78.444484,2,3.7,False,2025-09-01,4.35,193,6,,0.456,8.5,4.35,4.22,131.0,37.0,0.0609,0.325
BIZ_011,Mikro Neighbourhood Cafe,Cafe,Ameerpet,Central,17.455313,78.444484,2,3.8,False,2025-10-01,4.31,196,3,0.675,0.391,7.2,4.51,4.39,219.0,56.0,0.0232,0.43
BIZ_011,Mikro Neighbourhood Cafe,Cafe,Ameerpet,Central,17.455313,78.444484,2,3.8,False,2025-11-01,4.24,203,7,0.733,0.672,2.9,4.2,3.96,294.0,48.0,,0.42
BIZ_011,Mikro Neighbourhood Cafe,Cafe,Ameerpet,Central,17.455313,78.444484,2,3.9,False,2025-12-01,4.3,206,3,0.758,0.613,6.3,4.4,4.43,227.0,51.0,0.0468,0.54
BIZ_011,Mikro Neighbourhood Cafe,Cafe,Ameerpet,Central,17.455313,78.444484,2,4.0,False,2026-01-01,4.3,211,5,0.778,0.576,9.0,4.41,4.35,273.0,30.0,0.0393,0.393
BIZ_011,Mikro Neighbourhood Cafe,Cafe,Ameerpet,Central,17.455313,78.444484,2,4.1,False,2026-02-01,4.26,217,6,0.64,0.478,7.4,4.12,4.37,293.0,75.0,0.0502,0.503
BIZ_011,Mikro Neighbourhood Cafe,Cafe,Ameerpet,Central,17.455313,78.444484,2,4.2,False,2026-03-01,4.37,223,6,0.756,0.47,9.4,4.44,4.79,349.0,67.0,0.0371,0.387
BIZ_011,Mikro Neighbourhood Cafe,Cafe,Ameerpet,Central,17.455313,78.444484,2,4.2,False,2026-04-01,4.39,226,3,0.841,0.41,9.6,4.6,4.57,264.0,35.0,0.0579,0.456
BIZ_011,Mikro Neighbourhood Cafe,Cafe,Ameerpet,Central,17.455313,78.444484,2,4.3,False,2026-05-01,4.26,230,4,0.823,0.483,5.8,4.0,4.18,235.0,42.0,0.0311,0.406
BIZ_011,Mikro Neighbourhood Cafe,Cafe,Ameerpet,Central,17.455313,78.444484,2,4.4,False,2026-06-01,4.42,235,5,0.676,0.533,8.7,4.23,5.0,134.0,59.0,0.0698,0.417
BIZ_012,Pearl Swirl,Cafe,Ameerpet,Central,17.47719,78.456885,3,1.3,False,2025-01-01,4.19,210,14,0.569,0.625,8.5,3.95,4.05,320.0,40.0,0.0401,0.447
BIZ_012,Pearl Swirl,Cafe,Ameerpet,Central,17.47719,78.456885,3,1.4,False,2025-02-01,4.2,220,10,0.65,0.573,13.6,3.74,3.91,294.0,66.0,0.0222,0.535
BIZ_012,Pearl Swirl,Cafe,Ameerpet,Central,17.47719,78.456885,3,1.5,False,2025-03-01,4.17,232,12,0.577,0.377,4.7,3.97,3.89,299.0,95.0,0.0218,0.351
BIZ_012,Pearl Swirl,Cafe,Ameerpet,Central,17.47719,78.456885,3,1.6,False,2025-04-01,4.3,238,6,0.674,0.473,5.4,3.91,4.03,320.0,12.0,0.0614,0.43
BIZ_012,Pearl Swirl,Cafe,Ameerpet,Central,17.47719,78.456885,3,1.6,False,2025-05-01,4.31,246,8,0.422,0.627,8.4,3.87,4.01,185.0,51.0,0.0373,0.514
BIZ_012,Pearl Swirl,Cafe,Ameerpet,Central,17.47719,78.456885,3,1.7,False,2025-06-01,4.29,258,12,0.58,0.683,4.4,3.74,4.21,321.0,28.0,0.0579,0.444
BIZ_012,Pearl Swirl,Cafe,Ameerpet,Central,17.47719,78.456885,3,1.8,False,2025-07-01,4.17,278,20,0.499,0.421,6.8,4.32,4.54,245.0,23.0,0.0543,0.458
BIZ_012,Pearl Swirl,Cafe,Ameerpet,Central,17.47719,78.456885,3,1.9,False,2025-08-01,4.12,284,6,0.616,0.598,2.3,4.39,4.06,287.0,23.0,0.0326,0.488
BIZ_012,Pearl Swirl,Cafe,Ameerpet,Central,17.47719,78.456885,3,2.0,False,2025-09-01,4.07,287,3,0.612,0.469,5.6,4.1,4.13,292.0,28.0,0.0301,0.444
BIZ_012,Pearl Swirl,Cafe,Ameerpet,Central,17.47719,78.456885,3,2.0,False,2025-10-01,4.27,302,15,0.535,0.455,5.2,4.2,4.09,220.0,47.0,0.0283,0.396
BIZ_012,Pearl Swirl,Cafe,Ameerpet,Central,17.47719,78.456885,3,2.1,False,2025-11-01,4.16,307,5,0.49,0.414,5.8,3.89,4.2,347.0,36.0,0.0317,0.432
BIZ_012,Pearl Swirl,Cafe,Ameerpet,Central,17.47719,78.456885,3,2.2,False,2025-12-01,4.19,322,15,0.554,0.499,3.2,4.42,4.44,198.0,41.0,0.0227,0.403
BIZ_012,Pearl Swirl,Cafe,Ameerpet,Central,17.47719,78.456885,3,2.3,False,2026-01-01,4.17,333,11,0.597,0.515,4.0,4.27,4.04,195.0,71.0,0.0525,0.418
BIZ_012,Pearl Swirl,Cafe,Ameerpet,Central,17.47719,78.456885,3,2.4,False,2026-02-01,4.24,350,-1,0.553,0.349,4.8,4.01,4.02,381.0,35.0,0.0217,0.519
BIZ_012,Pearl Swirl,Cafe,Ameerpet,Central,17.47719,78.456885,3,2.5,False,2026-03-01,4.28,363,13,0.474,0.616,6.0,3.86,4.3,296.0,41.0,0.0208,0.48
BIZ_012,Pearl Swirl,Cafe,Ameerpet,Central,17.47719,78.456885,3,2.5,False,2026-04-01,4.06,378,15,0.549,0.484,16.4,3.66,3.76,349.0,37.0,0.0296,0.465
BIZ_012,Pearl Swirl,Cafe,Ameerpet,Central,17.47719,78.456885,3,2.6,False,2026-05-01,4.21,388,10,0.603,0.477,2.9,4.11,4.31,288.0,37.0,,0.481
BIZ_012,Pearl Swirl,Cafe,Ameerpet,Central,17.47719,78.456885,3,2.7,False,2026-06-01,4.33,400,12,0.645,0.559,5.0,4.81,4.35,246.0,24.0,0.037,0.529
BIZ_013,Steam Lounge,Cafe,Uppal,East,17.477708,78.539663,3,1.4,False,2025-01-01,3.92,673,30,0.489,0.455,4.7,3.56,3.68,301.0,20.0,0.0332,0.499
BIZ_013,Steam Lounge,Cafe,Uppal,East,17.477708,78.539663,3,1.5,False,2025-02-01,3.9,716,43,0.41,0.677,11.4,3.74,3.95,291.0,36.0,0.0407,0.421
BIZ_013,Steam Lounge,Cafe,Uppal,East,17.477708,78.539663,3,1.6,False,2025-03-01,4.01,738,22,0.511,,5.8,3.71,3.56,229.0,55.0,0.0201,0.503
BIZ_013,Steam Lounge,Cafe,Uppal,East,17.477708,78.539663,3,1.6,False,2025-04-01,4.06,772,34,0.291,0.471,5.8,3.56,3.74,326.0,59.0,0.0276,0.375
BIZ_013,Steam Lounge,Cafe,Uppal,East,17.477708,78.539663,3,1.7,False,2025-05-01,3.9,814,42,0.58,0.367,26.4,3.43,3.37,256.0,41.0,0.0555,0.42
BIZ_013,Steam Lounge,Cafe,Uppal,East,17.477708,78.539663,3,1.8,False,2025-06-01,3.82,851,37,0.49,0.557,4.0,3.99,3.4,303.0,17.0,0.0557,0.462
BIZ_013,Steam Lounge,Cafe,Uppal,East,17.477708,78.539663,3,1.9,False,2025-07-01,3.93,885,34,0.464,0.482,3.5,3.07,4.01,220.0,42.0,0.0229,0.397
BIZ_013,Steam Lounge,Cafe,Uppal,East,17.477708,78.539663,3,2.0,False,2025-08-01,4.01,911,26,0.397,0.487,16.5,3.26,3.55,292.0,71.0,0.0235,0.573
BIZ_013,Steam Lounge,Cafe,Uppal,East,17.477708,78.539663,3,2.1,False,2025-09-01,3.76,930,19,0.516,0.627,3.5,3.07,3.67,261.0,72.0,0.0518,0.479
BIZ_013,Steam Lounge,Cafe,Uppal,East,17.477708,78.539663,3,2.1,False,2025-10-01,3.98,955,25,0.484,0.454,2.8,3.88,4.41,157.0,49.0,0.0465,0.448
BIZ_013,Steam Lounge,Cafe,Uppal,East,17.477708,78.539663,3,2.2,False,2025-11-01,3.84,985,30,0.48,0.592,14.5,3.81,3.01,266.0,54.0,0.0205,0.456
BIZ_013,Steam Lounge,Cafe,Uppal,East,17.477708,78.539663,3,2.3,False,2025-12-01,3.97,1030,45,0.555,0.477,11.5,3.87,3.82,218.0,60.0,0.0263,0.414
BIZ_013,Steam Lounge,Cafe,Uppal,East,17.477708,78.539663,3,2.4,False,2026-01-01,3.85,1080,50,0.334,0.351,18.3,3.44,3.7,213.0,58.0,0.0267,0.507
BIZ_013,Steam Lounge,Cafe,Uppal,East,17.477708,78.539663,3,2.5,False,2026-02-01,3.91,1135,55,0.527,0.737,1.9,4.09,4.0,233.0,71.0,0.0624,0.431
BIZ_013,Steam Lounge,Cafe,Uppal,East,17.477708,78.539663,3,2.6,False,2026-03-01,4.0,1170,35,0.447,0.507,10.1,3.46,3.99,308.0,65.0,0.0275,0.378
BIZ_013,Steam Lounge,Cafe,Uppal,East,17.477708,78.539663,3,2.6,False,2026-04-01,3.93,1208,38,0.484,,7.1,3.94,3.92,200.0,45.0,0.0423,0.472
BIZ_013,Steam Lounge,Cafe,Uppal,East,17.477708,78.539663,3,2.7,False,2026-05-01,4.09,1243,35,0.356,0.438,,4.28,4.08,206.0,24.0,0.0263,0.475
BIZ_013,Steam Lounge,Cafe,Uppal,East,17.477708,78.539663,3,2.8,False,2026-06-01,3.89,1273,30,,0.549,6.1,3.59,3.79,211.0,50.0,0.0283,0.444
BIZ_014,Bean Works,Cafe,Alwal,East,17.554458,78.569841,2,6.0,False,2025-01-01,4.03,356,5,0.525,0.474,7.4,3.93,4.07,230.0,75.0,0.0339,0.462
BIZ_014,Bean Works,Cafe,Alwal,East,17.554458,78.569841,2,6.1,False,2025-02-01,4.28,361,5,0.407,0.567,6.1,4.44,3.97,319.0,65.0,0.0783,0.495
BIZ_014,Bean Works,Cafe,Alwal,East,17.554458,78.569841,2,6.2,False,2025-03-01,4.08,366,5,0.406,0.615,8.6,4.05,3.99,258.0,80.0,0.0578,0.398
BIZ_014,Bean Works,Cafe,Alwal,East,17.554458,78.569841,2,6.2,False,2025-04-01,4.09,371,5,0.56,0.59,3.3,4.64,4.16,313.0,47.0,0.0554,0.424
BIZ_014,Bean Works,Cafe,Alwal,East,17.554458,78.569841,2,6.3,False,2025-05-01,4.14,376,5,0.535,0.432,12.9,4.05,4.29,220.0,32.0,0.0635,0.507
BIZ_014,Bean Works,Cafe,Alwal,East,17.554458,78.569841,2,6.4,False,2025-06-01,4.21,378,2,0.391,0.516,6.6,3.85,4.55,238.0,44.0,0.0292,0.386
BIZ_014,Bean Works,Cafe,Alwal,East,17.554458,78.569841,2,6.5,False,2025-07-01,3.97,378,0,0.532,0.532,9.3,3.43,3.97,223.0,34.0,0.0381,0.372
BIZ_014,Bean Works,Cafe,Alwal,East,17.554458,78.569841,2,6.6,False,2025-08-01,3.9,381,3,0.501,0.58,8.7,3.34,3.32,260.0,31.0,0.0344,0.499
BIZ_014,Bean Works,Cafe,Alwal,East,17.554458,78.569841,2,6.7,False,2025-09-01,3.89,385,4,0.455,0.507,7.8,3.26,3.78,255.0,56.0,0.0237,0.47
BIZ_014,Bean Works,Cafe,Alwal,East,17.554458,78.569841,2,6.8,False,2025-10-01,4.02,388,3,0.437,0.312,8.3,4.25,3.66,220.0,54.0,0.0207,0.449
BIZ_014,Bean Works,Cafe,Alwal,East,17.554458,78.569841,2,6.8,False,2025-11-01,3.98,392,4,0.537,0.72,3.1,4.12,3.99,258.0,76.0,0.1099,0.47
BIZ_014,Bean Works,Cafe,Alwal,East,17.554458,78.569841,2,6.9,False,2025-12-01,4.03,396,4,0.514,0.553,5.4,3.54,4.36,315.0,48.0,0.0282,0.401
BIZ_014,Bean Works,Cafe,Alwal,East,17.554458,78.569841,2,7.0,False,2026-01-01,3.99,402,6,0.34,0.464,2.6,4.07,3.92,,71.0,0.028,0.446
BIZ_014,Bean Works,Cafe,Alwal,East,17.554458,78.569841,2,7.1,False,2026-02-01,4.05,406,4,0.35,0.576,3.9,3.95,3.83,291.0,76.0,0.0216,0.444
BIZ_014,Bean Works,Cafe,Alwal,East,17.554458,78.569841,2,7.2,False,2026-03-01,4.11,413,7,0.448,0.466,3.9,3.66,3.75,315.0,20.0,0.0235,0.409
BIZ_014,Bean Works,Cafe,Alwal,East,17.554458,78.569841,2,7.2,False,2026-04-01,4.14,418,5,0.283,0.595,7.5,3.64,4.24,207.0,51.0,0.0295,0.429
BIZ_014,Bean Works,Cafe,Alwal,East,17.554458,78.569841,2,7.3,False,2026-05-01,4.08,422,4,0.472,0.586,4.7,4.0,3.94,296.0,37.0,0.0284,0.395
BIZ_014,Bean Works,Cafe,Alwal,East,17.554458,78.569841,2,7.4,False,2026-06-01,4.11,428,6,0.476,0.51,4.4,4.22,3.75,169.0,37.0,0.0381,0.432
BIZ_015,Modern Drip,Cafe,Somajiguda,Central,17.419978,78.439787,3,7.7,False,2025-01-01,3.41,481,7,0.497,0.44,12.7,3.06,3.34,358.0,55.0,0.024,0.489
BIZ_015,Modern Drip,Cafe,Somajiguda,Central,17.419978,78.439787,3,7.8,False,2025-02-01,3.42,486,5,0.349,0.399,9.0,3.01,3.18,259.0,44.0,0.0219,0.371
BIZ_015,Modern Drip,Cafe,Somajiguda,Central,17.419978,78.439787,3,7.9,False,2025-03-01,3.53,492,6,0.341,0.605,3.3,3.63,3.36,346.0,89.0,0.0243,0.37
BIZ_015,Modern Drip,Cafe,Somajiguda,Central,17.419978,78.439787,3,8.0,False,2025-04-01,3.42,495,3,0.451,0.634,5.3,2.76,3.17,265.0,52.0,0.031,0.439
BIZ_015,Modern Drip,Cafe,Somajiguda,Central,17.419978,78.439787,3,8.0,False,2025-05-01,3.52,498,3,0.121,0.608,4.3,3.77,3.42,204.0,62.0,0.0314,0.405
BIZ_015,Modern Drip,Cafe,Somajiguda,Central,17.419978,78.439787,3,8.1,False,2025-06-01,3.59,504,6,0.408,0.581,6.2,3.22,3.35,300.0,29.0,0.032,0.387
BIZ_015,Modern Drip,Cafe,Somajiguda,Central,17.419978,78.439787,3,8.2,False,2025-07-01,3.58,506,2,0.388,0.568,11.7,3.19,3.15,206.0,67.0,0.0249,0.42
BIZ_015,Modern Drip,Cafe,Somajiguda,Central,17.419978,78.439787,3,8.3,False,2025-08-01,3.5,511,5,0.341,0.724,4.6,3.19,2.89,204.0,38.0,0.02,0.462
BIZ_015,Modern Drip,Cafe,Somajiguda,Central,17.419978,78.439787,3,8.4,False,2025-09-01,3.34,516,5,0.441,0.586,3.5,3.59,3.3,138.0,59.0,0.0409,0.407
BIZ_015,Modern Drip,Cafe,Somajiguda,Central,17.419978,78.439787,3,8.4,False,2025-10-01,3.36,521,5,0.44,0.479,1.8,3.04,3.39,276.0,56.0,0.024,0.364
BIZ_015,Modern Drip,Cafe,Somajiguda,Central,17.419978,78.439787,3,8.5,False,2025-11-01,3.41,526,5,0.486,0.422,8.4,3.4,2.74,289.0,66.0,0.0314,0.427
BIZ_015,Modern Drip,Cafe,Somajiguda,Central,17.419978,78.439787,3,8.6,False,2025-12-01,3.51,530,4,0.365,0.57,2.0,3.91,3.63,262.0,39.0,0.0392,0.428
BIZ_015,Modern Drip,Cafe,Somajiguda,Central,17.419978,78.439787,3,8.7,False,2026-01-01,3.48,533,3,0.364,0.65,9.8,3.2,3.9,184.0,62.0,0.0347,0.452
BIZ_015,Modern Drip,Cafe,Somajiguda,Central,17.419978,78.439787,3,8.8,False,2026-02-01,3.45,541,8,0.269,0.37,5.5,2.65,3.43,179.0,56.0,0.0467,0.423
BIZ_015,Modern Drip,Cafe,Somajiguda,Central,17.419978,78.439787,3,8.9,False,2026-03-01,3.46,547,6,0.31,0.541,4.7,3.23,3.69,388.0,59.0,0.0254,0.289
BIZ_015,Modern Drip,Cafe,Somajiguda,Central,17.419978,78.439787,3,8.9,False,2026-04-01,3.46,551,4,0.377,0.541,2.7,2.96,3.31,246.0,41.0,0.0572,0.398
BIZ_015,Modern Drip,Cafe,Somajiguda,Central,17.419978,78.439787,3,9.0,False,2026-05-01,3.38,555,4,0.28,0.707,10.6,2.81,2.9,217.0,34.0,0.0221,0.504
BIZ_015,Modern Drip,Cafe,Somajiguda,Central,17.419978,78.439787,3,9.1,False,2026-06-01,3.55,560,5,0.208,0.423,1.6,3.1,3.59,243.0,40.0,0.0212,0.468
BIZ_016,Royal Drip Coffee,Bakery & Cafe,Banjara Hills,Central,17.437642,78.466755,2,1.7,False,2025-01-01,3.76,635,35,0.519,0.414,6.7,3.97,3.35,299.0,49.0,0.0739,0.392
BIZ_016,Royal Drip Coffee,Bakery & Cafe,Banjara Hills,Central,17.437642,78.466755,2,1.8,False,2025-02-01,3.9,681,46,0.465,0.605,4.4,3.93,3.97,234.0,61.0,0.0274,0.481
BIZ_016,Royal Drip Coffee,Bakery & Cafe,Banjara Hills,Central,17.437642,78.466755,2,1.9,False,2025-03-01,4.0,704,23,0.385,0.492,13.1,3.97,,264.0,50.0,0.0326,0.424
BIZ_016,Royal Drip Coffee,Bakery & Cafe,Banjara Hills,Central,17.437642,78.466755,2,1.9,False,2025-04-01,3.89,739,35,0.377,0.676,1.7,4.08,3.84,292.0,51.0,0.0298,0.434
BIZ_016,Royal Drip Coffee,Bakery & Cafe,Banjara Hills,Central,17.437642,78.466755,2,2.0,False,2025-05-01,3.92,767,28,0.469,0.564,4.8,3.45,3.62,282.0,57.0,0.073,0.473
BIZ_016,Royal Drip Coffee,Bakery & Cafe,Banjara Hills,Central,17.437642,78.466755,2,2.1,False,2025-06-01,3.85,791,24,0.443,0.358,4.8,4.05,4.07,214.0,47.0,0.0524,0.496
BIZ_016,Royal Drip Coffee,Bakery & Cafe,Banjara Hills,Central,17.437642,78.466755,2,2.2,False,2025-07-01,3.86,810,19,0.352,0.45,12.6,3.33,,170.0,53.0,0.0212,0.431
BIZ_016,Royal Drip Coffee,Bakery & Cafe,Banjara Hills,Central,17.437642,78.466755,2,2.3,False,2025-08-01,3.7,831,21,0.358,0.448,5.8,3.78,3.75,232.0,27.0,0.0419,0.528
BIZ_016,Royal Drip Coffee,Bakery & Cafe,Banjara Hills,Central,17.437642,78.466755,2,2.4,False,2025-09-01,3.78,859,28,0.234,0.48,6.2,3.62,3.77,234.0,5.0,0.0681,0.474
BIZ_016,Royal Drip Coffee,Bakery & Cafe,Banjara Hills,Central,17.437642,78.466755,2,2.5,False,2025-10-01,3.96,891,32,0.471,0.357,1.9,3.87,3.93,224.0,53.0,0.0597,0.405
BIZ_016,Royal Drip Coffee,Bakery & Cafe,Banjara Hills,Central,17.437642,78.466755,2,2.5,False,2025-11-01,3.83,903,12,0.554,0.484,6.9,3.7,4.15,175.0,55.0,0.0327,0.421
BIZ_016,Royal Drip Coffee,Bakery & Cafe,Banjara Hills,Central,17.437642,78.466755,2,2.6,False,2025-12-01,3.92,933,30,0.43,0.607,3.4,3.26,3.88,258.0,42.0,0.0762,0.377
BIZ_016,Royal Drip Coffee,Bakery & Cafe,Banjara Hills,Central,17.437642,78.466755,2,2.7,False,2026-01-01,3.88,965,32,0.53,0.411,10.7,3.65,3.6,222.0,86.0,0.0205,0.463
BIZ_016,Royal Drip Coffee,Bakery & Cafe,Banjara Hills,Central,17.437642,78.466755,2,2.8,False,2026-02-01,3.93,1009,44,0.26,0.27,6.3,4.06,3.54,132.0,65.0,0.0265,0.361
BIZ_016,Royal Drip Coffee,Bakery & Cafe,Banjara Hills,Central,17.437642,78.466755,2,2.9,False,2026-03-01,3.98,1034,25,0.331,0.429,6.9,3.72,3.68,183.0,54.0,0.0276,0.43
BIZ_016,Royal Drip Coffee,Bakery & Cafe,Banjara Hills,Central,17.437642,78.466755,2,3.0,False,2026-04-01,3.9,1070,36,0.31,0.513,7.5,4.25,3.77,266.0,22.0,0.0352,0.384
BIZ_016,Royal Drip Coffee,Bakery & Cafe,Banjara Hills,Central,17.437642,78.466755,2,3.0,False,2026-05-01,3.91,1119,49,0.457,0.533,2.6,3.75,4.39,295.0,37.0,0.0237,0.365
BIZ_016,Royal Drip Coffee,Bakery & Cafe,Banjara Hills,Central,17.437642,78.466755,2,3.1,False,2026-06-01,3.82,1157,38,0.435,0.654,4.4,3.07,4.05,188.0,53.0,0.0251,0.357
BIZ_017,Leaf Spot,Bakery & Cafe,Somajiguda,Central,17.445511,78.426873,3,1.3,False,2025-01-01,4.43,618,43,0.731,0.612,5.4,4.72,4.38,249.0,53.0,0.0322,0.519
BIZ_017,Leaf Spot,Bakery & Cafe,Somajiguda,Central,17.445511,78.426873,3,1.4,False,2025-02-01,4.38,668,50,0.673,0.501,7.4,4.27,3.68,226.0,70.0,0.0467,0.39
BIZ_017,Leaf Spot,Bakery & Cafe,Somajiguda,Central,17.445511,78.426873,3,1.5,False,2025-03-01,4.32,706,38,0.541,0.406,4.9,3.72,3.59,283.0,54.0,0.0255,0.527
BIZ_017,Leaf Spot,Bakery & Cafe,Somajiguda,Central,17.445511,78.426873,3,1.6,False,2025-04-01,4.5,734,28,0.72,0.461,6.7,4.75,4.45,275.0,43.0,0.0206,0.462
BIZ_017,Leaf Spot,Bakery & Cafe,Somajiguda,Central,17.445511,78.426873,3,1.6,False,2025-05-01,4.51,763,29,0.68,0.45,3.5,4.55,4.85,212.0,36.0,0.0255,0.448
BIZ_017,Leaf Spot,Bakery & Cafe,Somajiguda,Central,17.445511,78.426873,3,1.7,False,2025-06-01,4.28,784,21,0.767,0.376,3.1,3.89,4.26,207.0,36.0,0.0262,0.546
BIZ_017,Leaf Spot,Bakery & Cafe,Somajiguda,Central,17.445511,78.426873,3,1.8,False,2025-07-01,4.37,816,32,0.722,0.646,2.7,4.05,4.12,126.0,28.0,0.0436,0.431
BIZ_017,Leaf Spot,Bakery & Cafe,Somajiguda,Central,17.445511,78.426873,3,1.9,False,2025-08-01,4.42,841,25,0.789,0.676,3.6,4.42,3.93,255.0,46.0,0.0234,0.49
BIZ_017,Leaf Spot,Bakery & Cafe,Somajiguda,Central,17.445511,78.426873,3,2.0,False,2025-09-01,4.44,872,31,0.579,0.593,2.0,4.29,4.48,247.0,80.0,0.0211,0.467
BIZ_017,Leaf Spot,Bakery & Cafe,Somajiguda,Central,17.445511,78.426873,3,2.0,False,2025-10-01,4.18,898,26,0.679,0.303,7.9,3.9,3.56,270.0,60.0,0.0222,0.501
BIZ_017,Leaf Spot,Bakery & Cafe,Somajiguda,Central,17.445511,78.426873,3,2.1,False,2025-11-01,4.35,933,35,0.75,0.61,6.1,4.71,4.4,354.0,16.0,0.0207,0.435
BIZ_017,Leaf Spot,Bakery & Cafe,Somajiguda,Central,17.445511,78.426873,3,2.2,False,2025-12-01,4.34,955,22,0.687,0.397,7.2,4.44,4.3,163.0,87.0,,0.513
BIZ_017,Leaf Spot,Bakery & Cafe,Somajiguda,Central,17.445511,78.426873,3,2.3,False,2026-01-01,4.37,1002,47,0.823,0.466,4.4,4.35,4.14,343.0,63.0,0.0448,0.485
BIZ_017,Leaf Spot,Bakery & Cafe,Somajiguda,Central,17.445511,78.426873,3,2.4,False,2026-02-01,4.32,1052,50,0.629,0.416,4.0,4.45,4.36,306.0,72.0,0.0408,0.487
BIZ_017,Leaf Spot,Bakery & Cafe,Somajiguda,Central,17.445511,78.426873,3,2.5,False,2026-03-01,4.31,1085,33,0.735,0.615,3.9,,4.57,263.0,44.0,0.0327,0.479
BIZ_017,Leaf Spot,Bakery & Cafe,Somajiguda,Central,17.445511,78.426873,3,2.5,False,2026-04-01,4.43,1124,39,0.589,0.471,2.0,4.65,3.96,312.0,64.0,0.0262,0.431
BIZ_017,Leaf Spot,Bakery & Cafe,Somajiguda,Central,17.445511,78.426873,3,2.6,False,2026-05-01,4.35,1154,30,0.757,0.607,5.6,4.11,4.39,191.0,45.0,0.0422,0.441
BIZ_017,Leaf Spot,Bakery & Cafe,Somajiguda,Central,17.445511,78.426873,3,2.7,False,2026-06-01,4.41,1199,45,0.73,0.472,7.7,3.8,4.27,245.0,53.0,0.021,0.458
BIZ_018,Fresh Brew,Coffee Shop,Begumpet,Central,17.445459,78.464912,1,3.2,False,2025-01-01,4.67,20,3,0.927,0.467,4.7,4.51,4.72,292.0,48.0,0.0542,0.427
BIZ_018,Fresh Brew,Coffee Shop,Begumpet,Central,17.445459,78.464912,1,3.3,False,2025-02-01,4.62,23,3,0.955,0.635,11.9,4.67,5.0,253.0,39.0,0.0227,0.504
BIZ_018,Fresh Brew,Coffee Shop,Begumpet,Central,17.445459,78.464912,1,3.4,False,2025-03-01,4.68,26,3,0.941,0.703,7.9,4.69,5.0,300.0,60.0,0.0267,0.415
BIZ_018,Fresh Brew,Coffee Shop,Begumpet,Central,17.445459,78.464912,1,3.5,False,2025-04-01,4.83,29,3,0.929,0.431,8.4,4.62,4.63,271.0,41.0,0.0339,0.423
BIZ_018,Fresh Brew,Coffee Shop,Begumpet,Central,17.445459,78.464912,1,3.5,False,2025-05-01,4.8,34,5,0.838,0.663,5.9,4.44,4.53,242.0,45.0,0.0269,0.437
BIZ_018,Fresh Brew,Coffee Shop,Begumpet,Central,17.445459,78.464912,1,3.6,False,2025-06-01,4.62,35,1,0.944,0.495,7.0,4.62,4.88,250.0,42.0,0.0426,0.439
BIZ_018,Fresh Brew,Coffee Shop,Begumpet,Central,17.445459,78.464912,1,3.7,False,2025-07-01,4.65,38,3,0.891,0.652,3.8,4.11,4.99,279.0,23.0,0.0354,0.544
BIZ_018,Fresh Brew,Coffee Shop,Begumpet,Central,17.445459,78.464912,1,3.8,False,2025-08-01,4.76,40,2,0.976,0.511,4.3,4.62,5.0,242.0,30.0,0.0424,0.43
BIZ_018,Fresh Brew,Coffee Shop,Begumpet,Central,17.445459,78.464912,1,3.9,False,2025-09-01,4.72,44,4,0.928,0.529,5.8,4.98,4.58,,17.0,0.0274,0.504
BIZ_018,Fresh Brew,Coffee Shop,Begumpet,Central,17.445459,78.464912,1,4.0,False,2025-10-01,4.69,48,4,0.914,0.557,4.7,4.91,5.0,293.0,35.0,0.0206,0.557
BIZ_018,Fresh Brew,Coffee Shop,Begumpet,Central,17.445459,78.464912,1,4.0,False,2025-11-01,4.54,53,5,0.897,0.586,2.8,4.83,4.34,256.0,60.0,0.0543,0.528
BIZ_018,Fresh Brew,Coffee Shop,Begumpet,Central,17.445459,78.464912,1,4.1,False,2025-12-01,4.57,60,7,0.924,0.456,5.3,4.62,4.63,245.0,53.0,0.0284,0.486
BIZ_018,Fresh Brew,Coffee Shop,Begumpet,Central,17.445459,78.464912,1,4.2,False,2026-01-01,4.71,63,3,0.901,0.482,5.4,4.72,4.94,348.0,57.0,0.0318,0.536
BIZ_018,Fresh Brew,Coffee Shop,Begumpet,Central,17.445459,78.464912,1,4.3,False,2026-02-01,4.8,67,4,0.841,0.455,6.8,4.76,4.45,282.0,58.0,0.0539,0.554
BIZ_018,Fresh Brew,Coffee Shop,Begumpet,Central,17.445459,78.464912,1,4.4,False,2026-03-01,4.71,73,6,0.948,0.689,2.1,4.17,5.0,232.0,43.0,0.0466,0.488
BIZ_018,Fresh Brew,Coffee Shop,Begumpet,Central,17.445459,78.464912,1,4.5,False,2026-04-01,4.58,80,7,0.891,0.522,4.8,4.73,4.08,249.0,48.0,0.0453,0.568
BIZ_018,Fresh Brew,Coffee Shop,Begumpet,Central,17.445459,78.464912,1,4.5,False,2026-05-01,4.71,85,5,0.888,0.38,8.5,,4.58,215.0,64.0,0.026,0.504
BIZ_018,Fresh Brew,Coffee Shop,Begumpet,Central,17.445459,78.464912,1,4.6,False,2026-06-01,4.79,88,3,,0.568,2.8,3.98,4.28,258.0,45.0,0.0523,0.572
BIZ_019,Green Filter,Cafe,Banjara Hills,Central,17.442438,78.450741,2,2.6,False,2025-01-01,4.3,428,16,0.652,0.55,5.0,4.76,4.44,233.0,59.0,0.0294,0.483
BIZ_019,Green Filter,Cafe,Banjara Hills,Central,17.442438,78.450741,2,2.7,False,2025-02-01,4.37,448,20,0.645,0.456,4.9,4.39,4.33,250.0,81.0,0.0346,0.409
BIZ_019,Green Filter,Cafe,Banjara Hills,Central,17.442438,78.450741,2,2.8,False,2025-03-01,4.53,458,10,0.685,0.387,9.8,4.61,4.72,320.0,77.0,0.0646,0.459
BIZ_019,Green Filter,Cafe,Banjara Hills,Central,17.442438,78.450741,2,2.9,False,2025-04-01,4.42,477,19,0.614,0.409,9.2,3.98,4.18,177.0,42.0,0.0204,0.407
BIZ_019,Green Filter,Cafe,Banjara Hills,Central,17.442438,78.450741,2,2.9,False,2025-05-01,4.36,488,11,0.693,0.556,4.1,4.02,4.39,156.0,60.0,0.0292,0.504
BIZ_019,Green Filter,Cafe,Banjara Hills,Central,17.442438,78.450741,2,3.0,False,2025-06-01,4.49,501,13,0.663,0.654,3.6,4.58,4.48,187.0,52.0,0.0527,0.447
BIZ_019,Green Filter,Cafe,Banjara Hills,Central,17.442438,78.450741,2,3.1,False,2025-07-01,4.48,512,11,0.58,0.7,6.9,4.29,4.41,222.0,50.0,0.0546,0.472
BIZ_019,Green Filter,Cafe,Banjara Hills,Central,17.442438,78.450741,2,3.2,False,2025-08-01,4.37,523,11,0.422,0.534,4.3,4.65,4.38,158.0,42.0,0.0409,0.477
BIZ_019,Green Filter,Cafe,Banjara Hills,Central,17.442438,78.450741,2,3.3,False,2025-09-01,4.37,530,7,0.706,0.515,7.4,4.23,4.21,269.0,36.0,0.0541,0.471
BIZ_019,Green Filter,Cafe,Banjara Hills,Central,17.442438,78.450741,2,3.4,False,2025-10-01,4.41,549,19,0.656,0.527,3.2,3.95,4.43,305.0,46.0,0.0588,0.5
BIZ_019,Green Filter,Cafe,Banjara Hills,Central,17.442438,78.450741,2,3.4,False,2025-11-01,4.35,564,15,0.627,0.538,3.6,4.51,4.21,301.0,34.0,0.0254,0.504
BIZ_019,Green Filter,Cafe,Banjara Hills,Central,17.442438,78.450741,2,3.5,False,2025-12-01,4.43,574,10,0.701,0.395,5.9,4.54,4.63,283.0,41.0,0.0537,0.472
BIZ_019,Green Filter,Cafe,Banjara Hills,Central,17.442438,78.450741,2,3.6,False,2026-01-01,4.49,589,15,0.734,0.621,4.1,3.31,4.28,347.0,56.0,0.0557,0.386
BIZ_019,Green Filter,Cafe,Banjara Hills,Central,17.442438,78.450741,2,3.7,False,2026-02-01,4.38,614,25,0.66,0.586,3.7,3.55,4.34,269.0,50.0,0.0796,0.426
BIZ_019,Green Filter,Cafe,Banjara Hills,Central,17.442438,78.450741,2,3.8,False,2026-03-01,4.44,620,6,0.655,0.508,5.3,4.88,4.89,231.0,23.0,0.0873,0.401
BIZ_019,Green Filter,Cafe,Banjara Hills,Central,17.442438,78.450741,2,3.9,False,2026-04-01,4.43,632,12,0.559,0.439,8.7,4.66,4.32,287.0,21.0,0.0246,0.453
BIZ_019,Green Filter,Cafe,Banjara Hills,Central,17.442438,78.450741,2,3.9,False,2026-05-01,4.51,642,10,0.758,0.419,11.6,4.3,4.18,265.0,43.0,0.0357,0.517
BIZ_019,Green Filter,Cafe,Banjara Hills,Central,17.442438,78.450741,2,4.0,False,2026-06-01,4.38,656,14,0.595,0.572,7.0,3.61,4.4,194.0,32.0,0.0294,0.483
BIZ_020,Happy Whisk,Cafe,Uppal,East,17.465269,78.558593,3,1.7,False,2025-01-01,3.7,1281,71,0.592,0.493,11.7,3.26,3.43,302.0,63.0,0.0237,0.307
BIZ_020,Happy Whisk,Cafe,Uppal,East,17.465269,78.558593,3,1.8,False,2025-02-01,4.0,1357,76,0.552,0.627,15.4,,4.03,289.0,54.0,0.0234,0.386
BIZ_020,Happy Whisk,Cafe,Uppal,East,17.465269,78.558593,3,1.9,False,2025-03-01,3.74,1396,39,0.479,,7.2,3.38,3.58,270.0,72.0,0.035,0.376
BIZ_020,Happy Whisk,Cafe,Uppal,East,17.465269,78.558593,3,1.9,False,2025-04-01,3.83,1444,48,0.45,0.374,8.6,3.43,3.87,299.0,70.0,0.0505,0.447
BIZ_020,Happy Whisk,Cafe,Uppal,East,17.465269,78.558593,3,2.0,False,2025-05-01,3.84,1490,46,0.476,0.466,7.8,3.7,3.53,268.0,43.0,0.041,0.397
BIZ_020,Happy Whisk,Cafe,Uppal,East,17.465269,78.558593,3,2.1,False,2025-06-01,3.69,1531,41,,0.402,6.6,2.98,3.21,251.0,52.0,0.0233,0.37
BIZ_020,Happy Whisk,Cafe,Uppal,East,17.465269,78.558593,3,2.2,False,2025-07-01,3.64,1588,57,0.481,0.418,8.8,3.2,,167.0,47.0,0.1053,0.413
BIZ_020,Happy Whisk,Cafe,Uppal,East,17.465269,78.558593,3,2.3,False,2025-08-01,3.83,1654,66,0.524,0.381,7.6,3.95,3.54,285.0,62.0,0.0603,0.443
BIZ_020,Happy Whisk,Cafe,Uppal,East,17.465269,78.558593,3,2.4,False,2025-09-01,3.64,1724,70,0.572,0.395,8.1,3.63,3.66,227.0,33.0,0.0238,0.493
BIZ_020,Happy Whisk,Cafe,Uppal,East,17.465269,78.558593,3,2.5,False,2025-10-01,3.52,1810,86,0.592,0.463,8.0,3.32,3.63,299.0,28.0,0.0286,0.549
BIZ_020,Happy Whisk,Cafe,Uppal,East,17.465269,78.558593,3,2.5,False,2025-11-01,3.8,1851,41,0.56,0.611,4.0,3.75,3.48,345.0,59.0,0.045,0.455
BIZ_020,Happy Whisk,Cafe,Uppal,East,17.465269,78.558593,3,2.6,False,2025-12-01,3.61,1914,63,0.578,0.503,7.4,3.31,3.15,276.0,61.0,0.0605,0.422
BIZ_020,Happy Whisk,Cafe,Uppal,East,17.465269,78.558593,3,2.7,False,2026-01-01,3.81,1986,72,0.455,0.612,3.4,3.39,2.9,259.0,77.0,0.0317,0.365
BIZ_020,Happy Whisk,Cafe,Uppal,East,17.465269,78.558593,3,2.8,False,2026-02-01,3.65,2077,91,0.492,0.547,1.8,3.09,3.68,296.0,54.0,0.0457,0.531
BIZ_020,Happy Whisk,Cafe,Uppal,East,17.465269,78.558593,3,2.9,False,2026-03-01,3.86,2142,65,0.452,0.81,4.9,3.46,3.6,224.0,,0.0211,0.474
BIZ_020,Happy Whisk,Cafe,Uppal,East,17.465269,78.558593,3,3.0,False,2026-04-01,4.03,2215,73,0.406,0.466,4.8,3.29,3.75,286.0,,0.0411,0.423
BIZ_020,Happy Whisk,Cafe,Uppal,East,17.465269,78.558593,3,3.0,False,2026-05-01,3.87,2266,51,0.443,0.514,6.5,3.51,3.68,270.0,48.0,0.0891,0.333
BIZ_020,Happy Whisk,Cafe,Uppal,East,17.465269,78.558593,3,3.1,False,2026-06-01,3.92,2320,54,0.496,0.503,4.0,3.66,3.32,331.0,24.0,0.0288,0.439
BIZ_021,Toast Kitchen,Restaurant & Cafe,Banjara Hills,Central,17.432575,78.450942,2,7.2,False,2025-01-01,3.84,916,12,0.376,0.489,5.9,3.57,,333.0,88.0,0.0471,0.468
BIZ_021,Toast Kitchen,Restaurant & Cafe,Banjara Hills,Central,17.432575,78.450942,2,7.3,False,2025-02-01,3.75,927,11,0.242,0.619,8.2,2.93,3.75,338.0,,0.0431,0.432
BIZ_021,Toast Kitchen,Restaurant & Cafe,Banjara Hills,Central,17.432575,78.450942,2,7.4,False,2025-03-01,3.93,937,10,0.37,0.549,2.0,4.02,3.84,205.0,47.0,0.0311,0.48
BIZ_021,Toast Kitchen,Restaurant & Cafe,Banjara Hills,Central,17.432575,78.450942,2,7.5,False,2025-04-01,3.9,947,10,0.443,0.534,6.3,3.35,3.85,280.0,26.0,0.0456,0.52
BIZ_021,Toast Kitchen,Restaurant & Cafe,Banjara Hills,Central,17.432575,78.450942,2,7.5,False,2025-05-01,3.92,962,15,0.483,0.363,7.9,3.75,3.82,255.0,46.0,0.0332,0.447
BIZ_021,Toast Kitchen,Restaurant & Cafe,Banjara Hills,Central,17.432575,78.450942,2,7.6,False,2025-06-01,3.85,965,3,0.265,0.397,15.8,3.61,3.76,261.0,26.0,0.0794,0.483
BIZ_021,Toast Kitchen,Restaurant & Cafe,Banjara Hills,Central,17.432575,78.450942,2,7.7,False,2025-07-01,3.83,974,9,0.272,0.607,8.9,3.78,4.1,214.0,,0.0225,0.389
BIZ_021,Toast Kitchen,Restaurant & Cafe,Banjara Hills,Central,17.432575,78.450942,2,7.8,False,2025-08-01,3.87,981,7,0.532,0.532,2.7,3.63,4.0,301.0,34.0,0.0385,0.406
BIZ_021,Toast Kitchen,Restaurant & Cafe,Banjara Hills,Central,17.432575,78.450942,2,7.9,False,2025-09-01,3.71,989,8,0.258,0.471,8.2,3.5,3.51,260.0,56.0,0.0693,0.465
BIZ_021,Toast Kitchen,Restaurant & Cafe,Banjara Hills,Central,17.432575,78.450942,2,8.0,False,2025-10-01,3.91,1000,11,0.373,0.378,7.1,3.85,4.09,215.0,40.0,0.0515,0.422
BIZ_021,Toast Kitchen,Restaurant & Cafe,Banjara Hills,Central,17.432575,78.450942,2,8.0,False,2025-11-01,3.94,1011,11,0.436,0.616,2.7,3.71,4.19,207.0,60.0,0.0527,0.4
BIZ_021,Toast Kitchen,Restaurant & Cafe,Banjara Hills,Central,17.432575,78.450942,2,8.1,False,2025-12-01,3.87,1023,12,0.577,0.518,3.2,3.76,3.36,,56.0,0.0486,0.399
BIZ_021,Toast Kitchen,Restaurant & Cafe,Banjara Hills,Central,17.432575,78.450942,2,8.2,False,2026-01-01,4.02,1031,8,0.303,0.421,7.4,4.23,3.77,184.0,73.0,0.0309,0.437
BIZ_021,Toast Kitchen,Restaurant & Cafe,Banjara Hills,Central,17.432575,78.450942,2,8.3,False,2026-02-01,3.93,1043,12,0.315,0.516,6.8,4.05,3.44,264.0,59.0,0.0421,0.403
BIZ_021,Toast Kitchen,Restaurant & Cafe,Banjara Hills,Central,17.432575,78.450942,2,8.4,False,2026-03-01,3.76,1053,10,0.47,0.447,2.9,3.69,3.91,239.0,48.0,0.0258,0.45
BIZ_021,Toast Kitchen,Restaurant & Cafe,Banjara Hills,Central,17.432575,78.450942,2,8.4,False,2026-04-01,4.03,1070,17,0.424,0.652,3.6,3.52,4.04,255.0,33.0,0.0752,0.481
BIZ_021,Toast Kitchen,Restaurant & Cafe,Banjara Hills,Central,17.432575,78.450942,2,8.5,False,2026-05-01,3.93,1077,7,0.427,0.452,8.5,3.74,3.35,202.0,51.0,0.0304,0.59
BIZ_021,Toast Kitchen,Restaurant & Cafe,Banjara Hills,Central,17.432575,78.450942,2,8.6,False,2026-06-01,3.86,1084,7,0.399,0.596,8.0,4.2,3.99,164.0,39.0,0.0419,0.554
BIZ_022,Cedar Steam Works,Restaurant & Cafe,Somajiguda,Central,17.451475,78.443161,2,3.3,False,2025-01-01,3.9,81,8,0.459,0.514,11.7,3.61,4.03,331.0,54.0,0.0653,0.485
BIZ_022,Cedar Steam Works,Restaurant & Cafe,Somajiguda,Central,17.451475,78.443161,2,3.4,False,2025-02-01,3.95,85,4,0.448,0.47,2.9,3.5,3.67,261.0,45.0,0.037,0.346
BIZ_022,Cedar Steam Works,Restaurant & Cafe,Somajiguda,Central,17.451475,78.443161,2,3.5,False,2025-03-01,3.87,91,6,0.521,0.44,11.3,3.48,3.99,250.0,40.0,0.053,0.378
BIZ_022,Cedar Steam Works,Restaurant & Cafe,Somajiguda,Central,17.451475,78.443161,2,3.5,False,2025-04-01,4.0,97,6,0.712,0.397,9.5,3.67,4.19,176.0,31.0,0.0357,0.478
BIZ_022,Cedar Steam Works,Restaurant & Cafe,Somajiguda,Central,17.451475,78.443161,2,3.6,False,2025-05-01,3.85,102,5,0.62,0.599,9.2,3.98,,261.0,20.0,0.0474,0.37
BIZ_022,Cedar Steam Works,Restaurant & Cafe,Somajiguda,Central,17.451475,78.443161,2,3.7,False,2025-06-01,3.84,108,6,0.505,0.524,8.1,3.85,3.91,207.0,38.0,0.0447,0.459
BIZ_022,Cedar Steam Works,Restaurant & Cafe,Somajiguda,Central,17.451475,78.443161,2,3.8,False,2025-07-01,3.91,111,3,0.511,0.366,5.9,4.0,3.72,307.0,20.0,0.0219,0.412
BIZ_022,Cedar Steam Works,Restaurant & Cafe,Somajiguda,Central,17.451475,78.443161,2,3.9,False,2025-08-01,3.84,113,2,0.514,0.497,7.6,3.71,3.54,271.0,46.0,0.033,0.364
BIZ_022,Cedar Steam Works,Restaurant & Cafe,Somajiguda,Central,17.451475,78.443161,2,4.0,False,2025-09-01,3.79,114,1,0.581,0.639,4.3,3.29,3.54,216.0,41.0,0.0267,0.427
BIZ_022,Cedar Steam Works,Restaurant & Cafe,Somajiguda,Central,17.451475,78.443161,2,4.0,False,2025-10-01,3.9,117,3,0.579,0.346,5.5,3.6,4.32,236.0,16.0,,0.501
BIZ_022,Cedar Steam Works,Restaurant & Cafe,Somajiguda,Central,17.451475,78.443161,2,4.1,False,2025-11-01,3.77,122,5,0.58,0.644,5.1,3.32,3.37,251.0,24.0,0.0267,0.442
BIZ_022,Cedar Steam Works,Restaurant & Cafe,Somajiguda,Central,17.451475,78.443161,2,4.2,False,2025-12-01,3.87,127,5,0.485,0.497,2.7,4.08,3.79,258.0,80.0,0.0281,0.498
BIZ_022,Cedar Steam Works,Restaurant & Cafe,Somajiguda,Central,17.451475,78.443161,2,4.3,False,2026-01-01,3.83,132,5,0.681,0.48,4.6,3.58,4.29,309.0,57.0,0.0875,0.475
BIZ_022,Cedar Steam Works,Restaurant & Cafe,Somajiguda,Central,17.451475,78.443161,2,4.4,False,2026-02-01,3.87,136,4,0.523,0.426,14.9,3.92,3.87,350.0,33.0,0.0235,0.427
BIZ_022,Cedar Steam Works,Restaurant & Cafe,Somajiguda,Central,17.451475,78.443161,2,4.5,False,2026-03-01,3.83,144,8,0.489,0.626,2.3,3.76,3.76,237.0,56.0,0.0679,0.35
BIZ_022,Cedar Steam Works,Restaurant & Cafe,Somajiguda,Central,17.451475,78.443161,2,4.5,False,2026-04-01,3.96,147,3,0.554,0.57,5.4,3.51,3.96,173.0,67.0,0.0587,0.378
BIZ_022,Cedar Steam Works,Restaurant & Cafe,Somajiguda,Central,17.451475,78.443161,2,4.6,False,2026-05-01,3.91,152,5,0.539,0.604,3.3,3.52,3.64,265.0,45.0,0.0737,0.416
BIZ_022,Cedar Steam Works,Restaurant & Cafe,Somajiguda,Central,17.451475,78.443161,2,4.7,False,2026-06-01,3.82,156,4,0.504,0.609,4.7,3.56,3.98,265.0,43.0,0.0529,0.372
BIZ_023,Cozy Leaf Place,Coffee Shop,Kompally,East,17.474484,78.535968,4,4.6,False,2025-01-01,3.64,2224,50,0.277,0.263,6.3,3.23,3.0,266.0,40.0,0.0683,0.362
BIZ_023,Cozy Leaf Place,Coffee Shop,Kompally,East,17.474484,78.535968,4,4.7,False,2025-02-01,3.75,2272,48,0.131,0.479,6.3,4.06,3.07,,77.0,0.0277,0.421
BIZ_023,Cozy Leaf Place,Coffee Shop,Kompally,East,17.474484,78.535968,4,4.8,False,2025-03-01,3.55,2290,18,0.217,0.522,12.3,3.64,3.01,288.0,66.0,0.021,0.505
BIZ_023,Cozy Leaf Place,Coffee Shop,Kompally,East,17.474484,78.535968,4,4.8,False,2025-04-01,3.66,2324,34,0.194,0.506,12.9,3.4,3.25,225.0,66.0,0.0356,0.488
BIZ_023,Cozy Leaf Place,Coffee Shop,Kompally,East,17.474484,78.535968,4,4.9,False,2025-05-01,3.7,2360,36,0.278,0.576,4.8,3.09,3.54,301.0,28.0,0.0327,0.451
BIZ_023,Cozy Leaf Place,Coffee Shop,Kompally,East,17.474484,78.535968,4,5.0,False,2025-06-01,3.5,2392,32,0.173,0.304,17.2,3.51,3.23,225.0,22.0,0.0746,0.444
BIZ_023,Cozy Leaf Place,Coffee Shop,Kompally,East,17.474484,78.535968,4,5.1,False,2025-07-01,3.59,2418,26,0.08,0.401,6.3,3.16,3.0,302.0,,0.0685,0.489
BIZ_023,Cozy Leaf Place,Coffee Shop,Kompally,East,17.474484,78.535968,4,5.2,False,2025-08-01,3.42,2458,40,0.266,0.399,3.2,3.0,2.86,255.0,34.0,0.0266,0.43
BIZ_023,Cozy Leaf Place,Coffee Shop,Kompally,East,17.474484,78.535968,4,5.3,False,2025-09-01,3.41,2489,31,0.255,0.501,4.2,3.31,3.42,254.0,65.0,0.0336,0.376
BIZ_023,Cozy Leaf Place,Coffee Shop,Kompally,East,17.474484,78.535968,4,5.3,False,2025-10-01,3.49,2513,24,0.283,0.692,9.9,3.66,3.04,231.0,24.0,0.0354,0.485
BIZ_023,Cozy Leaf Place,Coffee Shop,Kompally,East,17.474484,78.535968,4,5.4,False,2025-11-01,3.57,2574,61,0.108,0.668,3.1,3.69,3.17,307.0,54.0,0.0332,0.377
BIZ_023,Cozy Leaf Place,Coffee Shop,Kompally,East,17.474484,78.535968,4,5.5,False,2025-12-01,3.54,2611,37,0.258,0.526,7.8,3.66,3.31,296.0,,0.0207,0.368
BIZ_023,Cozy Leaf Place,Coffee Shop,Kompally,East,17.474484,78.535968,4,5.6,False,2026-01-01,3.56,2650,39,0.104,0.721,2.4,3.36,2.96,302.0,38.0,0.0403,0.511
BIZ_023,Cozy Leaf Place,Coffee Shop,Kompally,East,17.474484,78.535968,4,5.7,False,2026-02-01,3.62,2708,58,0.131,0.459,1.6,3.77,3.6,254.0,52.0,0.0219,0.44
BIZ_023,Cozy Leaf Place,Coffee Shop,Kompally,East,17.474484,78.535968,4,5.8,False,2026-03-01,3.64,2746,38,0.114,0.639,5.5,3.01,3.42,293.0,48.0,0.0308,0.45
BIZ_023,Cozy Leaf Place,Coffee Shop,Kompally,East,17.474484,78.535968,4,5.8,False,2026-04-01,3.63,2770,24,0.15,,5.0,3.62,3.67,301.0,51.0,0.0306,0.39
BIZ_023,Cozy Leaf Place,Coffee Shop,Kompally,East,17.474484,78.535968,4,5.9,False,2026-05-01,3.6,2795,25,,0.515,6.1,4.0,3.08,228.0,27.0,0.0468,0.445
BIZ_023,Cozy Leaf Place,Coffee Shop,Kompally,East,17.474484,78.535968,4,6.0,False,2026-06-01,3.66,2819,24,0.201,0.449,9.6,3.5,3.33,178.0,54.0,0.0317,0.496
BIZ_024,Whisk Co,Cafe,Nampally,Old City,17.361322,78.449597,2,3.5,False,2025-01-01,5.0,328,8,1.0,0.325,6.1,5.0,5.0,376.0,39.0,0.044,0.491
BIZ_024,Whisk Co,Cafe,Nampally,Old City,17.361322,78.449597,2,3.6,False,2025-02-01,5.0,336,8,0.998,0.43,4.3,5.0,4.99,351.0,46.0,0.022,0.512
BIZ_024,Whisk Co,Cafe,Nampally,Old City,17.361322,78.449597,2,3.7,False,2025-03-01,5.0,342,6,0.968,0.359,7.1,5.0,4.89,232.0,64.0,0.0711,0.413
BIZ_024,Whisk Co,Cafe,Nampally,Old City,17.361322,78.449597,2,3.8,False,2025-04-01,5.0,355,13,,0.453,25.3,4.4,5.0,258.0,70.0,0.0228,0.493
BIZ_024,Whisk Co,Cafe,Nampally,Old City,17.361322,78.449597,2,3.8,False,2025-05-01,5.0,362,7,0.84,0.46,4.2,4.29,4.66,220.0,67.0,,0.503
BIZ_024,Whisk Co,Cafe,Nampally,Old City,17.361322,78.449597,2,3.9,False,2025-06-01,4.87,369,7,0.854,0.689,5.6,4.55,4.69,212.0,52.0,0.0202,0.47
BIZ_024,Whisk Co,Cafe,Nampally,Old City,17.361322,78.449597,2,4.0,False,2025-07-01,4.98,370,1,0.989,0.753,3.0,4.89,5.0,276.0,38.0,0.0672,0.504
BIZ_024,Whisk Co,Cafe,Nampally,Old City,17.361322,78.449597,2,4.1,False,2025-08-01,4.88,378,8,0.984,0.557,4.3,4.81,4.81,245.0,14.0,0.021,0.419
BIZ_024,Whisk Co,Cafe,Nampally,Old City,17.361322,78.449597,2,4.2,False,2025-09-01,4.91,386,8,0.877,0.485,1.8,4.3,4.63,236.0,51.0,0.0205,0.551
BIZ_024,Whisk Co,Cafe,Nampally,Old City,17.361322,78.449597,2,4.2,False,2025-10-01,4.92,392,6,0.945,0.575,10.4,4.53,4.94,266.0,35.0,,0.654
BIZ_024,Whisk Co,Cafe,Nampally,Old City,17.361322,78.449597,2,4.3,False,2025-11-01,4.96,400,8,,0.567,7.6,4.38,4.95,155.0,50.0,0.0404,0.49
BIZ_024,Whisk Co,Cafe,Nampally,Old City,17.361322,78.449597,2,4.4,False,2025-12-01,4.87,409,9,0.956,0.466,9.3,4.68,5.0,233.0,35.0,0.0214,0.464
BIZ_024,Whisk Co,Cafe,Nampally,Old City,17.361322,78.449597,2,4.5,False,2026-01-01,5.0,414,5,1.0,0.478,6.5,4.63,4.85,248.0,66.0,0.037,0.523
BIZ_024,Whisk Co,Cafe,Nampally,Old City,17.361322,78.449597,2,4.6,False,2026-02-01,4.97,422,8,1.0,0.394,4.8,4.91,5.0,275.0,65.0,0.0437,0.641
BIZ_024,Whisk Co,Cafe,Nampally,Old City,17.361322,78.449597,2,4.7,False,2026-03-01,4.82,429,7,,0.703,3.7,4.57,4.93,268.0,44.0,0.0357,0.526
BIZ_024,Whisk Co,Cafe,Nampally,Old City,17.361322,78.449597,2,4.8,False,2026-04-01,4.97,437,8,0.994,0.476,14.8,,5.0,134.0,44.0,0.0336,0.435
BIZ_024,Whisk Co,Cafe,Nampally,Old City,17.361322,78.449597,2,4.8,False,2026-05-01,5.0,444,7,1.0,0.439,7.2,,5.0,233.0,33.0,0.0303,0.459
BIZ_024,Whisk Co,Cafe,Nampally,Old City,17.361322,78.449597,2,4.9,False,2026-06-01,5.0,447,3,1.0,0.521,6.4,4.47,5.0,187.0,18.0,0.041,0.412
BIZ_025,Grand Press Kitchen,Cafe,Kondapur,West,17.454031,78.403856,3,6.1,False,2025-01-01,3.69,2162,39,0.491,0.359,3.9,3.69,3.22,214.0,85.0,0.0318,0.468
BIZ_025,Grand Press Kitchen,Cafe,Kondapur,West,17.454031,78.403856,3,6.2,False,2025-02-01,3.62,2220,58,0.267,0.438,4.8,3.49,3.3,313.0,41.0,0.0299,0.387
BIZ_025,Grand Press Kitchen,Cafe,Kondapur,West,17.454031,78.403856,3,6.3,False,2025-03-01,3.48,2244,24,0.322,0.639,2.5,2.91,3.52,199.0,51.0,0.0247,0.399
BIZ_025,Grand Press Kitchen,Cafe,Kondapur,West,17.454031,78.403856,3,6.3,False,2025-04-01,3.63,2267,23,0.31,0.467,6.7,3.53,3.2,313.0,35.0,0.0363,0.471
BIZ_025,Grand Press Kitchen,Cafe,Kondapur,West,17.454031,78.403856,3,6.4,False,2025-05-01,3.57,2294,27,0.256,0.365,5.6,3.67,3.44,161.0,39.0,0.0259,0.319
BIZ_025,Grand Press Kitchen,Cafe,Kondapur,West,17.454031,78.403856,3,6.5,False,2025-06-01,3.62,2317,23,0.392,0.391,3.2,3.56,3.68,138.0,59.0,0.0541,0.307
BIZ_025,Grand Press Kitchen,Cafe,Kondapur,West,17.454031,78.403856,3,6.6,False,2025-07-01,3.65,2359,42,,0.332,5.3,3.39,3.18,84.0,41.0,0.0427,0.457
BIZ_025,Grand Press Kitchen,Cafe,Kondapur,West,17.454031,78.403856,3,6.7,False,2025-08-01,3.59,2395,36,0.361,0.507,3.6,3.63,2.92,249.0,27.0,0.0357,0.44
BIZ_025,Grand Press Kitchen,Cafe,Kondapur,West,17.454031,78.403856,3,6.8,False,2025-09-01,3.49,2420,25,0.375,0.63,2.1,3.37,3.07,202.0,58.0,0.0255,0.437
BIZ_025,Grand Press Kitchen,Cafe,Kondapur,West,17.454031,78.403856,3,6.8,False,2025-10-01,3.38,2463,43,0.358,0.653,2.1,3.56,3.74,183.0,61.0,,0.417
BIZ_025,Grand Press Kitchen,Cafe,Kondapur,West,17.454031,78.403856,3,6.9,False,2025-11-01,3.54,2504,41,,0.628,6.7,3.01,2.91,206.0,47.0,0.0213,0.439
BIZ_025,Grand Press Kitchen,Cafe,Kondapur,West,17.454031,78.403856,3,7.0,False,2025-12-01,3.59,2530,26,0.382,0.584,7.8,3.35,3.54,260.0,87.0,0.0399,0.365
BIZ_025,Grand Press Kitchen,Cafe,Kondapur,West,17.454031,78.403856,3,7.1,False,2026-01-01,3.59,2591,61,0.386,0.591,7.5,3.16,3.47,287.0,84.0,0.0649,0.466
BIZ_025,Grand Press Kitchen,Cafe,Kondapur,West,17.454031,78.403856,3,7.2,False,2026-02-01,3.46,2627,36,0.26,0.696,5.9,3.33,3.38,232.0,80.0,0.02,0.437
BIZ_025,Grand Press Kitchen,Cafe,Kondapur,West,17.454031,78.403856,3,7.3,False,2026-03-01,3.57,2650,23,0.45,0.547,12.8,3.51,3.55,315.0,35.0,0.0239,0.475
BIZ_025,Grand Press Kitchen,Cafe,Kondapur,West,17.454031,78.403856,3,7.3,False,2026-04-01,3.67,2689,39,0.208,0.577,2.9,3.13,3.31,202.0,41.0,0.0664,0.36
BIZ_025,Grand Press Kitchen,Cafe,Kondapur,West,17.454031,78.403856,3,7.4,False,2026-05-01,3.6,2699,10,0.259,0.64,4.2,3.04,3.45,238.0,75.0,0.041,0.425
BIZ_025,Grand Press Kitchen,Cafe,Kondapur,West,17.454031,78.403856,3,7.5,False,2026-06-01,3.7,2726,27,0.332,0.78,3.3,,3.53,271.0,20.0,0.0212,0.43
BIZ_026,Cedar Whisk,Restaurant & Cafe,Madhapur,West,17.430387,78.382538,3,1.5,False,2025-01-01,3.71,484,30,0.491,0.446,3.7,3.29,3.55,316.0,68.0,0.048,0.485
BIZ_026,Cedar Whisk,Restaurant & Cafe,Madhapur,West,17.430387,78.382538,3,1.6,False,2025-02-01,3.87,529,45,0.306,0.518,4.5,3.67,4.06,215.0,43.0,,0.475
BIZ_026,Cedar Whisk,Restaurant & Cafe,Madhapur,West,17.430387,78.382538,3,1.7,False,2025-03-01,3.82,565,36,0.28,0.607,5.3,4.15,,345.0,60.0,0.0869,0.44
BIZ_026,Cedar Whisk,Restaurant & Cafe,Madhapur,West,17.430387,78.382538,3,1.8,False,2025-04-01,3.86,587,22,0.527,0.526,4.8,3.41,3.93,293.0,42.0,0.0215,0.42
BIZ_026,Cedar Whisk,Restaurant & Cafe,Madhapur,West,17.430387,78.382538,3,1.8,False,2025-05-01,3.83,615,28,0.348,0.424,15.4,3.31,3.96,268.0,65.0,0.0288,0.515
BIZ_026,Cedar Whisk,Restaurant & Cafe,Madhapur,West,17.430387,78.382538,3,1.9,False,2025-06-01,3.8,646,31,0.348,0.498,4.9,3.51,3.21,230.0,42.0,0.0362,0.457
BIZ_026,Cedar Whisk,Restaurant & Cafe,Madhapur,West,17.430387,78.382538,3,2.0,False,2025-07-01,3.77,672,26,0.328,0.672,15.8,3.78,3.62,243.0,25.0,0.0216,0.381
BIZ_026,Cedar Whisk,Restaurant & Cafe,Madhapur,West,17.430387,78.382538,3,2.1,False,2025-08-01,3.75,687,15,0.423,0.741,2.6,3.71,3.37,269.0,24.0,0.0234,0.399
BIZ_026,Cedar Whisk,Restaurant & Cafe,Madhapur,West,17.430387,78.382538,3,2.2,False,2025-09-01,3.73,698,11,0.303,0.423,10.0,3.67,3.23,221.0,34.0,0.045,0.496
BIZ_026,Cedar Whisk,Restaurant & Cafe,Madhapur,West,17.430387,78.382538,3,2.2,False,2025-10-01,3.82,717,19,0.223,,4.1,4.18,3.63,209.0,32.0,0.0281,0.439
BIZ_026,Cedar Whisk,Restaurant & Cafe,Madhapur,West,17.430387,78.382538,3,2.3,False,2025-11-01,3.71,722,5,0.433,0.294,7.3,3.9,4.06,250.0,32.0,0.0411,0.399
BIZ_026,Cedar Whisk,Restaurant & Cafe,Madhapur,West,17.430387,78.382538,3,2.4,False,2025-12-01,3.65,755,33,0.377,0.492,3.7,3.48,3.06,289.0,69.0,,0.372
BIZ_026,Cedar Whisk,Restaurant & Cafe,Madhapur,West,17.430387,78.382538,3,2.5,False,2026-01-01,3.6,781,26,0.479,0.579,2.0,3.0,3.31,399.0,43.0,0.0435,0.486
BIZ_026,Cedar Whisk,Restaurant & Cafe,Madhapur,West,17.430387,78.382538,3,2.6,False,2026-02-01,3.75,796,15,0.499,0.501,3.9,3.67,3.84,281.0,75.0,0.0225,0.487
BIZ_026,Cedar Whisk,Restaurant & Cafe,Madhapur,West,17.430387,78.382538,3,2.7,False,2026-03-01,3.84,822,26,0.192,0.328,3.4,3.49,3.55,194.0,69.0,0.0923,0.41
BIZ_026,Cedar Whisk,Restaurant & Cafe,Madhapur,West,17.430387,78.382538,3,2.8,False,2026-04-01,3.71,864,42,0.493,0.391,14.9,3.39,3.54,246.0,40.0,0.036,0.412
BIZ_026,Cedar Whisk,Restaurant & Cafe,Madhapur,West,17.430387,78.382538,3,2.8,False,2026-05-01,3.83,875,11,0.271,0.399,5.7,4.06,3.64,208.0,2.0,0.0578,0.433
BIZ_026,Cedar Whisk,Restaurant & Cafe,Madhapur,West,17.430387,78.382538,3,2.9,False,2026-06-01,3.92,900,25,0.319,0.365,8.6,3.97,3.56,232.0,38.0,0.03,0.49
BIZ_027,Pearl Roast,Coffee Shop,Ameerpet,Central,17.41593,78.417987,2,3.5,False,2025-01-01,4.15,142,8,0.533,0.432,8.4,4.15,4.04,306.0,64.0,0.0237,0.489
BIZ_027,Pearl Roast,Coffee Shop,Ameerpet,Central,17.41593,78.417987,2,3.6,False,2025-02-01,4.32,145,3,0.7,0.461,5.1,4.91,4.39,263.0,23.0,0.029,0.5
BIZ_027,Pearl Roast,Coffee Shop,Ameerpet,Central,17.41593,78.417987,2,3.7,False,2025-03-01,4.31,149,4,0.534,0.552,3.2,4.19,4.34,276.0,44.0,0.0212,0.466
BIZ_027,Pearl Roast,Coffee Shop,Ameerpet,Central,17.41593,78.417987,2,3.8,False,2025-04-01,4.37,155,6,0.663,0.481,8.6,4.14,4.1,229.0,51.0,0.0264,0.458
BIZ_027,Pearl Roast,Coffee Shop,Ameerpet,Central,17.41593,78.417987,2,3.8,False,2025-05-01,4.25,158,3,0.66,0.521,8.8,4.29,4.47,185.0,55.0,0.0247,0.41
BIZ_027,Pearl Roast,Coffee Shop,Ameerpet,Central,17.41593,78.417987,2,3.9,False,2025-06-01,4.32,164,6,0.603,0.493,12.1,4.27,4.43,157.0,53.0,0.0264,0.426
BIZ_027,Pearl Roast,Coffee Shop,Ameerpet,Central,17.41593,78.417987,2,4.0,False,2025-07-01,4.21,166,2,0.575,0.606,4.7,4.11,4.08,181.0,46.0,0.0712,0.365
BIZ_027,Pearl Roast,Coffee Shop,Ameerpet,Central,17.41593,78.417987,2,4.1,False,2025-08-01,4.3,169,3,,0.511,5.7,,4.6,155.0,52.0,0.0426,0.454
BIZ_027,Pearl Roast,Coffee Shop,Ameerpet,Central,17.41593,78.417987,2,4.2,False,2025-09-01,4.32,172,3,0.81,0.517,9.1,4.24,4.44,159.0,39.0,0.0304,0.436
BIZ_027,Pearl Roast,Coffee Shop,Ameerpet,Central,17.41593,78.417987,2,4.2,False,2025-10-01,4.24,179,7,0.645,,2.3,3.91,4.17,244.0,51.0,0.0263,0.442
BIZ_027,Pearl Roast,Coffee Shop,Ameerpet,Central,17.41593,78.417987,2,4.3,False,2025-11-01,4.27,183,4,0.782,0.547,4.0,4.37,4.43,186.0,38.0,0.0253,0.601
BIZ_027,Pearl Roast,Coffee Shop,Ameerpet,Central,17.41593,78.417987,2,4.4,False,2025-12-01,4.14,186,3,0.698,0.31,6.8,4.58,3.75,183.0,34.0,0.0464,0.507
BIZ_027,Pearl Roast,Coffee Shop,Ameerpet,Central,17.41593,78.417987,2,4.5,False,2026-01-01,4.28,192,6,0.528,0.337,13.3,3.49,4.25,269.0,50.0,,0.518
BIZ_027,Pearl Roast,Coffee Shop,Ameerpet,Central,17.41593,78.417987,2,4.6,False,2026-02-01,4.37,197,5,0.732,0.553,5.5,4.44,4.39,385.0,34.0,0.0539,0.399
BIZ_027,Pearl Roast,Coffee Shop,Ameerpet,Central,17.41593,78.417987,2,4.7,False,2026-03-01,4.32,204,7,0.643,0.517,12.3,3.83,4.75,317.0,39.0,0.0255,0.468
BIZ_027,Pearl Roast,Coffee Shop,Ameerpet,Central,17.41593,78.417987,2,4.8,False,2026-04-01,4.19,210,6,0.533,0.551,3.6,3.88,4.32,276.0,70.0,0.0907,0.536
BIZ_027,Pearl Roast,Coffee Shop,Ameerpet,Central,17.41593,78.417987,2,4.8,False,2026-05-01,4.21,214,4,0.598,0.522,7.3,3.81,4.11,279.0,66.0,0.0294,0.487
BIZ_027,Pearl Roast,Coffee Shop,Ameerpet,Central,17.41593,78.417987,2,4.9,False,2026-06-01,4.25,216,2,0.586,0.648,4.9,,4.38,176.0,66.0,0.0303,0.451
BIZ_028,Cozy Roast,Cafe,Sultan Bazaar,Old City,17.355776,78.461417,3,6.4,False,2025-01-01,0.0,536,6,0.27,0.584,4.0,3.22,3.59,335.0,36.0,0.0268,0.462
BIZ_028,Cozy Roast,Cafe,Sultan Bazaar,Old City,17.355776,78.461417,3,6.5,False,2025-02-01,3.4,542,6,0.086,0.307,9.1,3.12,3.45,227.0,47.0,0.0295,0.48
BIZ_028,Cozy Roast,Cafe,Sultan Bazaar,Old City,17.355776,78.461417,3,6.6,False,2025-03-01,3.4,550,8,-0.011,0.598,4.6,3.65,2.92,240.0,48.0,0.0212,0.38
BIZ_028,Cozy Roast,Cafe,Sultan Bazaar,Old City,17.355776,78.461417,3,6.7,False,2025-04-01,3.46,557,7,0.07,0.536,4.7,3.3,2.67,158.0,59.0,,0.453
BIZ_028,Cozy Roast,Cafe,Sultan Bazaar,Old City,17.355776,78.461417,3,6.7,False,2025-05-01,3.53,562,5,0.183,0.326,10.9,3.4,3.08,159.0,48.0,0.032,0.443
BIZ_028,Cozy Roast,Cafe,Sultan Bazaar,Old City,17.355776,78.461417,3,6.8,False,2025-06-01,3.58,568,6,0.05,0.628,6.6,3.08,3.48,267.0,61.0,0.0205,0.335
BIZ_028,Cozy Roast,Cafe,Sultan Bazaar,Old City,17.355776,78.461417,3,6.9,False,2025-07-01,3.38,571,3,0.175,0.612,5.3,2.8,3.63,191.0,51.0,0.0993,0.486
BIZ_028,Cozy Roast,Cafe,Sultan Bazaar,Old City,17.355776,78.461417,3,7.0,False,2025-08-01,3.47,574,3,0.237,0.687,6.8,3.04,3.19,224.0,32.0,0.0347,0.426
BIZ_028,Cozy Roast,Cafe,Sultan Bazaar,Old City,17.355776,78.461417,3,7.1,False,2025-09-01,3.55,576,2,0.009,,2.0,3.29,3.64,256.0,46.0,,0.451
BIZ_028,Cozy Roast,Cafe,Sultan Bazaar,Old City,17.355776,78.461417,3,7.2,False,2025-10-01,3.44,586,10,0.223,0.463,9.2,2.96,3.42,,34.0,0.0308,0.26
BIZ_028,Cozy Roast,Cafe,Sultan Bazaar,Old City,17.355776,78.461417,3,7.2,False,2025-11-01,3.51,590,4,0.248,0.606,4.0,3.5,3.42,213.0,53.0,0.0438,0.408
BIZ_028,Cozy Roast,Cafe,Sultan Bazaar,Old City,17.355776,78.461417,3,7.3,False,2025-12-01,3.32,597,7,0.211,0.601,10.0,3.03,3.46,272.0,78.0,0.0766,0.273
BIZ_028,Cozy Roast,Cafe,Sultan Bazaar,Old City,17.355776,78.461417,3,7.4,False,2026-01-01,3.37,606,9,0.163,0.403,7.4,3.32,3.16,323.0,66.0,0.0207,0.53
BIZ_028,Cozy Roast,Cafe,Sultan Bazaar,Old City,17.355776,78.461417,3,7.5,False,2026-02-01,3.45,614,8,0.214,0.471,3.6,3.32,2.8,268.0,60.0,,0.475
BIZ_028,Cozy Roast,Cafe,Sultan Bazaar,Old City,17.355776,78.461417,3,7.6,False,2026-03-01,3.28,620,6,0.245,0.584,9.6,2.47,2.77,294.0,77.0,0.0298,0.397
BIZ_028,Cozy Roast,Cafe,Sultan Bazaar,Old City,17.355776,78.461417,3,7.7,False,2026-04-01,3.46,623,3,0.261,0.403,6.9,3.54,3.37,247.0,24.0,0.0942,0.471
BIZ_028,Cozy Roast,Cafe,Sultan Bazaar,Old City,17.355776,78.461417,3,7.7,False,2026-05-01,3.37,629,6,0.058,0.624,6.7,3.39,3.58,287.0,43.0,0.0829,0.461
BIZ_028,Cozy Roast,Cafe,Sultan Bazaar,Old City,17.355776,78.461417,3,7.8,False,2026-06-01,3.49,637,8,0.311,0.388,6.1,2.58,3.34,235.0,42.0,0.0286,0.368
BIZ_029,Sip Station,Cafe,Ameerpet,Central,17.452143,78.454198,4,6.2,False,2025-01-01,4.61,148,6,0.685,0.449,4.3,4.2,4.12,273.0,52.0,0.0377,0.459
BIZ_029,Sip Station,Cafe,Ameerpet,Central,17.452143,78.454198,4,6.3,False,2025-02-01,4.6,152,4,,0.446,4.5,4.11,4.65,310.0,42.0,0.0367,0.512
BIZ_029,Sip Station,Cafe,Ameerpet,Central,17.452143,78.454198,4,6.4,False,2025-03-01,4.7,157,5,0.731,0.596,4.8,4.62,4.07,292.0,51.0,0.028,0.521
BIZ_029,Sip Station,Cafe,Ameerpet,Central,17.452143,78.454198,4,6.5,False,2025-04-01,4.57,163,6,,0.459,3.9,4.0,4.12,269.0,60.0,0.0218,0.545
BIZ_029,Sip Station,Cafe,Ameerpet,Central,17.452143,78.454198,4,6.5,False,2025-05-01,4.72,167,4,0.789,0.547,6.3,4.44,4.36,152.0,47.0,0.024,0.463
BIZ_029,Sip Station,Cafe,Ameerpet,Central,17.452143,78.454198,4,6.6,False,2025-06-01,4.61,172,5,0.797,0.533,5.9,4.26,3.98,129.0,33.0,0.0266,0.518
BIZ_029,Sip Station,Cafe,Ameerpet,Central,17.452143,78.454198,4,6.7,False,2025-07-01,4.58,174,2,0.759,0.662,7.2,4.04,4.47,208.0,54.0,0.0574,0.368
BIZ_029,Sip Station,Cafe,Ameerpet,Central,17.452143,78.454198,4,6.8,False,2025-08-01,4.42,177,3,0.718,0.49,5.9,4.66,3.95,271.0,64.0,0.0681,0.481
BIZ_029,Sip Station,Cafe,Ameerpet,Central,17.452143,78.454198,4,6.9,False,2025-09-01,4.49,181,4,0.933,0.448,5.1,4.27,4.34,242.0,61.0,0.0424,0.507
BIZ_029,Sip Station,Cafe,Ameerpet,Central,17.452143,78.454198,4,7.0,False,2025-10-01,4.59,186,5,0.622,0.481,10.8,4.15,4.14,197.0,76.0,0.0304,0.456
BIZ_029,Sip Station,Cafe,Ameerpet,Central,17.452143,78.454198,4,7.0,False,2025-11-01,4.53,193,7,0.865,0.493,7.0,4.41,4.31,266.0,69.0,,0.393
BIZ_029,Sip Station,Cafe,Ameerpet,Central,17.452143,78.454198,4,7.1,False,2025-12-01,0.0,196,3,0.712,0.431,4.0,4.01,4.22,257.0,53.0,,0.5
BIZ_029,Sip Station,Cafe,Ameerpet,Central,17.452143,78.454198,4,7.2,False,2026-01-01,4.57,201,5,0.716,0.638,4.5,4.4,4.57,332.0,64.0,0.0202,0.52
BIZ_029,Sip Station,Cafe,Ameerpet,Central,17.452143,78.454198,4,7.3,False,2026-02-01,4.56,207,6,0.975,0.319,9.3,5.0,4.23,365.0,47.0,0.0595,0.471
BIZ_029,Sip Station,Cafe,Ameerpet,Central,17.452143,78.454198,4,7.4,False,2026-03-01,4.49,214,7,0.781,0.604,2.6,4.23,4.34,256.0,48.0,0.0801,0.539
BIZ_029,Sip Station,Cafe,Ameerpet,Central,17.452143,78.454198,4,7.5,False,2026-04-01,4.59,219,5,0.831,0.599,4.0,4.68,3.91,195.0,60.0,0.0207,0.398
BIZ_029,Sip Station,Cafe,Ameerpet,Central,17.452143,78.454198,4,7.5,False,2026-05-01,4.53,224,5,0.901,0.756,2.5,4.68,4.22,,38.0,0.0262,0.361
BIZ_029,Sip Station,Cafe,Ameerpet,Central,17.452143,78.454198,4,7.6,False,2026-06-01,4.69,227,3,0.852,0.44,8.9,4.38,3.97,239.0,21.0,0.0293,0.564
BIZ_030,Cedar Drip Co,Cafe,Mehdipatnam,South,17.405353,78.462341,3,4.2,False,2025-01-01,3.76,3860,75,0.1,0.819,3.4,4.09,3.69,384.0,69.0,0.0533,0.359
BIZ_030,Cedar Drip Co,Cafe,Mehdipatnam,South,17.405353,78.462341,3,4.3,False,2025-02-01,3.7,3940,80,0.07,0.565,3.6,3.16,3.53,446.0,57.0,0.0282,0.348
BIZ_030,Cedar Drip Co,Cafe,Mehdipatnam,South,17.405353,78.462341,3,4.4,False,2025-03-01,3.78,4018,78,0.092,0.491,3.0,3.21,3.79,398.0,72.0,0.0386,0.439
BIZ_030,Cedar Drip Co,Cafe,Mehdipatnam,South,17.405353,78.462341,3,4.5,False,2025-04-01,3.76,4150,132,0.019,0.409,4.5,3.57,3.13,371.0,111.0,0.0214,0.477
BIZ_030,Cedar Drip Co,Cafe,Mehdipatnam,South,17.405353,78.462341,3,4.5,False,2025-05-01,3.77,4241,91,-0.004,0.616,4.4,3.59,3.87,394.0,76.0,0.0337,0.489
BIZ_030,Cedar Drip Co,Cafe,Mehdipatnam,South,17.405353,78.462341,3,4.6,False,2025-06-01,3.63,4294,53,-0.013,0.562,7.3,3.03,3.32,222.0,44.0,0.0239,0.391
BIZ_030,Cedar Drip Co,Cafe,Mehdipatnam,South,17.405353,78.462341,3,4.7,False,2025-07-01,3.74,4308,14,0.019,0.516,6.2,4.05,3.93,195.0,20.0,0.0211,0.485
BIZ_030,Cedar Drip Co,Cafe,Mehdipatnam,South,17.405353,78.462341,3,4.8,False,2025-08-01,3.93,4345,37,0.123,0.45,4.7,3.51,3.45,318.0,31.0,0.0204,0.448
BIZ_030,Cedar Drip Co,Cafe,Mehdipatnam,South,17.405353,78.462341,3,4.9,False,2025-09-01,3.79,4427,82,0.131,0.494,3.6,3.43,3.41,371.0,31.0,0.0306,0.4
BIZ_030,Cedar Drip Co,Cafe,Mehdipatnam,South,17.405353,78.462341,3,5.0,False,2025-10-01,3.71,4526,99,-0.022,0.412,23.6,4.04,3.5,388.0,59.0,0.0652,0.409
BIZ_030,Cedar Drip Co,Cafe,Mehdipatnam,South,17.405353,78.462341,3,5.0,False,2025-11-01,3.76,4583,57,,0.413,6.6,4.04,,387.0,41.0,0.1166,0.478
BIZ_030,Cedar Drip Co,Cafe,Mehdipatnam,South,17.405353,78.462341,3,5.1,False,2025-12-01,3.68,4700,117,0.038,0.478,3.1,3.35,3.72,513.0,104.0,0.0376,0.484
BIZ_030,Cedar Drip Co,Cafe,Mehdipatnam,South,17.405353,78.462341,3,5.2,False,2026-01-01,3.51,4771,71,0.052,0.622,2.5,3.01,2.91,364.0,57.0,0.0306,0.439
BIZ_030,Cedar Drip Co,Cafe,Mehdipatnam,South,17.405353,78.462341,3,5.3,False,2026-02-01,3.83,4915,144,0.076,0.633,5.3,3.78,3.55,,95.0,0.0316,0.41
BIZ_030,Cedar Drip Co,Cafe,Mehdipatnam,South,17.405353,78.462341,3,5.4,False,2026-03-01,3.7,4991,76,0.222,0.492,4.8,3.54,3.33,405.0,132.0,0.054,0.45
BIZ_030,Cedar Drip Co,Cafe,Mehdipatnam,South,17.405353,78.462341,3,5.5,False,2026-04-01,3.79,5101,110,-0.093,0.389,13.1,3.51,3.42,277.0,61.0,0.0376,0.409
BIZ_030,Cedar Drip Co,Cafe,Mehdipatnam,South,17.405353,78.462341,3,5.5,False,2026-05-01,3.7,5192,91,0.014,0.632,7.5,3.18,3.78,321.0,57.0,0.0557,0.434
BIZ_030,Cedar Drip Co,Cafe,Mehdipatnam,South,17.405353,78.462341,3,5.6,False,2026-06-01,3.71,5275,83,-0.085,0.592,4.5,,3.71,440.0,94.0,0.0403,0.478
BIZ_031,Urban Drip Place,Cafe,Somajiguda,Central,17.435477,78.429506,3,6.2,False,2025-01-01,4.38,1893,45,0.665,0.51,10.6,4.47,4.82,292.0,51.0,0.0552,0.483
BIZ_031,Urban Drip Place,Cafe,Somajiguda,Central,17.435477,78.429506,3,6.3,False,2025-02-01,4.29,1912,19,0.914,0.395,5.2,4.24,3.84,362.0,74.0,0.0218,0.455
BIZ_031,Urban Drip Place,Cafe,Somajiguda,Central,17.435477,78.429506,3,6.4,False,2025-03-01,4.47,1935,23,0.738,0.631,4.1,4.21,4.38,286.0,60.0,0.0734,0.491
BIZ_031,Urban Drip Place,Cafe,Somajiguda,Central,17.435477,78.429506,3,6.5,False,2025-04-01,4.29,1965,30,0.853,0.532,5.2,3.71,3.8,298.0,55.0,0.0388,0.445
BIZ_031,Urban Drip Place,Cafe,Somajiguda,Central,17.435477,78.429506,3,6.5,False,2025-05-01,4.47,1967,2,0.989,0.534,4.8,4.56,4.7,255.0,70.0,0.0214,0.479
BIZ_031,Urban Drip Place,Cafe,Somajiguda,Central,17.435477,78.429506,3,6.6,False,2025-06-01,4.32,1985,18,0.89,0.692,1.5,4.49,3.89,148.0,61.0,0.0481,0.532
BIZ_031,Urban Drip Place,Cafe,Somajiguda,Central,17.435477,78.429506,3,6.7,False,2025-07-01,4.49,2004,19,,0.438,13.3,3.84,4.42,182.0,25.0,0.0329,0.474
BIZ_031,Urban Drip Place,Cafe,Somajiguda,Central,17.435477,78.429506,3,6.8,False,2025-08-01,4.21,2026,22,0.984,0.483,13.6,3.57,4.31,251.0,17.0,0.0338,0.384
BIZ_031,Urban Drip Place,Cafe,Somajiguda,Central,17.435477,78.429506,3,6.9,False,2025-09-01,4.4,2043,17,0.902,0.405,10.3,4.18,4.47,240.0,17.0,0.0296,0.419
BIZ_031,Urban Drip Place,Cafe,Somajiguda,Central,17.435477,78.429506,3,7.0,False,2025-10-01,4.36,2077,34,0.848,0.637,3.8,4.68,4.07,207.0,60.0,0.0231,0.453
BIZ_031,Urban Drip Place,Cafe,Somajiguda,Central,17.435477,78.429506,3,7.0,False,2025-11-01,4.22,2103,26,0.898,0.589,5.3,4.42,4.04,240.0,54.0,0.0276,0.497
BIZ_031,Urban Drip Place,Cafe,Somajiguda,Central,17.435477,78.429506,3,7.1,False,2025-12-01,4.39,2128,25,0.975,0.466,4.5,4.03,4.53,121.0,62.0,0.0258,0.442
BIZ_031,Urban Drip Place,Cafe,Somajiguda,Central,17.435477,78.429506,3,7.2,False,2026-01-01,4.41,2153,25,1.0,0.302,9.0,4.46,4.38,326.0,71.0,0.0246,0.448
BIZ_031,Urban Drip Place,Cafe,Somajiguda,Central,17.435477,78.429506,3,7.3,False,2026-02-01,4.27,2189,36,0.88,0.446,5.1,4.15,4.06,309.0,36.0,0.0313,0.466
BIZ_031,Urban Drip Place,Cafe,Somajiguda,Central,17.435477,78.429506,3,7.4,False,2026-03-01,4.4,2216,27,,0.492,8.2,4.56,3.73,236.0,69.0,0.0452,0.447
BIZ_031,Urban Drip Place,Cafe,Somajiguda,Central,17.435477,78.429506,3,7.5,False,2026-04-01,4.42,2243,27,0.923,0.604,3.1,4.23,4.39,146.0,81.0,0.0279,0.589
BIZ_031,Urban Drip Place,Cafe,Somajiguda,Central,17.435477,78.429506,3,7.5,False,2026-05-01,4.43,2281,38,0.922,0.508,8.8,4.2,4.35,309.0,57.0,0.0802,0.508
BIZ_031,Urban Drip Place,Cafe,Somajiguda,Central,17.435477,78.429506,3,7.6,False,2026-06-01,4.39,2289,8,0.973,0.559,11.1,3.81,4.48,335.0,37.0,0.0304,0.554
BIZ_032,Royal Toast Station,Cafe,Kondapur,West,17.430647,78.383917,4,1.6,False,2025-01-01,3.5,400,33,0.488,0.396,6.7,2.91,3.09,369.0,73.0,0.0303,0.444
BIZ_032,Royal Toast Station,Cafe,Kondapur,West,17.430647,78.383917,4,1.7,False,2025-02-01,3.71,417,17,0.426,0.482,6.8,3.23,3.06,316.0,49.0,0.0206,0.422
BIZ_032,Royal Toast Station,Cafe,Kondapur,West,17.430647,78.383917,4,1.8,False,2025-03-01,3.65,433,16,0.267,0.537,10.8,3.44,3.23,222.0,50.0,0.0425,0.484
BIZ_032,Royal Toast Station,Cafe,Kondapur,West,17.430647,78.383917,4,1.9,False,2025-04-01,3.76,456,23,0.468,0.5,8.0,3.38,3.97,349.0,50.0,0.0514,0.473
BIZ_032,Royal Toast Station,Cafe,Kondapur,West,17.430647,78.383917,4,1.9,False,2025-05-01,3.69,471,15,0.317,0.551,,3.75,3.89,255.0,42.0,0.0724,0.477
BIZ_032,Royal Toast Station,Cafe,Kondapur,West,17.430647,78.383917,4,2.0,False,2025-06-01,3.64,495,24,0.265,0.403,6.4,3.41,3.43,178.0,64.0,0.0204,0.431
BIZ_032,Royal Toast Station,Cafe,Kondapur,West,17.430647,78.383917,4,2.1,False,2025-07-01,3.56,505,10,0.421,0.617,8.3,3.34,3.63,211.0,55.0,0.032,0.4
BIZ_032,Royal Toast Station,Cafe,Kondapur,West,17.430647,78.383917,4,2.2,False,2025-08-01,3.53,522,17,0.287,0.426,3.8,3.11,3.41,184.0,,0.0498,0.425
BIZ_032,Royal Toast Station,Cafe,Kondapur,West,17.430647,78.383917,4,2.3,False,2025-09-01,3.5,551,29,0.326,0.623,6.1,3.29,3.08,194.0,39.0,0.0268,0.443
BIZ_032,Royal Toast Station,Cafe,Kondapur,West,17.430647,78.383917,4,2.4,False,2025-10-01,3.43,563,12,0.443,0.415,12.2,3.33,2.57,281.0,48.0,0.0456,0.467
BIZ_032,Royal Toast Station,Cafe,Kondapur,West,17.430647,78.383917,4,2.4,False,2025-11-01,3.71,581,18,0.417,0.515,2.6,4.04,3.88,299.0,55.0,0.0665,0.444
BIZ_032,Royal Toast Station,Cafe,Kondapur,West,17.430647,78.383917,4,2.5,False,2025-12-01,3.63,602,21,0.18,0.51,10.4,3.25,3.34,325.0,42.0,,0.367
BIZ_032,Royal Toast Station,Cafe,Kondapur,West,17.430647,78.383917,4,2.6,False,2026-01-01,3.57,631,29,0.243,0.594,1.8,3.8,2.85,243.0,67.0,0.0632,0.372
BIZ_032,Royal Toast Station,Cafe,Kondapur,West,17.430647,78.383917,4,2.7,False,2026-02-01,3.81,648,17,0.372,0.614,3.7,,3.61,368.0,49.0,0.0298,0.46
BIZ_032,Royal Toast Station,Cafe,Kondapur,West,17.430647,78.383917,4,2.8,False,2026-03-01,3.58,679,31,0.283,0.629,5.1,3.49,3.4,311.0,48.0,0.0245,0.416
BIZ_032,Royal Toast Station,Cafe,Kondapur,West,17.430647,78.383917,4,2.9,False,2026-04-01,3.71,700,21,0.384,0.636,4.9,3.12,,,22.0,0.0352,0.46
BIZ_032,Royal Toast Station,Cafe,Kondapur,West,17.430647,78.383917,4,2.9,False,2026-05-01,3.73,725,25,0.35,0.59,3.0,,,264.0,20.0,0.0294,0.484
BIZ_032,Royal Toast Station,Cafe,Kondapur,West,17.430647,78.383917,4,3.0,False,2026-06-01,3.67,740,15,0.349,0.737,1.7,3.7,3.04,216.0,39.0,0.0334,0.457
BIZ_033,Pearl Crust Place,Coffee Shop,Hitech City,West,17.454823,78.38126,3,10.6,False,2025-01-01,3.33,390,3,0.021,0.43,6.5,3.48,3.33,283.0,42.0,0.0215,0.343
BIZ_033,Pearl Crust Place,Coffee Shop,Hitech City,West,17.454823,78.38126,3,10.7,False,2025-02-01,3.44,398,8,0.229,0.562,7.8,,3.62,321.0,49.0,0.0313,0.439
BIZ_033,Pearl Crust Place,Coffee Shop,Hitech City,West,17.454823,78.38126,3,10.8,False,2025-03-01,3.44,404,6,-0.071,0.451,3.7,3.56,3.01,227.0,61.0,0.0222,0.388
BIZ_033,Pearl Crust Place,Coffee Shop,Hitech City,West,17.454823,78.38126,3,10.8,False,2025-04-01,3.31,408,4,-0.003,0.435,3.6,3.74,2.9,233.0,44.0,0.0592,0.384
BIZ_033,Pearl Crust Place,Coffee Shop,Hitech City,West,17.454823,78.38126,3,10.9,False,2025-05-01,3.3,413,5,0.064,0.682,2.5,3.51,3.08,232.0,59.0,0.0289,0.514
BIZ_033,Pearl Crust Place,Coffee Shop,Hitech City,West,17.454823,78.38126,3,11.0,False,2025-06-01,3.36,417,4,0.018,0.497,4.9,3.06,3.01,278.0,50.0,0.0659,0.42
BIZ_033,Pearl Crust Place,Coffee Shop,Hitech City,West,17.454823,78.38126,3,11.1,False,2025-07-01,3.18,421,4,-0.038,0.602,2.9,2.86,2.18,240.0,41.0,0.0248,0.505
BIZ_033,Pearl Crust Place,Coffee Shop,Hitech City,West,17.454823,78.38126,3,11.2,False,2025-08-01,3.35,426,5,-0.003,0.486,1.9,3.21,2.96,177.0,36.0,0.0357,0.378
BIZ_033,Pearl Crust Place,Coffee Shop,Hitech City,West,17.454823,78.38126,3,11.3,False,2025-09-01,3.33,432,6,0.104,0.54,2.7,3.2,3.57,150.0,31.0,0.0389,0.427
BIZ_033,Pearl Crust Place,Coffee Shop,Hitech City,West,17.454823,78.38126,3,11.3,False,2025-10-01,3.35,436,4,,0.655,3.7,2.71,2.64,313.0,59.0,0.0207,0.356
BIZ_033,Pearl Crust Place,Coffee Shop,Hitech City,West,17.454823,78.38126,3,11.4,False,2025-11-01,3.35,439,3,-0.124,0.348,6.0,3.14,3.02,338.0,73.0,0.0551,0.419
BIZ_033,Pearl Crust Place,Coffee Shop,Hitech City,West,17.454823,78.38126,3,11.5,False,2025-12-01,3.26,445,6,0.112,0.587,13.2,2.6,2.77,325.0,60.0,0.0337,0.401
BIZ_033,Pearl Crust Place,Coffee Shop,Hitech City,West,17.454823,78.38126,3,11.6,False,2026-01-01,3.46,450,5,-0.068,0.678,2.8,3.04,3.03,230.0,59.0,0.0229,0.401
BIZ_033,Pearl Crust Place,Coffee Shop,Hitech City,West,17.454823,78.38126,3,11.7,False,2026-02-01,3.29,457,7,-0.075,0.444,6.3,2.9,3.46,245.0,35.0,0.0338,0.358
BIZ_033,Pearl Crust Place,Coffee Shop,Hitech City,West,17.454823,78.38126,3,11.8,False,2026-03-01,3.35,461,4,-0.036,,7.5,3.18,3.05,300.0,62.0,0.0336,0.452
BIZ_033,Pearl Crust Place,Coffee Shop,Hitech City,West,17.454823,78.38126,3,11.8,False,2026-04-01,3.35,464,3,0.031,0.593,5.5,2.89,3.3,212.0,48.0,0.0299,0.385
BIZ_033,Pearl Crust Place,Coffee Shop,Hitech City,West,17.454823,78.38126,3,11.9,False,2026-05-01,3.52,470,6,-0.172,0.445,5.2,3.13,3.4,169.0,,0.0244,0.4
BIZ_033,Pearl Crust Place,Coffee Shop,Hitech City,West,17.454823,78.38126,3,12.0,False,2026-06-01,3.38,474,4,-0.335,0.472,4.9,3.63,2.91,225.0,65.0,0.0378,0.386
BIZ_034,Fresh Grind Kitchen,Cafe,Ameerpet,Central,17.42684,78.446255,4,2.8,False,2025-01-01,4.2,739,28,0.577,0.567,2.9,4.07,,244.0,44.0,0.0208,0.52
BIZ_034,Fresh Grind Kitchen,Cafe,Ameerpet,Central,17.42684,78.446255,4,2.9,False,2025-02-01,4.28,769,30,0.624,0.699,3.5,3.75,3.78,354.0,29.0,0.0792,0.467
BIZ_034,Fresh Grind Kitchen,Cafe,Ameerpet,Central,17.42684,78.446255,4,3.0,False,2025-03-01,4.3,792,23,0.4,0.536,10.4,3.57,3.8,225.0,31.0,0.0561,0.463
BIZ_034,Fresh Grind Kitchen,Cafe,Ameerpet,Central,17.42684,78.446255,4,3.0,False,2025-04-01,4.4,820,28,0.537,0.666,1.5,4.43,3.79,318.0,52.0,0.0503,0.501
BIZ_034,Fresh Grind Kitchen,Cafe,Ameerpet,Central,17.42684,78.446255,4,3.1,False,2025-05-01,4.28,835,15,0.652,0.309,5.4,3.68,3.94,210.0,55.0,0.0251,0.455
BIZ_034,Fresh Grind Kitchen,Cafe,Ameerpet,Central,17.42684,78.446255,4,3.2,False,2025-06-01,4.05,848,13,0.491,0.567,3.5,3.78,4.03,267.0,57.0,0.023,0.438
BIZ_034,Fresh Grind Kitchen,Cafe,Ameerpet,Central,17.42684,78.446255,4,3.3,False,2025-07-01,4.27,864,16,0.691,0.584,7.6,4.55,4.09,155.0,55.0,0.0433,0.433
BIZ_034,Fresh Grind Kitchen,Cafe,Ameerpet,Central,17.42684,78.446255,4,3.4,False,2025-08-01,4.36,877,13,0.533,0.672,4.3,3.94,3.74,234.0,23.0,0.0719,0.495
BIZ_034,Fresh Grind Kitchen,Cafe,Ameerpet,Central,17.42684,78.446255,4,3.5,False,2025-09-01,4.16,900,23,0.503,0.412,5.1,4.37,3.67,341.0,15.0,0.1266,0.548
BIZ_034,Fresh Grind Kitchen,Cafe,Ameerpet,Central,17.42684,78.446255,4,3.5,False,2025-10-01,4.14,912,12,0.424,0.551,5.8,4.4,3.8,229.0,50.0,0.0258,0.449
BIZ_034,Fresh Grind Kitchen,Cafe,Ameerpet,Central,17.42684,78.446255,4,3.6,False,2025-11-01,4.26,935,23,0.413,0.589,5.4,3.74,4.31,251.0,49.0,0.0425,0.537
BIZ_034,Fresh Grind Kitchen,Cafe,Ameerpet,Central,17.42684,78.446255,4,3.7,False,2025-12-01,4.3,963,28,0.661,0.516,6.6,4.34,3.72,285.0,58.0,0.0381,0.358
BIZ_034,Fresh Grind Kitchen,Cafe,Ameerpet,Central,17.42684,78.446255,4,3.8,False,2026-01-01,4.25,995,32,0.436,0.595,8.8,4.04,3.49,281.0,79.0,0.0354,0.501
BIZ_034,Fresh Grind Kitchen,Cafe,Ameerpet,Central,17.42684,78.446255,4,3.9,False,2026-02-01,4.42,1024,29,0.53,0.485,7.3,4.46,4.17,334.0,41.0,0.0225,0.521
BIZ_034,Fresh Grind Kitchen,Cafe,Ameerpet,Central,17.42684,78.446255,4,4.0,False,2026-03-01,4.32,1054,30,0.404,0.736,4.2,4.44,3.97,227.0,53.0,0.0364,0.42
BIZ_034,Fresh Grind Kitchen,Cafe,Ameerpet,Central,17.42684,78.446255,4,4.0,False,2026-04-01,4.31,1075,21,0.639,0.38,5.9,4.15,3.45,208.0,39.0,0.0383,0.537
BIZ_034,Fresh Grind Kitchen,Cafe,Ameerpet,Central,17.42684,78.446255,4,4.1,False,2026-05-01,4.27,1081,6,0.661,0.317,12.3,4.29,3.95,205.0,53.0,0.027,0.444
BIZ_034,Fresh Grind Kitchen,Cafe,Ameerpet,Central,17.42684,78.446255,4,4.2,False,2026-06-01,4.33,1103,22,0.608,0.465,7.0,4.42,4.23,214.0,40.0,0.0232,0.507
BIZ_035,Fresh Toast,Restaurant & Cafe,Tolichowki,South,17.391543,78.421064,3,1.0,False,2025-01-01,3.76,228,11,0.261,0.533,9.0,3.75,4.13,281.0,44.0,0.15,0.396
BIZ_035,Fresh Toast,Restaurant & Cafe,Tolichowki,South,17.391543,78.421064,3,1.1,False,2025-02-01,3.58,259,31,0.283,0.541,7.1,3.08,3.17,222.0,43.0,0.0343,0.458
BIZ_035,Fresh Toast,Restaurant & Cafe,Tolichowki,South,17.391543,78.421064,3,1.2,False,2025-03-01,3.4,272,13,0.439,0.436,4.9,3.58,3.0,306.0,71.0,0.0253,0.505
BIZ_035,Fresh Toast,Restaurant & Cafe,Tolichowki,South,17.391543,78.421064,3,1.2,False,2025-04-01,3.78,305,33,0.247,0.787,3.1,3.4,3.66,220.0,55.0,0.0214,0.425
BIZ_035,Fresh Toast,Restaurant & Cafe,Tolichowki,South,17.391543,78.421064,3,1.3,False,2025-05-01,3.57,321,16,0.216,0.363,13.5,2.89,3.59,136.0,55.0,0.0269,0.332
BIZ_035,Fresh Toast,Restaurant & Cafe,Tolichowki,South,17.391543,78.421064,3,1.4,False,2025-06-01,3.56,343,22,0.322,0.371,5.5,2.92,3.08,236.0,25.0,0.0329,0.492
BIZ_035,Fresh Toast,Restaurant & Cafe,Tolichowki,South,17.391543,78.421064,3,1.5,False,2025-07-01,3.64,360,17,0.361,0.536,5.9,3.45,2.91,194.0,38.0,0.026,0.395
BIZ_035,Fresh Toast,Restaurant & Cafe,Tolichowki,South,17.391543,78.421064,3,1.6,False,2025-08-01,3.59,382,22,0.437,0.379,13.1,,3.54,172.0,45.0,0.071,0.41
BIZ_035,Fresh Toast,Restaurant & Cafe,Tolichowki,South,17.391543,78.421064,3,1.7,False,2025-09-01,3.5,407,25,0.376,0.372,9.4,3.57,3.28,265.0,,0.033,0.504
BIZ_035,Fresh Toast,Restaurant & Cafe,Tolichowki,South,17.391543,78.421064,3,1.8,False,2025-10-01,3.51,414,7,0.378,0.361,8.9,3.43,3.07,306.0,62.0,0.034,0.454
BIZ_035,Fresh Toast,Restaurant & Cafe,Tolichowki,South,17.391543,78.421064,3,1.8,False,2025-11-01,3.63,428,14,0.309,0.439,6.0,3.45,3.51,367.0,64.0,0.0337,0.434
BIZ_035,Fresh Toast,Restaurant & Cafe,Tolichowki,South,17.391543,78.421064,3,1.9,False,2025-12-01,3.53,445,17,0.498,0.427,9.3,3.16,3.21,333.0,50.0,0.0552,0.496
BIZ_035,Fresh Toast,Restaurant & Cafe,Tolichowki,South,17.391543,78.421064,3,2.0,False,2026-01-01,3.44,460,15,0.438,0.523,5.7,3.62,2.99,251.0,44.0,0.0343,0.383
BIZ_035,Fresh Toast,Restaurant & Cafe,Tolichowki,South,17.391543,78.421064,3,2.1,False,2026-02-01,3.57,480,20,0.53,0.529,3.6,3.43,3.28,298.0,65.0,0.0215,0.428
BIZ_035,Fresh Toast,Restaurant & Cafe,Tolichowki,South,17.391543,78.421064,3,2.2,False,2026-03-01,3.73,501,21,0.473,0.566,2.7,3.36,3.52,312.0,82.0,0.0361,0.427
BIZ_035,Fresh Toast,Restaurant & Cafe,Tolichowki,South,17.391543,78.421064,3,2.2,False,2026-04-01,3.59,518,17,0.448,0.633,6.3,3.42,3.77,234.0,65.0,0.0639,0.389
BIZ_035,Fresh Toast,Restaurant & Cafe,Tolichowki,South,17.391543,78.421064,3,2.3,False,2026-05-01,3.55,526,8,0.362,0.536,4.9,3.41,3.66,205.0,81.0,0.0299,0.338
BIZ_035,Fresh Toast,Restaurant & Cafe,Tolichowki,South,17.391543,78.421064,3,2.4,False,2026-06-01,3.53,526,0,0.392,0.391,7.0,2.84,3.35,196.0,66.0,0.0397,0.475
BIZ_036,Classic Press,Cafe,Abids,Old City,17.371051,78.501144,3,3.5,False,2025-01-01,3.38,641,22,0.36,0.511,5.9,3.29,2.95,274.0,63.0,0.073,0.472
BIZ_036,Classic Press,Cafe,Abids,Old City,17.371051,78.501144,3,3.6,False,2025-02-01,3.58,654,13,0.305,0.388,7.1,3.05,3.08,261.0,49.0,0.0511,0.436
BIZ_036,Classic Press,Cafe,Abids,Old City,17.371051,78.501144,3,3.7,False,2025-03-01,3.54,666,12,0.334,0.604,5.3,3.5,3.66,290.0,24.0,0.0219,0.483
BIZ_036,Classic Press,Cafe,Abids,Old City,17.371051,78.501144,3,3.8,False,2025-04-01,3.62,680,14,0.332,0.612,6.8,3.23,3.22,146.0,52.0,0.0594,0.496
BIZ_036,Classic Press,Cafe,Abids,Old City,17.371051,78.501144,3,3.8,False,2025-05-01,3.53,699,19,0.395,0.615,3.8,3.43,2.89,224.0,23.0,0.0277,0.447
BIZ_036,Classic Press,Cafe,Abids,Old City,17.371051,78.501144,3,3.9,False,2025-06-01,3.48,707,8,0.429,0.507,4.5,,3.94,275.0,60.0,0.0421,0.423
BIZ_036,Classic Press,Cafe,Abids,Old City,17.371051,78.501144,3,4.0,False,2025-07-01,3.45,712,5,0.292,0.301,4.9,3.35,3.24,328.0,36.0,0.0555,0.376
BIZ_036,Classic Press,Cafe,Abids,Old City,17.371051,78.501144,3,4.1,False,2025-08-01,3.32,717,5,0.26,0.429,5.9,2.81,3.2,205.0,43.0,0.0276,0.415
BIZ_036,Classic Press,Cafe,Abids,Old City,17.371051,78.501144,3,4.2,False,2025-09-01,3.61,728,11,0.351,0.497,6.3,3.56,3.48,245.0,43.0,0.0274,0.439
BIZ_036,Classic Press,Cafe,Abids,Old City,17.371051,78.501144,3,4.2,False,2025-10-01,3.59,735,7,0.352,0.427,8.7,2.91,3.48,218.0,38.0,0.0307,0.422
BIZ_036,Classic Press,Cafe,Abids,Old City,17.371051,78.501144,3,4.3,False,2025-11-01,3.33,752,17,0.416,0.435,6.9,2.86,3.26,,65.0,0.0308,0.471
BIZ_036,Classic Press,Cafe,Abids,Old City,17.371051,78.501144,3,4.4,False,2025-12-01,3.44,769,17,0.279,0.561,3.6,3.2,3.46,322.0,56.0,0.0347,0.559
BIZ_036,Classic Press,Cafe,Abids,Old City,17.371051,78.501144,3,4.5,False,2026-01-01,3.47,783,14,0.387,0.492,11.0,3.02,3.2,331.0,62.0,0.0637,0.401
BIZ_036,Classic Press,Cafe,Abids,Old City,17.371051,78.501144,3,4.6,False,2026-02-01,3.61,806,-1,0.484,0.593,4.4,2.44,3.49,282.0,58.0,0.0239,0.493
BIZ_036,Classic Press,Cafe,Abids,Old City,17.371051,78.501144,3,4.7,False,2026-03-01,3.55,824,18,0.414,0.416,10.0,3.25,3.28,373.0,62.0,0.0358,0.535
BIZ_036,Classic Press,Cafe,Abids,Old City,17.371051,78.501144,3,4.8,False,2026-04-01,3.56,824,0,0.461,0.463,4.1,3.24,3.25,280.0,26.0,0.0388,0.445
BIZ_036,Classic Press,Cafe,Abids,Old City,17.371051,78.501144,3,4.8,False,2026-05-01,3.51,834,10,0.421,0.548,5.0,3.47,3.53,223.0,34.0,0.0364,0.413
BIZ_036,Classic Press,Cafe,Abids,Old City,17.371051,78.501144,3,4.9,False,2026-06-01,3.42,839,5,0.439,0.572,6.5,3.5,3.1,195.0,76.0,0.0677,0.355
BIZ_037,Ivory Crust Coffee,Restaurant & Cafe,Madhapur,West,17.459216,78.353447,4,1.6,False,2025-01-01,4.06,586,37,0.515,0.433,13.7,3.77,4.16,205.0,53.0,0.0293,0.458
BIZ_037,Ivory Crust Coffee,Restaurant & Cafe,Madhapur,West,17.459216,78.353447,4,1.7,False,2025-02-01,4.13,647,61,0.536,0.467,3.6,3.37,3.48,288.0,77.0,0.037,0.474
BIZ_037,Ivory Crust Coffee,Restaurant & Cafe,Madhapur,West,17.459216,78.353447,4,1.8,False,2025-03-01,4.22,681,34,0.427,0.333,5.6,4.01,3.65,204.0,42.0,0.0437,0.419
BIZ_037,Ivory Crust Coffee,Restaurant & Cafe,Madhapur,West,17.459216,78.353447,4,1.9,False,2025-04-01,4.26,696,15,0.568,0.455,5.1,3.72,3.95,372.0,61.0,0.0271,0.508
BIZ_037,Ivory Crust Coffee,Restaurant & Cafe,Madhapur,West,17.459216,78.353447,4,1.9,False,2025-05-01,4.14,709,13,0.308,0.692,4.6,3.75,3.65,135.0,55.0,0.0317,0.453
BIZ_037,Ivory Crust Coffee,Restaurant & Cafe,Madhapur,West,17.459216,78.353447,4,2.0,False,2025-06-01,4.35,740,31,0.661,0.596,8.3,4.74,4.04,208.0,58.0,0.0306,0.48
BIZ_037,Ivory Crust Coffee,Restaurant & Cafe,Madhapur,West,17.459216,78.353447,4,2.1,False,2025-07-01,4.26,765,25,0.439,0.324,5.1,4.1,3.65,164.0,41.0,0.039,0.5
BIZ_037,Ivory Crust Coffee,Restaurant & Cafe,Madhapur,West,17.459216,78.353447,4,2.2,False,2025-08-01,4.18,788,23,0.554,0.425,5.0,3.38,3.45,307.0,68.0,0.0477,0.409
BIZ_037,Ivory Crust Coffee,Restaurant & Cafe,Madhapur,West,17.459216,78.353447,4,2.3,False,2025-09-01,4.11,810,22,0.553,0.587,6.4,4.13,3.68,319.0,64.0,,0.408
BIZ_037,Ivory Crust Coffee,Restaurant & Cafe,Madhapur,West,17.459216,78.353447,4,2.4,False,2025-10-01,3.99,839,29,0.475,0.517,5.6,4.57,3.26,150.0,54.0,0.0216,0.461
BIZ_037,Ivory Crust Coffee,Restaurant & Cafe,Madhapur,West,17.459216,78.353447,4,2.4,False,2025-11-01,4.11,872,33,0.451,0.381,16.5,4.1,3.61,290.0,81.0,0.0388,0.454
BIZ_037,Ivory Crust Coffee,Restaurant & Cafe,Madhapur,West,17.459216,78.353447,4,2.5,False,2025-12-01,4.05,899,27,0.444,0.574,5.9,,3.55,326.0,61.0,0.0476,0.462
BIZ_037,Ivory Crust Coffee,Restaurant & Cafe,Madhapur,West,17.459216,78.353447,4,2.6,False,2026-01-01,4.24,926,27,0.525,0.391,3.0,4.27,3.84,264.0,41.0,0.0269,0.497
BIZ_037,Ivory Crust Coffee,Restaurant & Cafe,Madhapur,West,17.459216,78.353447,4,2.7,False,2026-02-01,4.2,959,33,0.517,0.517,10.4,4.03,,363.0,62.0,0.025,0.386
BIZ_037,Ivory Crust Coffee,Restaurant & Cafe,Madhapur,West,17.459216,78.353447,4,2.8,False,2026-03-01,4.09,989,30,0.538,0.589,7.6,4.04,3.28,265.0,68.0,0.0781,0.469
BIZ_037,Ivory Crust Coffee,Restaurant & Cafe,Madhapur,West,17.459216,78.353447,4,2.9,False,2026-04-01,4.3,1022,33,0.481,0.643,1.4,4.71,3.47,218.0,49.0,0.0627,0.563
BIZ_037,Ivory Crust Coffee,Restaurant & Cafe,Madhapur,West,17.459216,78.353447,4,2.9,False,2026-05-01,4.09,1055,33,0.414,0.444,4.6,4.03,3.77,171.0,52.0,0.0267,0.488
BIZ_037,Ivory Crust Coffee,Restaurant & Cafe,Madhapur,West,17.459216,78.353447,4,3.0,False,2026-06-01,4.18,1087,32,0.424,0.33,5.7,3.75,3.76,185.0,54.0,,0.468
BIZ_038,Golden Whisk House,Coffee Shop,Hitech City,West,17.476747,78.381146,2,7.1,False,2025-01-01,4.28,280,4,0.59,0.413,5.9,4.61,4.59,389.0,64.0,0.0225,0.377
BIZ_038,Golden Whisk House,Coffee Shop,Hitech City,West,17.476747,78.381146,2,7.2,False,2025-02-01,4.35,284,4,0.585,0.425,9.3,4.46,4.36,239.0,80.0,0.0293,0.4
BIZ_038,Golden Whisk House,Coffee Shop,Hitech City,West,17.476747,78.381146,2,7.3,False,2025-03-01,4.33,287,3,0.753,0.579,6.9,3.65,4.65,301.0,43.0,0.0333,0.432
BIZ_038,Golden Whisk House,Coffee Shop,Hitech City,West,17.476747,78.381146,2,7.3,False,2025-04-01,4.3,292,5,0.604,0.551,,4.77,3.97,233.0,,0.0311,0.521
BIZ_038,Golden Whisk House,Coffee Shop,Hitech City,West,17.476747,78.381146,2,7.4,False,2025-05-01,4.51,295,3,0.692,0.427,8.3,4.08,4.82,226.0,46.0,0.0305,0.415
BIZ_038,Golden Whisk House,Coffee Shop,Hitech City,West,17.476747,78.381146,2,7.5,False,2025-06-01,4.39,300,5,0.762,,12.1,4.94,4.28,312.0,39.0,0.0314,0.434
BIZ_038,Golden Whisk House,Coffee Shop,Hitech City,West,17.476747,78.381146,2,7.6,False,2025-07-01,4.26,305,5,0.726,0.621,4.8,4.37,4.5,269.0,33.0,0.0283,0.453
BIZ_038,Golden Whisk House,Coffee Shop,Hitech City,West,17.476747,78.381146,2,7.7,False,2025-08-01,4.31,308,3,0.6,0.361,4.2,4.01,4.36,268.0,36.0,0.0214,0.452
BIZ_038,Golden Whisk House,Coffee Shop,Hitech City,West,17.476747,78.381146,2,7.8,False,2025-09-01,4.23,314,6,0.641,0.707,7.5,3.89,4.31,257.0,58.0,0.0372,0.481
BIZ_038,Golden Whisk House,Coffee Shop,Hitech City,West,17.476747,78.381146,2,7.8,False,2025-10-01,4.32,318,4,0.587,0.467,6.0,4.14,4.8,254.0,67.0,0.0252,0.449
BIZ_038,Golden Whisk House,Coffee Shop,Hitech City,West,17.476747,78.381146,2,7.9,False,2025-11-01,4.21,323,5,0.568,0.543,6.8,4.1,4.41,327.0,52.0,0.0327,0.444
BIZ_038,Golden Whisk House,Coffee Shop,Hitech City,West,17.476747,78.381146,2,8.0,False,2025-12-01,4.36,330,7,0.728,0.3,7.8,4.53,4.49,304.0,30.0,0.0447,0.477
BIZ_038,Golden Whisk House,Coffee Shop,Hitech City,West,17.476747,78.381146,2,8.1,False,2026-01-01,4.31,336,6,0.729,0.46,5.2,3.85,4.31,295.0,82.0,0.0292,0.473
BIZ_038,Golden Whisk House,Coffee Shop,Hitech City,West,17.476747,78.381146,2,8.2,False,2026-02-01,4.31,339,3,0.777,0.509,7.5,4.67,3.78,247.0,53.0,0.0298,0.482
BIZ_038,Golden Whisk House,Coffee Shop,Hitech City,West,17.476747,78.381146,2,8.3,False,2026-03-01,4.58,343,4,0.745,0.62,3.6,4.76,4.19,248.0,49.0,0.0275,0.594
BIZ_038,Golden Whisk House,Coffee Shop,Hitech City,West,17.476747,78.381146,2,8.3,False,2026-04-01,4.43,348,5,0.833,0.393,16.2,3.47,4.23,227.0,58.0,0.0201,0.408
BIZ_038,Golden Whisk House,Coffee Shop,Hitech City,West,17.476747,78.381146,2,8.4,False,2026-05-01,4.44,356,8,0.74,,2.9,3.73,4.66,258.0,39.0,0.0309,0.516
BIZ_038,Golden Whisk House,Coffee Shop,Hitech City,West,17.476747,78.381146,2,8.5,False,2026-06-01,4.39,359,3,0.834,0.6,3.5,3.79,4.32,293.0,60.0,0.0275,0.408
BIZ_039,Blue Filter,Coffee Shop,Begumpet,Central,17.441179,78.439293,3,3.5,False,2025-01-01,3.26,634,15,0.057,0.568,12.7,2.92,3.27,198.0,100.0,0.0287,0.422
BIZ_039,Blue Filter,Coffee Shop,Begumpet,Central,17.441179,78.439293,3,3.6,False,2025-02-01,3.14,645,11,0.013,0.574,4.8,3.17,2.64,264.0,81.0,0.0755,0.395
BIZ_039,Blue Filter,Coffee Shop,Begumpet,Central,17.441179,78.439293,3,3.7,False,2025-03-01,3.38,668,23,0.015,0.614,5.5,2.77,2.94,326.0,72.0,0.0391,0.407
BIZ_039,Blue Filter,Coffee Shop,Begumpet,Central,17.441179,78.439293,3,3.8,False,2025-04-01,3.35,681,13,0.032,0.538,6.8,3.28,2.75,193.0,51.0,0.0379,0.394
BIZ_039,Blue Filter,Coffee Shop,Begumpet,Central,17.441179,78.439293,3,3.8,False,2025-05-01,3.24,695,14,-0.007,0.554,7.8,3.1,2.49,242.0,47.0,0.0259,0.436
BIZ_039,Blue Filter,Coffee Shop,Begumpet,Central,17.441179,78.439293,3,3.9,False,2025-06-01,3.25,710,15,-0.058,0.514,,3.76,2.7,212.0,25.0,0.0556,0.452
BIZ_039,Blue Filter,Coffee Shop,Begumpet,Central,17.441179,78.439293,3,4.0,False,2025-07-01,3.27,723,13,-0.007,0.542,5.0,3.18,3.43,236.0,45.0,0.0449,0.481
BIZ_039,Blue Filter,Coffee Shop,Begumpet,Central,17.441179,78.439293,3,4.1,False,2025-08-01,3.12,735,12,-0.093,0.401,5.7,3.25,3.06,249.0,45.0,0.0237,0.458
BIZ_039,Blue Filter,Coffee Shop,Begumpet,Central,17.441179,78.439293,3,4.2,False,2025-09-01,3.24,749,14,-0.229,0.345,8.2,2.97,3.22,227.0,43.0,0.0351,0.332
BIZ_039,Blue Filter,Coffee Shop,Begumpet,Central,17.441179,78.439293,3,4.2,False,2025-10-01,3.12,764,15,-0.085,0.665,2.1,2.7,3.3,256.0,63.0,0.032,0.431
BIZ_039,Blue Filter,Coffee Shop,Begumpet,Central,17.441179,78.439293,3,4.3,False,2025-11-01,3.19,778,14,,0.632,2.8,3.16,3.18,285.0,60.0,0.029,0.385
BIZ_039,Blue Filter,Coffee Shop,Begumpet,Central,17.441179,78.439293,3,4.4,False,2025-12-01,3.23,795,17,0.043,0.615,2.5,2.67,3.17,279.0,,0.0369,0.491
BIZ_039,Blue Filter,Coffee Shop,Begumpet,Central,17.441179,78.439293,3,4.5,False,2026-01-01,3.24,819,24,-0.11,0.464,3.3,3.28,3.17,231.0,25.0,0.0581,0.373
BIZ_039,Blue Filter,Coffee Shop,Begumpet,Central,17.441179,78.439293,3,4.6,False,2026-02-01,3.33,840,21,-0.176,0.397,7.5,3.32,3.06,316.0,45.0,0.0204,0.392
BIZ_039,Blue Filter,Coffee Shop,Begumpet,Central,17.441179,78.439293,3,4.7,False,2026-03-01,3.44,859,19,-0.117,0.358,13.8,3.6,3.16,286.0,51.0,0.024,0.473
BIZ_039,Blue Filter,Coffee Shop,Begumpet,Central,17.441179,78.439293,3,4.8,False,2026-04-01,3.38,870,11,-0.183,0.567,7.1,3.3,2.68,206.0,49.0,0.0571,0.42
BIZ_039,Blue Filter,Coffee Shop,Begumpet,Central,17.441179,78.439293,3,4.8,False,2026-05-01,3.29,885,15,-0.083,0.731,7.3,3.1,3.12,319.0,59.0,0.1125,0.423
BIZ_039,Blue Filter,Coffee Shop,Begumpet,Central,17.441179,78.439293,3,4.9,False,2026-06-01,3.21,901,16,-0.209,0.409,7.8,3.17,2.7,198.0,34.0,0.0561,0.403
BIZ_040,Rustic Bake,Coffee Shop,Somajiguda,Central,17.408138,78.442304,1,1.9,False,2025-01-01,4.18,176,9,0.469,0.514,5.8,3.68,4.3,335.0,76.0,0.0209,0.441
BIZ_040,Rustic Bake,Coffee Shop,Somajiguda,Central,17.408138,78.442304,1,2.0,False,2025-02-01,4.39,188,12,0.387,0.343,2.7,4.15,4.43,292.0,58.0,0.0307,0.551
BIZ_040,Rustic Bake,Coffee Shop,Somajiguda,Central,17.408138,78.442304,1,2.1,False,2025-03-01,4.31,198,10,0.423,0.421,7.3,3.76,4.63,426.0,70.0,0.0618,0.377
BIZ_040,Rustic Bake,Coffee Shop,Somajiguda,Central,17.408138,78.442304,1,2.1,False,2025-04-01,4.35,206,8,0.417,0.482,3.2,4.32,4.39,142.0,44.0,0.029,0.474
BIZ_040,Rustic Bake,Coffee Shop,Somajiguda,Central,17.408138,78.442304,1,2.2,False,2025-05-01,4.46,213,7,0.466,0.481,8.3,4.51,4.6,183.0,32.0,0.0272,0.409
BIZ_040,Rustic Bake,Coffee Shop,Somajiguda,Central,17.408138,78.442304,1,2.3,False,2025-06-01,4.52,220,7,0.464,0.404,9.1,4.29,4.77,168.0,45.0,0.023,0.412
BIZ_040,Rustic Bake,Coffee Shop,Somajiguda,Central,17.408138,78.442304,1,2.4,False,2025-07-01,4.26,228,8,0.469,0.43,9.9,3.84,3.97,247.0,67.0,0.0277,0.55
BIZ_040,Rustic Bake,Coffee Shop,Somajiguda,Central,17.408138,78.442304,1,2.5,False,2025-08-01,4.35,231,3,0.425,0.398,9.3,3.74,4.47,167.0,45.0,0.0205,0.487
BIZ_040,Rustic Bake,Coffee Shop,Somajiguda,Central,17.408138,78.442304,1,2.6,False,2025-09-01,4.24,231,0,0.497,0.559,10.4,3.42,4.28,237.0,54.0,0.0373,0.458
BIZ_040,Rustic Bake,Coffee Shop,Somajiguda,Central,17.408138,78.442304,1,2.6,False,2025-10-01,4.33,236,5,0.419,0.49,6.4,4.23,4.67,261.0,31.0,0.0275,0.48
BIZ_040,Rustic Bake,Coffee Shop,Somajiguda,Central,17.408138,78.442304,1,2.7,False,2025-11-01,4.29,240,4,0.305,0.47,3.4,3.99,4.72,255.0,49.0,0.0597,0.499
BIZ_040,Rustic Bake,Coffee Shop,Somajiguda,Central,17.408138,78.442304,1,2.8,False,2025-12-01,4.21,247,7,0.451,0.563,11.0,3.89,4.78,,76.0,0.0256,0.437
BIZ_040,Rustic Bake,Coffee Shop,Somajiguda,Central,17.408138,78.442304,1,2.9,False,2026-01-01,4.49,257,10,0.374,0.59,4.7,4.78,4.61,210.0,54.0,0.0244,0.542
BIZ_040,Rustic Bake,Coffee Shop,Somajiguda,Central,17.408138,78.442304,1,3.0,False,2026-02-01,4.36,268,11,0.494,0.494,2.3,4.15,4.58,340.0,80.0,0.051,0.507
BIZ_040,Rustic Bake,Coffee Shop,Somajiguda,Central,17.408138,78.442304,1,3.1,False,2026-03-01,4.35,273,5,0.516,0.394,7.3,4.46,4.52,327.0,49.0,0.0378,0.483
BIZ_040,Rustic Bake,Coffee Shop,Somajiguda,Central,17.408138,78.442304,1,3.1,False,2026-04-01,4.32,274,1,0.431,0.488,3.6,3.61,4.34,240.0,59.0,0.0484,0.559
BIZ_040,Rustic Bake,Coffee Shop,Somajiguda,Central,17.408138,78.442304,1,3.2,False,2026-05-01,4.45,283,9,0.426,0.431,5.6,3.83,4.62,239.0,46.0,0.0325,0.467
BIZ_040,Rustic Bake,Coffee Shop,Somajiguda,Central,17.408138,78.442304,1,3.3,False,2026-06-01,4.52,291,8,0.414,0.531,6.4,4.44,4.26,202.0,21.0,0.0332,0.451
BIZ_041,The Stir,Bakery & Cafe,Madhapur,West,17.452329,78.423879,2,5.5,False,2025-01-01,4.02,697,12,0.497,0.51,3.6,3.99,,269.0,65.0,0.0217,0.376
BIZ_041,The Stir,Bakery & Cafe,Madhapur,West,17.452329,78.423879,2,5.6,False,2025-02-01,4.13,708,11,0.5,0.568,3.5,4.07,4.04,237.0,65.0,0.0388,0.404
BIZ_041,The Stir,Bakery & Cafe,Madhapur,West,17.452329,78.423879,2,5.7,False,2025-03-01,4.15,720,12,0.588,0.636,1.7,3.59,4.22,183.0,37.0,0.0302,0.445
BIZ_041,The Stir,Bakery & Cafe,Madhapur,West,17.452329,78.423879,2,5.8,False,2025-04-01,4.2,729,9,0.516,0.665,3.7,4.61,4.7,243.0,41.0,0.0263,0.468
BIZ_041,The Stir,Bakery & Cafe,Madhapur,West,17.452329,78.423879,2,5.8,False,2025-05-01,4.13,740,11,0.327,0.482,3.6,3.84,4.1,284.0,50.0,,0.487
BIZ_041,The Stir,Bakery & Cafe,Madhapur,West,17.452329,78.423879,2,5.9,False,2025-06-01,4.16,745,5,0.459,0.603,6.2,4.42,4.27,309.0,51.0,0.0911,0.437
BIZ_041,The Stir,Bakery & Cafe,Madhapur,West,17.452329,78.423879,2,6.0,False,2025-07-01,3.96,761,16,0.498,0.611,6.3,3.81,3.9,72.0,26.0,0.031,0.485
BIZ_041,The Stir,Bakery & Cafe,Madhapur,West,17.452329,78.423879,2,6.1,False,2025-08-01,4.01,771,10,,0.585,3.4,3.98,4.26,278.0,73.0,0.0595,0.444
BIZ_041,The Stir,Bakery & Cafe,Madhapur,West,17.452329,78.423879,2,6.2,False,2025-09-01,4.01,779,8,0.568,0.585,4.2,4.2,3.93,183.0,46.0,0.0481,0.429
BIZ_041,The Stir,Bakery & Cafe,Madhapur,West,17.452329,78.423879,2,6.2,False,2025-10-01,3.86,788,9,0.437,0.476,7.3,3.86,3.92,299.0,58.0,0.0223,0.473
BIZ_041,The Stir,Bakery & Cafe,Madhapur,West,17.452329,78.423879,2,6.3,False,2025-11-01,3.98,801,13,0.582,0.435,15.4,3.69,4.48,254.0,64.0,0.027,0.464
BIZ_041,The Stir,Bakery & Cafe,Madhapur,West,17.452329,78.423879,2,6.4,False,2025-12-01,4.06,809,8,0.473,0.591,2.8,4.19,3.96,345.0,48.0,0.0287,0.491
BIZ_041,The Stir,Bakery & Cafe,Madhapur,West,17.452329,78.423879,2,6.5,False,2026-01-01,4.04,818,9,0.415,0.461,10.4,3.89,3.76,274.0,55.0,0.021,0.446
BIZ_041,The Stir,Bakery & Cafe,Madhapur,West,17.452329,78.423879,2,6.6,False,2026-02-01,4.21,826,8,0.32,0.589,6.0,3.71,3.83,359.0,77.0,0.0331,0.459
BIZ_041,The Stir,Bakery & Cafe,Madhapur,West,17.452329,78.423879,2,6.7,False,2026-03-01,4.11,836,10,0.564,0.434,10.1,3.82,3.92,257.0,53.0,0.0537,0.503
BIZ_041,The Stir,Bakery & Cafe,Madhapur,West,17.452329,78.423879,2,6.8,False,2026-04-01,3.97,847,11,0.53,0.382,4.3,4.13,4.1,219.0,68.0,0.0371,0.476
BIZ_041,The Stir,Bakery & Cafe,Madhapur,West,17.452329,78.423879,2,6.8,False,2026-05-01,4.19,855,8,0.412,0.457,3.7,4.19,4.76,203.0,39.0,0.0254,0.362
BIZ_041,The Stir,Bakery & Cafe,Madhapur,West,17.452329,78.423879,2,6.9,False,2026-06-01,4.1,863,8,0.506,0.534,5.1,4.26,3.77,244.0,18.0,0.0496,0.444
BIZ_042,Amber Sip,Cafe,Rajendranagar,South,17.38411,78.404617,2,5.0,False,2025-01-01,4.39,99,4,0.687,0.573,5.5,4.51,4.46,305.0,46.0,0.0305,0.448
BIZ_042,Amber Sip,Cafe,Rajendranagar,South,17.38411,78.404617,2,5.1,False,2025-02-01,4.31,104,5,0.683,0.441,3.6,4.94,4.25,186.0,78.0,0.0243,0.441
BIZ_042,Amber Sip,Cafe,Rajendranagar,South,17.38411,78.404617,2,5.2,False,2025-03-01,0.0,109,5,0.675,0.459,3.7,3.47,4.14,312.0,75.0,0.0407,0.419
BIZ_042,Amber Sip,Cafe,Rajendranagar,South,17.38411,78.404617,2,5.2,False,2025-04-01,4.52,113,4,0.573,0.483,7.2,4.18,4.44,307.0,51.0,0.0467,0.446
BIZ_042,Amber Sip,Cafe,Rajendranagar,South,17.38411,78.404617,2,5.3,False,2025-05-01,4.32,119,6,0.727,0.719,4.3,,4.08,210.0,22.0,0.0401,0.432
BIZ_042,Amber Sip,Cafe,Rajendranagar,South,17.38411,78.404617,2,5.4,False,2025-06-01,4.36,123,4,0.64,0.567,7.9,4.32,3.91,267.0,57.0,0.042,0.387
BIZ_042,Amber Sip,Cafe,Rajendranagar,South,17.38411,78.404617,2,5.5,False,2025-07-01,4.54,128,5,0.765,0.512,2.9,4.24,4.65,157.0,41.0,0.0301,0.446
BIZ_042,Amber Sip,Cafe,Rajendranagar,South,17.38411,78.404617,2,5.6,False,2025-08-01,4.27,131,3,0.694,0.535,2.4,3.64,4.37,,59.0,0.0711,0.43
BIZ_042,Amber Sip,Cafe,Rajendranagar,South,17.38411,78.404617,2,5.7,False,2025-09-01,4.5,136,5,0.77,0.428,3.4,4.28,4.36,261.0,56.0,0.0704,0.423
BIZ_042,Amber Sip,Cafe,Rajendranagar,South,17.38411,78.404617,2,5.8,False,2025-10-01,4.34,143,7,0.765,0.528,5.1,4.24,4.53,280.0,45.0,0.0625,0.489
BIZ_042,Amber Sip,Cafe,Rajendranagar,South,17.38411,78.404617,2,5.8,False,2025-11-01,4.47,148,5,0.647,0.643,3.5,4.36,4.51,271.0,51.0,0.0399,0.468
BIZ_042,Amber Sip,Cafe,Rajendranagar,South,17.38411,78.404617,2,5.9,False,2025-12-01,4.37,155,7,0.611,0.493,11.3,4.47,4.46,207.0,55.0,0.0237,0.455
BIZ_042,Amber Sip,Cafe,Rajendranagar,South,17.38411,78.404617,2,6.0,False,2026-01-01,4.35,161,6,0.59,0.689,2.7,3.52,4.35,268.0,54.0,0.0652,0.433
BIZ_042,Amber Sip,Cafe,Rajendranagar,South,17.38411,78.404617,2,6.1,False,2026-02-01,4.44,165,4,0.873,0.628,7.1,4.2,4.82,271.0,56.0,0.0722,0.405
BIZ_042,Amber Sip,Cafe,Rajendranagar,South,17.38411,78.404617,2,6.2,False,2026-03-01,4.46,170,5,0.763,0.494,5.2,4.26,4.36,307.0,37.0,0.0367,0.41
BIZ_042,Amber Sip,Cafe,Rajendranagar,South,17.38411,78.404617,2,6.2,False,2026-04-01,4.4,174,4,0.844,0.522,3.5,4.37,4.3,188.0,36.0,0.0359,0.514
BIZ_042,Amber Sip,Cafe,Rajendranagar,South,17.38411,78.404617,2,6.3,False,2026-05-01,4.47,179,5,0.807,0.527,7.5,4.13,4.68,242.0,25.0,0.0321,0.513
BIZ_042,Amber Sip,Cafe,Rajendranagar,South,17.38411,78.404617,2,6.4,False,2026-06-01,4.34,182,3,0.686,0.679,2.2,4.18,4.32,258.0,41.0,0.0326,0.435
BIZ_043,Happy Aroma House,Bakery & Cafe,Begumpet,Central,17.41931,78.484309,3,4.6,False,2025-01-01,4.1,2961,35,0.592,0.575,3.8,4.01,3.86,384.0,42.0,0.0217,0.497
BIZ_043,Happy Aroma House,Bakery & Cafe,Begumpet,Central,17.41931,78.484309,3,4.7,False,2025-02-01,4.13,3033,72,0.548,0.628,4.3,4.05,3.92,311.0,67.0,0.0634,0.438
BIZ_043,Happy Aroma House,Bakery & Cafe,Begumpet,Central,17.41931,78.484309,3,4.8,False,2025-03-01,4.25,3079,46,0.561,0.487,7.0,4.0,3.87,363.0,64.0,0.0932,0.424
BIZ_043,Happy Aroma House,Bakery & Cafe,Begumpet,Central,17.41931,78.484309,3,4.8,False,2025-04-01,4.2,3138,59,0.673,0.337,5.7,3.37,4.01,295.0,82.0,,0.38
BIZ_043,Happy Aroma House,Bakery & Cafe,Begumpet,Central,17.41931,78.484309,3,4.9,False,2025-05-01,4.22,3190,52,0.641,0.575,2.8,4.32,3.92,356.0,45.0,0.022,0.469
BIZ_043,Happy Aroma House,Bakery & Cafe,Begumpet,Central,17.41931,78.484309,3,5.0,False,2025-06-01,4.18,3229,39,0.582,0.43,3.5,4.35,4.16,247.0,76.0,0.0533,0.407
BIZ_043,Happy Aroma House,Bakery & Cafe,Begumpet,Central,17.41931,78.484309,3,5.1,False,2025-07-01,4.14,3283,54,0.56,0.56,10.4,4.11,3.99,134.0,34.0,0.0957,0.438
BIZ_043,Happy Aroma House,Bakery & Cafe,Begumpet,Central,17.41931,78.484309,3,5.2,False,2025-08-01,4.19,3291,8,0.473,0.621,4.2,4.05,3.65,347.0,68.0,0.0211,0.502
BIZ_043,Happy Aroma House,Bakery & Cafe,Begumpet,Central,17.41931,78.484309,3,5.3,False,2025-09-01,3.99,3371,80,0.651,0.352,8.7,3.62,3.69,279.0,69.0,0.0241,0.467
BIZ_043,Happy Aroma House,Bakery & Cafe,Begumpet,Central,17.41931,78.484309,3,5.3,False,2025-10-01,4.08,3436,65,0.657,0.37,5.2,4.13,3.76,235.0,73.0,0.0311,0.457
BIZ_043,Happy Aroma House,Bakery & Cafe,Begumpet,Central,17.41931,78.484309,3,5.4,False,2025-11-01,4.1,3477,41,0.634,0.518,3.7,4.07,4.05,261.0,81.0,0.0321,0.477
BIZ_043,Happy Aroma House,Bakery & Cafe,Begumpet,Central,17.41931,78.484309,3,5.5,False,2025-12-01,4.12,3545,68,,0.48,16.2,3.48,,284.0,57.0,0.0224,0.52
BIZ_043,Happy Aroma House,Bakery & Cafe,Begumpet,Central,17.41931,78.484309,3,5.6,False,2026-01-01,4.08,3592,47,0.583,0.554,9.1,3.91,3.94,316.0,42.0,0.0409,0.44
BIZ_043,Happy Aroma House,Bakery & Cafe,Begumpet,Central,17.41931,78.484309,3,5.7,False,2026-02-01,4.11,3644,52,0.347,0.564,3.4,3.43,4.1,256.0,57.0,0.0295,0.498
BIZ_043,Happy Aroma House,Bakery & Cafe,Begumpet,Central,17.41931,78.484309,3,5.8,False,2026-03-01,4.34,3689,45,0.473,0.624,5.6,4.24,4.54,224.0,36.0,0.0623,0.521
BIZ_043,Happy Aroma House,Bakery & Cafe,Begumpet,Central,17.41931,78.484309,3,5.8,False,2026-04-01,4.27,3743,54,0.534,0.426,6.3,,3.99,,77.0,0.0215,0.508
BIZ_043,Happy Aroma House,Bakery & Cafe,Begumpet,Central,17.41931,78.484309,3,5.9,False,2026-05-01,4.25,3795,52,0.766,0.721,2.0,3.54,4.25,336.0,48.0,0.0235,0.509
BIZ_043,Happy Aroma House,Bakery & Cafe,Begumpet,Central,17.41931,78.484309,3,6.0,False,2026-06-01,4.05,3857,62,0.522,0.559,4.1,3.91,4.07,175.0,37.0,0.0392,0.471
BIZ_044,Fresh Bake Works,Bakery & Cafe,Alwal,East,17.466731,78.508002,3,4.7,False,2025-01-01,4.12,136,4,0.7,0.469,5.4,4.37,3.9,182.0,54.0,0.0217,0.382
BIZ_044,Fresh Bake Works,Bakery & Cafe,Alwal,East,17.466731,78.508002,3,4.8,False,2025-02-01,4.41,142,6,0.684,0.502,5.0,4.36,4.2,298.0,59.0,0.0281,0.459
BIZ_044,Fresh Bake Works,Bakery & Cafe,Alwal,East,17.466731,78.508002,3,4.9,False,2025-03-01,4.39,147,5,0.688,0.593,7.1,4.61,4.23,185.0,66.0,0.0365,0.533
BIZ_044,Fresh Bake Works,Bakery & Cafe,Alwal,East,17.466731,78.508002,3,5.0,False,2025-04-01,4.43,151,4,0.708,0.489,6.6,4.05,4.54,244.0,,0.0389,0.417
BIZ_044,Fresh Bake Works,Bakery & Cafe,Alwal,East,17.466731,78.508002,3,5.0,False,2025-05-01,4.51,157,6,0.636,0.689,7.1,4.23,3.7,147.0,36.0,0.049,0.429
BIZ_044,Fresh Bake Works,Bakery & Cafe,Alwal,East,17.466731,78.508002,3,5.1,False,2025-06-01,4.48,158,1,0.57,0.522,6.5,4.42,4.2,344.0,40.0,0.022,0.496
BIZ_044,Fresh Bake Works,Bakery & Cafe,Alwal,East,17.466731,78.508002,3,5.2,False,2025-07-01,4.37,159,1,0.776,0.598,5.6,4.18,3.72,251.0,64.0,0.0428,0.4
BIZ_044,Fresh Bake Works,Bakery & Cafe,Alwal,East,17.466731,78.508002,3,5.3,False,2025-08-01,4.27,161,2,0.752,0.395,5.7,4.21,4.06,230.0,27.0,0.0245,0.499
BIZ_044,Fresh Bake Works,Bakery & Cafe,Alwal,East,17.466731,78.508002,3,5.4,False,2025-09-01,4.4,166,5,0.603,0.511,6.7,4.64,4.2,252.0,32.0,0.0278,0.531
BIZ_044,Fresh Bake Works,Bakery & Cafe,Alwal,East,17.466731,78.508002,3,5.5,False,2025-10-01,4.24,173,7,0.693,0.565,4.1,4.32,4.15,209.0,32.0,0.0354,0.497
BIZ_044,Fresh Bake Works,Bakery & Cafe,Alwal,East,17.466731,78.508002,3,5.5,False,2025-11-01,4.31,177,4,0.74,0.676,4.0,4.46,3.75,275.0,45.0,0.0233,0.445
BIZ_044,Fresh Bake Works,Bakery & Cafe,Alwal,East,17.466731,78.508002,3,5.6,False,2025-12-01,4.46,183,6,0.672,0.511,4.3,3.84,4.05,292.0,61.0,0.0213,0.479
BIZ_044,Fresh Bake Works,Bakery & Cafe,Alwal,East,17.466731,78.508002,3,5.7,False,2026-01-01,4.55,188,5,0.765,0.526,22.0,3.45,4.17,320.0,46.0,0.032,0.487
BIZ_044,Fresh Bake Works,Bakery & Cafe,Alwal,East,17.466731,78.508002,3,5.8,False,2026-02-01,4.45,194,6,0.747,0.478,10.2,3.92,4.33,205.0,59.0,0.0472,0.344
BIZ_044,Fresh Bake Works,Bakery & Cafe,Alwal,East,17.466731,78.508002,3,5.9,False,2026-03-01,4.52,198,4,0.75,0.666,5.4,4.37,4.31,211.0,50.0,0.0325,0.514
BIZ_044,Fresh Bake Works,Bakery & Cafe,Alwal,East,17.466731,78.508002,3,6.0,False,2026-04-01,4.51,206,8,0.643,0.606,2.5,4.36,4.56,146.0,46.0,0.024,0.501
BIZ_044,Fresh Bake Works,Bakery & Cafe,Alwal,East,17.466731,78.508002,3,6.0,False,2026-05-01,4.43,211,5,0.744,0.479,5.1,4.23,4.18,267.0,40.0,0.0504,0.427
BIZ_044,Fresh Bake Works,Bakery & Cafe,Alwal,East,17.466731,78.508002,3,6.1,False,2026-06-01,4.42,215,4,0.608,0.355,5.3,4.38,4.06,166.0,31.0,0.0249,0.475
BIZ_045,Green Whisk,Cafe,Kondapur,West,17.446809,78.375949,1,1.2,False,2025-01-01,4.77,2181,207,0.643,0.389,5.0,4.15,4.78,267.0,65.0,0.0213,0.443
BIZ_045,Green Whisk,Cafe,Kondapur,West,17.446809,78.375949,1,1.3,False,2025-02-01,4.77,2309,128,0.727,0.575,3.7,4.4,5.0,,50.0,0.0215,0.562
BIZ_045,Green Whisk,Cafe,Kondapur,West,17.446809,78.375949,1,1.4,False,2025-03-01,4.76,2472,163,0.778,0.386,14.5,4.44,5.0,341.0,54.0,0.0313,0.5
BIZ_045,Green Whisk,Cafe,Kondapur,West,17.446809,78.375949,1,1.4,False,2025-04-01,4.74,2687,215,0.638,0.395,15.9,4.56,4.88,190.0,56.0,0.0243,0.462
BIZ_045,Green Whisk,Cafe,Kondapur,West,17.446809,78.375949,1,1.5,False,2025-05-01,4.75,2778,91,0.715,0.687,6.8,4.27,5.0,262.0,44.0,0.0249,0.462
BIZ_045,Green Whisk,Cafe,Kondapur,West,17.446809,78.375949,1,1.6,False,2025-06-01,4.7,2963,185,0.831,0.599,6.0,4.17,4.89,266.0,24.0,0.039,0.583
BIZ_045,Green Whisk,Cafe,Kondapur,West,17.446809,78.375949,1,1.7,False,2025-07-01,4.73,3114,151,0.785,0.646,5.7,4.77,4.64,200.0,54.0,0.0502,0.475
BIZ_045,Green Whisk,Cafe,Kondapur,West,17.446809,78.375949,1,1.8,False,2025-08-01,4.69,3190,76,,0.334,12.5,4.5,4.76,175.0,39.0,0.0524,0.493
BIZ_045,Green Whisk,Cafe,Kondapur,West,17.446809,78.375949,1,1.9,False,2025-09-01,4.68,3295,105,0.815,0.423,4.6,4.67,4.97,167.0,69.0,0.0311,0.456
BIZ_045,Green Whisk,Cafe,Kondapur,West,17.446809,78.375949,1,1.9,False,2025-10-01,4.8,3515,220,0.919,0.487,2.4,3.9,4.85,240.0,69.0,0.0385,0.469
BIZ_045,Green Whisk,Cafe,Kondapur,West,17.446809,78.375949,1,2.0,False,2025-11-01,4.71,3681,166,0.756,0.441,7.1,4.92,5.0,237.0,38.0,0.0255,0.519
BIZ_045,Green Whisk,Cafe,Kondapur,West,17.446809,78.375949,1,2.1,False,2025-12-01,4.67,3901,220,0.821,0.457,6.1,4.49,4.68,236.0,67.0,0.0456,0.466
BIZ_045,Green Whisk,Cafe,Kondapur,West,17.446809,78.375949,1,2.2,False,2026-01-01,4.81,4034,133,0.904,,7.0,4.26,4.94,319.0,42.0,0.0698,0.425
BIZ_045,Green Whisk,Cafe,Kondapur,West,17.446809,78.375949,1,2.3,False,2026-02-01,4.71,4173,139,0.647,0.408,4.5,4.94,4.96,315.0,34.0,0.0421,0.45
BIZ_045,Green Whisk,Cafe,Kondapur,West,17.446809,78.375949,1,2.4,False,2026-03-01,4.92,4361,188,0.757,0.428,11.2,4.77,4.91,261.0,47.0,0.048,0.535
BIZ_045,Green Whisk,Cafe,Kondapur,West,17.446809,78.375949,1,2.5,False,2026-04-01,4.71,4463,102,0.863,0.598,7.6,4.11,4.79,291.0,50.0,0.0404,0.511
BIZ_045,Green Whisk,Cafe,Kondapur,West,17.446809,78.375949,1,2.5,False,2026-05-01,4.69,4667,204,0.682,0.517,13.4,4.67,5.0,178.0,51.0,0.0562,0.399
BIZ_045,Green Whisk,Cafe,Kondapur,West,17.446809,78.375949,1,2.6,False,2026-06-01,4.74,4820,153,0.881,0.556,4.0,3.95,4.82,202.0,38.0,0.0417,0.433
BIZ_046,Ivory Crumb,Restaurant & Cafe,Alwal,East,17.486463,78.5987,1,1.5,False,2025-01-01,4.29,545,33,0.565,0.535,7.2,4.17,4.8,236.0,,0.0279,0.405
BIZ_046,Ivory Crumb,Restaurant & Cafe,Alwal,East,17.486463,78.5987,1,1.6,False,2025-02-01,4.27,575,30,0.48,0.555,2.6,4.11,4.53,326.0,83.0,0.0334,0.443
BIZ_046,Ivory Crumb,Restaurant & Cafe,Alwal,East,17.486463,78.5987,1,1.7,False,2025-03-01,4.23,599,24,0.654,0.478,5.7,3.97,4.38,276.0,46.0,0.0563,0.506
BIZ_046,Ivory Crumb,Restaurant & Cafe,Alwal,East,17.486463,78.5987,1,1.8,False,2025-04-01,4.23,621,22,0.52,0.543,3.2,4.58,4.1,263.0,73.0,0.0398,0.452
BIZ_046,Ivory Crumb,Restaurant & Cafe,Alwal,East,17.486463,78.5987,1,1.8,False,2025-05-01,4.27,658,37,0.532,0.39,8.3,3.9,3.91,169.0,41.0,0.0717,0.455
BIZ_046,Ivory Crumb,Restaurant & Cafe,Alwal,East,17.486463,78.5987,1,1.9,False,2025-06-01,4.35,688,30,0.623,0.467,4.5,4.57,4.6,112.0,33.0,0.0269,0.485
BIZ_046,Ivory Crumb,Restaurant & Cafe,Alwal,East,17.486463,78.5987,1,2.0,False,2025-07-01,4.15,711,23,0.638,0.711,3.8,4.48,3.86,219.0,37.0,0.0211,0.483
BIZ_046,Ivory Crumb,Restaurant & Cafe,Alwal,East,17.486463,78.5987,1,2.1,False,2025-08-01,4.21,729,18,0.501,0.758,3.1,4.21,4.0,203.0,41.0,0.0201,0.467
BIZ_046,Ivory Crumb,Restaurant & Cafe,Alwal,East,17.486463,78.5987,1,2.2,False,2025-09-01,4.14,754,25,0.627,0.39,6.9,3.59,4.38,263.0,48.0,0.0244,0.418
BIZ_046,Ivory Crumb,Restaurant & Cafe,Alwal,East,17.486463,78.5987,1,2.2,False,2025-10-01,4.12,773,19,0.544,0.388,2.7,4.22,4.0,241.0,61.0,0.0243,0.495
BIZ_046,Ivory Crumb,Restaurant & Cafe,Alwal,East,17.486463,78.5987,1,2.3,False,2025-11-01,4.11,791,18,0.759,0.491,3.3,3.96,4.29,191.0,55.0,0.0306,0.464
BIZ_046,Ivory Crumb,Restaurant & Cafe,Alwal,East,17.486463,78.5987,1,2.4,False,2025-12-01,4.25,813,22,0.524,0.558,9.7,3.6,4.4,296.0,54.0,0.0347,0.487
BIZ_046,Ivory Crumb,Restaurant & Cafe,Alwal,East,17.486463,78.5987,1,2.5,False,2026-01-01,3.99,840,27,0.662,0.54,2.9,4.16,4.43,272.0,70.0,0.0216,0.457
BIZ_046,Ivory Crumb,Restaurant & Cafe,Alwal,East,17.486463,78.5987,1,2.6,False,2026-02-01,4.25,885,45,0.655,0.366,7.9,4.27,4.61,251.0,100.0,0.0224,0.448
BIZ_046,Ivory Crumb,Restaurant & Cafe,Alwal,East,17.486463,78.5987,1,2.7,False,2026-03-01,4.17,917,32,0.554,,9.1,3.59,4.39,266.0,56.0,0.0223,0.514
BIZ_046,Ivory Crumb,Restaurant & Cafe,Alwal,East,17.486463,78.5987,1,2.8,False,2026-04-01,4.23,942,25,0.603,0.535,9.1,4.41,4.5,264.0,53.0,0.0361,0.338
BIZ_046,Ivory Crumb,Restaurant & Cafe,Alwal,East,17.486463,78.5987,1,2.8,False,2026-05-01,4.22,963,21,0.565,0.617,4.9,3.91,4.07,225.0,56.0,0.0289,0.505
BIZ_046,Ivory Crumb,Restaurant & Cafe,Alwal,East,17.486463,78.5987,1,2.9,False,2026-06-01,3.98,997,34,0.591,0.639,4.2,3.16,4.29,281.0,57.0,0.0363,0.411
BIZ_047,Grand Roast Hub,Cafe,Miyapur,West,17.435996,78.38327,3,5.6,False,2025-01-01,3.79,5175,93,0.107,0.562,4.6,3.56,3.38,569.0,136.0,0.0269,0.52
BIZ_047,Grand Roast Hub,Cafe,Miyapur,West,17.435996,78.38327,3,5.7,False,2025-02-01,3.7,5249,74,0.298,0.69,3.3,3.1,3.65,602.0,105.0,0.0537,0.42
BIZ_047,Grand Roast Hub,Cafe,Miyapur,West,17.435996,78.38327,3,5.8,False,2025-03-01,3.78,5311,62,0.299,0.437,6.4,3.51,3.73,501.0,94.0,0.0205,0.438
BIZ_047,Grand Roast Hub,Cafe,Miyapur,West,17.435996,78.38327,3,5.8,False,2025-04-01,3.85,5400,89,,0.604,6.0,3.52,3.62,453.0,107.0,0.0202,0.449
BIZ_047,Grand Roast Hub,Cafe,Miyapur,West,17.435996,78.38327,3,5.9,False,2025-05-01,3.67,5500,100,0.304,0.628,5.8,2.77,3.74,437.0,96.0,0.0603,0.442
BIZ_047,Grand Roast Hub,Cafe,Miyapur,West,17.435996,78.38327,3,6.0,False,2025-06-01,3.78,5563,63,0.238,0.469,4.1,3.28,3.23,324.0,76.0,0.0209,0.457
BIZ_047,Grand Roast Hub,Cafe,Miyapur,West,17.435996,78.38327,3,6.1,False,2025-07-01,3.89,5673,110,0.165,0.501,10.6,3.82,3.73,373.0,112.0,0.0407,0.448
BIZ_047,Grand Roast Hub,Cafe,Miyapur,West,17.435996,78.38327,3,6.2,False,2025-08-01,3.61,5739,66,0.259,0.513,8.1,3.44,3.28,353.0,104.0,0.0518,0.391
BIZ_047,Grand Roast Hub,Cafe,Miyapur,West,17.435996,78.38327,3,6.3,False,2025-09-01,3.65,5807,68,0.241,0.69,9.1,3.7,3.48,345.0,133.0,0.0597,0.445
BIZ_047,Grand Roast Hub,Cafe,Miyapur,West,17.435996,78.38327,3,6.3,False,2025-10-01,3.59,5885,78,0.258,0.58,8.7,3.15,3.25,644.0,89.0,0.0252,0.373
BIZ_047,Grand Roast Hub,Cafe,Miyapur,West,17.435996,78.38327,3,6.4,False,2025-11-01,3.67,5942,57,0.177,0.512,4.6,3.04,3.42,412.0,82.0,0.0498,0.48
BIZ_047,Grand Roast Hub,Cafe,Miyapur,West,17.435996,78.38327,3,6.5,False,2025-12-01,3.83,6045,103,0.192,0.542,2.5,3.59,3.42,592.0,177.0,0.028,0.464
BIZ_047,Grand Roast Hub,Cafe,Miyapur,West,17.435996,78.38327,3,6.6,False,2026-01-01,3.75,6145,100,0.114,0.434,6.8,4.08,3.69,594.0,77.0,0.024,0.368
BIZ_047,Grand Roast Hub,Cafe,Miyapur,West,17.435996,78.38327,3,6.7,False,2026-02-01,3.92,6212,67,0.182,0.561,4.0,3.76,,617.0,127.0,0.0261,0.374
BIZ_047,Grand Roast Hub,Cafe,Miyapur,West,17.435996,78.38327,3,6.8,False,2026-03-01,3.74,6295,83,0.104,0.634,14.7,3.45,3.38,490.0,84.0,0.0242,0.527
BIZ_047,Grand Roast Hub,Cafe,Miyapur,West,17.435996,78.38327,3,6.8,False,2026-04-01,3.85,6314,19,0.287,0.637,3.9,3.87,3.44,423.0,135.0,0.0271,0.391
BIZ_047,Grand Roast Hub,Cafe,Miyapur,West,17.435996,78.38327,3,6.9,False,2026-05-01,3.8,6384,70,0.076,0.484,7.9,3.41,3.55,590.0,142.0,0.0579,0.436
BIZ_047,Grand Roast Hub,Cafe,Miyapur,West,17.435996,78.38327,3,7.0,False,2026-06-01,3.8,6425,41,0.138,0.528,5.0,3.98,3.65,486.0,81.0,0.0398,0.425
BIZ_048,Jade Drip Lounge,Restaurant & Cafe,Charminar,Old City,17.36819,78.473073,3,4.2,False,2025-01-01,3.68,317,3,0.349,0.616,6.1,3.18,3.01,280.0,71.0,0.0253,0.517
BIZ_048,Jade Drip Lounge,Restaurant & Cafe,Charminar,Old City,17.36819,78.473073,3,4.3,False,2025-02-01,3.7,323,6,0.341,0.512,4.2,3.64,3.55,321.0,40.0,0.0939,0.489
BIZ_048,Jade Drip Lounge,Restaurant & Cafe,Charminar,Old City,17.36819,78.473073,3,4.4,False,2025-03-01,3.85,327,4,0.488,0.551,2.9,4.17,3.62,171.0,43.0,0.0269,0.402
BIZ_048,Jade Drip Lounge,Restaurant & Cafe,Charminar,Old City,17.36819,78.473073,3,4.5,False,2025-04-01,3.71,332,5,0.335,0.439,11.3,3.88,3.75,276.0,51.0,0.0204,0.427
BIZ_048,Jade Drip Lounge,Restaurant & Cafe,Charminar,Old City,17.36819,78.473073,3,4.5,False,2025-05-01,3.79,335,3,0.355,0.678,6.4,3.72,3.11,195.0,72.0,0.0585,0.369
BIZ_048,Jade Drip Lounge,Restaurant & Cafe,Charminar,Old City,17.36819,78.473073,3,4.6,False,2025-06-01,3.81,341,6,,0.497,9.4,3.32,3.42,167.0,44.0,0.0359,0.393
BIZ_048,Jade Drip Lounge,Restaurant & Cafe,Charminar,Old City,17.36819,78.473073,3,4.7,False,2025-07-01,3.85,346,5,0.331,0.54,2.6,3.76,3.92,245.0,74.0,0.0724,0.437
BIZ_048,Jade Drip Lounge,Restaurant & Cafe,Charminar,Old City,17.36819,78.473073,3,4.8,False,2025-08-01,3.78,350,4,0.256,0.57,2.9,3.29,3.58,212.0,22.0,0.0637,0.528
BIZ_048,Jade Drip Lounge,Restaurant & Cafe,Charminar,Old City,17.36819,78.473073,3,4.9,False,2025-09-01,3.76,357,7,0.261,0.72,3.0,3.56,3.4,180.0,28.0,0.0848,0.408
BIZ_048,Jade Drip Lounge,Restaurant & Cafe,Charminar,Old City,17.36819,78.473073,3,5.0,False,2025-10-01,3.63,365,8,0.417,0.675,3.4,3.3,3.63,168.0,31.0,0.0558,0.432
BIZ_048,Jade Drip Lounge,Restaurant & Cafe,Charminar,Old City,17.36819,78.473073,3,5.0,False,2025-11-01,3.7,372,7,0.566,0.667,1.4,3.41,3.16,315.0,53.0,0.026,0.454
BIZ_048,Jade Drip Lounge,Restaurant & Cafe,Charminar,Old City,17.36819,78.473073,3,5.1,False,2025-12-01,3.81,378,6,0.479,0.452,3.1,3.22,3.24,332.0,33.0,0.0236,0.454
BIZ_048,Jade Drip Lounge,Restaurant & Cafe,Charminar,Old City,17.36819,78.473073,3,5.2,False,2026-01-01,3.8,387,9,0.419,0.443,18.9,3.87,3.64,291.0,61.0,0.0489,0.412
BIZ_048,Jade Drip Lounge,Restaurant & Cafe,Charminar,Old City,17.36819,78.473073,3,5.3,False,2026-02-01,3.93,390,3,0.388,0.4,8.2,3.39,,273.0,49.0,0.0253,0.446
BIZ_048,Jade Drip Lounge,Restaurant & Cafe,Charminar,Old City,17.36819,78.473073,3,5.4,False,2026-03-01,3.71,395,5,0.431,0.4,13.7,3.0,3.46,332.0,33.0,0.0629,0.456
BIZ_048,Jade Drip Lounge,Restaurant & Cafe,Charminar,Old City,17.36819,78.473073,3,5.5,False,2026-04-01,3.8,400,5,0.407,0.513,8.6,3.7,3.72,274.0,63.0,0.0608,0.407
BIZ_048,Jade Drip Lounge,Restaurant & Cafe,Charminar,Old City,17.36819,78.473073,3,5.5,False,2026-05-01,3.91,404,4,0.509,0.449,5.3,3.67,3.8,110.0,53.0,,0.493
BIZ_048,Jade Drip Lounge,Restaurant & Cafe,Charminar,Old City,17.36819,78.473073,3,5.6,False,2026-06-01,3.76,409,5,0.534,0.659,3.2,3.61,3.63,236.0,39.0,0.0298,0.497
BIZ_049,Grand Pour Kitchen,Cafe,Banjara Hills,Central,17.41614,78.437213,4,6.6,False,2025-01-01,4.45,2335,30,0.645,0.484,3.4,4.48,4.35,366.0,104.0,0.0571,0.455
BIZ_049,Grand Pour Kitchen,Cafe,Banjara Hills,Central,17.41614,78.437213,4,6.7,False,2025-02-01,4.33,2370,35,0.659,0.454,,3.99,3.92,325.0,52.0,0.0312,0.492
BIZ_049,Grand Pour Kitchen,Cafe,Banjara Hills,Central,17.41614,78.437213,4,6.8,False,2025-03-01,4.53,2402,32,0.739,0.535,6.2,4.0,4.32,357.0,55.0,0.0237,0.452
BIZ_049,Grand Pour Kitchen,Cafe,Banjara Hills,Central,17.41614,78.437213,4,6.8,False,2025-04-01,4.34,2423,21,0.875,0.676,2.8,4.34,3.65,352.0,59.0,0.0281,0.464
BIZ_049,Grand Pour Kitchen,Cafe,Banjara Hills,Central,17.41614,78.437213,4,6.9,False,2025-05-01,4.67,2435,12,0.958,0.52,6.2,4.29,3.88,225.0,44.0,0.059,0.527
BIZ_049,Grand Pour Kitchen,Cafe,Banjara Hills,Central,17.41614,78.437213,4,7.0,False,2025-06-01,4.46,2455,20,0.833,0.45,6.5,4.21,4.26,152.0,33.0,0.0323,0.437
BIZ_049,Grand Pour Kitchen,Cafe,Banjara Hills,Central,17.41614,78.437213,4,7.1,False,2025-07-01,4.31,2483,28,0.809,0.503,2.2,4.04,3.99,278.0,75.0,0.0361,0.498
BIZ_049,Grand Pour Kitchen,Cafe,Banjara Hills,Central,17.41614,78.437213,4,7.2,False,2025-08-01,4.23,2503,20,0.828,0.491,11.0,4.2,3.65,241.0,33.0,0.0213,0.53
BIZ_049,Grand Pour Kitchen,Cafe,Banjara Hills,Central,17.41614,78.437213,4,7.3,False,2025-09-01,4.24,2511,8,0.884,0.387,5.6,4.22,3.83,250.0,52.0,0.0206,0.474
BIZ_049,Grand Pour Kitchen,Cafe,Banjara Hills,Central,17.41614,78.437213,4,7.3,False,2025-10-01,4.43,2553,42,0.806,0.514,2.1,4.23,4.04,310.0,43.0,0.027,0.433
BIZ_049,Grand Pour Kitchen,Cafe,Banjara Hills,Central,17.41614,78.437213,4,7.4,False,2025-11-01,4.31,2591,38,0.783,0.521,9.3,4.5,3.38,288.0,35.0,0.0335,0.547
BIZ_049,Grand Pour Kitchen,Cafe,Banjara Hills,Central,17.41614,78.437213,4,7.5,False,2025-12-01,4.31,2620,29,0.684,0.63,5.1,3.86,3.81,,60.0,0.0223,0.456
BIZ_049,Grand Pour Kitchen,Cafe,Banjara Hills,Central,17.41614,78.437213,4,7.6,False,2026-01-01,4.41,2653,33,0.763,0.615,3.8,3.91,4.57,312.0,20.0,0.0208,0.464
BIZ_049,Grand Pour Kitchen,Cafe,Banjara Hills,Central,17.41614,78.437213,4,7.7,False,2026-02-01,4.43,2689,36,0.738,0.626,5.9,4.13,4.43,396.0,77.0,0.0344,0.581
BIZ_049,Grand Pour Kitchen,Cafe,Banjara Hills,Central,17.41614,78.437213,4,7.8,False,2026-03-01,4.42,2737,48,0.88,0.683,6.4,,4.58,266.0,90.0,0.0255,0.491
BIZ_049,Grand Pour Kitchen,Cafe,Banjara Hills,Central,17.41614,78.437213,4,7.8,False,2026-04-01,4.46,2755,18,0.69,0.459,9.2,4.74,,333.0,53.0,0.0317,0.5
BIZ_049,Grand Pour Kitchen,Cafe,Banjara Hills,Central,17.41614,78.437213,4,7.9,False,2026-05-01,4.42,2780,25,0.839,0.328,12.0,4.19,4.27,275.0,48.0,0.0579,0.474
BIZ_049,Grand Pour Kitchen,Cafe,Banjara Hills,Central,17.41614,78.437213,4,8.0,False,2026-06-01,4.53,2800,20,0.872,0.562,5.4,4.61,3.96,207.0,47.0,,0.493
BIZ_050,Crimson Cup Coffee,Cafe,Hitech City,West,17.435406,78.398535,2,6.0,False,2025-01-01,4.21,400,7,0.597,0.185,8.9,,3.97,267.0,77.0,,0.445
BIZ_050,Crimson Cup Coffee,Cafe,Hitech City,West,17.435406,78.398535,2,6.1,False,2025-02-01,4.32,405,5,,0.674,5.1,3.95,4.25,364.0,52.0,0.025,0.438
BIZ_050,Crimson Cup Coffee,Cafe,Hitech City,West,17.435406,78.398535,2,6.2,False,2025-03-01,4.35,409,4,0.451,0.554,5.1,4.36,4.57,250.0,58.0,0.061,0.444
BIZ_050,Crimson Cup Coffee,Cafe,Hitech City,West,17.435406,78.398535,2,6.2,False,2025-04-01,4.3,416,7,0.652,0.502,4.2,3.84,4.47,239.0,44.0,0.0257,0.429
BIZ_050,Crimson Cup Coffee,Cafe,Hitech City,West,17.435406,78.398535,2,6.3,False,2025-05-01,4.26,418,2,0.619,0.484,7.4,3.96,4.25,196.0,45.0,0.0961,0.461
BIZ_050,Crimson Cup Coffee,Cafe,Hitech City,West,17.435406,78.398535,2,6.4,False,2025-06-01,4.4,423,5,0.5,0.459,8.2,4.59,4.47,251.0,52.0,0.0623,0.456
BIZ_050,Crimson Cup Coffee,Cafe,Hitech City,West,17.435406,78.398535,2,6.5,False,2025-07-01,4.31,429,6,0.597,0.433,4.1,4.33,4.07,222.0,37.0,0.0436,0.422
BIZ_050,Crimson Cup Coffee,Cafe,Hitech City,West,17.435406,78.398535,2,6.6,False,2025-08-01,4.16,435,6,0.63,0.538,6.9,3.95,4.29,200.0,47.0,0.0301,0.417
BIZ_050,Crimson Cup Coffee,Cafe,Hitech City,West,17.435406,78.398535,2,6.7,False,2025-09-01,4.13,440,5,0.564,0.563,2.9,3.67,3.91,339.0,43.0,0.0226,0.436
BIZ_050,Crimson Cup Coffee,Cafe,Hitech City,West,17.435406,78.398535,2,6.8,False,2025-10-01,4.14,445,5,0.62,0.386,9.0,3.7,4.14,248.0,42.0,0.0302,0.484
BIZ_050,Crimson Cup Coffee,Cafe,Hitech City,West,17.435406,78.398535,2,6.8,False,2025-11-01,4.14,451,6,0.609,0.516,10.6,3.76,4.23,178.0,55.0,0.0235,0.411
BIZ_050,Crimson Cup Coffee,Cafe,Hitech City,West,17.435406,78.398535,2,6.9,False,2025-12-01,4.2,456,5,0.755,0.413,6.9,4.08,3.94,316.0,50.0,0.0215,0.467
BIZ_050,Crimson Cup Coffee,Cafe,Hitech City,West,17.435406,78.398535,2,7.0,False,2026-01-01,4.33,459,3,0.55,0.425,3.7,4.23,4.47,340.0,66.0,0.0259,0.426
BIZ_050,Crimson Cup Coffee,Cafe,Hitech City,West,17.435406,78.398535,2,7.1,False,2026-02-01,4.44,464,5,0.704,0.614,5.7,4.04,4.41,174.0,59.0,0.0423,0.462
BIZ_050,Crimson Cup Coffee,Cafe,Hitech City,West,17.435406,78.398535,2,7.2,False,2026-03-01,4.33,473,9,0.593,0.502,4.6,4.2,4.48,323.0,65.0,0.0566,0.482
BIZ_050,Crimson Cup Coffee,Cafe,Hitech City,West,17.435406,78.398535,2,7.2,False,2026-04-01,4.27,481,8,0.676,0.433,7.2,4.3,4.12,304.0,55.0,0.0345,0.498
BIZ_050,Crimson Cup Coffee,Cafe,Hitech City,West,17.435406,78.398535,2,7.3,False,2026-05-01,4.26,486,5,,0.554,3.1,4.04,4.51,269.0,55.0,0.0467,0.459
BIZ_050,Crimson Cup Coffee,Cafe,Hitech City,West,17.435406,78.398535,2,7.4,False,2026-06-01,4.32,489,3,0.617,0.399,,4.22,4.61,257.0,39.0,0.0215,0.466
BIZ_051,Amber Grind House,Restaurant & Cafe,Tolichowki,South,17.395347,78.448942,3,2.8,False,2025-01-01,4.82,245,7,0.85,0.447,4.3,4.95,4.0,264.0,60.0,0.0303,0.418
BIZ_051,Amber Grind House,Restaurant & Cafe,Tolichowki,South,17.395347,78.448942,3,2.9,False,2025-02-01,4.83,254,9,0.745,0.59,8.0,4.67,5.0,293.0,35.0,0.049,0.493
BIZ_051,Amber Grind House,Restaurant & Cafe,Tolichowki,South,17.395347,78.448942,3,3.0,False,2025-03-01,4.76,262,8,0.777,0.491,5.3,4.41,4.73,237.0,48.0,0.0222,0.493
BIZ_051,Amber Grind House,Restaurant & Cafe,Tolichowki,South,17.395347,78.448942,3,3.0,False,2025-04-01,4.69,268,6,0.792,0.492,10.0,4.48,4.7,322.0,41.0,0.0215,0.498
BIZ_051,Amber Grind House,Restaurant & Cafe,Tolichowki,South,17.395347,78.448942,3,3.1,False,2025-05-01,4.68,277,9,0.881,0.494,8.4,4.49,5.0,220.0,51.0,0.0496,0.443
BIZ_051,Amber Grind House,Restaurant & Cafe,Tolichowki,South,17.395347,78.448942,3,3.2,False,2025-06-01,4.66,281,4,0.955,0.396,4.9,3.93,,281.0,38.0,0.0638,0.507
BIZ_051,Amber Grind House,Restaurant & Cafe,Tolichowki,South,17.395347,78.448942,3,3.3,False,2025-07-01,4.57,285,4,0.972,0.58,1.5,4.48,4.11,182.0,39.0,0.0243,0.426
BIZ_051,Amber Grind House,Restaurant & Cafe,Tolichowki,South,17.395347,78.448942,3,3.4,False,2025-08-01,4.79,293,8,1.0,0.568,4.2,4.99,4.58,228.0,42.0,0.0494,0.486
BIZ_051,Amber Grind House,Restaurant & Cafe,Tolichowki,South,17.395347,78.448942,3,3.5,False,2025-09-01,4.69,303,10,0.888,0.618,3.5,4.56,4.13,206.0,30.0,0.0736,0.504
BIZ_051,Amber Grind House,Restaurant & Cafe,Tolichowki,South,17.395347,78.448942,3,3.5,False,2025-10-01,4.56,308,5,0.924,0.582,2.0,4.51,4.22,240.0,29.0,0.0475,0.514
BIZ_051,Amber Grind House,Restaurant & Cafe,Tolichowki,South,17.395347,78.448942,3,3.6,False,2025-11-01,4.65,312,4,0.762,0.563,12.3,4.54,4.6,223.0,68.0,0.0272,0.45
BIZ_051,Amber Grind House,Restaurant & Cafe,Tolichowki,South,17.395347,78.448942,3,3.7,False,2025-12-01,4.74,316,4,0.945,0.55,9.5,4.59,4.2,234.0,38.0,0.0287,0.488
BIZ_051,Amber Grind House,Restaurant & Cafe,Tolichowki,South,17.395347,78.448942,3,3.8,False,2026-01-01,4.67,327,11,0.814,0.652,2.6,4.74,4.74,303.0,45.0,0.0266,0.481
BIZ_051,Amber Grind House,Restaurant & Cafe,Tolichowki,South,17.395347,78.448942,3,3.9,False,2026-02-01,4.67,332,5,0.723,0.41,11.5,4.35,4.43,315.0,83.0,0.0286,0.502
BIZ_051,Amber Grind House,Restaurant & Cafe,Tolichowki,South,17.395347,78.448942,3,4.0,False,2026-03-01,4.87,342,10,0.677,0.656,8.3,4.45,4.56,289.0,38.0,0.0613,0.426
BIZ_051,Amber Grind House,Restaurant & Cafe,Tolichowki,South,17.395347,78.448942,3,4.0,False,2026-04-01,4.7,350,8,0.969,0.54,8.6,4.39,4.55,81.0,43.0,0.0274,0.479
BIZ_051,Amber Grind House,Restaurant & Cafe,Tolichowki,South,17.395347,78.448942,3,4.1,False,2026-05-01,4.73,359,9,,0.477,8.7,4.3,4.57,210.0,42.0,0.0276,0.468
BIZ_051,Amber Grind House,Restaurant & Cafe,Tolichowki,South,17.395347,78.448942,3,4.2,False,2026-06-01,4.77,361,2,1.0,0.562,5.1,4.84,4.2,184.0,41.0,0.0334,0.524
BIZ_052,Silver Sip,Restaurant & Cafe,Ameerpet,Central,17.426243,78.467619,4,5.7,False,2025-01-01,3.89,606,11,0.562,0.466,17.4,3.61,3.73,263.0,47.0,0.0334,0.486
BIZ_052,Silver Sip,Restaurant & Cafe,Ameerpet,Central,17.426243,78.467619,4,5.8,False,2025-02-01,3.67,622,16,0.644,0.502,5.8,3.56,3.12,292.0,,0.0728,0.447
BIZ_052,Silver Sip,Restaurant & Cafe,Ameerpet,Central,17.426243,78.467619,4,5.9,False,2025-03-01,3.76,632,10,0.485,0.682,3.6,3.43,3.75,265.0,71.0,0.0551,0.454
BIZ_052,Silver Sip,Restaurant & Cafe,Ameerpet,Central,17.426243,78.467619,4,6.0,False,2025-04-01,3.91,643,11,0.505,0.657,4.3,3.45,3.68,234.0,59.0,0.0339,0.382
BIZ_052,Silver Sip,Restaurant & Cafe,Ameerpet,Central,17.426243,78.467619,4,6.0,False,2025-05-01,3.89,648,5,0.485,0.472,4.6,4.12,3.47,277.0,48.0,0.0402,0.498
BIZ_052,Silver Sip,Restaurant & Cafe,Ameerpet,Central,17.426243,78.467619,4,6.1,False,2025-06-01,3.99,660,12,0.488,,9.1,4.0,3.79,311.0,43.0,0.0234,0.41
BIZ_052,Silver Sip,Restaurant & Cafe,Ameerpet,Central,17.426243,78.467619,4,6.2,False,2025-07-01,3.89,667,7,0.422,0.435,7.8,3.53,3.35,174.0,31.0,0.0301,0.404
BIZ_052,Silver Sip,Restaurant & Cafe,Ameerpet,Central,17.426243,78.467619,4,6.3,False,2025-08-01,4.0,676,9,0.604,0.646,11.6,3.27,3.29,177.0,36.0,,0.404
BIZ_052,Silver Sip,Restaurant & Cafe,Ameerpet,Central,17.426243,78.467619,4,6.4,False,2025-09-01,3.74,684,8,0.572,0.332,5.8,3.45,3.27,166.0,41.0,0.029,0.437
BIZ_052,Silver Sip,Restaurant & Cafe,Ameerpet,Central,17.426243,78.467619,4,6.5,False,2025-10-01,3.74,690,6,0.427,0.513,3.7,3.81,3.44,246.0,38.0,0.1107,0.464
BIZ_052,Silver Sip,Restaurant & Cafe,Ameerpet,Central,17.426243,78.467619,4,6.5,False,2025-11-01,3.86,701,11,0.597,0.609,5.0,3.76,3.54,208.0,69.0,0.0207,0.45
BIZ_052,Silver Sip,Restaurant & Cafe,Ameerpet,Central,17.426243,78.467619,4,6.6,False,2025-12-01,3.91,708,7,0.498,0.563,6.2,3.86,3.78,211.0,41.0,0.0202,0.447
BIZ_052,Silver Sip,Restaurant & Cafe,Ameerpet,Central,17.426243,78.467619,4,6.7,False,2026-01-01,4.06,720,12,,0.459,5.8,3.91,4.03,348.0,64.0,0.0315,0.512
BIZ_052,Silver Sip,Restaurant & Cafe,Ameerpet,Central,17.426243,78.467619,4,6.8,False,2026-02-01,3.92,726,6,0.58,0.684,8.7,3.95,3.88,285.0,65.0,0.0423,0.431
BIZ_052,Silver Sip,Restaurant & Cafe,Ameerpet,Central,17.426243,78.467619,4,6.9,False,2026-03-01,3.86,737,11,0.617,0.534,4.1,4.06,3.24,367.0,42.0,0.0283,0.405
BIZ_052,Silver Sip,Restaurant & Cafe,Ameerpet,Central,17.426243,78.467619,4,7.0,False,2026-04-01,3.79,746,9,0.518,0.418,2.8,3.59,3.63,279.0,50.0,0.0636,0.438
BIZ_052,Silver Sip,Restaurant & Cafe,Ameerpet,Central,17.426243,78.467619,4,7.0,False,2026-05-01,3.83,753,7,0.564,0.41,5.1,3.72,3.29,194.0,57.0,0.0208,0.473
BIZ_052,Silver Sip,Restaurant & Cafe,Ameerpet,Central,17.426243,78.467619,4,7.1,False,2026-06-01,3.89,756,3,0.574,0.581,1.5,3.44,3.32,223.0,31.0,0.0203,0.407
BIZ_053,Modern Blend,Cafe,Miyapur,West,17.445397,78.364636,3,17.7,False,2025-01-01,4.58,101,6,0.725,0.507,8.1,4.44,4.29,356.0,49.0,0.0318,0.445
BIZ_053,Modern Blend,Cafe,Miyapur,West,17.445397,78.364636,3,17.8,False,2025-02-01,4.4,107,6,0.77,0.592,3.6,4.19,4.08,267.0,69.0,,0.507
BIZ_053,Modern Blend,Cafe,Miyapur,West,17.445397,78.364636,3,17.9,False,2025-03-01,4.6,111,4,0.767,,2.7,4.39,4.08,298.0,53.0,0.0314,0.464
BIZ_053,Modern Blend,Cafe,Miyapur,West,17.445397,78.364636,3,17.9,False,2025-04-01,4.62,112,1,0.737,0.421,3.5,4.36,4.74,268.0,50.0,0.0212,0.554
BIZ_053,Modern Blend,Cafe,Miyapur,West,17.445397,78.364636,3,18.0,False,2025-05-01,4.58,117,5,0.652,0.641,3.9,4.02,4.08,169.0,51.0,0.0267,0.386
BIZ_053,Modern Blend,Cafe,Miyapur,West,17.445397,78.364636,3,18.1,False,2025-06-01,4.48,125,8,0.781,0.78,5.7,4.06,4.19,246.0,50.0,0.0259,0.475
BIZ_053,Modern Blend,Cafe,Miyapur,West,17.445397,78.364636,3,18.2,False,2025-07-01,4.33,132,7,0.763,0.583,3.5,4.08,4.45,225.0,48.0,0.0306,0.536
BIZ_053,Modern Blend,Cafe,Miyapur,West,17.445397,78.364636,3,18.3,False,2025-08-01,4.53,134,2,0.626,0.59,,4.21,4.21,187.0,43.0,0.0324,0.548
BIZ_053,Modern Blend,Cafe,Miyapur,West,17.445397,78.364636,3,18.4,False,2025-09-01,4.47,139,5,0.621,0.612,4.0,4.03,4.97,213.0,43.0,0.0263,0.505
BIZ_053,Modern Blend,Cafe,Miyapur,West,17.445397,78.364636,3,18.4,False,2025-10-01,4.53,144,5,0.815,0.775,4.1,4.66,4.24,309.0,65.0,0.0354,0.461
BIZ_053,Modern Blend,Cafe,Miyapur,West,17.445397,78.364636,3,18.5,False,2025-11-01,4.54,151,7,0.665,0.689,4.3,3.97,3.98,264.0,68.0,0.0345,0.416
BIZ_053,Modern Blend,Cafe,Miyapur,West,17.445397,78.364636,3,18.6,False,2025-12-01,4.44,155,4,0.733,0.618,5.9,4.42,4.01,221.0,62.0,0.0264,0.56
BIZ_053,Modern Blend,Cafe,Miyapur,West,17.445397,78.364636,3,18.7,False,2026-01-01,4.48,161,6,0.876,0.664,6.7,4.67,4.41,326.0,52.0,0.0391,0.486
BIZ_053,Modern Blend,Cafe,Miyapur,West,17.445397,78.364636,3,18.8,False,2026-02-01,4.67,166,5,0.578,0.734,2.5,4.85,4.45,341.0,73.0,0.0249,0.445
BIZ_053,Modern Blend,Cafe,Miyapur,West,17.445397,78.364636,3,18.9,False,2026-03-01,4.67,169,3,0.701,0.473,6.4,5.0,4.65,267.0,16.0,0.0617,0.486
BIZ_053,Modern Blend,Cafe,Miyapur,West,17.445397,78.364636,3,18.9,False,2026-04-01,4.57,174,5,0.634,0.688,3.8,4.25,4.38,220.0,54.0,0.0512,0.453
BIZ_053,Modern Blend,Cafe,Miyapur,West,17.445397,78.364636,3,19.0,False,2026-05-01,4.51,180,6,0.649,0.641,3.6,3.98,4.44,193.0,40.0,0.0297,0.505
BIZ_053,Modern Blend,Cafe,Miyapur,West,17.445397,78.364636,3,19.1,False,2026-06-01,4.48,187,7,0.782,0.59,7.8,3.79,4.91,188.0,41.0,0.036,0.494
BIZ_054,Royal Swirl,Coffee Shop,Rajendranagar,South,17.379017,78.437824,2,7.2,False,2025-01-01,3.8,154,5,0.216,0.567,4.8,3.68,4.08,325.0,58.0,0.0739,0.47
BIZ_054,Royal Swirl,Coffee Shop,Rajendranagar,South,17.379017,78.437824,2,7.3,False,2025-02-01,3.88,159,5,0.284,0.501,9.0,3.74,4.11,266.0,76.0,0.0224,0.373
BIZ_054,Royal Swirl,Coffee Shop,Rajendranagar,South,17.379017,78.437824,2,7.4,False,2025-03-01,3.79,162,3,0.298,0.549,2.6,2.87,,273.0,77.0,,0.495
BIZ_054,Royal Swirl,Coffee Shop,Rajendranagar,South,17.379017,78.437824,2,7.5,False,2025-04-01,3.99,166,4,0.275,0.515,7.6,3.9,3.98,325.0,5.0,0.0561,0.402
BIZ_054,Royal Swirl,Coffee Shop,Rajendranagar,South,17.379017,78.437824,2,7.5,False,2025-05-01,4.04,170,4,0.273,0.39,19.4,4.06,4.25,188.0,47.0,0.0721,0.34
BIZ_054,Royal Swirl,Coffee Shop,Rajendranagar,South,17.379017,78.437824,2,7.6,False,2025-06-01,3.89,176,6,0.397,0.588,4.0,3.43,3.74,294.0,34.0,0.0873,0.359
BIZ_054,Royal Swirl,Coffee Shop,Rajendranagar,South,17.379017,78.437824,2,7.7,False,2025-07-01,3.96,181,5,0.394,0.569,0.8,3.91,3.59,119.0,12.0,0.029,0.447
BIZ_054,Royal Swirl,Coffee Shop,Rajendranagar,South,17.379017,78.437824,2,7.8,False,2025-08-01,3.86,183,2,0.247,0.437,5.5,4.25,3.88,276.0,51.0,0.032,0.515
BIZ_054,Royal Swirl,Coffee Shop,Rajendranagar,South,17.379017,78.437824,2,7.9,False,2025-09-01,3.88,190,7,0.281,0.34,3.4,,4.01,173.0,36.0,0.0289,0.468
BIZ_054,Royal Swirl,Coffee Shop,Rajendranagar,South,17.379017,78.437824,2,8.0,False,2025-10-01,3.75,195,5,0.388,0.37,,3.7,3.93,212.0,59.0,0.0326,0.447
BIZ_054,Royal Swirl,Coffee Shop,Rajendranagar,South,17.379017,78.437824,2,8.0,False,2025-11-01,3.96,201,6,0.482,0.487,8.7,3.46,4.01,324.0,67.0,0.0209,0.404
BIZ_054,Royal Swirl,Coffee Shop,Rajendranagar,South,17.379017,78.437824,2,8.1,False,2025-12-01,4.02,206,5,0.272,0.5,3.0,,3.85,308.0,76.0,0.0205,0.456
BIZ_054,Royal Swirl,Coffee Shop,Rajendranagar,South,17.379017,78.437824,2,8.2,False,2026-01-01,3.94,212,6,0.253,0.292,4.7,3.7,,299.0,65.0,0.0326,0.385
BIZ_054,Royal Swirl,Coffee Shop,Rajendranagar,South,17.379017,78.437824,2,8.3,False,2026-02-01,3.94,217,5,0.357,0.525,5.2,4.0,4.09,303.0,10.0,0.0207,0.441
BIZ_054,Royal Swirl,Coffee Shop,Rajendranagar,South,17.379017,78.437824,2,8.4,False,2026-03-01,3.93,224,7,0.398,0.379,14.8,3.81,3.84,336.0,42.0,0.0344,0.467
BIZ_054,Royal Swirl,Coffee Shop,Rajendranagar,South,17.379017,78.437824,2,8.4,False,2026-04-01,3.97,229,5,0.446,0.362,7.4,3.75,4.15,240.0,34.0,0.0227,0.591
BIZ_054,Royal Swirl,Coffee Shop,Rajendranagar,South,17.379017,78.437824,2,8.5,False,2026-05-01,3.95,232,3,0.371,0.495,9.8,3.72,4.35,215.0,42.0,0.0285,0.443
BIZ_054,Royal Swirl,Coffee Shop,Rajendranagar,South,17.379017,78.437824,2,8.6,False,2026-06-01,3.87,233,1,0.36,0.422,7.3,3.48,4.15,297.0,53.0,0.064,0.465
BIZ_055,Stir Studio,Cafe,Rajendranagar,South,17.386572,78.421556,3,4.0,False,2025-01-01,3.84,526,11,0.45,0.484,12.2,3.36,3.2,214.0,56.0,0.0236,0.444
BIZ_055,Stir Studio,Cafe,Rajendranagar,South,17.386572,78.421556,3,4.1,False,2025-02-01,3.79,533,7,0.536,0.627,7.3,3.35,3.28,268.0,80.0,0.0515,0.476
BIZ_055,Stir Studio,Cafe,Rajendranagar,South,17.386572,78.421556,3,4.2,False,2025-03-01,3.95,539,6,0.557,0.663,3.4,3.43,3.87,275.0,48.0,0.0258,0.525
BIZ_055,Stir Studio,Cafe,Rajendranagar,South,17.386572,78.421556,3,4.2,False,2025-04-01,3.86,547,8,0.532,0.465,4.5,3.79,3.26,177.0,50.0,0.0214,0.495
BIZ_055,Stir Studio,Cafe,Rajendranagar,South,17.386572,78.421556,3,4.3,False,2025-05-01,3.85,557,10,0.619,0.429,8.7,3.31,3.88,216.0,49.0,0.0626,0.492
BIZ_055,Stir Studio,Cafe,Rajendranagar,South,17.386572,78.421556,3,4.4,False,2025-06-01,3.73,558,1,0.508,0.567,,3.9,3.64,189.0,8.0,0.0606,0.49
BIZ_055,Stir Studio,Cafe,Rajendranagar,South,17.386572,78.421556,3,4.5,False,2025-07-01,3.62,571,13,0.598,0.411,7.5,2.81,3.23,267.0,42.0,0.0499,0.524
BIZ_055,Stir Studio,Cafe,Rajendranagar,South,17.386572,78.421556,3,4.6,False,2025-08-01,3.77,581,10,0.459,0.484,2.7,3.51,3.49,232.0,34.0,0.0206,0.39
BIZ_055,Stir Studio,Cafe,Rajendranagar,South,17.386572,78.421556,3,4.7,False,2025-09-01,3.79,592,11,0.423,0.46,6.2,3.41,3.54,312.0,30.0,0.0327,0.395
BIZ_055,Stir Studio,Cafe,Rajendranagar,South,17.386572,78.421556,3,4.8,False,2025-10-01,3.74,601,9,0.511,0.487,6.7,3.03,3.8,281.0,31.0,0.0322,0.518
BIZ_055,Stir Studio,Cafe,Rajendranagar,South,17.386572,78.421556,3,4.8,False,2025-11-01,3.63,606,5,0.526,0.711,5.8,3.42,3.32,322.0,56.0,0.0629,0.434
BIZ_055,Stir Studio,Cafe,Rajendranagar,South,17.386572,78.421556,3,4.9,False,2025-12-01,3.73,614,8,0.555,0.597,7.6,3.7,,318.0,61.0,0.0212,0.51
BIZ_055,Stir Studio,Cafe,Rajendranagar,South,17.386572,78.421556,3,5.0,False,2026-01-01,3.97,626,12,0.493,0.397,8.3,4.02,3.43,344.0,55.0,0.0284,0.422
BIZ_055,Stir Studio,Cafe,Rajendranagar,South,17.386572,78.421556,3,5.1,False,2026-02-01,3.86,640,14,0.492,0.456,14.1,3.95,3.85,321.0,63.0,0.0817,0.442
BIZ_055,Stir Studio,Cafe,Rajendranagar,South,17.386572,78.421556,3,5.2,False,2026-03-01,3.74,647,7,0.603,0.372,9.5,3.33,3.05,141.0,75.0,0.0336,0.399
BIZ_055,Stir Studio,Cafe,Rajendranagar,South,17.386572,78.421556,3,5.2,False,2026-04-01,3.82,662,15,0.572,0.437,10.8,3.63,3.63,189.0,35.0,0.0348,0.467
BIZ_055,Stir Studio,Cafe,Rajendranagar,South,17.386572,78.421556,3,5.3,False,2026-05-01,3.81,670,8,0.543,0.441,15.5,3.16,3.62,250.0,46.0,0.0215,0.392
BIZ_055,Stir Studio,Cafe,Rajendranagar,South,17.386572,78.421556,3,5.4,False,2026-06-01,3.77,677,7,0.434,0.54,2.7,3.68,4.13,151.0,39.0,0.0334,0.506
BIZ_056,Bake Lounge,Tea House,Madhapur,West,17.471087,78.371452,2,1.9,False,2025-01-01,3.91,614,29,,0.622,,3.64,3.82,338.0,53.0,0.0759,0.425
BIZ_056,Bake Lounge,Tea House,Madhapur,West,17.471087,78.371452,2,2.0,False,2025-02-01,3.85,646,32,,0.502,8.7,3.62,3.62,341.0,28.0,0.0315,0.367
BIZ_056,Bake Lounge,Tea House,Madhapur,West,17.471087,78.371452,2,2.1,False,2025-03-01,4.16,677,31,0.358,0.59,3.6,3.53,4.18,303.0,72.0,0.0714,0.415
BIZ_056,Bake Lounge,Tea House,Madhapur,West,17.471087,78.371452,2,2.1,False,2025-04-01,4.0,706,29,0.489,0.606,6.3,3.46,4.61,179.0,64.0,0.024,0.378
BIZ_056,Bake Lounge,Tea House,Madhapur,West,17.471087,78.371452,2,2.2,False,2025-05-01,4.0,717,11,0.495,0.442,12.4,3.04,3.91,166.0,66.0,0.0864,0.44
BIZ_056,Bake Lounge,Tea House,Madhapur,West,17.471087,78.371452,2,2.3,False,2025-06-01,4.01,752,35,0.41,0.575,6.1,4.11,3.89,271.0,60.0,0.0279,0.455
BIZ_056,Bake Lounge,Tea House,Madhapur,West,17.471087,78.371452,2,2.4,False,2025-07-01,3.93,778,26,0.285,0.354,6.7,4.19,3.63,221.0,31.0,0.0735,0.462
BIZ_056,Bake Lounge,Tea House,Madhapur,West,17.471087,78.371452,2,2.5,False,2025-08-01,3.87,804,26,0.502,0.58,7.7,3.76,3.49,165.0,50.0,0.0948,0.41
BIZ_056,Bake Lounge,Tea House,Madhapur,West,17.471087,78.371452,2,2.6,False,2025-09-01,3.88,828,24,0.434,0.533,14.1,3.61,3.45,241.0,39.0,0.03,0.485
BIZ_056,Bake Lounge,Tea House,Madhapur,West,17.471087,78.371452,2,2.6,False,2025-10-01,3.92,863,35,0.215,0.568,2.7,3.72,3.84,283.0,53.0,0.0296,0.471
BIZ_056,Bake Lounge,Tea House,Madhapur,West,17.471087,78.371452,2,2.7,False,2025-11-01,4.0,889,26,0.43,0.581,4.3,3.77,4.0,206.0,,0.0396,0.438
BIZ_056,Bake Lounge,Tea House,Madhapur,West,17.471087,78.371452,2,2.8,False,2025-12-01,4.07,918,29,0.344,0.559,,3.73,4.2,266.0,67.0,0.0203,0.385
BIZ_056,Bake Lounge,Tea House,Madhapur,West,17.471087,78.371452,2,2.9,False,2026-01-01,3.99,945,27,0.235,0.455,9.4,3.22,3.74,294.0,78.0,0.0431,0.393
BIZ_056,Bake Lounge,Tea House,Madhapur,West,17.471087,78.371452,2,3.0,False,2026-02-01,3.99,971,26,0.399,0.505,5.9,3.52,4.24,224.0,39.0,0.0476,0.495
BIZ_056,Bake Lounge,Tea House,Madhapur,West,17.471087,78.371452,2,3.1,False,2026-03-01,4.0,1007,36,0.272,0.447,7.8,3.67,3.38,200.0,37.0,0.0432,0.48
BIZ_056,Bake Lounge,Tea House,Madhapur,West,17.471087,78.371452,2,3.1,False,2026-04-01,3.92,1033,26,0.414,0.444,6.8,3.6,4.1,261.0,50.0,0.0381,0.424
BIZ_056,Bake Lounge,Tea House,Madhapur,West,17.471087,78.371452,2,3.2,False,2026-05-01,4.13,1057,24,0.256,0.41,20.6,3.8,3.61,201.0,18.0,0.0289,0.369
BIZ_056,Bake Lounge,Tea House,Madhapur,West,17.471087,78.371452,2,3.3,False,2026-06-01,4.01,1079,22,0.375,0.499,,3.96,4.49,237.0,37.0,0.0292,0.488
BIZ_057,Cozy Cup Spot,Cafe,Charminar,Old City,17.38373,78.474415,2,1.5,False,2025-01-01,3.75,407,27,0.398,0.509,3.9,3.61,3.66,317.0,58.0,0.024,0.369
BIZ_057,Cozy Cup Spot,Cafe,Charminar,Old City,17.38373,78.474415,2,1.6,False,2025-02-01,3.76,440,33,0.359,0.591,6.7,3.95,3.48,213.0,56.0,0.0361,0.349
BIZ_057,Cozy Cup Spot,Cafe,Charminar,Old City,17.38373,78.474415,2,1.7,False,2025-03-01,3.62,460,20,0.406,0.405,13.5,3.48,3.74,291.0,62.0,0.0295,0.367
BIZ_057,Cozy Cup Spot,Cafe,Charminar,Old City,17.38373,78.474415,2,1.8,False,2025-04-01,3.74,487,27,0.253,0.538,7.1,3.28,3.72,242.0,41.0,0.0325,0.44
BIZ_057,Cozy Cup Spot,Cafe,Charminar,Old City,17.38373,78.474415,2,1.8,False,2025-05-01,3.84,508,21,0.289,0.532,13.8,3.37,3.84,264.0,50.0,0.022,0.457
BIZ_057,Cozy Cup Spot,Cafe,Charminar,Old City,17.38373,78.474415,2,1.9,False,2025-06-01,3.7,532,-1,0.221,0.744,6.1,3.0,3.53,258.0,61.0,0.0406,0.433
BIZ_057,Cozy Cup Spot,Cafe,Charminar,Old City,17.38373,78.474415,2,2.0,False,2025-07-01,3.81,545,13,0.307,0.489,4.5,3.63,4.04,245.0,33.0,0.0248,0.39
BIZ_057,Cozy Cup Spot,Cafe,Charminar,Old City,17.38373,78.474415,2,2.1,False,2025-08-01,3.62,550,5,0.352,0.491,3.2,3.48,3.87,206.0,47.0,0.0237,0.376
BIZ_057,Cozy Cup Spot,Cafe,Charminar,Old City,17.38373,78.474415,2,2.2,False,2025-09-01,3.86,576,26,0.393,0.377,5.5,3.36,3.89,184.0,36.0,0.0301,0.491
BIZ_057,Cozy Cup Spot,Cafe,Charminar,Old City,17.38373,78.474415,2,2.2,False,2025-10-01,3.79,603,27,0.453,0.473,4.4,,3.95,261.0,48.0,0.038,0.403
BIZ_057,Cozy Cup Spot,Cafe,Charminar,Old City,17.38373,78.474415,2,2.3,False,2025-11-01,3.73,629,26,0.306,0.621,8.6,4.15,4.16,223.0,67.0,0.0287,0.415
BIZ_057,Cozy Cup Spot,Cafe,Charminar,Old City,17.38373,78.474415,2,2.4,False,2025-12-01,3.75,664,35,0.398,0.624,4.2,3.74,3.95,183.0,50.0,0.0388,0.426
BIZ_057,Cozy Cup Spot,Cafe,Charminar,Old City,17.38373,78.474415,2,2.5,False,2026-01-01,3.64,690,26,0.369,0.419,15.2,3.46,3.54,274.0,81.0,0.0312,0.419
BIZ_057,Cozy Cup Spot,Cafe,Charminar,Old City,17.38373,78.474415,2,2.6,False,2026-02-01,3.79,716,26,0.416,0.469,5.1,3.37,3.98,236.0,69.0,0.0301,0.361
BIZ_057,Cozy Cup Spot,Cafe,Charminar,Old City,17.38373,78.474415,2,2.7,False,2026-03-01,3.69,738,22,0.305,0.657,2.9,3.54,4.02,273.0,48.0,0.0211,0.512
BIZ_057,Cozy Cup Spot,Cafe,Charminar,Old City,17.38373,78.474415,2,2.8,False,2026-04-01,3.85,762,24,0.352,0.582,2.2,3.57,4.0,287.0,60.0,,0.419
BIZ_057,Cozy Cup Spot,Cafe,Charminar,Old City,17.38373,78.474415,2,2.8,False,2026-05-01,3.73,783,21,0.556,0.484,4.7,3.89,3.75,274.0,68.0,,0.4
BIZ_057,Cozy Cup Spot,Cafe,Charminar,Old City,17.38373,78.474415,2,2.9,False,2026-06-01,3.72,798,15,,0.475,3.0,3.36,3.7,278.0,76.0,0.0216,0.4
BIZ_058,Amber Steam,Coffee Shop,Ameerpet,Central,17.451423,78.464417,2,3.0,False,2025-01-01,4.13,946,23,0.84,0.585,3.5,3.96,3.54,220.0,46.0,0.0478,0.417
BIZ_058,Amber Steam,Coffee Shop,Ameerpet,Central,17.451423,78.464417,2,3.1,False,2025-02-01,4.06,987,41,0.662,0.539,7.3,4.31,4.02,255.0,59.0,0.022,0.456
BIZ_058,Amber Steam,Coffee Shop,Ameerpet,Central,17.451423,78.464417,2,3.2,False,2025-03-01,5.5,1010,23,0.794,0.592,4.5,4.13,,240.0,48.0,0.0203,0.443
BIZ_058,Amber Steam,Coffee Shop,Ameerpet,Central,17.451423,78.464417,2,3.2,False,2025-04-01,4.19,1030,20,0.726,0.491,5.1,4.39,4.57,169.0,54.0,0.0293,0.45
BIZ_058,Amber Steam,Coffee Shop,Ameerpet,Central,17.451423,78.464417,2,3.3,False,2025-05-01,4.21,1058,28,0.739,0.485,6.2,3.68,4.42,312.0,28.0,0.0315,0.419
BIZ_058,Amber Steam,Coffee Shop,Ameerpet,Central,17.451423,78.464417,2,3.4,False,2025-06-01,4.12,1082,24,0.711,0.495,11.7,4.09,3.99,196.0,35.0,0.0291,0.458
BIZ_058,Amber Steam,Coffee Shop,Ameerpet,Central,17.451423,78.464417,2,3.5,False,2025-07-01,4.11,1107,25,0.587,0.299,3.5,3.79,4.04,219.0,34.0,0.0451,0.533
BIZ_058,Amber Steam,Coffee Shop,Ameerpet,Central,17.451423,78.464417,2,3.6,False,2025-08-01,4.09,1131,24,0.733,0.55,10.6,3.83,3.99,244.0,16.0,0.026,0.467
BIZ_058,Amber Steam,Coffee Shop,Ameerpet,Central,17.451423,78.464417,2,3.7,False,2025-09-01,4.14,1151,20,0.574,,4.6,4.2,4.17,266.0,,0.0645,0.494
BIZ_058,Amber Steam,Coffee Shop,Ameerpet,Central,17.451423,78.464417,2,3.8,False,2025-10-01,4.17,1168,17,0.606,0.526,4.2,4.24,4.35,240.0,32.0,0.0239,0.411
BIZ_058,Amber Steam,Coffee Shop,Ameerpet,Central,17.451423,78.464417,2,3.8,False,2025-11-01,4.2,1194,26,0.744,0.592,4.0,3.87,4.19,,,0.1045,0.383
BIZ_058,Amber Steam,Coffee Shop,Ameerpet,Central,17.451423,78.464417,2,3.9,False,2025-12-01,4.23,1216,22,0.731,0.48,9.0,3.98,4.22,306.0,88.0,0.0323,0.36
BIZ_058,Amber Steam,Coffee Shop,Ameerpet,Central,17.451423,78.464417,2,4.0,False,2026-01-01,4.22,1249,33,0.664,0.579,3.1,4.07,3.67,346.0,,0.0377,0.424
BIZ_058,Amber Steam,Coffee Shop,Ameerpet,Central,17.451423,78.464417,2,4.1,False,2026-02-01,4.12,1283,34,0.748,0.403,4.6,3.66,3.94,266.0,52.0,0.0743,0.441
BIZ_058,Amber Steam,Coffee Shop,Ameerpet,Central,17.451423,78.464417,2,4.2,False,2026-03-01,4.23,1316,33,0.776,0.362,5.3,4.4,4.3,285.0,57.0,0.0727,0.437
BIZ_058,Amber Steam,Coffee Shop,Ameerpet,Central,17.451423,78.464417,2,4.2,False,2026-04-01,4.15,1341,25,0.722,0.403,3.2,3.93,4.1,229.0,48.0,0.0293,0.432
BIZ_058,Amber Steam,Coffee Shop,Ameerpet,Central,17.451423,78.464417,2,4.3,False,2026-05-01,4.21,1363,22,0.804,0.577,2.3,3.88,4.05,,50.0,0.0427,0.537
BIZ_058,Amber Steam,Coffee Shop,Ameerpet,Central,17.451423,78.464417,2,4.4,False,2026-06-01,4.25,1375,12,0.631,0.55,4.4,4.02,4.65,182.0,44.0,0.0362,0.477
BIZ_059,The Cup Lab,Cafe,Charminar,Old City,17.355582,78.478061,3,3.4,False,2025-01-01,4.04,434,4,0.723,0.578,6.1,4.41,3.87,282.0,74.0,0.056,0.442
BIZ_059,The Cup Lab,Cafe,Charminar,Old City,17.355582,78.478061,3,3.5,False,2025-02-01,4.21,448,14,0.776,0.546,8.0,3.39,4.08,293.0,81.0,0.0388,0.482
BIZ_059,The Cup Lab,Cafe,Charminar,Old City,17.355582,78.478061,3,3.6,False,2025-03-01,4.24,461,13,0.76,0.519,5.2,4.34,4.26,261.0,30.0,0.0213,0.344
BIZ_059,The Cup Lab,Cafe,Charminar,Old City,17.355582,78.478061,3,3.6,False,2025-04-01,4.29,471,10,0.727,0.539,2.7,4.67,4.07,242.0,35.0,0.0531,0.555
BIZ_059,The Cup Lab,Cafe,Charminar,Old City,17.355582,78.478061,3,3.7,False,2025-05-01,4.25,478,7,0.826,0.506,9.7,4.18,3.97,307.0,38.0,0.0359,0.52
BIZ_059,The Cup Lab,Cafe,Charminar,Old City,17.355582,78.478061,3,3.8,False,2025-06-01,4.19,481,3,0.873,0.653,2.3,4.45,4.09,225.0,67.0,0.0396,0.492
BIZ_059,The Cup Lab,Cafe,Charminar,Old City,17.355582,78.478061,3,3.9,False,2025-07-01,4.24,487,6,0.865,0.511,5.1,4.0,4.03,,45.0,0.0245,0.486
BIZ_059,The Cup Lab,Cafe,Charminar,Old City,17.355582,78.478061,3,4.0,False,2025-08-01,4.05,495,8,0.78,0.486,5.4,3.37,3.94,249.0,50.0,0.037,0.478
BIZ_059,The Cup Lab,Cafe,Charminar,Old City,17.355582,78.478061,3,4.1,False,2025-09-01,4.23,504,9,0.784,0.682,6.6,4.31,3.96,230.0,52.0,0.0299,0.519
BIZ_059,The Cup Lab,Cafe,Charminar,Old City,17.355582,78.478061,3,4.2,False,2025-10-01,4.14,513,9,0.787,0.482,6.0,3.74,4.22,321.0,47.0,0.021,0.444
BIZ_059,The Cup Lab,Cafe,Charminar,Old City,17.355582,78.478061,3,4.2,False,2025-11-01,4.07,522,9,0.687,0.389,4.1,4.06,3.74,213.0,65.0,0.0295,0.625
BIZ_059,The Cup Lab,Cafe,Charminar,Old City,17.355582,78.478061,3,4.3,False,2025-12-01,4.24,533,11,0.853,0.505,8.8,4.09,4.06,276.0,34.0,,0.486
BIZ_059,The Cup Lab,Cafe,Charminar,Old City,17.355582,78.478061,3,4.4,False,2026-01-01,4.21,544,11,0.709,0.519,,4.0,4.15,296.0,53.0,0.0439,0.501
BIZ_059,The Cup Lab,Cafe,Charminar,Old City,17.355582,78.478061,3,4.5,False,2026-02-01,4.2,556,12,0.824,0.341,,3.56,4.51,262.0,,0.0258,0.47
BIZ_059,The Cup Lab,Cafe,Charminar,Old City,17.355582,78.478061,3,4.6,False,2026-03-01,4.13,572,16,0.915,0.386,2.7,3.9,4.25,267.0,57.0,0.041,0.468
BIZ_059,The Cup Lab,Cafe,Charminar,Old City,17.355582,78.478061,3,4.7,False,2026-04-01,4.21,578,6,0.974,0.399,7.5,3.49,3.91,271.0,37.0,0.0275,0.474
BIZ_059,The Cup Lab,Cafe,Charminar,Old City,17.355582,78.478061,3,4.7,False,2026-05-01,4.29,590,12,0.961,0.699,5.0,4.14,3.96,268.0,56.0,0.0494,0.453
BIZ_059,The Cup Lab,Cafe,Charminar,Old City,17.355582,78.478061,3,4.8,False,2026-06-01,4.25,595,5,0.907,0.239,8.2,4.39,3.7,237.0,33.0,0.0988,0.479
BIZ_060,Blue Brew Co,Coffee Shop,Kondapur,West,17.439361,78.418199,2,6.7,False,2025-01-01,4.08,5656,72,0.596,0.631,2.9,3.59,4.12,598.0,144.0,0.0465,0.579
BIZ_060,Blue Brew Co,Coffee Shop,Kondapur,West,17.439361,78.418199,2,6.8,False,2025-02-01,4.11,5714,58,0.52,0.308,17.1,4.39,3.85,572.0,122.0,0.0283,0.411
BIZ_060,Blue Brew Co,Coffee Shop,Kondapur,West,17.439361,78.418199,2,6.9,False,2025-03-01,4.11,5778,64,0.707,0.41,8.0,4.44,,448.0,64.0,0.0465,0.464
BIZ_060,Blue Brew Co,Coffee Shop,Kondapur,West,17.439361,78.418199,2,7.0,False,2025-04-01,4.18,5836,58,0.607,0.55,2.6,4.12,3.91,626.0,84.0,0.053,0.388
BIZ_060,Blue Brew Co,Coffee Shop,Kondapur,West,17.439361,78.418199,2,7.0,False,2025-05-01,4.11,5892,56,0.576,0.586,3.9,3.77,4.28,,73.0,0.0678,0.562
BIZ_060,Blue Brew Co,Coffee Shop,Kondapur,West,17.439361,78.418199,2,7.1,False,2025-06-01,4.11,5990,98,0.474,0.376,4.0,4.26,4.55,376.0,77.0,0.0292,0.545
BIZ_060,Blue Brew Co,Coffee Shop,Kondapur,West,17.439361,78.418199,2,7.2,False,2025-07-01,3.98,6033,43,0.518,0.254,8.7,3.51,4.19,547.0,97.0,0.0683,0.444
BIZ_060,Blue Brew Co,Coffee Shop,Kondapur,West,17.439361,78.418199,2,7.3,False,2025-08-01,4.08,6100,67,,0.583,2.9,3.94,4.11,483.0,94.0,0.0285,0.484
BIZ_060,Blue Brew Co,Coffee Shop,Kondapur,West,17.439361,78.418199,2,7.4,False,2025-09-01,3.87,6183,83,0.632,0.455,11.5,3.0,3.96,492.0,87.0,0.0226,0.461
BIZ_060,Blue Brew Co,Coffee Shop,Kondapur,West,17.439361,78.418199,2,7.5,False,2025-10-01,4.01,6260,77,0.565,0.546,3.9,4.11,3.9,,81.0,0.059,0.45
BIZ_060,Blue Brew Co,Coffee Shop,Kondapur,West,17.439361,78.418199,2,7.5,False,2025-11-01,4.03,6368,108,0.472,0.49,2.6,3.87,3.88,514.0,160.0,0.0309,0.451
BIZ_060,Blue Brew Co,Coffee Shop,Kondapur,West,17.439361,78.418199,2,7.6,False,2025-12-01,3.96,6459,91,0.566,0.55,3.7,4.28,4.67,566.0,130.0,0.0208,0.395
BIZ_060,Blue Brew Co,Coffee Shop,Kondapur,West,17.439361,78.418199,2,7.7,False,2026-01-01,4.18,6558,99,0.44,0.501,3.1,3.13,3.88,617.0,139.0,0.0518,0.38
BIZ_060,Blue Brew Co,Coffee Shop,Kondapur,West,17.439361,78.418199,2,7.8,False,2026-02-01,3.93,6621,63,0.511,0.628,4.7,4.07,3.59,697.0,142.0,0.0366,0.475
BIZ_060,Blue Brew Co,Coffee Shop,Kondapur,West,17.439361,78.418199,2,7.9,False,2026-03-01,4.11,6726,105,0.618,0.664,2.5,3.66,3.91,586.0,171.0,0.043,0.487
BIZ_060,Blue Brew Co,Coffee Shop,Kondapur,West,17.439361,78.418199,2,8.0,False,2026-04-01,4.01,6839,113,0.462,0.636,2.9,3.62,4.2,635.0,65.0,0.0438,0.506
BIZ_060,Blue Brew Co,Coffee Shop,Kondapur,West,17.439361,78.418199,2,8.0,False,2026-05-01,4.21,6871,32,0.434,0.466,4.8,3.84,4.28,605.0,88.0,0.0234,0.511
BIZ_060,Blue Brew Co,Coffee Shop,Kondapur,West,17.439361,78.418199,2,8.1,False,2026-06-01,4.17,6947,76,0.466,0.586,3.3,3.58,4.15,363.0,,0.0284,0.369
BIZ_061,Ivory Steam Corner,Coffee Shop,Begumpet,Central,17.409834,78.406522,3,2.2,False,2025-01-01,3.0,634,11,0.182,0.314,4.3,2.88,2.82,303.0,57.0,0.0272,0.326
BIZ_061,Ivory Steam Corner,Coffee Shop,Begumpet,Central,17.409834,78.406522,3,2.3,False,2025-02-01,3.09,659,25,0.058,0.429,5.4,3.09,2.81,336.0,41.0,0.0389,0.332
BIZ_061,Ivory Steam Corner,Coffee Shop,Begumpet,Central,17.409834,78.406522,3,2.4,False,2025-03-01,3.15,693,34,-0.005,0.393,5.0,3.56,2.71,322.0,53.0,0.0358,0.447
BIZ_061,Ivory Steam Corner,Coffee Shop,Begumpet,Central,17.409834,78.406522,3,2.5,False,2025-04-01,3.19,712,19,0.167,0.562,3.9,3.04,3.3,353.0,62.0,0.0316,0.372
BIZ_061,Ivory Steam Corner,Coffee Shop,Begumpet,Central,17.409834,78.406522,3,2.5,False,2025-05-01,3.21,723,11,0.229,0.48,3.3,3.37,,304.0,,0.0536,0.405
BIZ_061,Ivory Steam Corner,Coffee Shop,Begumpet,Central,17.409834,78.406522,3,2.6,False,2025-06-01,3.13,745,22,0.278,0.535,16.1,2.66,2.93,198.0,27.0,0.0234,0.467
BIZ_061,Ivory Steam Corner,Coffee Shop,Begumpet,Central,17.409834,78.406522,3,2.7,False,2025-07-01,3.03,774,29,0.169,0.589,7.6,3.11,2.83,215.0,55.0,0.0387,0.357
BIZ_061,Ivory Steam Corner,Coffee Shop,Begumpet,Central,17.409834,78.406522,3,2.8,False,2025-08-01,3.07,796,22,0.199,0.581,6.4,2.87,2.71,237.0,71.0,0.042,0.384
BIZ_061,Ivory Steam Corner,Coffee Shop,Begumpet,Central,17.409834,78.406522,3,2.9,False,2025-09-01,3.19,816,20,0.188,0.377,3.3,3.15,3.26,328.0,34.0,0.0211,0.43
BIZ_061,Ivory Steam Corner,Coffee Shop,Begumpet,Central,17.409834,78.406522,3,3.0,False,2025-10-01,3.0,848,32,0.225,0.667,3.2,,2.81,263.0,28.0,0.0384,0.3
BIZ_061,Ivory Steam Corner,Coffee Shop,Begumpet,Central,17.409834,78.406522,3,3.0,False,2025-11-01,3.12,862,14,0.192,0.52,4.2,2.61,2.79,251.0,51.0,0.0801,0.471
BIZ_061,Ivory Steam Corner,Coffee Shop,Begumpet,Central,17.409834,78.406522,3,3.1,False,2025-12-01,3.14,894,32,0.172,0.779,2.8,3.46,2.93,199.0,63.0,,0.394
BIZ_061,Ivory Steam Corner,Coffee Shop,Begumpet,Central,17.409834,78.406522,3,3.2,False,2026-01-01,3.34,919,25,0.125,0.641,4.8,3.07,2.99,311.0,73.0,0.0268,0.406
BIZ_061,Ivory Steam Corner,Coffee Shop,Begumpet,Central,17.409834,78.406522,3,3.3,False,2026-02-01,3.26,948,29,0.196,0.496,7.4,2.94,2.85,312.0,54.0,0.061,0.547
BIZ_061,Ivory Steam Corner,Coffee Shop,Begumpet,Central,17.409834,78.406522,3,3.4,False,2026-03-01,3.22,964,16,0.254,0.55,3.2,3.11,3.16,319.0,27.0,0.0274,0.344
BIZ_061,Ivory Steam Corner,Coffee Shop,Begumpet,Central,17.409834,78.406522,3,3.5,False,2026-04-01,3.34,976,12,0.3,0.503,4.8,3.2,3.3,204.0,37.0,0.0271,0.473
BIZ_061,Ivory Steam Corner,Coffee Shop,Begumpet,Central,17.409834,78.406522,3,3.5,False,2026-05-01,3.37,1010,34,0.207,0.617,3.4,3.32,3.02,294.0,63.0,0.0331,0.378
BIZ_061,Ivory Steam Corner,Coffee Shop,Begumpet,Central,17.409834,78.406522,3,3.6,False,2026-06-01,3.18,1032,22,0.129,0.482,6.4,2.85,3.59,175.0,61.0,0.0336,0.4
BIZ_062,Amber Grind Lab,Coffee Shop,Miyapur,West,17.462839,78.410533,4,8.5,False,2025-01-01,3.74,58,7,0.303,0.621,7.4,4.28,3.6,335.0,63.0,0.0698,0.594
BIZ_062,Amber Grind Lab,Coffee Shop,Miyapur,West,17.462839,78.410533,4,8.6,False,2025-02-01,3.82,63,5,0.521,0.634,4.8,3.66,3.04,254.0,64.0,0.053,0.378
BIZ_062,Amber Grind Lab,Coffee Shop,Miyapur,West,17.462839,78.410533,4,8.7,False,2025-03-01,3.87,71,8,0.396,0.438,16.4,3.68,3.7,232.0,53.0,0.0711,0.445
BIZ_062,Amber Grind Lab,Coffee Shop,Miyapur,West,17.462839,78.410533,4,8.8,False,2025-04-01,3.73,75,4,0.468,0.382,7.5,3.65,3.72,315.0,62.0,0.0359,0.518
BIZ_062,Amber Grind Lab,Coffee Shop,Miyapur,West,17.462839,78.410533,4,8.8,False,2025-05-01,3.73,79,-1,0.484,0.448,2.8,3.3,3.3,,29.0,0.0378,0.504
BIZ_062,Amber Grind Lab,Coffee Shop,Miyapur,West,17.462839,78.410533,4,8.9,False,2025-06-01,3.68,82,3,0.424,0.452,5.0,3.42,3.23,310.0,49.0,0.0552,0.455
BIZ_062,Amber Grind Lab,Coffee Shop,Miyapur,West,17.462839,78.410533,4,9.0,False,2025-07-01,3.8,86,4,0.453,0.563,4.1,3.79,3.47,272.0,15.0,0.0202,0.416
BIZ_062,Amber Grind Lab,Coffee Shop,Miyapur,West,17.462839,78.410533,4,9.1,False,2025-08-01,3.74,92,6,0.421,0.556,2.6,3.45,3.28,176.0,43.0,0.0377,0.549
BIZ_062,Amber Grind Lab,Coffee Shop,Miyapur,West,17.462839,78.410533,4,9.2,False,2025-09-01,3.83,96,4,0.378,0.593,7.3,3.71,3.18,220.0,47.0,0.0587,0.467
BIZ_062,Amber Grind Lab,Coffee Shop,Miyapur,West,17.462839,78.410533,4,9.2,False,2025-10-01,3.79,103,7,0.497,0.599,8.5,3.26,3.01,257.0,51.0,0.0445,0.418
BIZ_062,Amber Grind Lab,Coffee Shop,Miyapur,West,17.462839,78.410533,4,9.3,False,2025-11-01,3.6,106,3,0.338,0.346,4.2,3.74,3.32,220.0,43.0,0.042,0.474
BIZ_062,Amber Grind Lab,Coffee Shop,Miyapur,West,17.462839,78.410533,4,9.4,False,2025-12-01,3.78,115,9,0.441,0.528,3.6,3.35,3.17,351.0,56.0,0.0472,0.49
BIZ_062,Amber Grind Lab,Coffee Shop,Miyapur,West,17.462839,78.410533,4,9.5,False,2026-01-01,3.96,121,6,0.403,0.382,8.4,3.93,3.22,,57.0,0.0554,0.49
BIZ_062,Amber Grind Lab,Coffee Shop,Miyapur,West,17.462839,78.410533,4,9.6,False,2026-02-01,3.9,126,5,0.359,0.464,4.8,3.09,3.32,254.0,53.0,0.0656,0.462
BIZ_062,Amber Grind Lab,Coffee Shop,Miyapur,West,17.462839,78.410533,4,9.7,False,2026-03-01,3.83,126,0,0.349,0.572,4.9,3.78,3.69,294.0,42.0,0.046,0.477
BIZ_062,Amber Grind Lab,Coffee Shop,Miyapur,West,17.462839,78.410533,4,9.8,False,2026-04-01,3.81,130,4,0.345,0.392,11.1,3.56,3.1,208.0,36.0,0.0617,0.527
BIZ_062,Amber Grind Lab,Coffee Shop,Miyapur,West,17.462839,78.410533,4,9.8,False,2026-05-01,3.82,134,4,0.375,0.407,6.3,3.73,3.39,242.0,36.0,0.0917,0.438
BIZ_062,Amber Grind Lab,Coffee Shop,Miyapur,West,17.462839,78.410533,4,9.9,False,2026-06-01,3.83,137,3,0.363,0.681,5.8,3.88,3.74,243.0,57.0,0.0353,0.479
BIZ_063,Velvet Steam,Coffee Shop,Tolichowki,South,17.420077,78.435709,4,8.9,False,2025-01-01,4.03,380,3,0.449,0.658,6.2,3.95,3.59,264.0,69.0,,0.395
BIZ_063,Velvet Steam,Coffee Shop,Tolichowki,South,17.420077,78.435709,4,9.0,False,2025-02-01,3.9,385,5,0.328,0.456,6.5,3.25,3.25,385.0,63.0,0.0443,0.461
BIZ_063,Velvet Steam,Coffee Shop,Tolichowki,South,17.420077,78.435709,4,9.1,False,2025-03-01,3.97,391,6,0.414,0.64,4.4,3.72,3.84,300.0,51.0,0.0451,0.402
BIZ_063,Velvet Steam,Coffee Shop,Tolichowki,South,17.420077,78.435709,4,9.2,False,2025-04-01,4.02,395,4,0.365,0.647,7.3,3.52,3.36,229.0,49.0,0.0511,0.49
BIZ_063,Velvet Steam,Coffee Shop,Tolichowki,South,17.420077,78.435709,4,9.2,False,2025-05-01,3.96,400,5,0.472,0.563,1.9,3.17,3.39,228.0,64.0,0.0558,0.451
BIZ_063,Velvet Steam,Coffee Shop,Tolichowki,South,17.420077,78.435709,4,9.3,False,2025-06-01,4.01,409,9,0.492,0.615,3.1,3.85,3.4,258.0,45.0,0.0349,0.458
BIZ_063,Velvet Steam,Coffee Shop,Tolichowki,South,17.420077,78.435709,4,9.4,False,2025-07-01,3.87,413,4,0.343,0.538,3.5,3.72,3.55,247.0,47.0,0.0207,0.461
BIZ_063,Velvet Steam,Coffee Shop,Tolichowki,South,17.420077,78.435709,4,9.5,False,2025-08-01,4.04,418,5,0.387,0.608,6.1,4.06,3.13,139.0,58.0,0.0369,0.42
BIZ_063,Velvet Steam,Coffee Shop,Tolichowki,South,17.420077,78.435709,4,9.6,False,2025-09-01,3.88,424,6,0.323,0.536,8.3,3.45,3.55,238.0,59.0,0.0503,0.414
BIZ_063,Velvet Steam,Coffee Shop,Tolichowki,South,17.420077,78.435709,4,9.7,False,2025-10-01,3.97,429,5,,0.571,,3.52,3.76,238.0,48.0,,0.467
BIZ_063,Velvet Steam,Coffee Shop,Tolichowki,South,17.420077,78.435709,4,9.7,False,2025-11-01,4.0,433,4,0.361,0.627,7.6,3.86,3.7,295.0,64.0,0.0399,0.492
BIZ_063,Velvet Steam,Coffee Shop,Tolichowki,South,17.420077,78.435709,4,9.8,False,2025-12-01,3.92,436,3,0.511,0.521,4.4,3.2,3.61,289.0,33.0,0.0237,0.444
BIZ_063,Velvet Steam,Coffee Shop,Tolichowki,South,17.420077,78.435709,4,9.9,False,2026-01-01,4.07,440,4,0.395,0.456,2.6,4.05,3.84,315.0,37.0,0.0256,0.537
BIZ_063,Velvet Steam,Coffee Shop,Tolichowki,South,17.420077,78.435709,4,10.0,False,2026-02-01,4.03,446,6,0.445,0.715,7.6,3.96,3.86,238.0,68.0,0.0293,0.448
BIZ_063,Velvet Steam,Coffee Shop,Tolichowki,South,17.420077,78.435709,4,10.1,False,2026-03-01,3.91,451,5,0.374,0.675,5.7,4.0,3.39,345.0,67.0,0.027,0.553
BIZ_063,Velvet Steam,Coffee Shop,Tolichowki,South,17.420077,78.435709,4,10.2,False,2026-04-01,4.07,457,6,0.387,0.492,8.5,3.42,3.57,161.0,39.0,0.0487,0.419
BIZ_063,Velvet Steam,Coffee Shop,Tolichowki,South,17.420077,78.435709,4,10.2,False,2026-05-01,4.18,460,3,0.315,0.502,2.9,3.82,3.65,186.0,66.0,0.0322,0.433
BIZ_063,Velvet Steam,Coffee Shop,Tolichowki,South,17.420077,78.435709,4,10.3,False,2026-06-01,3.9,464,4,0.295,0.555,,4.2,3.63,125.0,24.0,0.0221,0.536
BIZ_064,Blend Coffee,Tea House,Mehdipatnam,South,17.423325,78.444249,4,2.3,False,2025-01-01,4.33,118,6,0.819,0.535,4.2,3.84,3.86,303.0,72.0,,0.466
BIZ_064,Blend Coffee,Tea House,Mehdipatnam,South,17.423325,78.444249,4,2.4,False,2025-02-01,4.27,123,5,0.963,0.648,5.4,3.8,3.88,373.0,76.0,0.0461,0.502
BIZ_064,Blend Coffee,Tea House,Mehdipatnam,South,17.423325,78.444249,4,2.5,False,2025-03-01,4.38,126,3,0.961,0.65,3.6,3.61,4.08,270.0,30.0,0.0386,0.482
BIZ_064,Blend Coffee,Tea House,Mehdipatnam,South,17.423325,78.444249,4,2.5,False,2025-04-01,4.23,128,2,0.848,0.655,5.4,4.21,4.02,220.0,70.0,0.0479,0.506
BIZ_064,Blend Coffee,Tea House,Mehdipatnam,South,17.423325,78.444249,4,2.6,False,2025-05-01,4.31,131,3,0.849,0.321,9.9,4.03,3.22,235.0,63.0,0.029,0.437
BIZ_064,Blend Coffee,Tea House,Mehdipatnam,South,17.423325,78.444249,4,2.7,False,2025-06-01,4.19,137,6,0.932,0.482,4.8,3.54,3.46,281.0,36.0,0.0278,0.582
BIZ_064,Blend Coffee,Tea House,Mehdipatnam,South,17.423325,78.444249,4,2.8,False,2025-07-01,4.29,142,5,0.852,0.302,19.5,3.91,4.07,220.0,57.0,0.0388,0.472
BIZ_064,Blend Coffee,Tea House,Mehdipatnam,South,17.423325,78.444249,4,2.9,False,2025-08-01,4.28,148,6,0.979,0.667,1.5,4.21,3.75,305.0,66.0,0.05,0.629
BIZ_064,Blend Coffee,Tea House,Mehdipatnam,South,17.423325,78.444249,4,3.0,False,2025-09-01,4.41,152,4,1.0,0.596,5.6,3.71,3.65,231.0,38.0,0.0526,0.379
BIZ_064,Blend Coffee,Tea House,Mehdipatnam,South,17.423325,78.444249,4,3.0,False,2025-10-01,4.27,155,3,1.0,0.581,10.6,4.34,4.14,216.0,62.0,0.0318,0.427
BIZ_064,Blend Coffee,Tea House,Mehdipatnam,South,17.423325,78.444249,4,3.1,False,2025-11-01,4.4,161,6,1.0,0.537,4.6,4.47,4.32,244.0,43.0,0.03,0.418
BIZ_064,Blend Coffee,Tea House,Mehdipatnam,South,17.423325,78.444249,4,3.2,False,2025-12-01,4.2,167,6,1.0,0.364,8.4,3.65,,251.0,40.0,0.0201,0.407
BIZ_064,Blend Coffee,Tea House,Mehdipatnam,South,17.423325,78.444249,4,3.3,False,2026-01-01,4.36,172,5,1.0,0.564,5.2,4.4,3.73,248.0,68.0,0.0339,0.524
BIZ_064,Blend Coffee,Tea House,Mehdipatnam,South,17.423325,78.444249,4,3.4,False,2026-02-01,4.26,176,4,1.0,0.441,9.1,4.23,3.96,296.0,62.0,0.0305,0.462
BIZ_064,Blend Coffee,Tea House,Mehdipatnam,South,17.423325,78.444249,4,3.5,False,2026-03-01,4.35,179,3,0.999,0.587,7.3,3.78,4.2,218.0,53.0,0.0328,0.427
BIZ_064,Blend Coffee,Tea House,Mehdipatnam,South,17.423325,78.444249,4,3.5,False,2026-04-01,4.24,183,4,0.922,0.274,11.5,4.71,3.99,239.0,49.0,0.0232,0.483
BIZ_064,Blend Coffee,Tea House,Mehdipatnam,South,17.423325,78.444249,4,3.6,False,2026-05-01,4.32,183,0,0.934,0.393,18.9,,4.1,263.0,50.0,0.0232,0.446
BIZ_064,Blend Coffee,Tea House,Mehdipatnam,South,17.423325,78.444249,4,3.7,False,2026-06-01,4.3,187,4,0.887,0.435,2.6,3.82,3.92,232.0,13.0,0.0786,0.432
BIZ_065,Modern Press,Coffee Shop,Hitech City,West,17.445152,78.395232,3,1.4,False,2025-01-01,3.52,298,18,0.239,0.374,17.7,3.7,3.17,273.0,27.0,0.0298,0.472
BIZ_065,Modern Press,Coffee Shop,Hitech City,West,17.445152,78.395232,3,1.5,False,2025-02-01,3.63,312,14,0.331,0.598,5.5,3.19,3.55,262.0,67.0,0.0321,0.491
BIZ_065,Modern Press,Coffee Shop,Hitech City,West,17.445152,78.395232,3,1.6,False,2025-03-01,3.68,316,4,0.458,0.459,20.7,3.59,3.43,277.0,43.0,0.0429,0.529
BIZ_065,Modern Press,Coffee Shop,Hitech City,West,17.445152,78.395232,3,1.6,False,2025-04-01,3.68,334,18,0.268,0.478,3.5,3.51,3.29,272.0,52.0,0.0469,0.469
BIZ_065,Modern Press,Coffee Shop,Hitech City,West,17.445152,78.395232,3,1.7,False,2025-05-01,3.68,362,28,0.211,0.349,16.8,3.36,3.58,317.0,52.0,0.0669,0.433
BIZ_065,Modern Press,Coffee Shop,Hitech City,West,17.445152,78.395232,3,1.8,False,2025-06-01,3.74,370,8,0.414,0.597,4.8,3.49,3.66,293.0,45.0,0.0365,0.431
BIZ_065,Modern Press,Coffee Shop,Hitech City,West,17.445152,78.395232,3,1.9,False,2025-07-01,3.65,388,18,0.334,0.623,4.7,2.77,3.74,200.0,29.0,0.0465,0.424
BIZ_065,Modern Press,Coffee Shop,Hitech City,West,17.445152,78.395232,3,2.0,False,2025-08-01,3.63,397,9,0.244,0.518,5.7,3.81,3.81,174.0,45.0,0.0461,0.514
BIZ_065,Modern Press,Coffee Shop,Hitech City,West,17.445152,78.395232,3,2.1,False,2025-09-01,3.67,413,16,0.293,0.51,6.2,3.44,3.23,,72.0,0.0292,0.447
BIZ_065,Modern Press,Coffee Shop,Hitech City,West,17.445152,78.395232,3,2.1,False,2025-10-01,3.54,423,10,0.201,0.583,13.6,3.75,3.0,292.0,40.0,0.0252,0.454
BIZ_065,Modern Press,Coffee Shop,Hitech City,West,17.445152,78.395232,3,2.2,False,2025-11-01,3.54,436,13,0.314,0.438,11.0,3.1,3.43,249.0,53.0,0.0299,0.429
BIZ_065,Modern Press,Coffee Shop,Hitech City,West,17.445152,78.395232,3,2.3,False,2025-12-01,3.54,447,11,0.097,0.494,4.7,3.14,3.67,239.0,77.0,0.031,0.462
BIZ_065,Modern Press,Coffee Shop,Hitech City,West,17.445152,78.395232,3,2.4,False,2026-01-01,3.64,468,21,0.272,0.506,6.6,4.08,3.32,390.0,70.0,0.0614,0.43
BIZ_065,Modern Press,Coffee Shop,Hitech City,West,17.445152,78.395232,3,2.5,False,2026-02-01,3.79,497,29,0.212,0.307,2.7,3.99,3.58,291.0,29.0,0.0285,0.386
BIZ_065,Modern Press,Coffee Shop,Hitech City,West,17.445152,78.395232,3,2.6,False,2026-03-01,3.78,516,19,0.134,0.465,7.6,3.49,3.62,267.0,66.0,0.0319,0.388
BIZ_065,Modern Press,Coffee Shop,Hitech City,West,17.445152,78.395232,3,2.6,False,2026-04-01,3.71,549,33,0.308,0.781,5.0,3.32,3.6,,77.0,0.0429,0.443
BIZ_065,Modern Press,Coffee Shop,Hitech City,West,17.445152,78.395232,3,2.7,False,2026-05-01,3.62,564,15,0.104,0.581,8.3,3.49,3.18,253.0,58.0,0.0497,0.382
BIZ_065,Modern Press,Coffee Shop,Hitech City,West,17.445152,78.395232,3,2.8,False,2026-06-01,3.58,577,13,0.305,0.522,4.0,3.45,3.29,261.0,48.0,0.0507,0.418
BIZ_066,Spice Co,Restaurant & Cafe,Madhapur,West,17.450297,78.412025,2,17.3,False,2025-01-01,4.82,302,3,0.833,0.454,3.3,4.28,4.63,329.0,,,0.51
BIZ_066,Spice Co,Restaurant & Cafe,Madhapur,West,17.450297,78.412025,2,17.4,False,2025-02-01,4.79,307,5,0.817,0.564,4.7,5.0,4.99,406.0,49.0,0.024,0.596
BIZ_066,Spice Co,Restaurant & Cafe,Madhapur,West,17.450297,78.412025,2,17.5,False,2025-03-01,4.82,315,8,0.753,0.389,5.1,4.39,4.4,247.0,68.0,0.0209,0.474
BIZ_066,Spice Co,Restaurant & Cafe,Madhapur,West,17.450297,78.412025,2,17.6,False,2025-04-01,4.78,318,3,0.891,0.404,14.9,4.47,4.58,,72.0,0.0226,0.511
BIZ_066,Spice Co,Restaurant & Cafe,Madhapur,West,17.450297,78.412025,2,17.6,False,2025-05-01,4.76,321,3,0.896,0.468,7.2,4.41,5.0,260.0,59.0,0.0553,0.446
BIZ_066,Spice Co,Restaurant & Cafe,Madhapur,West,17.450297,78.412025,2,17.7,False,2025-06-01,4.78,327,6,0.748,0.599,3.4,4.49,4.77,,29.0,0.0224,0.424
BIZ_066,Spice Co,Restaurant & Cafe,Madhapur,West,17.450297,78.412025,2,17.8,False,2025-07-01,4.86,332,5,0.787,0.353,,4.8,4.93,210.0,36.0,0.0389,0.544
BIZ_066,Spice Co,Restaurant & Cafe,Madhapur,West,17.450297,78.412025,2,17.9,False,2025-08-01,4.73,335,3,0.751,0.581,6.8,4.73,4.49,168.0,29.0,0.0623,0.524
BIZ_066,Spice Co,Restaurant & Cafe,Madhapur,West,17.450297,78.412025,2,18.0,False,2025-09-01,4.65,339,4,0.727,0.689,5.2,4.65,4.51,268.0,29.0,0.0313,0.507
BIZ_066,Spice Co,Restaurant & Cafe,Madhapur,West,17.450297,78.412025,2,18.1,False,2025-10-01,4.72,343,4,0.77,0.724,2.2,4.32,4.58,249.0,45.0,0.0312,0.56
BIZ_066,Spice Co,Restaurant & Cafe,Madhapur,West,17.450297,78.412025,2,18.1,False,2025-11-01,4.75,349,6,0.846,0.567,2.3,4.15,4.42,292.0,63.0,,0.453
BIZ_066,Spice Co,Restaurant & Cafe,Madhapur,West,17.450297,78.412025,2,18.2,False,2025-12-01,4.98,357,8,0.85,0.7,1.4,4.55,4.86,270.0,49.0,0.0344,0.463
BIZ_066,Spice Co,Restaurant & Cafe,Madhapur,West,17.450297,78.412025,2,18.3,False,2026-01-01,4.82,364,7,0.739,0.438,7.9,4.6,4.39,203.0,47.0,,0.597
BIZ_066,Spice Co,Restaurant & Cafe,Madhapur,West,17.450297,78.412025,2,18.4,False,2026-02-01,4.84,369,5,0.704,0.615,1.8,4.84,5.0,350.0,41.0,0.0767,0.439
BIZ_066,Spice Co,Restaurant & Cafe,Madhapur,West,17.450297,78.412025,2,18.5,False,2026-03-01,4.91,373,4,0.838,0.591,8.6,4.53,4.87,308.0,50.0,0.0204,0.528
BIZ_066,Spice Co,Restaurant & Cafe,Madhapur,West,17.450297,78.412025,2,18.6,False,2026-04-01,4.88,376,3,0.659,0.474,19.8,4.9,4.93,240.0,46.0,0.0292,0.459
BIZ_066,Spice Co,Restaurant & Cafe,Madhapur,West,17.450297,78.412025,2,18.6,False,2026-05-01,4.95,380,4,0.868,,12.5,4.58,5.0,224.0,38.0,0.0584,0.495
BIZ_066,Spice Co,Restaurant & Cafe,Madhapur,West,17.450297,78.412025,2,18.7,False,2026-06-01,5.0,382,2,0.831,0.63,6.1,4.66,5.0,152.0,65.0,0.0392,0.395
BIZ_067,Pearl Whisk,Bakery & Cafe,Banjara Hills,Central,17.445431,78.461908,1,9.9,False,2025-01-01,3.94,274,7,0.471,0.474,6.1,4.0,,248.0,74.0,0.0757,0.342
BIZ_067,Pearl Whisk,Bakery & Cafe,Banjara Hills,Central,17.445431,78.461908,1,10.0,False,2025-02-01,3.75,281,7,,0.517,9.8,3.21,3.89,289.0,49.0,0.0213,0.454
BIZ_067,Pearl Whisk,Bakery & Cafe,Banjara Hills,Central,17.445431,78.461908,1,10.1,False,2025-03-01,3.98,286,5,0.424,0.524,2.9,3.72,4.53,291.0,42.0,0.0241,0.433
BIZ_067,Pearl Whisk,Bakery & Cafe,Banjara Hills,Central,17.445431,78.461908,1,10.2,False,2025-04-01,3.99,292,6,0.523,0.621,3.9,3.8,4.09,288.0,71.0,0.0486,0.487
BIZ_067,Pearl Whisk,Bakery & Cafe,Banjara Hills,Central,17.445431,78.461908,1,10.2,False,2025-05-01,3.93,297,5,0.622,0.48,1.8,3.92,4.22,187.0,27.0,0.0734,0.377
BIZ_067,Pearl Whisk,Bakery & Cafe,Banjara Hills,Central,17.445431,78.461908,1,10.3,False,2025-06-01,3.85,302,5,0.594,0.584,4.4,3.94,4.06,194.0,40.0,0.0329,0.486
BIZ_067,Pearl Whisk,Bakery & Cafe,Banjara Hills,Central,17.445431,78.461908,1,10.4,False,2025-07-01,3.72,306,4,0.551,0.537,8.9,3.69,4.03,215.0,70.0,0.0397,0.388
BIZ_067,Pearl Whisk,Bakery & Cafe,Banjara Hills,Central,17.445431,78.461908,1,10.5,False,2025-08-01,3.84,313,7,0.511,0.634,8.7,3.94,4.07,182.0,42.0,0.0572,0.485
BIZ_067,Pearl Whisk,Bakery & Cafe,Banjara Hills,Central,17.445431,78.461908,1,10.6,False,2025-09-01,3.79,318,5,0.574,0.479,7.3,3.81,4.07,139.0,,0.0317,0.515
BIZ_067,Pearl Whisk,Bakery & Cafe,Banjara Hills,Central,17.445431,78.461908,1,10.7,False,2025-10-01,3.79,323,5,0.451,0.623,5.5,3.11,4.34,257.0,44.0,,0.538
BIZ_067,Pearl Whisk,Bakery & Cafe,Banjara Hills,Central,17.445431,78.461908,1,10.7,False,2025-11-01,3.72,325,2,0.461,0.484,3.0,3.21,3.97,301.0,22.0,0.0352,0.447
BIZ_067,Pearl Whisk,Bakery & Cafe,Banjara Hills,Central,17.445431,78.461908,1,10.8,False,2025-12-01,3.71,332,7,0.422,0.516,4.0,3.16,3.84,239.0,56.0,0.021,0.358
BIZ_067,Pearl Whisk,Bakery & Cafe,Banjara Hills,Central,17.445431,78.461908,1,10.9,False,2026-01-01,3.8,337,5,0.469,0.572,6.4,3.68,4.05,207.0,76.0,0.024,0.528
BIZ_067,Pearl Whisk,Bakery & Cafe,Banjara Hills,Central,17.445431,78.461908,1,11.0,False,2026-02-01,3.8,338,1,0.522,0.563,1.4,4.0,3.82,298.0,53.0,0.0284,0.495
BIZ_067,Pearl Whisk,Bakery & Cafe,Banjara Hills,Central,17.445431,78.461908,1,11.1,False,2026-03-01,3.76,342,4,0.529,0.692,2.9,3.89,3.59,330.0,66.0,0.0655,0.379
BIZ_067,Pearl Whisk,Bakery & Cafe,Banjara Hills,Central,17.445431,78.461908,1,11.2,False,2026-04-01,3.82,345,3,0.393,0.655,3.2,3.98,4.24,277.0,59.0,0.0429,0.456
BIZ_067,Pearl Whisk,Bakery & Cafe,Banjara Hills,Central,17.445431,78.461908,1,11.2,False,2026-05-01,3.83,347,2,0.565,0.652,2.6,3.56,4.14,306.0,28.0,0.028,0.409
BIZ_067,Pearl Whisk,Bakery & Cafe,Banjara Hills,Central,17.445431,78.461908,1,11.3,False,2026-06-01,3.79,353,6,0.45,0.477,4.1,4.07,4.49,255.0,55.0,0.0422,0.488
BIZ_068,Classic Drip Works,Coffee Shop,Sainikpuri,East,17.441728,78.576108,2,2.7,False,2025-01-01,4.18,2542,95,0.786,0.444,9.9,,,380.0,38.0,0.0211,0.481
BIZ_068,Classic Drip Works,Coffee Shop,Sainikpuri,East,17.441728,78.576108,2,2.8,False,2025-02-01,4.3,2660,118,0.566,0.54,6.1,4.08,3.98,366.0,,0.0507,0.433
BIZ_068,Classic Drip Works,Coffee Shop,Sainikpuri,East,17.441728,78.576108,2,2.9,False,2025-03-01,4.32,2775,115,0.709,0.445,5.3,3.82,4.59,287.0,56.0,0.0276,0.379
BIZ_068,Classic Drip Works,Coffee Shop,Sainikpuri,East,17.441728,78.576108,2,3.0,False,2025-04-01,4.47,2872,97,0.569,0.527,3.5,4.19,4.38,256.0,89.0,0.0556,0.518
BIZ_068,Classic Drip Works,Coffee Shop,Sainikpuri,East,17.441728,78.576108,2,3.0,False,2025-05-01,4.31,2924,52,0.546,0.464,5.4,4.13,4.48,294.0,71.0,0.0344,0.478
BIZ_068,Classic Drip Works,Coffee Shop,Sainikpuri,East,17.441728,78.576108,2,3.1,False,2025-06-01,4.3,2983,59,0.596,0.639,6.2,4.44,4.6,221.0,32.0,0.0209,0.446
BIZ_068,Classic Drip Works,Coffee Shop,Sainikpuri,East,17.441728,78.576108,2,3.2,False,2025-07-01,4.31,3073,90,0.688,0.453,6.4,3.48,4.11,308.0,45.0,0.0415,0.488
BIZ_068,Classic Drip Works,Coffee Shop,Sainikpuri,East,17.441728,78.576108,2,3.3,False,2025-08-01,4.26,3112,39,0.742,0.528,5.2,4.6,4.02,344.0,49.0,0.033,0.421
BIZ_068,Classic Drip Works,Coffee Shop,Sainikpuri,East,17.441728,78.576108,2,3.4,False,2025-09-01,4.18,3179,67,0.802,0.466,4.5,4.29,4.36,215.0,37.0,0.0273,0.407
BIZ_068,Classic Drip Works,Coffee Shop,Sainikpuri,East,17.441728,78.576108,2,3.5,False,2025-10-01,4.32,3261,82,0.664,0.514,12.1,3.82,3.83,306.0,54.0,0.0492,0.441
BIZ_068,Classic Drip Works,Coffee Shop,Sainikpuri,East,17.441728,78.576108,2,3.5,False,2025-11-01,4.2,3392,131,0.795,0.65,4.3,4.0,4.59,326.0,70.0,0.0502,0.493
BIZ_068,Classic Drip Works,Coffee Shop,Sainikpuri,East,17.441728,78.576108,2,3.6,False,2025-12-01,4.29,3481,89,0.687,0.515,3.1,3.85,4.22,264.0,54.0,0.0768,0.409
BIZ_068,Classic Drip Works,Coffee Shop,Sainikpuri,East,17.441728,78.576108,2,3.7,False,2026-01-01,4.24,3577,96,0.822,0.604,9.9,4.57,4.48,294.0,67.0,0.0249,0.468
BIZ_068,Classic Drip Works,Coffee Shop,Sainikpuri,East,17.441728,78.576108,2,3.8,False,2026-02-01,4.42,3692,115,0.7,0.482,6.0,4.49,4.64,304.0,38.0,0.0224,0.384
BIZ_068,Classic Drip Works,Coffee Shop,Sainikpuri,East,17.441728,78.576108,2,3.9,False,2026-03-01,4.5,3797,105,0.72,0.54,5.5,4.12,4.53,277.0,76.0,0.0392,0.492
BIZ_068,Classic Drip Works,Coffee Shop,Sainikpuri,East,17.441728,78.576108,2,4.0,False,2026-04-01,4.4,3885,88,0.727,0.432,6.8,4.69,4.61,252.0,33.0,0.0383,0.394
BIZ_068,Classic Drip Works,Coffee Shop,Sainikpuri,East,17.441728,78.576108,2,4.0,False,2026-05-01,4.28,3972,87,0.842,0.416,19.7,3.96,4.64,305.0,35.0,0.0231,0.434
BIZ_068,Classic Drip Works,Coffee Shop,Sainikpuri,East,17.441728,78.576108,2,4.1,False,2026-06-01,4.23,4032,60,0.673,0.534,3.0,3.88,4.27,232.0,53.0,0.0251,0.446
BIZ_069,Royal Blend Hub,Coffee Shop,Hitech City,West,17.449482,78.346932,2,3.2,False,2025-01-01,4.1,671,17,0.63,0.545,10.4,3.82,3.89,293.0,33.0,0.0571,0.356
BIZ_069,Royal Blend Hub,Coffee Shop,Hitech City,West,17.449482,78.346932,2,3.3,False,2025-02-01,3.88,691,20,0.773,0.354,9.0,4.08,4.35,299.0,64.0,0.0354,0.383
BIZ_069,Royal Blend Hub,Coffee Shop,Hitech City,West,17.449482,78.346932,2,3.4,False,2025-03-01,4.03,714,23,0.642,,4.5,3.84,3.74,281.0,86.0,0.064,0.398
BIZ_069,Royal Blend Hub,Coffee Shop,Hitech City,West,17.449482,78.346932,2,3.5,False,2025-04-01,4.17,727,13,0.82,0.646,6.3,4.52,4.73,241.0,37.0,,0.496
BIZ_069,Royal Blend Hub,Coffee Shop,Hitech City,West,17.449482,78.346932,2,3.5,False,2025-05-01,4.04,750,23,0.628,0.377,5.3,,3.99,207.0,16.0,0.0822,0.481
BIZ_069,Royal Blend Hub,Coffee Shop,Hitech City,West,17.449482,78.346932,2,3.6,False,2025-06-01,4.01,761,11,0.644,0.72,4.6,3.21,3.88,222.0,71.0,0.0235,0.434
BIZ_069,Royal Blend Hub,Coffee Shop,Hitech City,West,17.449482,78.346932,2,3.7,False,2025-07-01,4.05,779,18,0.745,0.516,7.4,3.39,4.33,192.0,72.0,0.0315,0.287
BIZ_069,Royal Blend Hub,Coffee Shop,Hitech City,West,17.449482,78.346932,2,3.8,False,2025-08-01,4.15,794,15,0.61,0.561,5.8,4.14,4.45,203.0,30.0,0.023,0.467
BIZ_069,Royal Blend Hub,Coffee Shop,Hitech City,West,17.449482,78.346932,2,3.9,False,2025-09-01,4.01,813,19,0.779,0.397,6.8,,3.91,193.0,53.0,0.0442,0.43
BIZ_069,Royal Blend Hub,Coffee Shop,Hitech City,West,17.449482,78.346932,2,4.0,False,2025-10-01,4.11,827,14,0.613,0.633,2.8,3.7,4.25,296.0,68.0,0.0476,0.429
BIZ_069,Royal Blend Hub,Coffee Shop,Hitech City,West,17.449482,78.346932,2,4.0,False,2025-11-01,3.94,841,14,0.57,0.583,7.7,3.46,3.63,221.0,55.0,0.0406,0.505
BIZ_069,Royal Blend Hub,Coffee Shop,Hitech City,West,17.449482,78.346932,2,4.1,False,2025-12-01,3.87,858,17,0.699,0.521,8.2,3.21,4.28,308.0,76.0,0.0336,0.439
BIZ_069,Royal Blend Hub,Coffee Shop,Hitech City,West,17.449482,78.346932,2,4.2,False,2026-01-01,4.07,880,22,0.56,0.416,18.1,4.04,4.07,260.0,62.0,0.0248,0.438
BIZ_069,Royal Blend Hub,Coffee Shop,Hitech City,West,17.449482,78.346932,2,4.3,False,2026-02-01,4.08,903,23,0.743,0.561,2.1,3.78,4.66,301.0,62.0,0.058,0.447
BIZ_069,Royal Blend Hub,Coffee Shop,Hitech City,West,17.449482,78.346932,2,4.4,False,2026-03-01,4.17,927,24,0.628,0.351,7.0,3.62,4.18,214.0,72.0,0.026,0.477
BIZ_069,Royal Blend Hub,Coffee Shop,Hitech City,West,17.449482,78.346932,2,4.5,False,2026-04-01,4.17,946,19,,0.563,5.5,4.17,3.56,255.0,34.0,0.0389,0.446
BIZ_069,Royal Blend Hub,Coffee Shop,Hitech City,West,17.449482,78.346932,2,4.5,False,2026-05-01,4.08,961,15,0.672,0.476,7.6,4.04,4.08,238.0,51.0,0.052,0.478
BIZ_069,Royal Blend Hub,Coffee Shop,Hitech City,West,17.449482,78.346932,2,4.6,False,2026-06-01,3.98,971,10,0.668,0.447,7.7,3.13,3.85,307.0,50.0,0.0431,0.303
BIZ_070,Modern Roast Corner,Cafe,Hitech City,West,17.445542,78.379494,4,4.5,False,2025-01-01,3.51,221,4,0.523,0.478,9.4,3.28,3.13,208.0,40.0,0.0539,0.427
BIZ_070,Modern Roast Corner,Cafe,Hitech City,West,17.445542,78.379494,4,4.6,False,2025-02-01,3.65,227,6,0.495,0.544,4.4,3.34,3.25,294.0,54.0,0.0721,0.423
BIZ_070,Modern Roast Corner,Cafe,Hitech City,West,17.445542,78.379494,4,4.7,False,2025-03-01,3.61,234,7,0.431,0.555,8.7,3.41,3.41,262.0,68.0,0.0265,0.419
BIZ_070,Modern Roast Corner,Cafe,Hitech City,West,17.445542,78.379494,4,4.8,False,2025-04-01,3.69,235,1,0.439,0.574,3.7,3.51,3.13,213.0,43.0,0.0496,0.395
BIZ_070,Modern Roast Corner,Cafe,Hitech City,West,17.445542,78.379494,4,4.8,False,2025-05-01,3.57,240,5,0.315,0.482,2.8,3.6,3.08,258.0,64.0,0.0283,0.47
BIZ_070,Modern Roast Corner,Cafe,Hitech City,West,17.445542,78.379494,4,4.9,False,2025-06-01,3.64,246,6,0.485,0.567,11.3,3.77,3.03,249.0,33.0,0.0526,0.423
BIZ_070,Modern Roast Corner,Cafe,Hitech City,West,17.445542,78.379494,4,5.0,False,2025-07-01,3.69,251,5,0.48,0.429,7.8,4.08,2.94,249.0,55.0,0.0887,0.439
BIZ_070,Modern Roast Corner,Cafe,Hitech City,West,17.445542,78.379494,4,5.1,False,2025-08-01,3.48,256,5,0.487,0.651,4.7,2.73,2.65,254.0,34.0,0.1051,0.451
BIZ_070,Modern Roast Corner,Cafe,Hitech City,West,17.445542,78.379494,4,5.2,False,2025-09-01,3.63,260,4,0.405,0.501,4.8,3.34,3.12,209.0,20.0,0.0658,0.48
BIZ_070,Modern Roast Corner,Cafe,Hitech City,West,17.445542,78.379494,4,5.2,False,2025-10-01,3.65,266,6,0.516,0.555,8.2,3.48,3.5,280.0,44.0,0.0356,0.457
BIZ_070,Modern Roast Corner,Cafe,Hitech City,West,17.445542,78.379494,4,5.3,False,2025-11-01,3.53,274,8,0.547,0.556,6.6,3.35,3.13,160.0,40.0,0.0505,0.394
BIZ_070,Modern Roast Corner,Cafe,Hitech City,West,17.445542,78.379494,4,5.4,False,2025-12-01,3.41,280,6,0.356,0.447,8.4,,2.85,275.0,43.0,0.0205,0.495
BIZ_070,Modern Roast Corner,Cafe,Hitech City,West,17.445542,78.379494,4,5.5,False,2026-01-01,3.5,288,8,0.393,0.618,,3.03,3.43,291.0,58.0,0.022,0.411
BIZ_070,Modern Roast Corner,Cafe,Hitech City,West,17.445542,78.379494,4,5.6,False,2026-02-01,3.46,298,10,0.486,0.626,2.6,3.55,3.52,279.0,41.0,0.0288,0.47
BIZ_070,Modern Roast Corner,Cafe,Hitech City,West,17.445542,78.379494,4,5.7,False,2026-03-01,3.62,302,4,0.503,0.651,4.1,3.45,3.6,257.0,29.0,0.0366,0.425
BIZ_070,Modern Roast Corner,Cafe,Hitech City,West,17.445542,78.379494,4,5.8,False,2026-04-01,3.79,308,6,0.47,0.543,5.4,3.36,3.37,236.0,51.0,0.0258,0.494
BIZ_070,Modern Roast Corner,Cafe,Hitech City,West,17.445542,78.379494,4,5.8,False,2026-05-01,3.56,311,3,0.516,0.389,16.4,3.36,3.37,183.0,56.0,0.0486,0.454
BIZ_070,Modern Roast Corner,Cafe,Hitech City,West,17.445542,78.379494,4,5.9,False,2026-06-01,3.63,315,4,0.483,0.459,7.1,3.62,3.2,231.0,42.0,0.0212,0.46
BIZ_071,Blue Spice Works,Cafe,Miyapur,West,17.426816,78.361285,1,5.0,False,2025-01-01,3.7,211,5,0.55,0.483,10.8,3.62,4.15,306.0,43.0,0.0242,0.372
BIZ_071,Blue Spice Works,Cafe,Miyapur,West,17.426816,78.361285,1,5.1,False,2025-02-01,3.63,214,3,0.713,0.36,7.1,3.77,4.09,325.0,51.0,0.0407,0.381
BIZ_071,Blue Spice Works,Cafe,Miyapur,West,17.426816,78.361285,1,5.2,False,2025-03-01,3.75,219,5,0.504,0.674,2.5,3.83,4.05,258.0,37.0,0.022,0.424
BIZ_071,Blue Spice Works,Cafe,Miyapur,West,17.426816,78.361285,1,5.2,False,2025-04-01,3.68,224,5,0.578,0.45,4.1,3.85,3.76,186.0,42.0,0.0213,0.437
BIZ_071,Blue Spice Works,Cafe,Miyapur,West,17.426816,78.361285,1,5.3,False,2025-05-01,3.66,231,7,0.476,0.444,7.7,3.59,3.72,191.0,67.0,0.0216,0.382
BIZ_071,Blue Spice Works,Cafe,Miyapur,West,17.426816,78.361285,1,5.4,False,2025-06-01,3.64,236,5,0.528,0.656,2.6,3.59,3.53,222.0,54.0,0.0723,0.37
BIZ_071,Blue Spice Works,Cafe,Miyapur,West,17.426816,78.361285,1,5.5,False,2025-07-01,3.54,242,6,0.463,0.602,5.2,3.04,3.61,297.0,94.0,0.0229,0.411
BIZ_071,Blue Spice Works,Cafe,Miyapur,West,17.426816,78.361285,1,5.6,False,2025-08-01,3.51,243,1,0.465,0.544,5.4,3.16,3.76,,49.0,0.0657,0.401
BIZ_071,Blue Spice Works,Cafe,Miyapur,West,17.426816,78.361285,1,5.7,False,2025-09-01,3.59,247,4,0.439,0.328,5.3,2.64,3.51,258.0,48.0,0.0223,0.511
BIZ_071,Blue Spice Works,Cafe,Miyapur,West,17.426816,78.361285,1,5.8,False,2025-10-01,3.59,252,5,0.509,0.546,7.4,3.59,3.99,231.0,42.0,0.0372,0.474
BIZ_071,Blue Spice Works,Cafe,Miyapur,West,17.426816,78.361285,1,5.8,False,2025-11-01,3.5,256,4,0.575,0.585,5.7,3.4,3.41,242.0,22.0,0.0268,0.42
BIZ_071,Blue Spice Works,Cafe,Miyapur,West,17.426816,78.361285,1,5.9,False,2025-12-01,3.61,261,5,0.574,0.283,8.0,2.74,3.99,254.0,24.0,0.0265,0.443
BIZ_071,Blue Spice Works,Cafe,Miyapur,West,17.426816,78.361285,1,6.0,False,2026-01-01,3.54,266,5,0.588,0.595,5.4,3.44,3.73,236.0,45.0,,0.505
BIZ_071,Blue Spice Works,Cafe,Miyapur,West,17.426816,78.361285,1,6.1,False,2026-02-01,3.55,273,7,0.457,0.585,12.8,3.29,3.69,312.0,51.0,0.0238,0.434
BIZ_071,Blue Spice Works,Cafe,Miyapur,West,17.426816,78.361285,1,6.2,False,2026-03-01,3.75,277,4,0.612,0.434,3.8,3.46,3.89,302.0,34.0,0.0322,0.38
BIZ_071,Blue Spice Works,Cafe,Miyapur,West,17.426816,78.361285,1,6.2,False,2026-04-01,3.71,282,5,0.644,0.519,5.0,3.64,3.97,237.0,,0.0241,0.451
BIZ_071,Blue Spice Works,Cafe,Miyapur,West,17.426816,78.361285,1,6.3,False,2026-05-01,3.51,286,4,0.588,0.652,5.0,3.45,3.64,262.0,54.0,0.0371,0.46
BIZ_071,Blue Spice Works,Cafe,Miyapur,West,17.426816,78.361285,1,6.4,False,2026-06-01,3.59,287,1,0.634,0.472,3.7,3.01,3.83,,37.0,0.0812,0.429
BIZ_072,Urban Whisk Hub,Cafe,Banjara Hills,Central,17.397318,78.445169,4,16.0,False,2025-01-01,4.12,179,5,0.403,0.711,2.0,3.8,3.6,,38.0,0.0337,0.479
BIZ_072,Urban Whisk Hub,Cafe,Banjara Hills,Central,17.397318,78.445169,4,16.1,False,2025-02-01,3.99,182,3,0.491,0.652,1.8,3.75,4.03,225.0,57.0,0.0692,0.461
BIZ_072,Urban Whisk Hub,Cafe,Banjara Hills,Central,17.397318,78.445169,4,16.2,False,2025-03-01,4.11,187,5,0.497,0.705,5.3,3.4,3.49,210.0,51.0,0.0288,0.437
BIZ_072,Urban Whisk Hub,Cafe,Banjara Hills,Central,17.397318,78.445169,4,16.2,False,2025-04-01,4.06,193,6,0.578,0.606,4.9,3.55,3.12,255.0,61.0,0.0209,0.372
BIZ_072,Urban Whisk Hub,Cafe,Banjara Hills,Central,17.397318,78.445169,4,16.3,False,2025-05-01,3.94,197,4,0.552,0.719,6.5,3.93,3.86,255.0,41.0,0.0463,0.476
BIZ_072,Urban Whisk Hub,Cafe,Banjara Hills,Central,17.397318,78.445169,4,16.4,False,2025-06-01,4.1,205,8,0.507,0.674,3.5,4.14,3.94,235.0,68.0,0.0275,0.511
BIZ_072,Urban Whisk Hub,Cafe,Banjara Hills,Central,17.397318,78.445169,4,16.5,False,2025-07-01,4.08,207,2,0.528,0.468,2.8,3.87,3.72,207.0,49.0,0.0205,0.452
BIZ_072,Urban Whisk Hub,Cafe,Banjara Hills,Central,17.397318,78.445169,4,16.6,False,2025-08-01,4.0,211,4,0.471,0.666,4.9,4.48,3.64,189.0,83.0,0.0574,0.508
BIZ_072,Urban Whisk Hub,Cafe,Banjara Hills,Central,17.397318,78.445169,4,16.7,False,2025-09-01,4.06,214,3,0.544,0.467,8.0,4.38,3.86,291.0,40.0,0.0572,0.475
BIZ_072,Urban Whisk Hub,Cafe,Banjara Hills,Central,17.397318,78.445169,4,16.8,False,2025-10-01,4.03,218,4,0.474,0.672,7.6,3.49,3.25,213.0,65.0,0.0208,0.41
BIZ_072,Urban Whisk Hub,Cafe,Banjara Hills,Central,17.397318,78.445169,4,16.8,False,2025-11-01,4.12,224,6,0.573,0.731,4.5,3.42,3.88,298.0,77.0,0.0203,0.456
BIZ_072,Urban Whisk Hub,Cafe,Banjara Hills,Central,17.397318,78.445169,4,16.9,False,2025-12-01,4.12,230,6,0.251,0.449,2.1,3.97,3.78,296.0,42.0,0.13,0.518
BIZ_072,Urban Whisk Hub,Cafe,Banjara Hills,Central,17.397318,78.445169,4,17.0,False,2026-01-01,4.11,234,4,0.578,0.721,2.8,4.75,3.71,334.0,68.0,0.0263,0.428
BIZ_072,Urban Whisk Hub,Cafe,Banjara Hills,Central,17.397318,78.445169,4,17.1,False,2026-02-01,4.04,236,2,0.485,0.517,5.9,3.15,3.69,160.0,72.0,0.0267,0.477
BIZ_072,Urban Whisk Hub,Cafe,Banjara Hills,Central,17.397318,78.445169,4,17.2,False,2026-03-01,4.15,242,6,0.481,,3.0,3.88,3.74,166.0,40.0,0.0422,0.42
BIZ_072,Urban Whisk Hub,Cafe,Banjara Hills,Central,17.397318,78.445169,4,17.2,False,2026-04-01,3.99,249,7,0.448,0.536,5.3,3.98,3.67,382.0,56.0,0.0236,0.416
BIZ_072,Urban Whisk Hub,Cafe,Banjara Hills,Central,17.397318,78.445169,4,17.3,False,2026-05-01,4.08,254,5,0.453,0.441,6.6,3.66,3.32,181.0,76.0,0.03,0.374
BIZ_072,Urban Whisk Hub,Cafe,Banjara Hills,Central,17.397318,78.445169,4,17.4,False,2026-06-01,4.15,257,3,0.441,0.695,3.0,4.19,4.13,194.0,54.0,0.0633,0.372
BIZ_073,Cozy Roast Place,Restaurant & Cafe,Sultan Bazaar,Old City,17.36481,78.473015,2,2.8,False,2025-01-01,3.58,832,24,0.244,0.547,3.5,3.39,3.25,244.0,32.0,,0.524
BIZ_073,Cozy Roast Place,Restaurant & Cafe,Sultan Bazaar,Old City,17.36481,78.473015,2,2.9,False,2025-02-01,3.62,857,25,0.074,0.379,15.0,3.47,3.65,197.0,61.0,0.15,0.519
BIZ_073,Cozy Roast Place,Restaurant & Cafe,Sultan Bazaar,Old City,17.36481,78.473015,2,3.0,False,2025-03-01,3.78,889,32,0.204,0.587,5.9,3.34,4.21,335.0,42.0,0.047,0.356
BIZ_073,Cozy Roast Place,Restaurant & Cafe,Sultan Bazaar,Old City,17.36481,78.473015,2,3.0,False,2025-04-01,3.78,913,24,0.226,0.451,8.6,3.84,3.7,250.0,,0.0331,0.392
BIZ_073,Cozy Roast Place,Restaurant & Cafe,Sultan Bazaar,Old City,17.36481,78.473015,2,3.1,False,2025-05-01,3.79,928,15,0.173,0.559,2.8,3.88,3.74,258.0,68.0,0.0202,0.426
BIZ_073,Cozy Roast Place,Restaurant & Cafe,Sultan Bazaar,Old City,17.36481,78.473015,2,3.2,False,2025-06-01,3.78,948,20,0.217,0.471,6.6,3.34,4.08,175.0,38.0,0.0232,0.406
BIZ_073,Cozy Roast Place,Restaurant & Cafe,Sultan Bazaar,Old City,17.36481,78.473015,2,3.3,False,2025-07-01,3.59,966,18,0.218,0.473,6.7,3.24,4.23,287.0,38.0,0.0243,0.395
BIZ_073,Cozy Roast Place,Restaurant & Cafe,Sultan Bazaar,Old City,17.36481,78.473015,2,3.4,False,2025-08-01,0.0,978,12,0.096,0.506,14.1,3.49,4.07,228.0,37.0,0.0558,0.441
BIZ_073,Cozy Roast Place,Restaurant & Cafe,Sultan Bazaar,Old City,17.36481,78.473015,2,3.5,False,2025-09-01,3.7,1006,28,0.211,0.486,5.1,3.44,3.58,236.0,46.0,0.0313,0.48
BIZ_073,Cozy Roast Place,Restaurant & Cafe,Sultan Bazaar,Old City,17.36481,78.473015,2,3.5,False,2025-10-01,3.71,1043,37,0.175,0.489,8.9,3.76,4.12,247.0,47.0,0.0474,0.452
BIZ_073,Cozy Roast Place,Restaurant & Cafe,Sultan Bazaar,Old City,17.36481,78.473015,2,3.6,False,2025-11-01,3.54,1075,32,0.085,0.576,7.2,2.79,3.59,,61.0,0.0268,0.461
BIZ_073,Cozy Roast Place,Restaurant & Cafe,Sultan Bazaar,Old City,17.36481,78.473015,2,3.7,False,2025-12-01,3.57,1109,34,0.24,0.426,5.9,3.37,3.79,362.0,31.0,0.0243,0.42
BIZ_073,Cozy Roast Place,Restaurant & Cafe,Sultan Bazaar,Old City,17.36481,78.473015,2,3.8,False,2026-01-01,3.59,1131,22,0.067,0.522,9.1,3.98,3.55,302.0,75.0,0.0232,0.425
BIZ_073,Cozy Roast Place,Restaurant & Cafe,Sultan Bazaar,Old City,17.36481,78.473015,2,3.9,False,2026-02-01,3.55,1150,19,0.19,0.708,5.1,3.68,3.51,278.0,72.0,0.0922,0.503
BIZ_073,Cozy Roast Place,Restaurant & Cafe,Sultan Bazaar,Old City,17.36481,78.473015,2,4.0,False,2026-03-01,3.59,1172,22,0.305,0.509,5.5,3.74,3.9,203.0,60.0,0.0312,0.451
BIZ_073,Cozy Roast Place,Restaurant & Cafe,Sultan Bazaar,Old City,17.36481,78.473015,2,4.0,False,2026-04-01,3.87,1192,20,0.174,0.584,5.6,3.68,3.64,135.0,33.0,0.0561,0.403
BIZ_073,Cozy Roast Place,Restaurant & Cafe,Sultan Bazaar,Old City,17.36481,78.473015,2,4.1,False,2026-05-01,3.7,1225,33,0.062,0.571,2.9,3.17,3.92,312.0,59.0,0.0326,0.49
BIZ_073,Cozy Roast Place,Restaurant & Cafe,Sultan Bazaar,Old City,17.36481,78.473015,2,4.2,False,2026-06-01,3.58,1245,20,0.14,0.438,2.0,3.41,3.38,178.0,,0.0326,0.443
BIZ_074,Blend Co,Cafe,ECIL,East,17.544354,78.532232,3,12.4,False,2025-01-01,3.85,810,5,0.332,0.56,15.0,3.57,2.83,185.0,39.0,0.0339,0.541
BIZ_074,Blend Co,Cafe,ECIL,East,17.544354,78.532232,3,12.5,False,2025-02-01,3.94,814,4,0.42,0.382,3.7,3.05,4.19,299.0,66.0,0.0658,0.462
BIZ_074,Blend Co,Cafe,ECIL,East,17.544354,78.532232,3,12.6,False,2025-03-01,3.94,820,6,0.308,0.424,5.3,4.39,3.82,325.0,39.0,0.0939,0.429
BIZ_074,Blend Co,Cafe,ECIL,East,17.544354,78.532232,3,12.7,False,2025-04-01,3.98,823,3,0.187,0.478,5.3,3.58,4.11,258.0,77.0,0.0299,0.343
BIZ_074,Blend Co,Cafe,ECIL,East,17.544354,78.532232,3,12.7,False,2025-05-01,3.95,826,3,0.325,0.418,9.6,3.76,3.66,146.0,73.0,0.0215,0.457
BIZ_074,Blend Co,Cafe,ECIL,East,17.544354,78.532232,3,12.8,False,2025-06-01,3.98,830,4,0.226,0.49,5.8,4.15,3.89,178.0,53.0,0.0597,0.467
BIZ_074,Blend Co,Cafe,ECIL,East,17.544354,78.532232,3,12.9,False,2025-07-01,3.87,834,4,0.247,0.416,8.7,3.85,4.0,214.0,39.0,0.0335,0.429
BIZ_074,Blend Co,Cafe,ECIL,East,17.544354,78.532232,3,13.0,False,2025-08-01,3.91,835,1,0.345,0.676,3.4,2.95,3.7,218.0,54.0,0.0326,0.386
BIZ_074,Blend Co,Cafe,ECIL,East,17.544354,78.532232,3,13.1,False,2025-09-01,3.91,840,5,0.296,0.657,5.9,3.81,3.28,233.0,27.0,0.0298,0.446
BIZ_074,Blend Co,Cafe,ECIL,East,17.544354,78.532232,3,13.2,False,2025-10-01,3.85,846,6,0.345,0.551,5.5,3.23,3.5,,38.0,0.0264,0.494
BIZ_074,Blend Co,Cafe,ECIL,East,17.544354,78.532232,3,13.2,False,2025-11-01,3.91,850,4,0.424,0.766,5.2,4.16,3.93,257.0,43.0,0.0314,0.408
BIZ_074,Blend Co,Cafe,ECIL,East,17.544354,78.532232,3,13.3,False,2025-12-01,3.81,855,5,0.24,0.489,5.8,3.38,3.75,316.0,92.0,0.1009,0.468
BIZ_074,Blend Co,Cafe,ECIL,East,17.544354,78.532232,3,13.4,False,2026-01-01,4.0,860,5,0.333,,9.5,4.02,3.86,234.0,47.0,0.0223,0.438
BIZ_074,Blend Co,Cafe,ECIL,East,17.544354,78.532232,3,13.5,False,2026-02-01,3.84,868,8,0.238,0.594,6.1,3.35,3.66,236.0,77.0,0.0218,0.422
BIZ_074,Blend Co,Cafe,ECIL,East,17.544354,78.532232,3,13.6,False,2026-03-01,4.0,874,6,,0.534,7.8,4.1,3.34,260.0,55.0,0.038,0.49
BIZ_074,Blend Co,Cafe,ECIL,East,17.544354,78.532232,3,13.7,False,2026-04-01,3.86,880,6,0.252,0.498,8.4,3.92,3.81,197.0,43.0,0.0219,0.462
BIZ_074,Blend Co,Cafe,ECIL,East,17.544354,78.532232,3,13.7,False,2026-05-01,3.93,884,4,0.425,0.385,7.9,3.71,3.41,312.0,5.0,0.0811,0.523
BIZ_074,Blend Co,Cafe,ECIL,East,17.544354,78.532232,3,13.8,False,2026-06-01,4.03,889,5,0.35,0.569,1.4,3.41,3.85,248.0,47.0,0.0236,0.455
BIZ_075,Silver Filter Cafe,Coffee Shop,Hitech City,West,17.454225,78.378442,2,1.5,False,2025-01-01,3.73,145,9,0.389,0.544,7.0,3.44,3.69,335.0,55.0,0.0326,0.41
BIZ_075,Silver Filter Cafe,Coffee Shop,Hitech City,West,17.454225,78.378442,2,1.6,False,2025-02-01,3.74,155,10,0.262,0.646,3.9,3.99,3.84,,43.0,0.0663,0.406
BIZ_075,Silver Filter Cafe,Coffee Shop,Hitech City,West,17.454225,78.378442,2,1.7,False,2025-03-01,3.54,164,9,0.227,0.455,3.6,3.27,4.06,286.0,44.0,0.0252,0.41
BIZ_075,Silver Filter Cafe,Coffee Shop,Hitech City,West,17.454225,78.378442,2,1.8,False,2025-04-01,3.68,170,6,0.227,0.58,4.4,3.05,3.82,189.0,32.0,0.0279,0.45
BIZ_075,Silver Filter Cafe,Coffee Shop,Hitech City,West,17.454225,78.378442,2,1.8,False,2025-05-01,3.84,174,4,0.268,0.528,4.8,3.74,3.7,197.0,43.0,0.0535,0.358
BIZ_075,Silver Filter Cafe,Coffee Shop,Hitech City,West,17.454225,78.378442,2,1.9,False,2025-06-01,3.7,182,8,0.237,0.405,11.0,3.2,3.54,261.0,44.0,0.0209,0.452
BIZ_075,Silver Filter Cafe,Coffee Shop,Hitech City,West,17.454225,78.378442,2,2.0,False,2025-07-01,3.75,191,9,0.263,0.438,16.3,4.02,3.87,126.0,33.0,0.0404,0.519
BIZ_075,Silver Filter Cafe,Coffee Shop,Hitech City,West,17.454225,78.378442,2,2.1,False,2025-08-01,3.48,195,4,0.284,0.7,3.7,3.28,3.84,202.0,25.0,,0.516
BIZ_075,Silver Filter Cafe,Coffee Shop,Hitech City,West,17.454225,78.378442,2,2.2,False,2025-09-01,3.53,198,3,0.311,0.361,7.5,3.33,3.34,325.0,46.0,0.0473,0.401
BIZ_075,Silver Filter Cafe,Coffee Shop,Hitech City,West,17.454225,78.378442,2,2.2,False,2025-10-01,3.71,208,10,0.461,0.691,2.1,3.18,3.46,202.0,54.0,0.0628,0.456
BIZ_075,Silver Filter Cafe,Coffee Shop,Hitech City,West,17.454225,78.378442,2,2.3,False,2025-11-01,3.67,217,9,0.308,0.507,10.8,3.65,4.11,181.0,67.0,0.0324,0.421
BIZ_075,Silver Filter Cafe,Coffee Shop,Hitech City,West,17.454225,78.378442,2,2.4,False,2025-12-01,3.55,226,9,0.324,0.514,,2.99,3.66,260.0,59.0,0.0267,0.37
BIZ_075,Silver Filter Cafe,Coffee Shop,Hitech City,West,17.454225,78.378442,2,2.5,False,2026-01-01,3.72,233,7,0.306,0.495,5.2,3.68,3.56,338.0,48.0,,0.531
BIZ_075,Silver Filter Cafe,Coffee Shop,Hitech City,West,17.454225,78.378442,2,2.6,False,2026-02-01,3.65,244,11,0.457,0.61,4.8,3.64,3.33,243.0,47.0,0.0323,0.362
BIZ_075,Silver Filter Cafe,Coffee Shop,Hitech City,West,17.454225,78.378442,2,2.7,False,2026-03-01,3.72,254,10,0.204,0.523,6.8,3.35,4.03,251.0,27.0,0.0529,0.491
BIZ_075,Silver Filter Cafe,Coffee Shop,Hitech City,West,17.454225,78.378442,2,2.8,False,2026-04-01,3.67,259,5,0.305,0.411,5.0,3.53,3.79,170.0,49.0,0.0243,0.468
BIZ_075,Silver Filter Cafe,Coffee Shop,Hitech City,West,17.454225,78.378442,2,2.8,False,2026-05-01,3.59,269,10,0.431,0.393,14.1,3.44,3.94,237.0,43.0,0.0812,0.424
BIZ_075,Silver Filter Cafe,Coffee Shop,Hitech City,West,17.454225,78.378442,2,2.9,False,2026-06-01,3.6,272,3,0.332,0.467,8.5,3.6,3.88,154.0,49.0,0.025,0.482
BIZ_076,Spice Corner,Cafe,Begumpet,Central,17.404775,78.435913,1,12.8,False,2025-01-01,4.38,405,6,0.732,0.615,8.3,3.74,4.47,290.0,46.0,0.1128,0.427
BIZ_076,Spice Corner,Cafe,Begumpet,Central,17.404775,78.435913,1,12.9,False,2025-02-01,4.52,411,6,0.708,0.513,8.6,4.59,4.55,211.0,65.0,0.0349,0.504
BIZ_076,Spice Corner,Cafe,Begumpet,Central,17.404775,78.435913,1,13.0,False,2025-03-01,4.4,418,7,0.632,0.678,3.6,,4.12,235.0,56.0,0.0792,0.485
BIZ_076,Spice Corner,Cafe,Begumpet,Central,17.404775,78.435913,1,13.1,False,2025-04-01,4.67,423,5,0.673,0.643,4.7,3.96,5.0,149.0,,0.0304,0.488
BIZ_076,Spice Corner,Cafe,Begumpet,Central,17.404775,78.435913,1,13.1,False,2025-05-01,4.54,426,3,0.6,0.658,3.6,4.42,4.93,195.0,35.0,0.0597,0.455
BIZ_076,Spice Corner,Cafe,Begumpet,Central,17.404775,78.435913,1,13.2,False,2025-06-01,4.46,432,6,0.655,0.629,6.3,4.53,4.67,171.0,36.0,0.0447,0.528
BIZ_076,Spice Corner,Cafe,Begumpet,Central,17.404775,78.435913,1,13.3,False,2025-07-01,4.41,437,5,0.578,0.575,4.1,3.95,4.96,222.0,20.0,0.0558,0.413
BIZ_076,Spice Corner,Cafe,Begumpet,Central,17.404775,78.435913,1,13.4,False,2025-08-01,4.31,442,5,0.766,0.566,18.0,4.36,4.45,176.0,28.0,0.0226,0.497
BIZ_076,Spice Corner,Cafe,Begumpet,Central,17.404775,78.435913,1,13.5,False,2025-09-01,4.47,444,2,0.733,0.686,6.2,4.62,4.54,293.0,35.0,0.0207,0.494
BIZ_076,Spice Corner,Cafe,Begumpet,Central,17.404775,78.435913,1,13.6,False,2025-10-01,4.35,447,3,0.689,0.583,,3.89,4.49,252.0,59.0,0.0267,0.405
BIZ_076,Spice Corner,Cafe,Begumpet,Central,17.404775,78.435913,1,13.6,False,2025-11-01,4.29,453,6,0.714,,9.4,4.0,4.8,215.0,35.0,0.1115,0.489
BIZ_076,Spice Corner,Cafe,Begumpet,Central,17.404775,78.435913,1,13.7,False,2025-12-01,4.33,458,5,0.765,0.544,3.4,4.04,4.89,366.0,26.0,0.0374,0.448
BIZ_076,Spice Corner,Cafe,Begumpet,Central,17.404775,78.435913,1,13.8,False,2026-01-01,4.46,464,6,0.813,0.457,3.6,4.66,4.29,290.0,56.0,0.0371,0.503
BIZ_076,Spice Corner,Cafe,Begumpet,Central,17.404775,78.435913,1,13.9,False,2026-02-01,4.39,469,5,0.675,0.543,3.3,4.31,4.86,241.0,75.0,0.0778,0.439
BIZ_076,Spice Corner,Cafe,Begumpet,Central,17.404775,78.435913,1,14.0,False,2026-03-01,4.58,475,6,0.709,0.734,5.5,3.95,4.67,305.0,76.0,0.0339,0.408
BIZ_076,Spice Corner,Cafe,Begumpet,Central,17.404775,78.435913,1,14.1,False,2026-04-01,4.49,479,4,0.782,0.691,3.6,4.63,5.0,253.0,61.0,0.0345,0.428
BIZ_076,Spice Corner,Cafe,Begumpet,Central,17.404775,78.435913,1,14.1,False,2026-05-01,4.25,484,5,0.817,0.409,10.0,3.95,4.53,185.0,31.0,0.0422,0.504
BIZ_076,Spice Corner,Cafe,Begumpet,Central,17.404775,78.435913,1,14.2,False,2026-06-01,4.34,489,5,0.736,0.697,7.6,4.57,4.9,224.0,26.0,0.0298,0.525
BIZ_077,Amber Stir,Coffee Shop,Hitech City,West,17.477599,78.411462,2,5.1,False,2025-01-01,3.79,185,5,0.227,0.494,3.5,3.53,3.72,283.0,48.0,0.0529,0.53
BIZ_077,Amber Stir,Coffee Shop,Hitech City,West,17.477599,78.411462,2,5.2,False,2025-02-01,3.97,189,4,0.059,0.52,9.9,3.62,4.19,342.0,44.0,0.0507,0.52
BIZ_077,Amber Stir,Coffee Shop,Hitech City,West,17.477599,78.411462,2,5.3,False,2025-03-01,3.92,194,5,0.186,0.533,4.6,3.56,3.49,231.0,53.0,0.0333,0.526
BIZ_077,Amber Stir,Coffee Shop,Hitech City,West,17.477599,78.411462,2,5.3,False,2025-04-01,3.83,197,3,0.187,0.459,4.1,3.78,3.57,177.0,75.0,0.0275,0.348
BIZ_077,Amber Stir,Coffee Shop,Hitech City,West,17.477599,78.411462,2,5.4,False,2025-05-01,3.86,200,3,0.175,0.592,6.6,3.17,3.86,146.0,72.0,0.0246,0.533
BIZ_077,Amber Stir,Coffee Shop,Hitech City,West,17.477599,78.411462,2,5.5,False,2025-06-01,3.78,204,4,0.103,0.47,6.6,4.0,3.89,177.0,84.0,0.0209,0.34
BIZ_077,Amber Stir,Coffee Shop,Hitech City,West,17.477599,78.411462,2,5.6,False,2025-07-01,3.93,207,3,0.258,0.46,7.1,3.75,3.78,236.0,61.0,0.0371,0.385
BIZ_077,Amber Stir,Coffee Shop,Hitech City,West,17.477599,78.411462,2,5.7,False,2025-08-01,3.89,209,2,0.062,0.445,8.0,3.7,3.85,224.0,52.0,0.0505,0.44
BIZ_077,Amber Stir,Coffee Shop,Hitech City,West,17.477599,78.411462,2,5.8,False,2025-09-01,3.94,214,5,,0.457,3.5,3.66,3.56,215.0,58.0,0.0294,0.444
BIZ_077,Amber Stir,Coffee Shop,Hitech City,West,17.477599,78.411462,2,5.8,False,2025-10-01,3.85,220,6,0.154,0.726,3.9,3.61,3.21,227.0,62.0,0.0865,0.397
BIZ_077,Amber Stir,Coffee Shop,Hitech City,West,17.477599,78.411462,2,5.9,False,2025-11-01,3.89,225,5,0.123,0.395,13.6,3.97,3.89,204.0,78.0,0.0226,0.384
BIZ_077,Amber Stir,Coffee Shop,Hitech City,West,17.477599,78.411462,2,6.0,False,2025-12-01,3.58,232,7,0.144,0.685,6.7,3.27,3.56,310.0,70.0,0.0572,0.391
BIZ_077,Amber Stir,Coffee Shop,Hitech City,West,17.477599,78.411462,2,6.1,False,2026-01-01,3.83,238,6,0.137,0.615,4.0,3.55,3.66,264.0,55.0,0.0225,0.464
BIZ_077,Amber Stir,Coffee Shop,Hitech City,West,17.477599,78.411462,2,6.2,False,2026-02-01,3.8,243,5,0.115,0.678,8.3,3.23,3.66,324.0,65.0,0.023,0.359
BIZ_077,Amber Stir,Coffee Shop,Hitech City,West,17.477599,78.411462,2,6.3,False,2026-03-01,3.84,249,6,0.084,0.378,7.6,4.3,3.66,234.0,50.0,0.0303,0.361
BIZ_077,Amber Stir,Coffee Shop,Hitech City,West,17.477599,78.411462,2,6.3,False,2026-04-01,3.91,253,4,0.157,0.435,5.4,3.56,3.88,216.0,26.0,0.033,0.355
BIZ_077,Amber Stir,Coffee Shop,Hitech City,West,17.477599,78.411462,2,6.4,False,2026-05-01,3.87,259,6,0.401,0.618,3.7,3.07,4.0,158.0,34.0,0.0418,0.443
BIZ_077,Amber Stir,Coffee Shop,Hitech City,West,17.477599,78.411462,2,6.5,False,2026-06-01,3.83,262,3,0.204,0.609,4.4,3.55,4.21,264.0,44.0,0.036,0.42
BIZ_078,Royal Pour Kitchen,Tea House,Madhapur,West,17.409724,78.399826,2,1.1,False,2025-01-01,4.27,205,21,0.433,0.627,4.5,4.18,4.25,305.0,65.0,0.0253,0.463
BIZ_078,Royal Pour Kitchen,Tea House,Madhapur,West,17.409724,78.399826,2,1.2,False,2025-02-01,4.3,220,15,0.513,0.249,4.1,4.23,3.79,255.0,55.0,0.026,0.483
BIZ_078,Royal Pour Kitchen,Tea House,Madhapur,West,17.409724,78.399826,2,1.3,False,2025-03-01,4.27,240,20,0.5,0.518,6.8,3.95,3.96,316.0,52.0,0.0364,0.513
BIZ_078,Royal Pour Kitchen,Tea House,Madhapur,West,17.409724,78.399826,2,1.4,False,2025-04-01,4.23,248,8,0.456,0.588,5.4,4.12,4.52,213.0,46.0,0.0327,0.427
BIZ_078,Royal Pour Kitchen,Tea House,Madhapur,West,17.409724,78.399826,2,1.4,False,2025-05-01,4.4,262,14,0.538,0.53,3.6,4.74,,271.0,62.0,0.0229,0.538
BIZ_078,Royal Pour Kitchen,Tea House,Madhapur,West,17.409724,78.399826,2,1.5,False,2025-06-01,4.28,275,13,0.421,0.351,11.7,4.35,4.46,208.0,52.0,0.0432,0.492
BIZ_078,Royal Pour Kitchen,Tea House,Madhapur,West,17.409724,78.399826,2,1.6,False,2025-07-01,4.45,288,13,0.301,0.473,17.8,4.19,4.78,164.0,37.0,0.0434,0.367
BIZ_078,Royal Pour Kitchen,Tea House,Madhapur,West,17.409724,78.399826,2,1.7,False,2025-08-01,4.22,294,6,0.426,0.509,9.9,3.56,4.44,222.0,58.0,0.1129,0.414
BIZ_078,Royal Pour Kitchen,Tea House,Madhapur,West,17.409724,78.399826,2,1.8,False,2025-09-01,4.27,299,5,0.358,0.627,3.3,3.92,4.29,212.0,56.0,0.1367,0.434
BIZ_078,Royal Pour Kitchen,Tea House,Madhapur,West,17.409724,78.399826,2,1.9,False,2025-10-01,4.26,306,7,0.446,0.572,2.5,4.0,4.44,103.0,70.0,0.0628,0.406
BIZ_078,Royal Pour Kitchen,Tea House,Madhapur,West,17.409724,78.399826,2,1.9,False,2025-11-01,4.29,312,6,0.302,0.718,4.5,3.87,4.32,,54.0,0.0279,0.453
BIZ_078,Royal Pour Kitchen,Tea House,Madhapur,West,17.409724,78.399826,2,2.0,False,2025-12-01,4.27,331,19,0.307,0.506,12.7,,4.5,307.0,70.0,0.0239,0.455
BIZ_078,Royal Pour Kitchen,Tea House,Madhapur,West,17.409724,78.399826,2,2.1,False,2026-01-01,4.28,350,19,0.374,0.484,5.0,4.47,4.29,295.0,40.0,0.0448,0.494
BIZ_078,Royal Pour Kitchen,Tea House,Madhapur,West,17.409724,78.399826,2,2.2,False,2026-02-01,4.38,361,11,0.403,0.748,3.8,4.52,4.62,208.0,61.0,0.077,0.411
BIZ_078,Royal Pour Kitchen,Tea House,Madhapur,West,17.409724,78.399826,2,2.3,False,2026-03-01,4.37,378,17,0.395,0.483,9.4,4.43,4.02,359.0,70.0,0.0453,0.412
BIZ_078,Royal Pour Kitchen,Tea House,Madhapur,West,17.409724,78.399826,2,2.4,False,2026-04-01,4.28,392,14,0.359,0.563,7.5,4.25,4.54,204.0,63.0,0.1193,0.436
BIZ_078,Royal Pour Kitchen,Tea House,Madhapur,West,17.409724,78.399826,2,2.4,False,2026-05-01,4.26,406,14,0.589,0.491,7.0,4.33,4.16,271.0,46.0,0.0282,0.455
BIZ_078,Royal Pour Kitchen,Tea House,Madhapur,West,17.409724,78.399826,2,2.5,False,2026-06-01,4.44,418,12,0.589,0.541,4.9,3.97,4.08,167.0,30.0,0.0706,0.444
BIZ_079,Amber Brew,Coffee Shop,Somajiguda,Central,17.416257,78.44997,4,1.7,False,2025-01-01,4.22,394,30,0.616,0.504,4.4,4.11,3.74,264.0,28.0,0.0312,0.454
BIZ_079,Amber Brew,Coffee Shop,Somajiguda,Central,17.416257,78.44997,4,1.8,False,2025-02-01,4.33,415,21,0.52,0.389,15.7,3.95,3.7,356.0,71.0,0.0227,0.451
BIZ_079,Amber Brew,Coffee Shop,Somajiguda,Central,17.416257,78.44997,4,1.9,False,2025-03-01,4.27,435,20,0.781,0.563,4.2,3.95,4.17,192.0,62.0,0.0434,0.502
BIZ_079,Amber Brew,Coffee Shop,Somajiguda,Central,17.416257,78.44997,4,1.9,False,2025-04-01,4.2,448,13,0.593,0.364,7.2,3.77,4.0,282.0,75.0,0.1057,0.429
BIZ_079,Amber Brew,Coffee Shop,Somajiguda,Central,17.416257,78.44997,4,2.0,False,2025-05-01,4.35,464,16,0.615,0.538,2.6,4.88,3.67,258.0,47.0,0.0361,0.436
BIZ_079,Amber Brew,Coffee Shop,Somajiguda,Central,17.416257,78.44997,4,2.1,False,2025-06-01,4.29,473,9,0.452,0.429,3.1,4.53,4.35,147.0,62.0,0.0276,0.41
BIZ_079,Amber Brew,Coffee Shop,Somajiguda,Central,17.416257,78.44997,4,2.2,False,2025-07-01,4.22,487,14,0.655,0.458,6.7,4.27,3.79,179.0,57.0,0.0718,0.432
BIZ_079,Amber Brew,Coffee Shop,Somajiguda,Central,17.416257,78.44997,4,2.3,False,2025-08-01,4.16,513,26,0.636,0.404,8.9,3.92,3.41,329.0,38.0,0.0432,0.453
BIZ_079,Amber Brew,Coffee Shop,Somajiguda,Central,17.416257,78.44997,4,2.4,False,2025-09-01,4.11,525,12,0.687,0.547,3.5,3.54,3.73,274.0,47.0,0.0203,0.428
BIZ_079,Amber Brew,Coffee Shop,Somajiguda,Central,17.416257,78.44997,4,2.5,False,2025-10-01,4.17,549,24,0.656,0.591,2.4,3.54,3.65,321.0,51.0,0.0557,0.437
BIZ_079,Amber Brew,Coffee Shop,Somajiguda,Central,17.416257,78.44997,4,2.5,False,2025-11-01,4.24,564,15,0.741,0.505,5.0,4.45,4.09,213.0,59.0,0.0204,0.47
BIZ_079,Amber Brew,Coffee Shop,Somajiguda,Central,17.416257,78.44997,4,2.6,False,2025-12-01,4.1,592,28,0.769,0.644,3.6,4.03,3.75,338.0,73.0,0.0251,0.58
BIZ_079,Amber Brew,Coffee Shop,Somajiguda,Central,17.416257,78.44997,4,2.7,False,2026-01-01,4.33,613,21,0.681,0.541,3.3,3.98,3.44,309.0,52.0,0.0376,0.464
BIZ_079,Amber Brew,Coffee Shop,Somajiguda,Central,17.416257,78.44997,4,2.8,False,2026-02-01,4.3,633,20,0.708,0.517,5.1,3.59,3.7,294.0,52.0,0.0213,0.408
BIZ_079,Amber Brew,Coffee Shop,Somajiguda,Central,17.416257,78.44997,4,2.9,False,2026-03-01,4.18,652,19,0.618,0.49,7.2,3.85,3.23,335.0,57.0,0.0242,0.477
BIZ_079,Amber Brew,Coffee Shop,Somajiguda,Central,17.416257,78.44997,4,3.0,False,2026-04-01,4.32,667,15,0.744,0.515,4.8,4.19,4.18,248.0,49.0,0.0441,0.419
BIZ_079,Amber Brew,Coffee Shop,Somajiguda,Central,17.416257,78.44997,4,3.0,False,2026-05-01,4.32,683,16,0.7,0.676,6.2,4.25,4.22,247.0,35.0,0.1029,0.512
BIZ_079,Amber Brew,Coffee Shop,Somajiguda,Central,17.416257,78.44997,4,3.1,False,2026-06-01,4.19,700,17,0.808,0.401,6.2,4.08,3.59,173.0,41.0,0.047,0.491
BIZ_080,Urban Toast Lounge,Bakery & Cafe,Narsingi,South,17.37852,78.427348,3,3.6,False,2025-01-01,4.31,59,5,0.579,,4.7,4.25,3.98,206.0,61.0,0.0219,0.399
BIZ_080,Urban Toast Lounge,Bakery & Cafe,Narsingi,South,17.37852,78.427348,3,3.7,False,2025-02-01,4.3,65,6,0.761,0.487,3.7,4.57,3.89,295.0,49.0,0.0921,0.461
BIZ_080,Urban Toast Lounge,Bakery & Cafe,Narsingi,South,17.37852,78.427348,3,3.8,False,2025-03-01,4.64,71,6,0.672,0.693,7.3,4.45,4.33,202.0,60.0,0.0247,0.515
BIZ_080,Urban Toast Lounge,Bakery & Cafe,Narsingi,South,17.37852,78.427348,3,3.9,False,2025-04-01,4.3,77,6,0.794,0.57,4.6,,4.47,237.0,43.0,0.0828,0.412
BIZ_080,Urban Toast Lounge,Bakery & Cafe,Narsingi,South,17.37852,78.427348,3,3.9,False,2025-05-01,4.28,82,5,0.73,0.426,3.5,3.63,3.59,236.0,6.0,0.0537,0.492
BIZ_080,Urban Toast Lounge,Bakery & Cafe,Narsingi,South,17.37852,78.427348,3,4.0,False,2025-06-01,4.4,86,4,0.77,0.622,5.2,4.62,4.36,186.0,36.0,0.0485,0.423
BIZ_080,Urban Toast Lounge,Bakery & Cafe,Narsingi,South,17.37852,78.427348,3,4.1,False,2025-07-01,4.3,88,2,0.668,0.568,5.3,4.11,4.33,202.0,54.0,0.0252,0.503
BIZ_080,Urban Toast Lounge,Bakery & Cafe,Narsingi,South,17.37852,78.427348,3,4.2,False,2025-08-01,4.21,95,7,0.785,0.523,4.0,4.16,3.72,325.0,63.0,0.0272,0.52
BIZ_080,Urban Toast Lounge,Bakery & Cafe,Narsingi,South,17.37852,78.427348,3,4.3,False,2025-09-01,4.32,97,2,0.808,0.561,5.7,3.92,3.92,254.0,36.0,0.0304,0.371
BIZ_080,Urban Toast Lounge,Bakery & Cafe,Narsingi,South,17.37852,78.427348,3,4.3,False,2025-10-01,4.33,100,3,0.715,0.317,5.8,4.58,4.2,190.0,65.0,0.035,0.472
BIZ_080,Urban Toast Lounge,Bakery & Cafe,Narsingi,South,17.37852,78.427348,3,4.4,False,2025-11-01,4.22,103,3,0.842,0.595,9.5,3.93,4.06,352.0,,0.0298,0.392
BIZ_080,Urban Toast Lounge,Bakery & Cafe,Narsingi,South,17.37852,78.427348,3,4.5,False,2025-12-01,4.31,109,6,0.826,0.49,6.7,4.25,4.29,369.0,60.0,0.022,0.375
BIZ_080,Urban Toast Lounge,Bakery & Cafe,Narsingi,South,17.37852,78.427348,3,4.6,False,2026-01-01,4.34,115,6,0.813,0.591,4.4,4.5,3.92,359.0,60.0,0.0245,0.589
BIZ_080,Urban Toast Lounge,Bakery & Cafe,Narsingi,South,17.37852,78.427348,3,4.7,False,2026-02-01,4.32,121,6,0.763,0.421,4.6,3.5,4.46,170.0,52.0,0.0279,0.483
BIZ_080,Urban Toast Lounge,Bakery & Cafe,Narsingi,South,17.37852,78.427348,3,4.8,False,2026-03-01,4.23,125,4,0.89,0.507,2.9,4.08,3.93,233.0,107.0,0.0271,0.451
BIZ_080,Urban Toast Lounge,Bakery & Cafe,Narsingi,South,17.37852,78.427348,3,4.8,False,2026-04-01,4.44,130,5,0.863,0.553,3.3,4.61,4.44,295.0,68.0,0.0491,0.388
BIZ_080,Urban Toast Lounge,Bakery & Cafe,Narsingi,South,17.37852,78.427348,3,4.9,False,2026-05-01,4.4,136,6,0.755,0.479,5.8,4.26,4.06,234.0,53.0,0.0341,0.41
BIZ_080,Urban Toast Lounge,Bakery & Cafe,Narsingi,South,17.37852,78.427348,3,5.0,False,2026-06-01,4.27,138,2,0.805,0.543,4.3,3.91,4.11,192.0,48.0,0.0422,0.503
BIZ_081,Silver Brew,Coffee Shop,Ameerpet,Central,17.436867,78.433735,3,0.8,False,2025-01-01,3.86,309,30,0.533,0.519,5.1,3.82,3.58,341.0,76.0,0.0291,0.418
BIZ_081,Silver Brew,Coffee Shop,Ameerpet,Central,17.436867,78.433735,3,0.9,False,2025-02-01,3.73,338,29,0.688,0.465,5.2,3.47,3.49,243.0,58.0,0.0384,0.417
BIZ_081,Silver Brew,Coffee Shop,Ameerpet,Central,17.436867,78.433735,3,1.0,False,2025-03-01,3.94,366,28,0.465,0.517,9.7,3.73,3.6,297.0,65.0,0.0334,0.483
BIZ_081,Silver Brew,Coffee Shop,Ameerpet,Central,17.436867,78.433735,3,1.1,False,2025-04-01,3.9,412,46,,0.305,,3.22,3.81,164.0,42.0,0.0226,0.483
BIZ_081,Silver Brew,Coffee Shop,Ameerpet,Central,17.436867,78.433735,3,1.1,False,2025-05-01,3.82,451,39,0.449,0.475,3.2,4.05,4.01,224.0,24.0,0.0598,0.417
BIZ_081,Silver Brew,Coffee Shop,Ameerpet,Central,17.436867,78.433735,3,1.2,False,2025-06-01,3.85,476,25,0.527,0.251,4.9,3.4,3.69,226.0,53.0,0.0241,0.386
BIZ_081,Silver Brew,Coffee Shop,Ameerpet,Central,17.436867,78.433735,3,1.3,False,2025-07-01,3.83,500,24,0.509,0.606,12.1,3.75,3.33,219.0,33.0,0.0361,0.477
BIZ_081,Silver Brew,Coffee Shop,Ameerpet,Central,17.436867,78.433735,3,1.4,False,2025-08-01,3.82,522,22,0.531,0.64,4.6,3.36,3.22,243.0,47.0,0.0218,0.456
BIZ_081,Silver Brew,Coffee Shop,Ameerpet,Central,17.436867,78.433735,3,1.5,False,2025-09-01,3.82,539,17,0.412,0.412,6.4,3.74,3.52,327.0,61.0,0.0242,0.448
BIZ_081,Silver Brew,Coffee Shop,Ameerpet,Central,17.436867,78.433735,3,1.6,False,2025-10-01,3.79,575,36,0.53,0.552,7.6,3.44,3.67,237.0,48.0,0.0202,0.368
BIZ_081,Silver Brew,Coffee Shop,Ameerpet,Central,17.436867,78.433735,3,1.6,False,2025-11-01,3.84,593,18,0.529,0.462,6.8,3.98,3.97,303.0,42.0,0.0218,0.425
BIZ_081,Silver Brew,Coffee Shop,Ameerpet,Central,17.436867,78.433735,3,1.7,False,2025-12-01,3.82,621,28,0.458,0.551,3.9,3.66,3.72,253.0,38.0,0.033,0.521
BIZ_081,Silver Brew,Coffee Shop,Ameerpet,Central,17.436867,78.433735,3,1.8,False,2026-01-01,3.93,636,15,0.598,0.656,4.1,,3.65,313.0,72.0,0.0203,0.414
BIZ_081,Silver Brew,Coffee Shop,Ameerpet,Central,17.436867,78.433735,3,1.9,False,2026-02-01,3.79,657,21,0.623,0.516,6.3,3.34,3.23,330.0,57.0,0.0285,0.502
BIZ_081,Silver Brew,Coffee Shop,Ameerpet,Central,17.436867,78.433735,3,2.0,False,2026-03-01,3.85,691,34,0.568,0.47,2.3,3.75,,323.0,48.0,0.021,0.407
BIZ_081,Silver Brew,Coffee Shop,Ameerpet,Central,17.436867,78.433735,3,2.0,False,2026-04-01,3.96,719,28,0.406,0.617,1.2,3.16,3.89,276.0,40.0,0.0302,0.551
BIZ_081,Silver Brew,Coffee Shop,Ameerpet,Central,17.436867,78.433735,3,2.1,False,2026-05-01,3.91,748,29,0.6,0.502,6.6,3.73,3.83,131.0,39.0,0.0414,0.422
BIZ_081,Silver Brew,Coffee Shop,Ameerpet,Central,17.436867,78.433735,3,2.2,False,2026-06-01,3.87,782,34,0.39,0.454,2.6,3.59,3.56,221.0,34.0,0.0478,0.414
BIZ_082,Silver Cup Bar,Coffee Shop,Banjara Hills,Central,17.403217,78.454355,1,2.0,False,2025-01-01,4.01,150,7,0.202,0.624,2.0,3.66,4.56,175.0,56.0,0.1048,0.429
BIZ_082,Silver Cup Bar,Coffee Shop,Banjara Hills,Central,17.403217,78.454355,1,2.1,False,2025-02-01,4.19,156,6,0.374,0.512,6.8,4.18,4.33,,81.0,0.0379,0.542
BIZ_082,Silver Cup Bar,Coffee Shop,Banjara Hills,Central,17.403217,78.454355,1,2.2,False,2025-03-01,4.09,165,9,0.336,0.474,4.5,3.74,4.3,278.0,60.0,0.0307,0.382
BIZ_082,Silver Cup Bar,Coffee Shop,Banjara Hills,Central,17.403217,78.454355,1,2.2,False,2025-04-01,4.22,172,7,0.403,0.47,4.7,3.98,4.4,312.0,79.0,0.022,0.422
BIZ_082,Silver Cup Bar,Coffee Shop,Banjara Hills,Central,17.403217,78.454355,1,2.3,False,2025-05-01,4.14,177,5,0.388,0.536,2.0,4.31,4.54,,29.0,0.0274,0.411
BIZ_082,Silver Cup Bar,Coffee Shop,Banjara Hills,Central,17.403217,78.454355,1,2.4,False,2025-06-01,4.16,181,4,0.227,0.631,4.1,3.41,4.28,243.0,49.0,,0.429
BIZ_082,Silver Cup Bar,Coffee Shop,Banjara Hills,Central,17.403217,78.454355,1,2.5,False,2025-07-01,4.02,184,3,0.431,0.518,4.7,4.14,4.0,218.0,69.0,0.0224,0.509
BIZ_082,Silver Cup Bar,Coffee Shop,Banjara Hills,Central,17.403217,78.454355,1,2.6,False,2025-08-01,4.1,190,6,0.436,0.537,5.5,3.6,4.31,150.0,41.0,0.0382,0.435
BIZ_082,Silver Cup Bar,Coffee Shop,Banjara Hills,Central,17.403217,78.454355,1,2.7,False,2025-09-01,4.11,195,5,0.366,0.534,4.1,3.94,4.01,270.0,48.0,0.0397,0.441
BIZ_082,Silver Cup Bar,Coffee Shop,Banjara Hills,Central,17.403217,78.454355,1,2.8,False,2025-10-01,3.85,203,8,0.526,0.486,6.7,4.03,4.27,176.0,53.0,0.0594,0.543
BIZ_082,Silver Cup Bar,Coffee Shop,Banjara Hills,Central,17.403217,78.454355,1,2.8,False,2025-11-01,3.91,207,4,0.541,0.436,3.5,3.82,4.44,305.0,45.0,0.0211,0.424
BIZ_082,Silver Cup Bar,Coffee Shop,Banjara Hills,Central,17.403217,78.454355,1,2.9,False,2025-12-01,4.11,214,7,0.47,0.473,13.3,4.01,4.2,242.0,55.0,0.0454,0.444
BIZ_082,Silver Cup Bar,Coffee Shop,Banjara Hills,Central,17.403217,78.454355,1,3.0,False,2026-01-01,3.98,220,6,0.538,0.608,3.0,4.1,4.37,284.0,35.0,0.0219,0.484
BIZ_082,Silver Cup Bar,Coffee Shop,Banjara Hills,Central,17.403217,78.454355,1,3.1,False,2026-02-01,4.04,225,5,0.565,0.519,8.1,4.3,4.52,338.0,59.0,0.0388,0.459
BIZ_082,Silver Cup Bar,Coffee Shop,Banjara Hills,Central,17.403217,78.454355,1,3.2,False,2026-03-01,4.09,233,8,0.56,0.359,5.8,4.24,4.41,266.0,61.0,0.0509,0.463
BIZ_082,Silver Cup Bar,Coffee Shop,Banjara Hills,Central,17.403217,78.454355,1,3.2,False,2026-04-01,4.07,240,7,0.368,0.592,5.8,3.68,4.08,233.0,30.0,0.0378,0.373
BIZ_082,Silver Cup Bar,Coffee Shop,Banjara Hills,Central,17.403217,78.454355,1,3.3,False,2026-05-01,4.08,243,3,0.327,0.611,,3.49,3.83,170.0,35.0,0.0323,0.507
BIZ_082,Silver Cup Bar,Coffee Shop,Banjara Hills,Central,17.403217,78.454355,1,3.4,False,2026-06-01,4.06,247,4,0.595,0.655,4.3,3.73,4.83,253.0,47.0,0.0367,0.482
BIZ_083,Cozy Filter,Cafe,Charminar,Old City,17.355832,78.489794,3,2.1,False,2025-01-01,4.52,1071,53,0.894,0.603,3.2,4.19,3.66,256.0,71.0,0.022,0.608
BIZ_083,Cozy Filter,Cafe,Charminar,Old City,17.355832,78.489794,3,2.2,False,2025-02-01,4.67,1118,47,0.851,0.522,6.3,4.1,4.49,348.0,29.0,0.0458,0.545
BIZ_083,Cozy Filter,Cafe,Charminar,Old City,17.355832,78.489794,3,2.3,False,2025-03-01,4.61,1181,63,0.859,0.492,5.3,4.35,4.02,276.0,65.0,0.0247,0.496
BIZ_083,Cozy Filter,Cafe,Charminar,Old City,17.355832,78.489794,3,2.4,False,2025-04-01,4.52,1244,63,0.774,0.289,5.5,4.54,4.06,200.0,64.0,0.0511,0.45
BIZ_083,Cozy Filter,Cafe,Charminar,Old City,17.355832,78.489794,3,2.4,False,2025-05-01,4.46,1277,33,0.93,0.424,2.7,4.61,4.22,268.0,41.0,0.0392,0.374
BIZ_083,Cozy Filter,Cafe,Charminar,Old City,17.355832,78.489794,3,2.5,False,2025-06-01,4.54,1320,43,0.791,0.597,4.7,5.0,3.79,285.0,37.0,0.0311,0.508
BIZ_083,Cozy Filter,Cafe,Charminar,Old City,17.355832,78.489794,3,2.6,False,2025-07-01,4.45,1373,53,1.0,0.661,6.6,4.17,4.31,191.0,45.0,0.0294,0.477
BIZ_083,Cozy Filter,Cafe,Charminar,Old City,17.355832,78.489794,3,2.7,False,2025-08-01,4.4,1395,22,0.937,0.573,4.7,4.61,4.13,202.0,53.0,0.0857,0.496
BIZ_083,Cozy Filter,Cafe,Charminar,Old City,17.355832,78.489794,3,2.8,False,2025-09-01,4.47,1440,45,0.957,0.502,5.4,4.27,4.41,287.0,41.0,0.0218,0.384
BIZ_083,Cozy Filter,Cafe,Charminar,Old City,17.355832,78.489794,3,2.9,False,2025-10-01,4.33,1464,24,0.815,0.456,4.8,4.33,4.18,154.0,51.0,0.0235,0.409
BIZ_083,Cozy Filter,Cafe,Charminar,Old City,17.355832,78.489794,3,2.9,False,2025-11-01,4.35,1524,60,0.939,0.725,2.8,4.61,3.97,243.0,94.0,0.044,0.427
BIZ_083,Cozy Filter,Cafe,Charminar,Old City,17.355832,78.489794,3,3.0,False,2025-12-01,4.42,1607,83,,0.463,3.0,,3.92,277.0,27.0,0.0251,0.406
BIZ_083,Cozy Filter,Cafe,Charminar,Old City,17.355832,78.489794,3,3.1,False,2026-01-01,4.57,1627,20,0.876,0.566,6.2,3.99,3.93,326.0,55.0,0.0436,0.439
BIZ_083,Cozy Filter,Cafe,Charminar,Old City,17.355832,78.489794,3,3.2,False,2026-02-01,4.44,1663,36,0.829,0.58,2.8,4.16,4.02,209.0,69.0,0.0214,0.498
BIZ_083,Cozy Filter,Cafe,Charminar,Old City,17.355832,78.489794,3,3.3,False,2026-03-01,4.58,1704,41,0.847,0.568,2.3,3.74,5.0,228.0,47.0,0.0471,0.517
BIZ_083,Cozy Filter,Cafe,Charminar,Old City,17.355832,78.489794,3,3.4,False,2026-04-01,4.44,1746,42,0.856,0.632,3.4,4.13,4.48,198.0,51.0,0.0308,0.419
BIZ_083,Cozy Filter,Cafe,Charminar,Old City,17.355832,78.489794,3,3.4,False,2026-05-01,4.46,1793,47,0.921,0.554,4.2,4.37,4.21,278.0,56.0,0.0218,0.537
BIZ_083,Cozy Filter,Cafe,Charminar,Old City,17.355832,78.489794,3,3.5,False,2026-06-01,4.5,1846,53,0.971,0.458,11.7,4.38,4.21,231.0,60.0,0.0235,0.577
BIZ_084,Cozy Toast,Tea House,Miyapur,West,17.412595,78.360347,3,4.5,False,2025-01-01,3.8,452,5,0.482,0.657,1.6,3.88,3.55,353.0,56.0,0.0567,0.464
BIZ_084,Cozy Toast,Tea House,Miyapur,West,17.412595,78.360347,3,4.6,False,2025-02-01,3.82,460,8,0.516,0.414,6.5,3.87,3.87,305.0,50.0,0.0266,0.434
BIZ_084,Cozy Toast,Tea House,Miyapur,West,17.412595,78.360347,3,4.7,False,2025-03-01,3.9,467,7,0.549,0.621,3.9,3.43,4.18,223.0,58.0,0.0344,0.412
BIZ_084,Cozy Toast,Tea House,Miyapur,West,17.412595,78.360347,3,4.8,False,2025-04-01,3.93,472,5,0.481,0.562,5.2,3.88,3.44,332.0,78.0,0.0391,0.418
BIZ_084,Cozy Toast,Tea House,Miyapur,West,17.412595,78.360347,3,4.8,False,2025-05-01,3.79,478,6,0.338,0.493,9.2,3.33,3.02,168.0,58.0,0.0205,0.427
BIZ_084,Cozy Toast,Tea House,Miyapur,West,17.412595,78.360347,3,4.9,False,2025-06-01,3.68,487,9,0.373,0.473,7.0,3.16,3.44,287.0,49.0,0.0707,0.476
BIZ_084,Cozy Toast,Tea House,Miyapur,West,17.412595,78.360347,3,5.0,False,2025-07-01,3.84,499,12,0.376,0.466,6.2,3.64,3.85,238.0,37.0,0.0659,0.323
BIZ_084,Cozy Toast,Tea House,Miyapur,West,17.412595,78.360347,3,5.1,False,2025-08-01,3.6,504,5,0.392,0.403,9.7,3.4,3.35,154.0,42.0,,0.483
BIZ_084,Cozy Toast,Tea House,Miyapur,West,17.412595,78.360347,3,5.2,False,2025-09-01,3.7,509,5,0.467,0.528,4.1,3.27,3.24,268.0,27.0,0.0361,0.439
BIZ_084,Cozy Toast,Tea House,Miyapur,West,17.412595,78.360347,3,5.2,False,2025-10-01,3.65,517,8,0.513,0.585,20.0,3.23,3.51,327.0,72.0,0.0338,0.452
BIZ_084,Cozy Toast,Tea House,Miyapur,West,17.412595,78.360347,3,5.3,False,2025-11-01,3.57,524,7,0.44,0.508,5.5,3.45,3.5,281.0,68.0,0.0321,0.473
BIZ_084,Cozy Toast,Tea House,Miyapur,West,17.412595,78.360347,3,5.4,False,2025-12-01,3.68,532,8,0.464,0.577,3.3,3.29,3.06,334.0,51.0,0.0495,0.357
BIZ_084,Cozy Toast,Tea House,Miyapur,West,17.412595,78.360347,3,5.5,False,2026-01-01,3.82,541,9,0.482,0.53,6.8,3.76,3.74,299.0,56.0,0.0204,0.498
BIZ_084,Cozy Toast,Tea House,Miyapur,West,17.412595,78.360347,3,5.6,False,2026-02-01,3.69,554,13,0.47,0.551,8.8,3.32,3.73,263.0,34.0,,0.465
BIZ_084,Cozy Toast,Tea House,Miyapur,West,17.412595,78.360347,3,5.7,False,2026-03-01,3.74,566,12,0.405,0.531,4.9,3.69,3.59,314.0,63.0,0.067,0.377
BIZ_084,Cozy Toast,Tea House,Miyapur,West,17.412595,78.360347,3,5.8,False,2026-04-01,3.91,575,9,0.488,0.691,3.2,3.67,3.79,203.0,47.0,0.0257,0.421
BIZ_084,Cozy Toast,Tea House,Miyapur,West,17.412595,78.360347,3,5.8,False,2026-05-01,3.9,586,11,0.532,0.462,8.0,3.55,3.24,227.0,65.0,0.0623,0.495
BIZ_084,Cozy Toast,Tea House,Miyapur,West,17.412595,78.360347,3,5.9,False,2026-06-01,3.77,594,8,0.386,0.426,6.1,3.37,3.18,208.0,45.0,0.0415,0.483
BIZ_085,Jade Cup Place,Cafe,Narsingi,South,17.389886,78.444752,3,2.4,False,2025-01-01,3.87,290,15,0.681,0.427,11.8,3.82,3.73,275.0,35.0,0.0583,0.439
BIZ_085,Jade Cup Place,Cafe,Narsingi,South,17.389886,78.444752,3,2.5,False,2025-02-01,3.94,297,7,0.686,0.424,2.5,3.75,4.17,311.0,67.0,0.0204,0.394
BIZ_085,Jade Cup Place,Cafe,Narsingi,South,17.389886,78.444752,3,2.6,False,2025-03-01,4.07,311,14,0.54,0.612,5.2,4.0,4.31,192.0,48.0,0.103,0.544
BIZ_085,Jade Cup Place,Cafe,Narsingi,South,17.389886,78.444752,3,2.6,False,2025-04-01,3.96,317,6,0.458,0.637,2.8,4.32,3.07,321.0,57.0,0.0219,0.46
BIZ_085,Jade Cup Place,Cafe,Narsingi,South,17.389886,78.444752,3,2.7,False,2025-05-01,4.03,322,5,0.645,0.369,5.5,3.83,3.94,231.0,48.0,0.025,0.414
BIZ_085,Jade Cup Place,Cafe,Narsingi,South,17.389886,78.444752,3,2.8,False,2025-06-01,3.9,332,10,0.666,0.603,3.4,3.81,3.72,150.0,49.0,0.034,0.491
BIZ_085,Jade Cup Place,Cafe,Narsingi,South,17.389886,78.444752,3,2.9,False,2025-07-01,3.94,340,8,0.539,0.56,,3.87,3.51,172.0,22.0,0.0765,0.426
BIZ_085,Jade Cup Place,Cafe,Narsingi,South,17.389886,78.444752,3,3.0,False,2025-08-01,3.84,348,8,0.479,0.373,12.3,3.52,3.68,231.0,,0.1047,0.434
BIZ_085,Jade Cup Place,Cafe,Narsingi,South,17.389886,78.444752,3,3.1,False,2025-09-01,3.89,361,13,0.49,0.472,4.0,3.65,3.43,159.0,50.0,,0.405
BIZ_085,Jade Cup Place,Cafe,Narsingi,South,17.389886,78.444752,3,3.1,False,2025-10-01,3.99,370,9,0.479,0.629,4.9,3.69,3.84,217.0,34.0,0.0225,0.46
BIZ_085,Jade Cup Place,Cafe,Narsingi,South,17.389886,78.444752,3,3.2,False,2025-11-01,3.85,385,15,0.541,0.598,6.2,3.85,3.45,278.0,52.0,0.0504,0.468
BIZ_085,Jade Cup Place,Cafe,Narsingi,South,17.389886,78.444752,3,3.3,False,2025-12-01,3.73,395,10,0.326,0.378,4.5,3.86,3.7,254.0,67.0,0.0311,0.438
BIZ_085,Jade Cup Place,Cafe,Narsingi,South,17.389886,78.444752,3,3.4,False,2026-01-01,3.97,404,9,0.495,0.671,4.1,3.88,3.9,279.0,67.0,0.0709,0.453
BIZ_085,Jade Cup Place,Cafe,Narsingi,South,17.389886,78.444752,3,3.5,False,2026-02-01,3.89,413,9,0.632,0.308,11.9,3.51,3.51,295.0,34.0,0.0673,0.436
BIZ_085,Jade Cup Place,Cafe,Narsingi,South,17.389886,78.444752,3,3.6,False,2026-03-01,3.93,422,9,0.503,0.651,1.9,4.11,4.3,332.0,,0.055,0.41
BIZ_085,Jade Cup Place,Cafe,Narsingi,South,17.389886,78.444752,3,3.6,False,2026-04-01,3.94,429,7,0.486,0.391,6.4,3.29,3.69,187.0,,0.02,0.462
BIZ_085,Jade Cup Place,Cafe,Narsingi,South,17.389886,78.444752,3,3.7,False,2026-05-01,4.02,438,9,0.461,0.456,20.0,4.1,3.77,202.0,24.0,0.028,0.45
BIZ_085,Jade Cup Place,Cafe,Narsingi,South,17.389886,78.444752,3,3.8,False,2026-06-01,3.94,447,9,0.55,0.546,5.9,3.76,3.91,105.0,66.0,0.032,0.481
BIZ_086,Ivory Drip,Restaurant & Cafe,Kondapur,West,17.403838,78.388216,3,8.7,False,2025-01-01,3.89,42,8,,0.443,11.5,3.61,3.57,267.0,46.0,0.0261,0.463
BIZ_086,Ivory Drip,Restaurant & Cafe,Kondapur,West,17.403838,78.388216,3,8.8,False,2025-02-01,3.86,48,6,0.415,0.614,7.5,3.13,3.44,270.0,56.0,0.0515,0.445
BIZ_086,Ivory Drip,Restaurant & Cafe,Kondapur,West,17.403838,78.388216,3,8.9,False,2025-03-01,3.98,54,6,0.424,0.568,25.1,3.47,3.5,256.0,74.0,0.0236,0.438
BIZ_086,Ivory Drip,Restaurant & Cafe,Kondapur,West,17.403838,78.388216,3,8.9,False,2025-04-01,3.8,62,8,0.372,0.428,6.1,3.87,3.6,274.0,36.0,0.038,0.409
BIZ_086,Ivory Drip,Restaurant & Cafe,Kondapur,West,17.403838,78.388216,3,9.0,False,2025-05-01,3.9,66,4,0.462,0.498,,3.95,3.88,150.0,24.0,0.0414,0.453
BIZ_086,Ivory Drip,Restaurant & Cafe,Kondapur,West,17.403838,78.388216,3,9.1,False,2025-06-01,3.81,69,3,0.445,0.658,5.7,3.51,3.74,199.0,49.0,0.0307,0.528
BIZ_086,Ivory Drip,Restaurant & Cafe,Kondapur,West,17.403838,78.388216,3,9.2,False,2025-07-01,3.86,70,1,0.527,,8.9,3.49,3.55,171.0,74.0,0.0237,0.381
BIZ_086,Ivory Drip,Restaurant & Cafe,Kondapur,West,17.403838,78.388216,3,9.3,False,2025-08-01,3.71,74,4,0.358,0.586,10.7,3.46,3.54,318.0,25.0,0.0425,0.495
BIZ_086,Ivory Drip,Restaurant & Cafe,Kondapur,West,17.403838,78.388216,3,9.4,False,2025-09-01,3.85,77,3,0.462,0.652,7.3,3.7,4.14,257.0,66.0,0.0216,0.488
BIZ_086,Ivory Drip,Restaurant & Cafe,Kondapur,West,17.403838,78.388216,3,9.4,False,2025-10-01,3.85,81,4,0.472,0.413,10.7,3.42,,192.0,65.0,0.0202,0.399
BIZ_086,Ivory Drip,Restaurant & Cafe,Kondapur,West,17.403838,78.388216,3,9.5,False,2025-11-01,3.8,87,6,0.471,0.491,10.2,3.64,3.65,260.0,42.0,0.0282,0.419
BIZ_086,Ivory Drip,Restaurant & Cafe,Kondapur,West,17.403838,78.388216,3,9.6,False,2025-12-01,3.9,94,7,0.589,0.709,3.2,3.65,3.6,248.0,28.0,0.0237,0.547
BIZ_086,Ivory Drip,Restaurant & Cafe,Kondapur,West,17.403838,78.388216,3,9.7,False,2026-01-01,3.81,102,8,0.463,0.559,7.1,3.53,3.67,202.0,44.0,0.0376,0.49
BIZ_086,Ivory Drip,Restaurant & Cafe,Kondapur,West,17.403838,78.388216,3,9.8,False,2026-02-01,3.73,109,7,0.443,0.42,8.7,3.81,3.42,318.0,22.0,0.0409,0.375
BIZ_086,Ivory Drip,Restaurant & Cafe,Kondapur,West,17.403838,78.388216,3,9.9,False,2026-03-01,3.78,112,3,0.467,0.516,5.2,3.26,3.29,273.0,61.0,0.051,0.464
BIZ_086,Ivory Drip,Restaurant & Cafe,Kondapur,West,17.403838,78.388216,3,9.9,False,2026-04-01,3.96,116,4,0.383,0.664,4.8,3.8,3.6,219.0,62.0,0.0447,0.48
BIZ_086,Ivory Drip,Restaurant & Cafe,Kondapur,West,17.403838,78.388216,3,10.0,False,2026-05-01,3.93,119,3,0.552,0.53,4.0,3.67,3.78,216.0,,0.0217,0.401
BIZ_086,Ivory Drip,Restaurant & Cafe,Kondapur,West,17.403838,78.388216,3,10.1,False,2026-06-01,3.91,121,2,0.504,0.557,2.1,3.57,3.77,238.0,40.0,0.0312,0.35
BIZ_087,Cedar Swirl Spot,Cafe,Alwal,East,17.459798,78.54046,3,12.7,False,2025-01-01,3.83,1088,5,0.444,0.692,6.6,3.52,3.48,259.0,38.0,0.0488,0.492
BIZ_087,Cedar Swirl Spot,Cafe,Alwal,East,17.459798,78.54046,3,12.8,False,2025-02-01,4.02,1094,6,0.394,0.536,3.2,3.86,,300.0,77.0,0.0219,0.477
BIZ_087,Cedar Swirl Spot,Cafe,Alwal,East,17.459798,78.54046,3,12.9,False,2025-03-01,0.0,1101,7,0.559,0.539,2.0,2.91,3.74,274.0,56.0,0.0255,0.53
BIZ_087,Cedar Swirl Spot,Cafe,Alwal,East,17.459798,78.54046,3,12.9,False,2025-04-01,4.01,1107,6,0.384,,7.9,3.7,3.74,391.0,66.0,0.0281,0.414
BIZ_087,Cedar Swirl Spot,Cafe,Alwal,East,17.459798,78.54046,3,13.0,False,2025-05-01,3.96,1113,6,0.365,0.605,3.2,3.31,3.36,231.0,70.0,0.0459,0.574
BIZ_087,Cedar Swirl Spot,Cafe,Alwal,East,17.459798,78.54046,3,13.1,False,2025-06-01,3.94,1120,7,0.565,0.691,5.6,3.7,3.87,176.0,45.0,0.0289,0.503
BIZ_087,Cedar Swirl Spot,Cafe,Alwal,East,17.459798,78.54046,3,13.2,False,2025-07-01,3.89,1129,9,0.459,0.561,4.3,3.63,3.75,209.0,35.0,0.0444,0.349
BIZ_087,Cedar Swirl Spot,Cafe,Alwal,East,17.459798,78.54046,3,13.3,False,2025-08-01,3.71,1132,3,0.513,0.5,7.2,4.01,3.24,241.0,51.0,0.0456,0.401
BIZ_087,Cedar Swirl Spot,Cafe,Alwal,East,17.459798,78.54046,3,13.4,False,2025-09-01,3.85,1139,7,0.417,0.57,3.5,4.05,3.88,,56.0,0.0289,0.419
BIZ_087,Cedar Swirl Spot,Cafe,Alwal,East,17.459798,78.54046,3,13.4,False,2025-10-01,3.83,1145,6,0.392,0.646,5.3,3.48,3.79,236.0,45.0,0.0908,0.379
BIZ_087,Cedar Swirl Spot,Cafe,Alwal,East,17.459798,78.54046,3,13.5,False,2025-11-01,3.9,1151,6,0.528,0.536,6.9,3.73,3.08,196.0,59.0,0.0303,0.448
BIZ_087,Cedar Swirl Spot,Cafe,Alwal,East,17.459798,78.54046,3,13.6,False,2025-12-01,3.93,1158,7,0.554,0.315,13.3,3.96,3.84,115.0,75.0,0.0283,0.495
BIZ_087,Cedar Swirl Spot,Cafe,Alwal,East,17.459798,78.54046,3,13.7,False,2026-01-01,3.88,1168,10,0.487,0.58,6.9,4.07,3.83,333.0,44.0,0.0501,0.419
BIZ_087,Cedar Swirl Spot,Cafe,Alwal,East,17.459798,78.54046,3,13.8,False,2026-02-01,4.03,1173,5,0.516,0.537,12.6,3.37,4.27,264.0,50.0,0.0216,0.497
BIZ_087,Cedar Swirl Spot,Cafe,Alwal,East,17.459798,78.54046,3,13.9,False,2026-03-01,4.01,1184,11,0.403,0.515,3.9,3.65,3.46,236.0,35.0,0.0461,0.408
BIZ_087,Cedar Swirl Spot,Cafe,Alwal,East,17.459798,78.54046,3,13.9,False,2026-04-01,4.01,1190,6,0.602,0.547,6.3,4.09,4.04,261.0,47.0,0.0335,0.402
BIZ_087,Cedar Swirl Spot,Cafe,Alwal,East,17.459798,78.54046,3,14.0,False,2026-05-01,4.02,1197,7,0.298,0.563,1.9,4.26,3.49,221.0,46.0,0.041,0.353
BIZ_087,Cedar Swirl Spot,Cafe,Alwal,East,17.459798,78.54046,3,14.1,False,2026-06-01,3.9,1202,5,0.402,0.509,5.5,3.32,3.79,101.0,43.0,0.0526,0.422
BIZ_088,Filter House,Tea House,Nampally,Old City,17.348328,78.479004,3,1.0,False,2025-01-01,4.6,664,59,0.351,0.512,6.3,4.67,4.39,248.0,56.0,0.0623,0.495
BIZ_088,Filter House,Tea House,Nampally,Old City,17.348328,78.479004,3,1.1,False,2025-02-01,4.47,701,37,0.548,0.453,7.3,4.05,4.11,335.0,58.0,0.0343,0.48
BIZ_088,Filter House,Tea House,Nampally,Old City,17.348328,78.479004,3,1.2,False,2025-03-01,4.51,749,48,0.585,0.561,11.1,3.82,4.37,278.0,52.0,0.0255,0.484
BIZ_088,Filter House,Tea House,Nampally,Old City,17.348328,78.479004,3,1.2,False,2025-04-01,4.64,798,49,0.478,0.494,7.8,4.32,4.59,308.0,53.0,0.0707,0.588
BIZ_088,Filter House,Tea House,Nampally,Old City,17.348328,78.479004,3,1.3,False,2025-05-01,4.55,837,39,0.542,0.41,3.7,4.36,4.37,242.0,45.0,0.0233,0.584
BIZ_088,Filter House,Tea House,Nampally,Old City,17.348328,78.479004,3,1.4,False,2025-06-01,4.52,882,45,0.549,,9.3,3.79,,152.0,69.0,0.0231,0.437
BIZ_088,Filter House,Tea House,Nampally,Old City,17.348328,78.479004,3,1.5,False,2025-07-01,4.56,932,50,0.526,0.624,9.9,3.81,4.0,267.0,55.0,0.0343,0.537
BIZ_088,Filter House,Tea House,Nampally,Old City,17.348328,78.479004,3,1.6,False,2025-08-01,4.48,988,56,0.805,0.516,4.1,4.33,4.34,191.0,50.0,0.0289,0.438
BIZ_088,Filter House,Tea House,Nampally,Old City,17.348328,78.479004,3,1.7,False,2025-09-01,4.4,1006,18,0.653,0.316,19.2,4.04,4.13,155.0,52.0,0.0203,0.478
BIZ_088,Filter House,Tea House,Nampally,Old City,17.348328,78.479004,3,1.8,False,2025-10-01,4.47,1065,59,0.496,0.519,3.1,4.29,4.23,209.0,52.0,0.0578,0.516
BIZ_088,Filter House,Tea House,Nampally,Old City,17.348328,78.479004,3,1.8,False,2025-11-01,4.5,1119,54,0.592,0.582,3.5,4.57,4.07,291.0,61.0,0.0264,0.399
BIZ_088,Filter House,Tea House,Nampally,Old City,17.348328,78.479004,3,1.9,False,2025-12-01,4.38,1156,37,0.565,0.573,1.2,4.57,4.21,204.0,58.0,0.0418,0.444
BIZ_088,Filter House,Tea House,Nampally,Old City,17.348328,78.479004,3,2.0,False,2026-01-01,4.63,1199,43,0.6,0.572,4.5,4.47,4.63,326.0,64.0,0.0837,0.618
BIZ_088,Filter House,Tea House,Nampally,Old City,17.348328,78.479004,3,2.1,False,2026-02-01,4.53,1245,46,,0.643,3.9,4.37,4.36,284.0,46.0,0.0223,0.477
BIZ_088,Filter House,Tea House,Nampally,Old City,17.348328,78.479004,3,2.2,False,2026-03-01,4.59,1323,78,0.568,0.492,4.1,,4.49,245.0,50.0,0.0411,0.487
BIZ_088,Filter House,Tea House,Nampally,Old City,17.348328,78.479004,3,2.2,False,2026-04-01,4.69,1335,12,0.609,0.459,7.7,4.22,4.79,295.0,58.0,0.0256,0.509
BIZ_088,Filter House,Tea House,Nampally,Old City,17.348328,78.479004,3,2.3,False,2026-05-01,4.65,1372,37,0.524,0.518,4.9,4.71,4.38,215.0,21.0,0.0404,0.479
BIZ_088,Filter House,Tea House,Nampally,Old City,17.348328,78.479004,3,2.4,False,2026-06-01,4.67,1430,58,0.545,0.453,5.5,4.9,4.4,221.0,37.0,0.0381,0.466
BIZ_089,Drip Station,Cafe,Madhapur,West,17.439694,78.384637,3,4.0,False,2025-01-01,3.45,158,7,0.348,0.549,5.2,3.46,3.01,354.0,59.0,0.033,0.469
BIZ_089,Drip Station,Cafe,Madhapur,West,17.439694,78.384637,3,4.1,False,2025-02-01,3.59,160,2,0.367,0.507,4.6,2.95,3.39,284.0,36.0,0.0376,0.45
BIZ_089,Drip Station,Cafe,Madhapur,West,17.439694,78.384637,3,4.2,False,2025-03-01,3.43,165,5,0.369,0.772,2.7,2.69,3.04,230.0,42.0,0.1312,0.445
BIZ_089,Drip Station,Cafe,Madhapur,West,17.439694,78.384637,3,4.2,False,2025-04-01,3.62,170,5,0.285,0.504,9.1,3.56,3.44,248.0,55.0,0.0576,0.378
BIZ_089,Drip Station,Cafe,Madhapur,West,17.439694,78.384637,3,4.3,False,2025-05-01,3.43,173,3,0.253,0.535,16.0,3.08,2.88,214.0,61.0,0.069,0.49
BIZ_089,Drip Station,Cafe,Madhapur,West,17.439694,78.384637,3,4.4,False,2025-06-01,3.43,177,4,0.328,0.403,11.2,3.39,2.83,215.0,49.0,0.0755,0.416
BIZ_089,Drip Station,Cafe,Madhapur,West,17.439694,78.384637,3,4.5,False,2025-07-01,3.53,183,6,0.204,0.428,6.5,3.94,3.06,212.0,29.0,0.0734,0.411
BIZ_089,Drip Station,Cafe,Madhapur,West,17.439694,78.384637,3,4.6,False,2025-08-01,3.54,190,7,0.321,0.468,5.5,4.09,3.37,187.0,26.0,0.0356,0.374
BIZ_089,Drip Station,Cafe,Madhapur,West,17.439694,78.384637,3,4.7,False,2025-09-01,3.38,195,5,0.298,0.664,6.8,3.08,3.17,295.0,67.0,0.0223,0.468
BIZ_089,Drip Station,Cafe,Madhapur,West,17.439694,78.384637,3,4.8,False,2025-10-01,3.45,199,4,0.184,0.656,4.2,3.41,3.42,218.0,47.0,0.0286,0.484
BIZ_089,Drip Station,Cafe,Madhapur,West,17.439694,78.384637,3,4.8,False,2025-11-01,3.54,204,5,0.341,0.584,15.0,3.3,3.05,300.0,54.0,0.0291,0.427
BIZ_089,Drip Station,Cafe,Madhapur,West,17.439694,78.384637,3,4.9,False,2025-12-01,3.51,208,4,0.252,0.505,3.2,3.29,3.21,258.0,61.0,0.0328,0.455
BIZ_089,Drip Station,Cafe,Madhapur,West,17.439694,78.384637,3,5.0,False,2026-01-01,3.48,213,5,0.195,0.561,19.2,3.12,3.43,349.0,49.0,0.035,0.406
BIZ_089,Drip Station,Cafe,Madhapur,West,17.439694,78.384637,3,5.1,False,2026-02-01,3.52,220,7,0.329,0.363,7.4,3.77,3.31,145.0,62.0,0.0268,0.479
BIZ_089,Drip Station,Cafe,Madhapur,West,17.439694,78.384637,3,5.2,False,2026-03-01,3.54,223,3,0.248,0.451,6.1,3.09,3.69,279.0,32.0,0.0928,0.421
BIZ_089,Drip Station,Cafe,Madhapur,West,17.439694,78.384637,3,5.2,False,2026-04-01,3.7,229,6,0.371,0.503,6.4,3.37,3.7,244.0,53.0,0.0723,0.411
BIZ_089,Drip Station,Cafe,Madhapur,West,17.439694,78.384637,3,5.3,False,2026-05-01,3.42,233,4,0.322,0.705,5.4,3.01,2.97,244.0,35.0,0.024,0.451
BIZ_089,Drip Station,Cafe,Madhapur,West,17.439694,78.384637,3,5.4,False,2026-06-01,3.5,238,5,0.156,0.449,5.7,2.95,2.86,202.0,53.0,0.0295,0.46
BIZ_090,Rustic Crumb Bar,Restaurant & Cafe,Banjara Hills,Central,17.456195,78.457041,3,7.6,False,2025-01-01,3.88,296,5,0.567,0.442,3.7,3.52,3.58,345.0,61.0,0.0241,0.439
BIZ_090,Rustic Crumb Bar,Restaurant & Cafe,Banjara Hills,Central,17.456195,78.457041,3,7.7,False,2025-02-01,3.87,301,5,0.462,0.501,5.3,3.44,3.45,321.0,40.0,0.0592,0.486
BIZ_090,Rustic Crumb Bar,Restaurant & Cafe,Banjara Hills,Central,17.456195,78.457041,3,7.8,False,2025-03-01,3.8,304,3,0.43,0.641,2.1,4.03,3.32,307.0,38.0,0.0285,0.549
BIZ_090,Rustic Crumb Bar,Restaurant & Cafe,Banjara Hills,Central,17.456195,78.457041,3,7.8,False,2025-04-01,3.7,307,3,0.545,0.589,7.4,3.32,3.99,255.0,31.0,0.0236,0.343
BIZ_090,Rustic Crumb Bar,Restaurant & Cafe,Banjara Hills,Central,17.456195,78.457041,3,7.9,False,2025-05-01,3.71,310,3,0.54,0.485,9.6,3.96,3.43,157.0,60.0,0.0298,0.479
BIZ_090,Rustic Crumb Bar,Restaurant & Cafe,Banjara Hills,Central,17.456195,78.457041,3,8.0,False,2025-06-01,3.68,316,6,0.426,0.428,7.3,3.17,3.3,235.0,7.0,0.0341,0.402
BIZ_090,Rustic Crumb Bar,Restaurant & Cafe,Banjara Hills,Central,17.456195,78.457041,3,8.1,False,2025-07-01,3.84,320,4,0.541,0.644,2.6,3.49,3.94,237.0,47.0,0.0491,0.473
BIZ_090,Rustic Crumb Bar,Restaurant & Cafe,Banjara Hills,Central,17.456195,78.457041,3,8.2,False,2025-08-01,3.86,323,3,0.504,0.477,5.8,3.87,3.25,272.0,26.0,0.0545,0.483
BIZ_090,Rustic Crumb Bar,Restaurant & Cafe,Banjara Hills,Central,17.456195,78.457041,3,8.3,False,2025-09-01,3.74,326,3,0.596,0.432,,3.67,3.64,277.0,20.0,0.023,0.441
BIZ_090,Rustic Crumb Bar,Restaurant & Cafe,Banjara Hills,Central,17.456195,78.457041,3,8.3,False,2025-10-01,3.75,330,4,0.481,0.43,8.1,3.35,3.79,238.0,34.0,0.0219,0.401
BIZ_090,Rustic Crumb Bar,Restaurant & Cafe,Banjara Hills,Central,17.456195,78.457041,3,8.4,False,2025-11-01,3.65,335,5,0.572,0.708,3.4,2.88,3.65,315.0,70.0,0.0393,0.515
BIZ_090,Rustic Crumb Bar,Restaurant & Cafe,Banjara Hills,Central,17.456195,78.457041,3,8.5,False,2025-12-01,3.86,342,7,0.518,0.454,5.2,3.16,4.0,268.0,75.0,,0.388
BIZ_090,Rustic Crumb Bar,Restaurant & Cafe,Banjara Hills,Central,17.456195,78.457041,3,8.6,False,2026-01-01,3.76,349,7,0.424,0.629,11.8,3.51,3.46,291.0,40.0,0.0346,0.517
BIZ_090,Rustic Crumb Bar,Restaurant & Cafe,Banjara Hills,Central,17.456195,78.457041,3,8.7,False,2026-02-01,3.88,354,5,0.493,0.465,4.6,4.32,4.13,319.0,42.0,0.0464,0.436
BIZ_090,Rustic Crumb Bar,Restaurant & Cafe,Banjara Hills,Central,17.456195,78.457041,3,8.8,False,2026-03-01,3.84,359,5,,0.412,4.4,3.53,3.58,266.0,53.0,0.0504,0.437
BIZ_090,Rustic Crumb Bar,Restaurant & Cafe,Banjara Hills,Central,17.456195,78.457041,3,8.8,False,2026-04-01,3.86,361,2,0.694,0.44,3.9,3.57,3.64,322.0,54.0,0.0439,0.432
BIZ_090,Rustic Crumb Bar,Restaurant & Cafe,Banjara Hills,Central,17.456195,78.457041,3,8.9,False,2026-05-01,3.99,365,4,0.423,0.784,3.8,3.94,3.52,341.0,34.0,0.0255,0.368
BIZ_090,Rustic Crumb Bar,Restaurant & Cafe,Banjara Hills,Central,17.456195,78.457041,3,9.0,False,2026-06-01,3.83,369,4,0.672,0.43,8.9,3.63,3.7,265.0,24.0,0.0264,0.411
BIZ_091,Amber Blend Hub,Bakery & Cafe,Somajiguda,Central,17.406425,78.46414,3,1.6,False,2025-01-01,4.55,1410,57,0.944,0.377,4.6,3.88,,237.0,47.0,0.0305,0.384
BIZ_091,Amber Blend Hub,Bakery & Cafe,Somajiguda,Central,17.406425,78.46414,3,1.7,False,2025-02-01,4.56,1503,93,0.801,0.474,15.8,4.34,4.44,235.0,88.0,0.0278,0.477
BIZ_091,Amber Blend Hub,Bakery & Cafe,Somajiguda,Central,17.406425,78.46414,3,1.8,False,2025-03-01,4.61,1599,96,0.923,0.448,4.8,4.19,4.62,245.0,35.0,0.03,0.496
BIZ_091,Amber Blend Hub,Bakery & Cafe,Somajiguda,Central,17.406425,78.46414,3,1.9,False,2025-04-01,4.76,1687,88,0.718,0.483,3.4,4.6,4.46,279.0,49.0,0.0311,0.368
BIZ_091,Amber Blend Hub,Bakery & Cafe,Somajiguda,Central,17.406425,78.46414,3,1.9,False,2025-05-01,4.73,1726,39,0.875,0.225,11.5,4.31,4.4,235.0,16.0,0.0212,0.445
BIZ_091,Amber Blend Hub,Bakery & Cafe,Somajiguda,Central,17.406425,78.46414,3,2.0,False,2025-06-01,4.68,1779,53,0.928,0.596,7.6,4.86,4.68,229.0,37.0,0.0229,0.504
BIZ_091,Amber Blend Hub,Bakery & Cafe,Somajiguda,Central,17.406425,78.46414,3,2.1,False,2025-07-01,4.64,1849,70,0.917,0.503,3.7,4.49,4.29,255.0,29.0,0.0236,0.476
BIZ_091,Amber Blend Hub,Bakery & Cafe,Somajiguda,Central,17.406425,78.46414,3,2.2,False,2025-08-01,4.6,1915,66,,0.621,3.0,4.34,4.04,200.0,18.0,0.0493,0.486
BIZ_091,Amber Blend Hub,Bakery & Cafe,Somajiguda,Central,17.406425,78.46414,3,2.3,False,2025-09-01,4.74,1977,62,0.944,0.568,2.6,4.4,4.58,151.0,66.0,0.0475,0.492
BIZ_091,Amber Blend Hub,Bakery & Cafe,Somajiguda,Central,17.406425,78.46414,3,2.4,False,2025-10-01,4.72,2029,52,0.992,0.56,5.2,4.22,4.34,264.0,28.0,0.0798,0.403
BIZ_091,Amber Blend Hub,Bakery & Cafe,Somajiguda,Central,17.406425,78.46414,3,2.4,False,2025-11-01,4.69,2132,103,1.0,0.395,7.9,4.19,4.98,270.0,48.0,0.1107,0.495
BIZ_091,Amber Blend Hub,Bakery & Cafe,Somajiguda,Central,17.406425,78.46414,3,2.5,False,2025-12-01,4.64,2217,85,0.895,0.474,,5.0,4.81,310.0,76.0,0.038,0.476
BIZ_091,Amber Blend Hub,Bakery & Cafe,Somajiguda,Central,17.406425,78.46414,3,2.6,False,2026-01-01,4.75,2285,68,0.897,0.665,3.1,4.61,4.32,254.0,49.0,0.038,0.444
BIZ_091,Amber Blend Hub,Bakery & Cafe,Somajiguda,Central,17.406425,78.46414,3,2.7,False,2026-02-01,4.8,2346,61,0.951,0.489,7.5,4.34,4.62,290.0,59.0,0.0918,0.506
BIZ_091,Amber Blend Hub,Bakery & Cafe,Somajiguda,Central,17.406425,78.46414,3,2.8,False,2026-03-01,4.92,2371,25,0.972,0.728,3.2,4.77,,,57.0,0.0404,0.44
BIZ_091,Amber Blend Hub,Bakery & Cafe,Somajiguda,Central,17.406425,78.46414,3,2.9,False,2026-04-01,4.74,2443,72,0.925,0.551,8.8,5.0,4.68,207.0,47.0,0.0856,0.575
BIZ_091,Amber Blend Hub,Bakery & Cafe,Somajiguda,Central,17.406425,78.46414,3,2.9,False,2026-05-01,4.68,2493,50,0.95,0.488,13.8,4.22,,192.0,47.0,0.0357,0.533
BIZ_091,Amber Blend Hub,Bakery & Cafe,Somajiguda,Central,17.406425,78.46414,3,3.0,False,2026-06-01,4.74,2534,41,1.0,0.526,8.9,4.2,4.63,256.0,37.0,0.0334,0.505
BIZ_092,Grand Cup Station,Restaurant & Cafe,Jubilee Hills,Central,17.404832,78.438742,2,0.8,False,2025-01-01,4.64,977,93,0.641,0.535,5.1,4.25,5.0,165.0,44.0,0.0253,0.512
BIZ_092,Grand Cup Station,Restaurant & Cafe,Jubilee Hills,Central,17.404832,78.438742,2,0.9,False,2025-02-01,4.51,1125,148,0.752,0.64,3.0,4.46,4.53,323.0,52.0,0.0544,0.554
BIZ_092,Grand Cup Station,Restaurant & Cafe,Jubilee Hills,Central,17.404832,78.438742,2,1.0,False,2025-03-01,4.82,1228,103,0.662,0.428,2.5,4.85,4.87,283.0,53.0,0.038,0.464
BIZ_092,Grand Cup Station,Restaurant & Cafe,Jubilee Hills,Central,17.404832,78.438742,2,1.1,False,2025-04-01,4.69,1317,89,0.739,0.386,6.6,4.96,4.59,188.0,47.0,0.0258,0.453
BIZ_092,Grand Cup Station,Restaurant & Cafe,Jubilee Hills,Central,17.404832,78.438742,2,1.1,False,2025-05-01,4.71,1451,134,0.847,0.49,4.2,3.98,4.48,132.0,,0.0308,0.459
BIZ_092,Grand Cup Station,Restaurant & Cafe,Jubilee Hills,Central,17.404832,78.438742,2,1.2,False,2025-06-01,4.74,1534,83,0.925,0.613,3.1,,5.0,270.0,52.0,0.092,0.529
BIZ_092,Grand Cup Station,Restaurant & Cafe,Jubilee Hills,Central,17.404832,78.438742,2,1.3,False,2025-07-01,4.71,1612,78,0.729,0.49,5.6,5.0,4.76,299.0,29.0,0.0335,0.396
BIZ_092,Grand Cup Station,Restaurant & Cafe,Jubilee Hills,Central,17.404832,78.438742,2,1.4,False,2025-08-01,4.62,1649,37,0.634,0.421,7.6,4.5,4.45,106.0,,0.0233,0.551
BIZ_092,Grand Cup Station,Restaurant & Cafe,Jubilee Hills,Central,17.404832,78.438742,2,1.5,False,2025-09-01,4.61,1743,94,0.781,0.521,4.5,4.18,4.34,261.0,36.0,0.0409,0.563
BIZ_092,Grand Cup Station,Restaurant & Cafe,Jubilee Hills,Central,17.404832,78.438742,2,1.6,False,2025-10-01,4.73,1826,83,0.605,0.645,9.2,4.33,4.96,233.0,72.0,0.0422,0.516
BIZ_092,Grand Cup Station,Restaurant & Cafe,Jubilee Hills,Central,17.404832,78.438742,2,1.6,False,2025-11-01,4.65,1939,113,0.648,0.381,,4.34,4.55,295.0,31.0,0.0353,0.508
BIZ_092,Grand Cup Station,Restaurant & Cafe,Jubilee Hills,Central,17.404832,78.438742,2,1.7,False,2025-12-01,4.73,2030,91,0.769,0.466,6.4,4.58,4.64,285.0,50.0,0.0567,0.46
BIZ_092,Grand Cup Station,Restaurant & Cafe,Jubilee Hills,Central,17.404832,78.438742,2,1.8,False,2026-01-01,4.69,2145,115,0.739,0.564,12.0,4.18,4.88,282.0,74.0,0.0351,0.523
BIZ_092,Grand Cup Station,Restaurant & Cafe,Jubilee Hills,Central,17.404832,78.438742,2,1.9,False,2026-02-01,4.78,2264,119,0.737,0.559,8.1,4.37,4.86,,40.0,0.0232,0.479
BIZ_092,Grand Cup Station,Restaurant & Cafe,Jubilee Hills,Central,17.404832,78.438742,2,2.0,False,2026-03-01,4.74,2376,112,0.763,0.497,6.9,4.78,4.54,315.0,44.0,0.0353,0.45
BIZ_092,Grand Cup Station,Restaurant & Cafe,Jubilee Hills,Central,17.404832,78.438742,2,2.0,False,2026-04-01,4.83,2546,170,0.749,0.59,7.1,4.2,4.97,265.0,46.0,0.0458,0.509
BIZ_092,Grand Cup Station,Restaurant & Cafe,Jubilee Hills,Central,17.404832,78.438742,2,2.1,False,2026-05-01,4.65,2597,51,0.705,0.325,8.5,4.43,4.42,203.0,47.0,0.0303,0.508
BIZ_092,Grand Cup Station,Restaurant & Cafe,Jubilee Hills,Central,17.404832,78.438742,2,2.2,False,2026-06-01,4.7,2645,48,0.702,0.474,4.4,4.33,4.99,201.0,26.0,0.0362,0.488
BIZ_093,Pour House,Cafe,Hitech City,West,17.446888,78.429915,4,3.7,False,2025-01-01,4.88,832,13,0.965,0.285,10.8,4.89,4.9,298.0,47.0,0.0432,0.535
BIZ_093,Pour House,Cafe,Hitech City,West,17.446888,78.429915,4,3.8,False,2025-02-01,4.8,851,19,0.892,0.505,8.9,4.85,4.55,156.0,58.0,0.0694,0.452
BIZ_093,Pour House,Cafe,Hitech City,West,17.446888,78.429915,4,3.9,False,2025-03-01,4.78,876,25,0.83,0.478,8.1,4.6,4.47,252.0,48.0,0.0492,0.561
BIZ_093,Pour House,Cafe,Hitech City,West,17.446888,78.429915,4,4.0,False,2025-04-01,4.93,896,20,0.838,0.604,6.0,4.8,4.79,321.0,31.0,0.0273,0.486
BIZ_093,Pour House,Cafe,Hitech City,West,17.446888,78.429915,4,4.0,False,2025-05-01,4.72,912,16,0.73,0.629,3.7,4.2,4.48,229.0,54.0,0.0586,0.593
BIZ_093,Pour House,Cafe,Hitech City,West,17.446888,78.429915,4,4.1,False,2025-06-01,4.79,939,27,0.767,0.57,3.8,4.93,4.27,232.0,33.0,0.0269,0.468
BIZ_093,Pour House,Cafe,Hitech City,West,17.446888,78.429915,4,4.2,False,2025-07-01,4.91,957,18,0.855,0.585,9.4,4.69,4.04,272.0,38.0,0.0331,0.54
BIZ_093,Pour House,Cafe,Hitech City,West,17.446888,78.429915,4,4.3,False,2025-08-01,4.79,979,22,0.75,0.486,7.2,4.56,4.33,157.0,12.0,0.0393,0.475
BIZ_093,Pour House,Cafe,Hitech City,West,17.446888,78.429915,4,4.4,False,2025-09-01,4.81,996,17,0.783,0.504,4.2,4.54,4.51,179.0,62.0,0.0209,0.551
BIZ_093,Pour House,Cafe,Hitech City,West,17.446888,78.429915,4,4.5,False,2025-10-01,4.77,1024,28,0.718,0.531,6.0,4.75,4.16,334.0,50.0,0.0336,0.5
BIZ_093,Pour House,Cafe,Hitech City,West,17.446888,78.429915,4,4.5,False,2025-11-01,4.68,1062,38,0.705,0.321,2.7,5.0,4.81,275.0,60.0,0.0265,0.602
BIZ_093,Pour House,Cafe,Hitech City,West,17.446888,78.429915,4,4.6,False,2025-12-01,4.82,1088,26,0.96,0.435,2.5,4.82,4.36,213.0,55.0,0.0754,0.489
BIZ_093,Pour House,Cafe,Hitech City,West,17.446888,78.429915,4,4.7,False,2026-01-01,4.79,1108,20,0.865,0.491,4.4,4.18,4.39,349.0,55.0,0.0612,0.523
BIZ_093,Pour House,Cafe,Hitech City,West,17.446888,78.429915,4,4.8,False,2026-02-01,4.7,1134,26,0.773,0.464,7.0,4.24,4.37,245.0,48.0,0.0238,0.545
BIZ_093,Pour House,Cafe,Hitech City,West,17.446888,78.429915,4,4.9,False,2026-03-01,5.0,1149,15,0.787,0.54,3.3,4.82,4.69,264.0,63.0,0.0314,0.586
BIZ_093,Pour House,Cafe,Hitech City,West,17.446888,78.429915,4,5.0,False,2026-04-01,4.85,1172,23,0.768,0.513,4.5,5.0,4.52,223.0,25.0,0.0333,0.543
BIZ_093,Pour House,Cafe,Hitech City,West,17.446888,78.429915,4,5.0,False,2026-05-01,4.9,1184,12,0.891,0.439,4.6,4.56,4.03,251.0,54.0,0.0581,0.522
BIZ_093,Pour House,Cafe,Hitech City,West,17.446888,78.429915,4,5.1,False,2026-06-01,4.7,1196,12,0.76,0.435,7.9,4.86,4.64,200.0,47.0,0.0506,0.529
BIZ_094,Happy Crumb,Coffee Shop,Miyapur,West,17.453005,78.358205,4,11.9,False,2025-01-01,3.88,128,5,0.618,0.575,3.1,3.47,3.12,285.0,55.0,0.0531,0.426
BIZ_094,Happy Crumb,Coffee Shop,Miyapur,West,17.453005,78.358205,4,12.0,False,2025-02-01,3.8,130,2,0.489,0.311,5.7,,3.51,252.0,57.0,0.0338,0.44
BIZ_094,Happy Crumb,Coffee Shop,Miyapur,West,17.453005,78.358205,4,12.1,False,2025-03-01,3.73,136,6,0.516,0.43,10.3,3.38,3.24,308.0,69.0,0.0388,0.455
BIZ_094,Happy Crumb,Coffee Shop,Miyapur,West,17.453005,78.358205,4,12.2,False,2025-04-01,3.83,138,2,0.579,0.445,,3.92,3.69,226.0,,0.0216,0.431
BIZ_094,Happy Crumb,Coffee Shop,Miyapur,West,17.453005,78.358205,4,12.2,False,2025-05-01,3.83,140,2,0.45,0.723,3.0,3.57,3.49,177.0,66.0,0.0988,0.379
BIZ_094,Happy Crumb,Coffee Shop,Miyapur,West,17.453005,78.358205,4,12.3,False,2025-06-01,3.8,144,4,0.516,0.531,12.9,3.73,3.89,280.0,69.0,0.0419,0.406
BIZ_094,Happy Crumb,Coffee Shop,Miyapur,West,17.453005,78.358205,4,12.4,False,2025-07-01,3.71,145,1,0.372,0.498,10.9,3.36,3.14,247.0,29.0,0.0327,0.405
BIZ_094,Happy Crumb,Coffee Shop,Miyapur,West,17.453005,78.358205,4,12.5,False,2025-08-01,3.88,150,5,0.569,0.634,4.7,4.07,3.62,134.0,,0.0288,0.351
BIZ_094,Happy Crumb,Coffee Shop,Miyapur,West,17.453005,78.358205,4,12.6,False,2025-09-01,3.83,155,5,0.52,0.589,8.6,3.57,2.99,143.0,29.0,0.0222,0.346
BIZ_094,Happy Crumb,Coffee Shop,Miyapur,West,17.453005,78.358205,4,12.7,False,2025-10-01,3.76,158,3,0.636,0.497,5.5,3.56,3.42,251.0,43.0,0.0609,0.476
BIZ_094,Happy Crumb,Coffee Shop,Miyapur,West,17.453005,78.358205,4,12.7,False,2025-11-01,3.81,163,5,0.479,0.6,10.4,3.52,3.55,295.0,48.0,,0.578
BIZ_094,Happy Crumb,Coffee Shop,Miyapur,West,17.453005,78.358205,4,12.8,False,2025-12-01,3.83,166,3,0.493,0.787,3.4,3.64,3.19,360.0,64.0,0.0254,0.468
BIZ_094,Happy Crumb,Coffee Shop,Miyapur,West,17.453005,78.358205,4,12.9,False,2026-01-01,3.64,171,5,0.548,0.571,,3.48,3.0,271.0,53.0,0.0282,0.421
BIZ_094,Happy Crumb,Coffee Shop,Miyapur,West,17.453005,78.358205,4,13.0,False,2026-02-01,3.82,176,5,0.598,,8.8,3.7,3.15,269.0,41.0,0.0368,0.388
BIZ_094,Happy Crumb,Coffee Shop,Miyapur,West,17.453005,78.358205,4,13.1,False,2026-03-01,3.83,180,4,0.585,0.551,2.3,3.82,3.1,279.0,46.0,0.0336,0.484
BIZ_094,Happy Crumb,Coffee Shop,Miyapur,West,17.453005,78.358205,4,13.2,False,2026-04-01,3.85,184,4,0.707,0.557,6.2,3.66,3.35,,20.0,0.0364,0.455
BIZ_094,Happy Crumb,Coffee Shop,Miyapur,West,17.453005,78.358205,4,13.2,False,2026-05-01,3.7,187,3,0.649,0.415,4.5,3.67,3.5,225.0,48.0,,0.462
BIZ_094,Happy Crumb,Coffee Shop,Miyapur,West,17.453005,78.358205,4,13.3,False,2026-06-01,3.8,191,4,0.572,0.496,,2.89,3.36,293.0,54.0,0.0218,0.4
BIZ_095,Cedar Rise Corner,Coffee Shop,Mehdipatnam,South,17.390484,78.439114,2,8.0,False,2025-01-01,3.8,347,4,0.473,0.433,4.2,,4.52,,52.0,0.0268,0.439
BIZ_095,Cedar Rise Corner,Coffee Shop,Mehdipatnam,South,17.390484,78.439114,2,8.1,False,2025-02-01,3.94,354,7,0.544,0.47,12.8,3.3,3.99,275.0,51.0,0.046,0.448
BIZ_095,Cedar Rise Corner,Coffee Shop,Mehdipatnam,South,17.390484,78.439114,2,8.2,False,2025-03-01,3.84,359,5,0.535,0.54,7.1,3.42,3.54,371.0,56.0,0.0214,0.443
BIZ_095,Cedar Rise Corner,Coffee Shop,Mehdipatnam,South,17.390484,78.439114,2,8.2,False,2025-04-01,3.75,364,5,0.665,0.559,5.9,3.34,4.25,217.0,24.0,0.0318,0.452
BIZ_095,Cedar Rise Corner,Coffee Shop,Mehdipatnam,South,17.390484,78.439114,2,8.3,False,2025-05-01,3.66,370,6,0.7,0.396,7.8,4.02,3.54,261.0,82.0,0.0204,0.43
BIZ_095,Cedar Rise Corner,Coffee Shop,Mehdipatnam,South,17.390484,78.439114,2,8.4,False,2025-06-01,3.74,376,6,0.472,0.776,5.9,,3.68,209.0,49.0,0.0344,0.517
BIZ_095,Cedar Rise Corner,Coffee Shop,Mehdipatnam,South,17.390484,78.439114,2,8.5,False,2025-07-01,3.73,380,4,,0.465,2.9,3.05,3.75,240.0,34.0,0.0292,0.502
BIZ_095,Cedar Rise Corner,Coffee Shop,Mehdipatnam,South,17.390484,78.439114,2,8.6,False,2025-08-01,3.63,385,5,0.651,0.695,5.2,3.42,3.92,252.0,77.0,0.0365,0.422
BIZ_095,Cedar Rise Corner,Coffee Shop,Mehdipatnam,South,17.390484,78.439114,2,8.7,False,2025-09-01,3.79,389,4,0.47,0.539,2.6,3.66,3.99,220.0,49.0,0.0662,0.417
BIZ_095,Cedar Rise Corner,Coffee Shop,Mehdipatnam,South,17.390484,78.439114,2,8.8,False,2025-10-01,3.73,394,5,0.596,0.555,3.6,3.4,4.3,311.0,27.0,0.0211,0.439
BIZ_095,Cedar Rise Corner,Coffee Shop,Mehdipatnam,South,17.390484,78.439114,2,8.8,False,2025-11-01,3.58,397,3,0.509,0.546,9.2,2.9,3.41,266.0,39.0,0.0785,0.532
BIZ_095,Cedar Rise Corner,Coffee Shop,Mehdipatnam,South,17.390484,78.439114,2,8.9,False,2025-12-01,3.82,403,6,0.581,0.627,4.0,3.7,,334.0,60.0,0.0201,0.409
BIZ_095,Cedar Rise Corner,Coffee Shop,Mehdipatnam,South,17.390484,78.439114,2,9.0,False,2026-01-01,3.74,408,5,0.542,0.661,4.8,3.56,3.9,295.0,62.0,,0.448
BIZ_095,Cedar Rise Corner,Coffee Shop,Mehdipatnam,South,17.390484,78.439114,2,9.1,False,2026-02-01,3.86,416,8,0.519,0.448,5.5,3.91,4.0,237.0,67.0,0.0828,0.523
BIZ_095,Cedar Rise Corner,Coffee Shop,Mehdipatnam,South,17.390484,78.439114,2,9.2,False,2026-03-01,3.74,421,5,0.696,0.615,6.2,3.98,3.69,148.0,48.0,0.0349,0.496
BIZ_095,Cedar Rise Corner,Coffee Shop,Mehdipatnam,South,17.390484,78.439114,2,9.2,False,2026-04-01,3.92,427,6,0.433,0.474,4.5,3.47,4.36,249.0,49.0,0.0529,0.436
BIZ_095,Cedar Rise Corner,Coffee Shop,Mehdipatnam,South,17.390484,78.439114,2,9.3,False,2026-05-01,3.96,435,8,0.516,0.554,2.5,3.76,3.89,293.0,28.0,0.0403,0.473
BIZ_095,Cedar Rise Corner,Coffee Shop,Mehdipatnam,South,17.390484,78.439114,2,9.4,False,2026-06-01,3.73,441,6,0.643,0.528,2.0,3.81,3.58,234.0,44.0,0.033,0.473
BIZ_096,Fresh Leaf Station,Restaurant & Cafe,Mehdipatnam,South,17.410045,78.391585,2,1.2,False,2025-01-01,3.39,294,25,0.275,0.735,4.1,2.9,3.47,364.0,45.0,0.0915,0.405
BIZ_096,Fresh Leaf Station,Restaurant & Cafe,Mehdipatnam,South,17.410045,78.391585,2,1.3,False,2025-02-01,3.35,313,19,0.262,0.579,1.7,2.93,3.17,341.0,39.0,0.026,0.432
BIZ_096,Fresh Leaf Station,Restaurant & Cafe,Mehdipatnam,South,17.410045,78.391585,2,1.4,False,2025-03-01,3.51,336,23,0.488,0.404,4.3,3.81,3.67,272.0,46.0,0.0237,0.438
BIZ_096,Fresh Leaf Station,Restaurant & Cafe,Mehdipatnam,South,17.410045,78.391585,2,1.4,False,2025-04-01,3.39,351,15,0.153,0.644,2.4,3.36,3.38,314.0,38.0,0.0259,0.569
BIZ_096,Fresh Leaf Station,Restaurant & Cafe,Mehdipatnam,South,17.410045,78.391585,2,1.5,False,2025-05-01,3.51,366,15,0.142,0.575,3.1,,3.74,,44.0,0.0254,0.446
BIZ_096,Fresh Leaf Station,Restaurant & Cafe,Mehdipatnam,South,17.410045,78.391585,2,1.6,False,2025-06-01,3.56,378,12,0.246,0.454,8.2,3.73,3.25,142.0,78.0,0.066,0.457
BIZ_096,Fresh Leaf Station,Restaurant & Cafe,Mehdipatnam,South,17.410045,78.391585,2,1.7,False,2025-07-01,3.36,395,17,0.229,0.494,9.9,3.4,3.5,233.0,31.0,0.0705,0.357
BIZ_096,Fresh Leaf Station,Restaurant & Cafe,Mehdipatnam,South,17.410045,78.391585,2,1.8,False,2025-08-01,3.43,409,14,0.275,0.509,3.5,2.89,2.77,304.0,51.0,0.021,0.394
BIZ_096,Fresh Leaf Station,Restaurant & Cafe,Mehdipatnam,South,17.410045,78.391585,2,1.9,False,2025-09-01,3.38,421,12,0.384,0.504,8.2,3.62,3.31,269.0,69.0,0.0747,0.486
BIZ_096,Fresh Leaf Station,Restaurant & Cafe,Mehdipatnam,South,17.410045,78.391585,2,1.9,False,2025-10-01,3.35,445,24,0.301,0.418,3.9,2.83,3.52,212.0,34.0,0.0427,0.437
BIZ_096,Fresh Leaf Station,Restaurant & Cafe,Mehdipatnam,South,17.410045,78.391585,2,2.0,False,2025-11-01,3.44,466,21,0.439,0.314,10.3,3.19,3.07,214.0,77.0,0.0524,0.465
BIZ_096,Fresh Leaf Station,Restaurant & Cafe,Mehdipatnam,South,17.410045,78.391585,2,2.1,False,2025-12-01,3.48,492,26,0.373,0.644,5.6,3.79,3.07,299.0,60.0,0.0437,0.407
BIZ_096,Fresh Leaf Station,Restaurant & Cafe,Mehdipatnam,South,17.410045,78.391585,2,2.2,False,2026-01-01,3.51,515,23,0.217,0.69,2.7,3.89,3.47,270.0,63.0,0.028,0.447
BIZ_096,Fresh Leaf Station,Restaurant & Cafe,Mehdipatnam,South,17.410045,78.391585,2,2.3,False,2026-02-01,3.45,528,13,0.232,0.41,16.4,3.92,3.5,289.0,51.0,0.0446,0.36
BIZ_096,Fresh Leaf Station,Restaurant & Cafe,Mehdipatnam,South,17.410045,78.391585,2,2.4,False,2026-03-01,3.43,547,19,0.423,0.481,6.2,3.6,3.34,342.0,29.0,0.0247,0.457
BIZ_096,Fresh Leaf Station,Restaurant & Cafe,Mehdipatnam,South,17.410045,78.391585,2,2.5,False,2026-04-01,3.47,570,23,0.376,0.628,2.2,3.17,3.46,116.0,33.0,0.0483,0.375
BIZ_096,Fresh Leaf Station,Restaurant & Cafe,Mehdipatnam,South,17.410045,78.391585,2,2.5,False,2026-05-01,3.42,582,12,0.284,0.437,21.2,2.88,3.05,245.0,45.0,0.0253,0.45
BIZ_096,Fresh Leaf Station,Restaurant & Cafe,Mehdipatnam,South,17.410045,78.391585,2,2.6,False,2026-06-01,3.53,602,20,0.463,0.63,1.6,3.47,3.4,180.0,51.0,0.031,0.496
BIZ_097,Amber Grind,Coffee Shop,Kondapur,West,17.48138,78.376085,2,2.7,False,2025-01-01,4.39,344,10,0.667,0.629,,3.97,3.94,266.0,69.0,0.02,0.456
BIZ_097,Amber Grind,Coffee Shop,Kondapur,West,17.48138,78.376085,2,2.8,False,2025-02-01,4.38,356,12,0.585,0.224,15.8,4.71,4.22,229.0,54.0,0.0624,0.43
BIZ_097,Amber Grind,Coffee Shop,Kondapur,West,17.48138,78.376085,2,2.9,False,2025-03-01,4.4,373,17,0.662,0.599,3.6,4.55,4.73,293.0,52.0,0.0264,0.381
BIZ_097,Amber Grind,Coffee Shop,Kondapur,West,17.48138,78.376085,2,3.0,False,2025-04-01,4.48,377,4,0.561,0.67,6.8,4.11,4.35,255.0,57.0,0.0299,0.474
BIZ_097,Amber Grind,Coffee Shop,Kondapur,West,17.48138,78.376085,2,3.0,False,2025-05-01,4.53,384,7,0.568,0.617,4.2,3.96,4.67,151.0,67.0,0.0221,0.555
BIZ_097,Amber Grind,Coffee Shop,Kondapur,West,17.48138,78.376085,2,3.1,False,2025-06-01,4.47,396,12,0.73,0.874,3.4,4.69,4.72,267.0,,0.0234,0.434
BIZ_097,Amber Grind,Coffee Shop,Kondapur,West,17.48138,78.376085,2,3.2,False,2025-07-01,4.32,405,9,0.629,0.352,8.5,4.04,4.67,270.0,29.0,0.0391,0.41
BIZ_097,Amber Grind,Coffee Shop,Kondapur,West,17.48138,78.376085,2,3.3,False,2025-08-01,4.27,414,9,0.443,0.469,2.5,4.48,4.08,300.0,60.0,0.0247,0.453
BIZ_097,Amber Grind,Coffee Shop,Kondapur,West,17.48138,78.376085,2,3.4,False,2025-09-01,4.31,424,10,0.553,0.505,5.9,4.45,4.65,201.0,42.0,0.0305,0.471
BIZ_097,Amber Grind,Coffee Shop,Kondapur,West,17.48138,78.376085,2,3.5,False,2025-10-01,4.35,435,11,0.743,0.5,,4.22,4.29,244.0,49.0,0.0227,0.544
BIZ_097,Amber Grind,Coffee Shop,Kondapur,West,17.48138,78.376085,2,3.5,False,2025-11-01,4.48,448,13,0.523,0.654,5.7,4.03,4.69,257.0,24.0,0.0204,0.456
BIZ_097,Amber Grind,Coffee Shop,Kondapur,West,17.48138,78.376085,2,3.6,False,2025-12-01,4.23,464,16,0.572,0.531,10.2,3.32,4.1,263.0,51.0,0.0514,0.541
BIZ_097,Amber Grind,Coffee Shop,Kondapur,West,17.48138,78.376085,2,3.7,False,2026-01-01,4.39,473,9,0.639,0.224,11.4,4.58,3.81,267.0,32.0,0.0405,0.514
BIZ_097,Amber Grind,Coffee Shop,Kondapur,West,17.48138,78.376085,2,3.8,False,2026-02-01,4.43,484,11,0.681,0.66,4.0,4.47,4.52,282.0,,0.022,0.443
BIZ_097,Amber Grind,Coffee Shop,Kondapur,West,17.48138,78.376085,2,3.9,False,2026-03-01,4.38,492,8,0.626,0.257,3.3,5.0,4.21,342.0,52.0,0.0538,0.386
BIZ_097,Amber Grind,Coffee Shop,Kondapur,West,17.48138,78.376085,2,4.0,False,2026-04-01,4.44,500,8,0.516,0.434,2.6,3.85,4.65,242.0,42.0,0.0587,0.495
BIZ_097,Amber Grind,Coffee Shop,Kondapur,West,17.48138,78.376085,2,4.0,False,2026-05-01,4.46,503,3,0.577,0.574,3.2,4.96,4.67,272.0,60.0,0.0209,0.476
BIZ_097,Amber Grind,Coffee Shop,Kondapur,West,17.48138,78.376085,2,4.1,False,2026-06-01,4.56,514,11,0.388,0.408,7.8,3.82,4.34,182.0,39.0,0.0235,0.448
BIZ_098,Crumb Kitchen,Tea House,Kondapur,West,17.427656,78.391333,1,2.7,False,2025-01-01,3.44,9114,266,0.095,0.515,6.0,3.11,3.47,915.0,252.0,0.04,0.456
BIZ_098,Crumb Kitchen,Tea House,Kondapur,West,17.427656,78.391333,1,2.8,False,2025-02-01,3.37,9352,238,0.054,0.418,8.0,3.48,3.66,866.0,,0.0389,0.38
BIZ_098,Crumb Kitchen,Tea House,Kondapur,West,17.427656,78.391333,1,2.9,False,2025-03-01,3.56,9703,351,0.146,0.563,4.0,3.03,4.13,938.0,148.0,0.0385,0.384
BIZ_098,Crumb Kitchen,Tea House,Kondapur,West,17.427656,78.391333,1,3.0,False,2025-04-01,3.4,9935,232,,0.355,4.0,3.25,3.57,893.0,100.0,0.0625,0.513
BIZ_098,Crumb Kitchen,Tea House,Kondapur,West,17.427656,78.391333,1,3.0,False,2025-05-01,3.48,10307,372,0.058,0.474,7.3,3.63,3.58,801.0,132.0,0.0338,0.497
BIZ_098,Crumb Kitchen,Tea House,Kondapur,West,17.427656,78.391333,1,3.1,False,2025-06-01,3.45,10441,134,0.027,0.424,11.2,3.42,3.51,693.0,206.0,0.035,0.43
BIZ_098,Crumb Kitchen,Tea House,Kondapur,West,17.427656,78.391333,1,3.2,False,2025-07-01,3.68,10696,255,0.042,0.548,7.6,3.38,4.08,791.0,113.0,0.03,0.387
BIZ_098,Crumb Kitchen,Tea House,Kondapur,West,17.427656,78.391333,1,3.3,False,2025-08-01,3.54,10958,262,0.254,0.509,2.4,3.53,4.28,808.0,101.0,0.0272,0.414
BIZ_098,Crumb Kitchen,Tea House,Kondapur,West,17.427656,78.391333,1,3.4,False,2025-09-01,3.35,11252,294,0.141,0.484,3.5,3.68,3.44,882.0,125.0,0.0353,0.504
BIZ_098,Crumb Kitchen,Tea House,Kondapur,West,17.427656,78.391333,1,3.5,False,2025-10-01,3.49,11499,247,0.128,0.504,2.5,3.76,3.76,612.0,60.0,0.0353,0.463
BIZ_098,Crumb Kitchen,Tea House,Kondapur,West,17.427656,78.391333,1,3.5,False,2025-11-01,3.48,11780,281,0.213,0.479,4.6,3.19,3.6,914.0,235.0,0.0825,0.421
BIZ_098,Crumb Kitchen,Tea House,Kondapur,West,17.427656,78.391333,1,3.6,False,2025-12-01,3.39,12021,241,0.166,0.445,11.4,3.9,3.76,1141.0,215.0,0.0417,0.421
BIZ_098,Crumb Kitchen,Tea House,Kondapur,West,17.427656,78.391333,1,3.7,False,2026-01-01,3.49,12232,211,0.196,0.438,5.2,3.36,3.68,960.0,97.0,0.0472,0.474
BIZ_098,Crumb Kitchen,Tea House,Kondapur,West,17.427656,78.391333,1,3.8,False,2026-02-01,3.56,12447,215,0.008,0.423,7.7,3.51,3.91,664.0,,0.0401,0.406
BIZ_098,Crumb Kitchen,Tea House,Kondapur,West,17.427656,78.391333,1,3.9,False,2026-03-01,3.57,12758,311,0.183,0.517,5.6,2.7,4.1,831.0,184.0,,0.387
BIZ_098,Crumb Kitchen,Tea House,Kondapur,West,17.427656,78.391333,1,4.0,False,2026-04-01,3.63,12937,179,-0.043,0.535,5.5,3.26,3.51,845.0,112.0,0.046,0.343
BIZ_098,Crumb Kitchen,Tea House,Kondapur,West,17.427656,78.391333,1,4.0,False,2026-05-01,3.6,13248,311,0.284,0.48,3.3,3.5,3.79,812.0,180.0,0.0639,0.448
BIZ_098,Crumb Kitchen,Tea House,Kondapur,West,17.427656,78.391333,1,4.1,False,2026-06-01,3.62,13480,232,0.051,0.565,11.2,3.27,3.56,513.0,97.0,0.0284,0.483
BIZ_099,Cedar Whisk Co,Cafe,Kondapur,West,17.449184,78.384962,1,3.0,False,2025-01-01,5.0,111,5,0.887,0.444,12.6,4.77,5.0,258.0,70.0,0.0271,0.537
BIZ_099,Cedar Whisk Co,Cafe,Kondapur,West,17.449184,78.384962,1,3.1,False,2025-02-01,5.0,117,6,0.955,0.313,4.3,,5.0,261.0,71.0,0.0309,0.522
BIZ_099,Cedar Whisk Co,Cafe,Kondapur,West,17.449184,78.384962,1,3.2,False,2025-03-01,5.0,123,6,0.977,0.511,2.8,4.44,4.76,261.0,43.0,0.0568,0.509
BIZ_099,Cedar Whisk Co,Cafe,Kondapur,West,17.449184,78.384962,1,3.2,False,2025-04-01,4.97,126,3,0.976,0.603,5.0,4.4,5.0,312.0,76.0,0.0205,0.48
BIZ_099,Cedar Whisk Co,Cafe,Kondapur,West,17.449184,78.384962,1,3.3,False,2025-05-01,5.0,127,1,0.862,0.54,8.4,4.82,5.0,227.0,33.0,0.0545,0.448
BIZ_099,Cedar Whisk Co,Cafe,Kondapur,West,17.449184,78.384962,1,3.4,False,2025-06-01,4.91,130,3,0.896,0.597,2.8,5.0,4.78,334.0,69.0,0.0257,0.478
BIZ_099,Cedar Whisk Co,Cafe,Kondapur,West,17.449184,78.384962,1,3.5,False,2025-07-01,5.0,137,7,0.796,0.458,4.2,4.63,4.67,276.0,62.0,0.0799,0.518
BIZ_099,Cedar Whisk Co,Cafe,Kondapur,West,17.449184,78.384962,1,3.6,False,2025-08-01,5.0,142,5,0.962,0.537,5.6,4.76,4.97,214.0,47.0,0.0469,0.492
BIZ_099,Cedar Whisk Co,Cafe,Kondapur,West,17.449184,78.384962,1,3.7,False,2025-09-01,5.0,147,5,0.992,0.568,6.8,4.69,5.0,238.0,68.0,,0.601
BIZ_099,Cedar Whisk Co,Cafe,Kondapur,West,17.449184,78.384962,1,3.8,False,2025-10-01,4.96,153,6,0.954,0.376,5.3,5.0,5.0,138.0,49.0,0.0357,0.537
BIZ_099,Cedar Whisk Co,Cafe,Kondapur,West,17.449184,78.384962,1,3.8,False,2025-11-01,4.86,159,6,1.0,0.5,8.3,4.58,5.0,196.0,49.0,0.0268,0.435
BIZ_099,Cedar Whisk Co,Cafe,Kondapur,West,17.449184,78.384962,1,3.9,False,2025-12-01,5.0,161,2,1.0,0.64,6.0,4.47,4.8,255.0,65.0,0.0225,0.611
BIZ_099,Cedar Whisk Co,Cafe,Kondapur,West,17.449184,78.384962,1,4.0,False,2026-01-01,5.0,169,8,1.0,0.505,4.1,5.0,5.0,268.0,67.0,0.022,0.478
BIZ_099,Cedar Whisk Co,Cafe,Kondapur,West,17.449184,78.384962,1,4.1,False,2026-02-01,5.0,175,6,0.819,0.508,6.8,4.63,5.0,259.0,49.0,0.0487,0.635
BIZ_099,Cedar Whisk Co,Cafe,Kondapur,West,17.449184,78.384962,1,4.2,False,2026-03-01,5.0,182,7,0.899,0.312,6.4,,5.0,242.0,27.0,0.0286,0.53
BIZ_099,Cedar Whisk Co,Cafe,Kondapur,West,17.449184,78.384962,1,4.2,False,2026-04-01,5.0,189,7,0.952,0.425,8.7,5.0,5.0,,75.0,0.0469,0.5
BIZ_099,Cedar Whisk Co,Cafe,Kondapur,West,17.449184,78.384962,1,4.3,False,2026-05-01,5.0,194,5,0.862,0.579,4.0,5.0,5.0,240.0,48.0,0.0463,0.503
BIZ_099,Cedar Whisk Co,Cafe,Kondapur,West,17.449184,78.384962,1,4.4,False,2026-06-01,5.0,200,6,1.0,0.501,6.5,4.82,4.8,200.0,67.0,0.0401,0.61
BIZ_100,Velvet Sip,Coffee Shop,Mehdipatnam,South,17.420772,78.384813,4,9.0,False,2025-01-01,3.12,269,2,-0.105,0.43,3.2,2.92,2.2,337.0,68.0,0.03,0.466
BIZ_100,Velvet Sip,Coffee Shop,Mehdipatnam,South,17.420772,78.384813,4,9.1,False,2025-02-01,3.17,273,4,-0.085,0.576,7.3,2.82,2.81,295.0,75.0,0.0577,0.38
BIZ_100,Velvet Sip,Coffee Shop,Mehdipatnam,South,17.420772,78.384813,4,9.2,False,2025-03-01,3.18,277,4,-0.056,0.507,6.5,3.35,2.69,243.0,52.0,0.0424,0.407
BIZ_100,Velvet Sip,Coffee Shop,Mehdipatnam,South,17.420772,78.384813,4,9.2,False,2025-04-01,3.15,281,4,-0.165,0.34,13.8,3.1,2.84,313.0,31.0,0.0359,0.355
BIZ_100,Velvet Sip,Coffee Shop,Mehdipatnam,South,17.420772,78.384813,4,9.3,False,2025-05-01,3.05,283,2,-0.059,0.518,4.0,2.83,2.39,308.0,35.0,0.0812,0.368
BIZ_100,Velvet Sip,Coffee Shop,Mehdipatnam,South,17.420772,78.384813,4,9.4,False,2025-06-01,3.16,287,4,-0.022,0.29,5.2,3.12,2.68,259.0,16.0,,0.435
BIZ_100,Velvet Sip,Coffee Shop,Mehdipatnam,South,17.420772,78.384813,4,9.5,False,2025-07-01,3.15,292,5,-0.168,0.599,12.0,3.37,3.22,224.0,33.0,0.0327,0.459
BIZ_100,Velvet Sip,Coffee Shop,Mehdipatnam,South,17.420772,78.384813,4,9.6,False,2025-08-01,3.05,297,5,-0.177,0.57,3.2,2.35,2.85,262.0,50.0,0.0238,0.308
BIZ_100,Velvet Sip,Coffee Shop,Mehdipatnam,South,17.420772,78.384813,4,9.7,False,2025-09-01,3.02,302,5,-0.115,0.363,4.5,2.41,2.74,237.0,22.0,0.0305,0.391
BIZ_100,Velvet Sip,Coffee Shop,Mehdipatnam,South,17.420772,78.384813,4,9.8,False,2025-10-01,3.04,309,7,-0.076,0.502,7.6,3.16,2.72,284.0,47.0,0.0667,0.37
BIZ_100,Velvet Sip,Coffee Shop,Mehdipatnam,South,17.420772,78.384813,4,9.8,False,2025-11-01,3.0,313,4,-0.127,0.557,3.9,2.19,2.89,294.0,55.0,0.0237,0.333
BIZ_100,Velvet Sip,Coffee Shop,Mehdipatnam,South,17.420772,78.384813,4,9.9,False,2025-12-01,2.99,318,5,-0.313,0.486,11.9,3.08,2.46,260.0,65.0,0.0276,0.375
BIZ_100,Velvet Sip,Coffee Shop,Mehdipatnam,South,17.420772,78.384813,4,10.0,False,2026-01-01,2.96,323,5,-0.128,0.698,3.4,2.83,2.96,234.0,48.0,0.0266,0.341
BIZ_100,Velvet Sip,Coffee Shop,Mehdipatnam,South,17.420772,78.384813,4,10.1,False,2026-02-01,3.12,331,8,-0.134,0.436,8.8,2.97,2.19,315.0,88.0,0.0328,0.399
BIZ_100,Velvet Sip,Coffee Shop,Mehdipatnam,South,17.420772,78.384813,4,10.2,False,2026-03-01,2.93,338,7,-0.281,0.574,7.8,2.93,2.92,319.0,81.0,0.0205,0.36
BIZ_100,Velvet Sip,Coffee Shop,Mehdipatnam,South,17.420772,78.384813,4,10.2,False,2026-04-01,3.16,343,5,-0.106,0.679,3.7,2.68,2.54,282.0,28.0,0.0537,0.296
BIZ_100,Velvet Sip,Coffee Shop,Mehdipatnam,South,17.420772,78.384813,4,10.3,False,2026-05-01,3.1,343,0,-0.132,0.518,4.4,3.26,2.81,354.0,54.0,0.0441,0.465
BIZ_100,Velvet Sip,Coffee Shop,Mehdipatnam,South,17.420772,78.384813,4,10.4,False,2026-06-01,3.08,345,2,-0.063,0.411,5.7,3.11,3.03,204.0,33.0,0.0232,0.377
BIZ_101,Pearl Aroma Co,Coffee Shop,Nampally,Old City,17.356028,78.453587,2,1.8,False,2025-01-01,3.78,387,16,0.626,0.609,,3.18,4.13,300.0,63.0,0.0252,0.474
BIZ_101,Pearl Aroma Co,Coffee Shop,Nampally,Old City,17.356028,78.453587,2,1.9,False,2025-02-01,3.88,415,28,0.668,0.483,4.8,3.21,4.04,,64.0,0.0322,0.453
BIZ_101,Pearl Aroma Co,Coffee Shop,Nampally,Old City,17.356028,78.453587,2,2.0,False,2025-03-01,4.03,429,14,0.663,0.61,5.6,3.54,4.41,278.0,50.0,0.0769,0.516
BIZ_101,Pearl Aroma Co,Coffee Shop,Nampally,Old City,17.356028,78.453587,2,2.0,False,2025-04-01,3.82,446,17,0.476,,7.7,3.99,3.48,253.0,44.0,0.0267,0.398
BIZ_101,Pearl Aroma Co,Coffee Shop,Nampally,Old City,17.356028,78.453587,2,2.1,False,2025-05-01,3.9,466,20,0.798,0.619,11.0,3.95,3.95,207.0,44.0,0.0327,0.481
BIZ_101,Pearl Aroma Co,Coffee Shop,Nampally,Old City,17.356028,78.453587,2,2.2,False,2025-06-01,3.9,476,10,0.701,0.573,4.7,3.49,3.63,260.0,57.0,0.0687,0.458
BIZ_101,Pearl Aroma Co,Coffee Shop,Nampally,Old City,17.356028,78.453587,2,2.3,False,2025-07-01,3.63,494,18,0.704,0.571,6.6,3.52,3.53,193.0,41.0,,0.389
BIZ_101,Pearl Aroma Co,Coffee Shop,Nampally,Old City,17.356028,78.453587,2,2.4,False,2025-08-01,3.91,510,16,0.766,0.476,3.1,3.99,3.99,285.0,40.0,0.0506,0.444
BIZ_101,Pearl Aroma Co,Coffee Shop,Nampally,Old City,17.356028,78.453587,2,2.5,False,2025-09-01,3.56,527,17,0.754,0.622,3.3,3.87,,207.0,35.0,0.0221,0.421
BIZ_101,Pearl Aroma Co,Coffee Shop,Nampally,Old City,17.356028,78.453587,2,2.5,False,2025-10-01,3.82,548,21,0.776,0.498,6.2,3.89,4.05,115.0,45.0,0.0702,0.47
BIZ_101,Pearl Aroma Co,Coffee Shop,Nampally,Old City,17.356028,78.453587,2,2.6,False,2025-11-01,3.75,569,21,0.736,0.583,6.6,3.61,3.53,246.0,42.0,0.0395,0.568
BIZ_101,Pearl Aroma Co,Coffee Shop,Nampally,Old City,17.356028,78.453587,2,2.7,False,2025-12-01,3.88,588,19,0.681,0.491,6.1,3.81,4.25,258.0,64.0,0.0558,0.432
BIZ_101,Pearl Aroma Co,Coffee Shop,Nampally,Old City,17.356028,78.453587,2,2.8,False,2026-01-01,3.74,609,21,0.735,0.545,3.3,3.67,3.78,,63.0,0.0201,0.452
BIZ_101,Pearl Aroma Co,Coffee Shop,Nampally,Old City,17.356028,78.453587,2,2.9,False,2026-02-01,3.65,641,32,0.761,0.478,4.6,3.56,3.74,330.0,42.0,0.0423,0.371
BIZ_101,Pearl Aroma Co,Coffee Shop,Nampally,Old City,17.356028,78.453587,2,3.0,False,2026-03-01,3.83,661,20,0.828,0.562,3.4,3.79,3.91,284.0,37.0,0.0414,0.403
BIZ_101,Pearl Aroma Co,Coffee Shop,Nampally,Old City,17.356028,78.453587,2,3.0,False,2026-04-01,3.64,679,18,0.842,0.4,,3.36,3.67,222.0,69.0,0.022,0.358
BIZ_101,Pearl Aroma Co,Coffee Shop,Nampally,Old City,17.356028,78.453587,2,3.1,False,2026-05-01,3.88,701,22,0.887,0.439,2.0,3.78,4.21,151.0,40.0,0.0227,0.383
BIZ_101,Pearl Aroma Co,Coffee Shop,Nampally,Old City,17.356028,78.453587,2,3.2,False,2026-06-01,3.87,715,14,0.769,0.398,3.8,4.25,3.71,248.0,45.0,0.0346,0.368
BIZ_102,The Drip Works,Cafe,Gachibowli,West,17.446216,78.3816,3,5.9,False,2025-01-01,3.47,220,6,0.25,0.608,3.6,2.42,3.54,325.0,81.0,0.0906,0.375
BIZ_102,The Drip Works,Cafe,Gachibowli,West,17.446216,78.3816,3,6.0,False,2025-02-01,3.71,227,7,0.243,0.688,8.0,,3.59,358.0,42.0,0.0415,0.423
BIZ_102,The Drip Works,Cafe,Gachibowli,West,17.446216,78.3816,3,6.1,False,2025-03-01,3.51,232,5,0.36,0.503,12.0,3.27,3.1,164.0,62.0,0.0255,0.371
BIZ_102,The Drip Works,Cafe,Gachibowli,West,17.446216,78.3816,3,6.2,False,2025-04-01,3.67,238,6,0.269,,11.8,2.99,4.01,215.0,46.0,0.0237,0.473
BIZ_102,The Drip Works,Cafe,Gachibowli,West,17.446216,78.3816,3,6.2,False,2025-05-01,3.39,240,2,0.314,0.577,5.6,2.89,3.3,292.0,81.0,0.0609,0.377
BIZ_102,The Drip Works,Cafe,Gachibowli,West,17.446216,78.3816,3,6.3,False,2025-06-01,3.38,245,5,0.411,0.428,7.0,3.51,2.86,193.0,30.0,0.0443,0.39
BIZ_102,The Drip Works,Cafe,Gachibowli,West,17.446216,78.3816,3,6.4,False,2025-07-01,3.53,247,2,0.231,0.503,2.5,3.47,3.19,263.0,39.0,0.0832,0.42
BIZ_102,The Drip Works,Cafe,Gachibowli,West,17.446216,78.3816,3,6.5,False,2025-08-01,3.38,251,4,0.162,0.395,8.1,3.0,3.24,259.0,29.0,0.0266,0.468
BIZ_102,The Drip Works,Cafe,Gachibowli,West,17.446216,78.3816,3,6.6,False,2025-09-01,3.47,257,6,0.253,0.418,5.5,3.72,3.18,196.0,57.0,0.0238,0.403
BIZ_102,The Drip Works,Cafe,Gachibowli,West,17.446216,78.3816,3,6.7,False,2025-10-01,3.45,259,2,,0.708,2.7,3.08,2.95,280.0,68.0,0.0279,0.483
BIZ_102,The Drip Works,Cafe,Gachibowli,West,17.446216,78.3816,3,6.7,False,2025-11-01,3.53,262,3,0.24,0.585,8.0,3.38,3.15,248.0,71.0,0.0244,0.485
BIZ_102,The Drip Works,Cafe,Gachibowli,West,17.446216,78.3816,3,6.8,False,2025-12-01,3.52,267,5,0.152,0.648,10.6,3.7,3.69,264.0,48.0,0.0393,0.366
BIZ_102,The Drip Works,Cafe,Gachibowli,West,17.446216,78.3816,3,6.9,False,2026-01-01,3.59,273,6,0.382,0.503,2.5,3.34,3.6,269.0,59.0,0.0216,0.364
BIZ_102,The Drip Works,Cafe,Gachibowli,West,17.446216,78.3816,3,7.0,False,2026-02-01,3.5,277,4,0.232,0.487,2.7,3.57,2.86,228.0,32.0,0.0597,0.435
BIZ_102,The Drip Works,Cafe,Gachibowli,West,17.446216,78.3816,3,7.1,False,2026-03-01,3.66,283,6,0.347,0.555,10.9,3.49,3.43,302.0,62.0,0.0242,0.378
BIZ_102,The Drip Works,Cafe,Gachibowli,West,17.446216,78.3816,3,7.2,False,2026-04-01,3.5,286,3,0.185,0.412,5.3,3.57,3.04,224.0,51.0,0.0218,0.476
BIZ_102,The Drip Works,Cafe,Gachibowli,West,17.446216,78.3816,3,7.2,False,2026-05-01,3.65,290,4,0.289,0.511,6.3,3.28,,199.0,56.0,0.0234,0.39
BIZ_102,The Drip Works,Cafe,Gachibowli,West,17.446216,78.3816,3,7.3,False,2026-06-01,3.58,292,2,0.201,0.597,3.7,3.96,3.39,139.0,39.0,0.0904,0.372
BIZ_103,Fresh Roast,Bakery & Cafe,Begumpet,Central,17.435787,78.444193,2,2.5,False,2025-01-01,4.13,573,27,0.518,0.555,2.7,4.23,4.46,339.0,73.0,0.0869,0.497
BIZ_103,Fresh Roast,Bakery & Cafe,Begumpet,Central,17.435787,78.444193,2,2.6,False,2025-02-01,4.11,594,21,0.539,0.491,6.0,4.12,4.21,274.0,57.0,,0.418
BIZ_103,Fresh Roast,Bakery & Cafe,Begumpet,Central,17.435787,78.444193,2,2.7,False,2025-03-01,4.27,612,18,0.408,0.474,8.0,4.09,3.78,279.0,55.0,0.043,0.427
BIZ_103,Fresh Roast,Bakery & Cafe,Begumpet,Central,17.435787,78.444193,2,2.8,False,2025-04-01,4.09,643,31,0.548,0.494,8.1,4.36,3.95,,31.0,0.0206,0.508
BIZ_103,Fresh Roast,Bakery & Cafe,Begumpet,Central,17.435787,78.444193,2,2.8,False,2025-05-01,4.18,658,15,0.519,0.44,7.4,3.12,4.04,196.0,31.0,0.0883,0.409
BIZ_103,Fresh Roast,Bakery & Cafe,Begumpet,Central,17.435787,78.444193,2,2.9,False,2025-06-01,4.08,684,26,0.604,0.606,7.4,3.85,3.97,229.0,46.0,0.0384,0.449
BIZ_103,Fresh Roast,Bakery & Cafe,Begumpet,Central,17.435787,78.444193,2,3.0,False,2025-07-01,4.07,700,16,0.553,0.405,2.0,3.59,3.48,169.0,63.0,0.0359,0.405
BIZ_103,Fresh Roast,Bakery & Cafe,Begumpet,Central,17.435787,78.444193,2,3.1,False,2025-08-01,3.98,714,14,0.763,0.559,12.3,3.7,4.32,321.0,41.0,0.025,0.532
BIZ_103,Fresh Roast,Bakery & Cafe,Begumpet,Central,17.435787,78.444193,2,3.2,False,2025-09-01,3.96,730,16,0.532,0.554,5.5,3.64,4.12,196.0,46.0,0.0255,0.434
BIZ_103,Fresh Roast,Bakery & Cafe,Begumpet,Central,17.435787,78.444193,2,3.2,False,2025-10-01,4.09,750,20,0.614,0.552,7.1,3.9,3.83,157.0,41.0,0.0559,0.42
BIZ_103,Fresh Roast,Bakery & Cafe,Begumpet,Central,17.435787,78.444193,2,3.3,False,2025-11-01,4.06,764,14,0.506,0.543,8.1,3.96,4.79,331.0,,0.0362,0.448
BIZ_103,Fresh Roast,Bakery & Cafe,Begumpet,Central,17.435787,78.444193,2,3.4,False,2025-12-01,4.14,778,14,0.541,0.628,3.3,3.9,3.75,382.0,75.0,0.0749,0.512
BIZ_103,Fresh Roast,Bakery & Cafe,Begumpet,Central,17.435787,78.444193,2,3.5,False,2026-01-01,4.16,805,27,0.589,0.429,4.6,4.03,4.28,268.0,87.0,0.0295,0.405
BIZ_103,Fresh Roast,Bakery & Cafe,Begumpet,Central,17.435787,78.444193,2,3.6,False,2026-02-01,4.15,814,9,0.401,0.73,5.6,3.99,4.24,289.0,71.0,0.0397,0.364
BIZ_103,Fresh Roast,Bakery & Cafe,Begumpet,Central,17.435787,78.444193,2,3.7,False,2026-03-01,4.27,834,20,0.676,0.481,3.5,3.69,4.53,308.0,44.0,0.0986,0.462
BIZ_103,Fresh Roast,Bakery & Cafe,Begumpet,Central,17.435787,78.444193,2,3.8,False,2026-04-01,4.29,860,26,0.378,0.537,1.1,4.33,4.57,247.0,51.0,0.0217,0.423
BIZ_103,Fresh Roast,Bakery & Cafe,Begumpet,Central,17.435787,78.444193,2,3.8,False,2026-05-01,4.17,867,7,0.588,0.503,8.7,3.88,4.32,258.0,44.0,0.0245,0.362
BIZ_103,Fresh Roast,Bakery & Cafe,Begumpet,Central,17.435787,78.444193,2,3.9,False,2026-06-01,4.24,880,13,0.589,0.691,3.3,3.86,4.21,218.0,71.0,0.0202,0.492
BIZ_104,Modern Rise,Restaurant & Cafe,Madhapur,West,17.434855,78.362253,3,4.3,False,2025-01-01,3.45,1249,27,0.206,0.471,7.5,3.39,3.5,297.0,26.0,0.0874,0.422
BIZ_104,Modern Rise,Restaurant & Cafe,Madhapur,West,17.434855,78.362253,3,4.4,False,2025-02-01,3.34,1268,19,0.269,0.469,5.4,3.11,2.97,234.0,32.0,0.0762,0.418
BIZ_104,Modern Rise,Restaurant & Cafe,Madhapur,West,17.434855,78.362253,3,4.5,False,2025-03-01,3.28,1291,23,0.159,0.469,6.8,2.89,,273.0,46.0,0.0285,0.374
BIZ_104,Modern Rise,Restaurant & Cafe,Madhapur,West,17.434855,78.362253,3,4.5,False,2025-04-01,3.46,1318,27,0.364,0.414,5.2,3.68,3.38,283.0,34.0,0.1104,0.413
BIZ_104,Modern Rise,Restaurant & Cafe,Madhapur,West,17.434855,78.362253,3,4.6,False,2025-05-01,3.44,1345,27,0.237,0.644,3.8,3.07,3.25,279.0,49.0,0.0217,0.486
BIZ_104,Modern Rise,Restaurant & Cafe,Madhapur,West,17.434855,78.362253,3,4.7,False,2025-06-01,3.47,1372,27,0.167,0.625,8.1,3.36,3.07,215.0,52.0,0.0847,0.45
BIZ_104,Modern Rise,Restaurant & Cafe,Madhapur,West,17.434855,78.362253,3,4.8,False,2025-07-01,3.5,1383,11,0.343,0.516,11.7,3.68,3.04,212.0,14.0,0.0539,0.425
BIZ_104,Modern Rise,Restaurant & Cafe,Madhapur,West,17.434855,78.362253,3,4.9,False,2025-08-01,3.34,1399,16,0.225,0.666,4.3,2.74,3.2,258.0,43.0,0.0392,0.376
BIZ_104,Modern Rise,Restaurant & Cafe,Madhapur,West,17.434855,78.362253,3,5.0,False,2025-09-01,3.48,1416,17,0.2,0.343,8.3,3.82,3.37,194.0,53.0,0.0478,0.431
BIZ_104,Modern Rise,Restaurant & Cafe,Madhapur,West,17.434855,78.362253,3,5.0,False,2025-10-01,3.33,1432,16,0.236,0.591,5.1,3.57,3.32,,25.0,0.0231,0.4
BIZ_104,Modern Rise,Restaurant & Cafe,Madhapur,West,17.434855,78.362253,3,5.1,False,2025-11-01,3.37,1465,33,0.238,0.632,3.9,3.21,3.71,274.0,52.0,0.0211,0.47
BIZ_104,Modern Rise,Restaurant & Cafe,Madhapur,West,17.434855,78.362253,3,5.2,False,2025-12-01,3.51,1480,15,0.241,0.625,4.3,3.04,2.92,235.0,31.0,0.0677,0.551
BIZ_104,Modern Rise,Restaurant & Cafe,Madhapur,West,17.434855,78.362253,3,5.3,False,2026-01-01,3.5,1507,27,0.166,0.533,8.2,3.54,2.83,293.0,50.0,0.0348,0.428
BIZ_104,Modern Rise,Restaurant & Cafe,Madhapur,West,17.434855,78.362253,3,5.4,False,2026-02-01,3.56,1536,29,,0.536,3.0,3.45,2.86,239.0,58.0,0.0416,0.486
BIZ_104,Modern Rise,Restaurant & Cafe,Madhapur,West,17.434855,78.362253,3,5.5,False,2026-03-01,3.5,1559,23,0.234,0.431,7.7,3.18,3.35,315.0,47.0,0.0498,0.467
BIZ_104,Modern Rise,Restaurant & Cafe,Madhapur,West,17.434855,78.362253,3,5.5,False,2026-04-01,3.49,1583,24,0.428,0.369,16.3,3.2,,233.0,39.0,0.055,0.371
BIZ_104,Modern Rise,Restaurant & Cafe,Madhapur,West,17.434855,78.362253,3,5.6,False,2026-05-01,3.49,1605,22,0.401,0.296,,3.17,,217.0,37.0,0.0451,0.369
BIZ_104,Modern Rise,Restaurant & Cafe,Madhapur,West,17.434855,78.362253,3,5.7,False,2026-06-01,3.47,1627,22,0.223,0.412,13.5,3.38,2.93,152.0,38.0,0.0479,0.417
BIZ_105,Blue Swirl Station,Coffee Shop,Alwal,East,17.480377,78.522391,2,1.1,False,2025-01-01,4.38,84,10,0.781,0.519,11.4,4.29,4.99,271.0,64.0,,0.476
BIZ_105,Blue Swirl Station,Coffee Shop,Alwal,East,17.480377,78.522391,2,1.2,False,2025-02-01,4.35,87,3,0.596,0.474,8.6,4.14,4.33,233.0,56.0,0.0354,0.445
BIZ_105,Blue Swirl Station,Coffee Shop,Alwal,East,17.480377,78.522391,2,1.3,False,2025-03-01,4.47,90,3,0.579,,6.0,3.76,4.07,257.0,58.0,0.0407,0.554
BIZ_105,Blue Swirl Station,Coffee Shop,Alwal,East,17.480377,78.522391,2,1.4,False,2025-04-01,4.48,92,2,0.612,0.553,2.7,4.24,4.59,240.0,58.0,0.0296,0.556
BIZ_105,Blue Swirl Station,Coffee Shop,Alwal,East,17.480377,78.522391,2,1.4,False,2025-05-01,4.35,96,4,0.82,0.456,6.2,3.84,4.02,325.0,74.0,0.0448,0.419
BIZ_105,Blue Swirl Station,Coffee Shop,Alwal,East,17.480377,78.522391,2,1.5,False,2025-06-01,4.41,99,3,0.699,0.526,13.2,,4.26,270.0,48.0,0.0296,0.474
BIZ_105,Blue Swirl Station,Coffee Shop,Alwal,East,17.480377,78.522391,2,1.6,False,2025-07-01,4.19,101,2,0.823,0.512,9.6,4.54,4.07,230.0,13.0,0.0204,0.479
BIZ_105,Blue Swirl Station,Coffee Shop,Alwal,East,17.480377,78.522391,2,1.7,False,2025-08-01,4.32,107,6,0.586,0.563,7.6,4.42,3.97,230.0,69.0,0.0215,0.397
BIZ_105,Blue Swirl Station,Coffee Shop,Alwal,East,17.480377,78.522391,2,1.8,False,2025-09-01,4.24,113,6,0.694,0.517,3.6,3.71,4.47,315.0,54.0,0.0564,0.548
BIZ_105,Blue Swirl Station,Coffee Shop,Alwal,East,17.480377,78.522391,2,1.9,False,2025-10-01,4.24,116,3,0.618,0.455,3.5,4.43,4.57,240.0,44.0,0.0369,0.427
BIZ_105,Blue Swirl Station,Coffee Shop,Alwal,East,17.480377,78.522391,2,1.9,False,2025-11-01,4.13,120,4,0.637,0.556,1.7,4.13,4.0,251.0,68.0,0.0294,0.427
BIZ_105,Blue Swirl Station,Coffee Shop,Alwal,East,17.480377,78.522391,2,2.0,False,2025-12-01,4.37,125,5,0.629,0.451,5.8,4.68,4.33,243.0,56.0,0.0316,0.453
BIZ_105,Blue Swirl Station,Coffee Shop,Alwal,East,17.480377,78.522391,2,2.1,False,2026-01-01,4.32,131,6,0.626,0.34,10.0,3.85,4.68,269.0,49.0,0.0406,0.437
BIZ_105,Blue Swirl Station,Coffee Shop,Alwal,East,17.480377,78.522391,2,2.2,False,2026-02-01,4.28,138,7,0.712,0.596,9.7,3.99,3.99,223.0,28.0,0.0246,0.469
BIZ_105,Blue Swirl Station,Coffee Shop,Alwal,East,17.480377,78.522391,2,2.3,False,2026-03-01,4.25,143,5,0.724,0.406,4.4,4.4,4.02,285.0,72.0,,0.43
BIZ_105,Blue Swirl Station,Coffee Shop,Alwal,East,17.480377,78.522391,2,2.4,False,2026-04-01,4.32,148,5,0.716,0.55,5.2,3.99,4.42,244.0,77.0,0.0241,0.489
BIZ_105,Blue Swirl Station,Coffee Shop,Alwal,East,17.480377,78.522391,2,2.4,False,2026-05-01,4.49,153,5,0.649,0.408,8.0,4.59,4.04,234.0,30.0,0.0394,0.387
BIZ_105,Blue Swirl Station,Coffee Shop,Alwal,East,17.480377,78.522391,2,2.5,False,2026-06-01,4.26,156,3,0.602,0.467,7.3,4.27,4.53,243.0,14.0,0.0318,0.517
BIZ_106,Urban Press,Tea House,Miyapur,West,17.412931,78.370102,4,2.1,False,2025-01-01,4.15,403,18,0.623,0.415,6.8,4.03,3.68,399.0,55.0,0.0306,0.4
BIZ_106,Urban Press,Tea House,Miyapur,West,17.412931,78.370102,4,2.2,False,2025-02-01,4.16,423,20,0.687,0.37,4.0,4.04,4.34,344.0,52.0,0.034,0.404
BIZ_106,Urban Press,Tea House,Miyapur,West,17.412931,78.370102,4,2.3,False,2025-03-01,4.2,440,17,0.701,0.536,3.8,4.39,3.72,277.0,65.0,0.0463,0.463
BIZ_106,Urban Press,Tea House,Miyapur,West,17.412931,78.370102,4,2.4,False,2025-04-01,4.19,455,15,0.728,0.597,5.5,4.27,3.92,269.0,64.0,0.0558,0.433
BIZ_106,Urban Press,Tea House,Miyapur,West,17.412931,78.370102,4,2.4,False,2025-05-01,4.26,466,11,0.636,,3.1,3.72,3.56,204.0,33.0,0.0204,0.537
BIZ_106,Urban Press,Tea House,Miyapur,West,17.412931,78.370102,4,2.5,False,2025-06-01,4.21,480,14,0.61,0.669,3.3,3.94,3.78,274.0,63.0,0.0524,0.405
BIZ_106,Urban Press,Tea House,Miyapur,West,17.412931,78.370102,4,2.6,False,2025-07-01,4.23,494,14,0.665,0.569,7.2,3.9,3.78,199.0,18.0,0.0675,0.478
BIZ_106,Urban Press,Tea House,Miyapur,West,17.412931,78.370102,4,2.7,False,2025-08-01,4.23,503,9,0.611,,2.9,4.17,3.63,268.0,58.0,0.0405,0.56
BIZ_106,Urban Press,Tea House,Miyapur,West,17.412931,78.370102,4,2.8,False,2025-09-01,4.14,518,15,0.597,0.577,12.3,4.09,3.87,176.0,76.0,0.0205,0.418
BIZ_106,Urban Press,Tea House,Miyapur,West,17.412931,78.370102,4,2.9,False,2025-10-01,4.02,536,18,0.571,0.515,3.4,3.76,3.89,250.0,,0.0237,0.384
BIZ_106,Urban Press,Tea House,Miyapur,West,17.412931,78.370102,4,2.9,False,2025-11-01,4.2,555,19,0.583,0.441,9.8,3.88,3.75,243.0,49.0,0.0338,0.509
BIZ_106,Urban Press,Tea House,Miyapur,West,17.412931,78.370102,4,3.0,False,2025-12-01,4.26,571,16,0.526,0.453,5.3,3.64,3.62,325.0,61.0,0.0321,0.427
BIZ_106,Urban Press,Tea House,Miyapur,West,17.412931,78.370102,4,3.1,False,2026-01-01,4.26,588,17,0.558,0.562,2.1,4.42,3.38,344.0,64.0,0.0467,0.552
BIZ_106,Urban Press,Tea House,Miyapur,West,17.412931,78.370102,4,3.2,False,2026-02-01,4.31,602,14,0.588,0.573,3.1,4.03,4.19,191.0,37.0,0.0733,0.447
BIZ_106,Urban Press,Tea House,Miyapur,West,17.412931,78.370102,4,3.3,False,2026-03-01,4.13,618,16,0.444,0.467,9.0,3.95,3.7,232.0,45.0,0.0384,0.419
BIZ_106,Urban Press,Tea House,Miyapur,West,17.412931,78.370102,4,3.4,False,2026-04-01,4.41,629,11,0.624,0.463,6.1,4.3,3.48,,51.0,0.05,0.493
BIZ_106,Urban Press,Tea House,Miyapur,West,17.412931,78.370102,4,3.4,False,2026-05-01,4.14,640,11,0.415,0.566,2.8,3.86,3.73,229.0,39.0,0.024,0.373
BIZ_106,Urban Press,Tea House,Miyapur,West,17.412931,78.370102,4,3.5,False,2026-06-01,4.39,655,15,0.552,0.658,4.9,4.26,4.03,245.0,36.0,0.0672,0.379
BIZ_107,Golden Aroma,Cafe,Attapur,South,17.415066,78.430728,2,3.2,False,2025-01-01,4.93,923,20,0.85,0.742,8.5,4.68,5.0,258.0,71.0,0.0371,0.473
BIZ_107,Golden Aroma,Cafe,Attapur,South,17.415066,78.430728,2,3.3,False,2025-02-01,4.9,946,23,,0.456,9.5,4.44,5.0,347.0,71.0,0.0285,0.376
BIZ_107,Golden Aroma,Cafe,Attapur,South,17.415066,78.430728,2,3.4,False,2025-03-01,4.97,970,24,0.928,0.468,3.4,5.0,5.0,249.0,26.0,0.0475,0.486
BIZ_107,Golden Aroma,Cafe,Attapur,South,17.415066,78.430728,2,3.5,False,2025-04-01,5.0,999,29,,0.485,1.9,4.57,4.72,284.0,46.0,0.15,0.494
BIZ_107,Golden Aroma,Cafe,Attapur,South,17.415066,78.430728,2,3.5,False,2025-05-01,5.0,1031,32,0.8,0.472,20.3,4.59,5.0,280.0,64.0,0.0202,0.455
BIZ_107,Golden Aroma,Cafe,Attapur,South,17.415066,78.430728,2,3.6,False,2025-06-01,4.97,1055,24,0.848,0.5,2.6,4.91,4.59,170.0,61.0,0.0385,0.449
BIZ_107,Golden Aroma,Cafe,Attapur,South,17.415066,78.430728,2,3.7,False,2025-07-01,5.0,1075,20,0.829,0.579,3.9,5.0,5.0,166.0,55.0,0.0569,0.498
BIZ_107,Golden Aroma,Cafe,Attapur,South,17.415066,78.430728,2,3.8,False,2025-08-01,5.0,1096,21,1.0,0.496,4.5,4.99,4.68,263.0,23.0,0.0247,0.483
BIZ_107,Golden Aroma,Cafe,Attapur,South,17.415066,78.430728,2,3.9,False,2025-09-01,4.98,1114,18,0.934,0.559,4.4,4.26,5.0,250.0,,0.0293,0.504
BIZ_107,Golden Aroma,Cafe,Attapur,South,17.415066,78.430728,2,4.0,False,2025-10-01,4.87,1147,33,0.866,0.541,3.6,4.07,4.53,227.0,63.0,0.0429,0.503
BIZ_107,Golden Aroma,Cafe,Attapur,South,17.415066,78.430728,2,4.0,False,2025-11-01,5.0,1161,14,0.871,0.535,6.8,4.55,5.0,292.0,65.0,0.0267,0.43
BIZ_107,Golden Aroma,Cafe,Attapur,South,17.415066,78.430728,2,4.1,False,2025-12-01,5.0,1187,26,0.843,0.393,3.6,4.84,5.0,220.0,51.0,0.039,0.479
BIZ_107,Golden Aroma,Cafe,Attapur,South,17.415066,78.430728,2,4.2,False,2026-01-01,5.0,1201,14,0.792,,3.8,4.68,5.0,199.0,51.0,0.0461,0.443
BIZ_107,Golden Aroma,Cafe,Attapur,South,17.415066,78.430728,2,4.3,False,2026-02-01,5.0,1229,28,0.892,0.462,5.0,5.0,5.0,234.0,42.0,0.0559,0.516
BIZ_107,Golden Aroma,Cafe,Attapur,South,17.415066,78.430728,2,4.4,False,2026-03-01,4.99,1253,24,0.903,0.609,6.2,4.59,4.85,267.0,51.0,0.0659,0.478
BIZ_107,Golden Aroma,Cafe,Attapur,South,17.415066,78.430728,2,4.5,False,2026-04-01,4.98,1280,27,1.0,0.773,4.6,4.77,4.75,156.0,52.0,0.0355,0.588
BIZ_107,Golden Aroma,Cafe,Attapur,South,17.415066,78.430728,2,4.5,False,2026-05-01,5.0,1299,19,1.0,0.487,5.9,4.6,5.0,202.0,58.0,0.0202,0.463
BIZ_107,Golden Aroma,Cafe,Attapur,South,17.415066,78.430728,2,4.6,False,2026-06-01,5.0,1316,17,0.89,0.517,,4.83,4.63,206.0,27.0,,0.491
BIZ_108,Happy Press Station,Cafe,Banjara Hills,Central,17.400231,78.451016,3,3.9,False,2025-01-01,3.7,669,11,0.249,0.428,4.6,2.88,4.03,342.0,,0.022,0.397
BIZ_108,Happy Press Station,Cafe,Banjara Hills,Central,17.400231,78.451016,3,4.0,False,2025-02-01,3.69,678,9,0.124,0.568,2.9,3.13,3.52,229.0,54.0,0.0248,0.432
BIZ_108,Happy Press Station,Cafe,Banjara Hills,Central,17.400231,78.451016,3,4.1,False,2025-03-01,3.46,690,12,0.053,0.47,3.7,3.45,3.08,250.0,21.0,0.0269,0.47
BIZ_108,Happy Press Station,Cafe,Banjara Hills,Central,17.400231,78.451016,3,4.2,False,2025-04-01,3.65,699,9,0.146,0.419,8.8,3.22,3.51,263.0,85.0,0.0224,0.392
BIZ_108,Happy Press Station,Cafe,Banjara Hills,Central,17.400231,78.451016,3,4.2,False,2025-05-01,3.76,709,10,0.114,0.43,6.3,3.6,3.64,276.0,21.0,0.0265,0.474
BIZ_108,Happy Press Station,Cafe,Banjara Hills,Central,17.400231,78.451016,3,4.3,False,2025-06-01,3.66,714,5,0.232,0.453,3.1,3.33,3.23,263.0,51.0,0.0281,0.459
BIZ_108,Happy Press Station,Cafe,Banjara Hills,Central,17.400231,78.451016,3,4.4,False,2025-07-01,3.52,725,11,0.278,0.678,10.3,3.73,3.15,303.0,31.0,0.0346,0.458
BIZ_108,Happy Press Station,Cafe,Banjara Hills,Central,17.400231,78.451016,3,4.5,False,2025-08-01,3.42,734,9,0.19,0.432,5.3,2.81,3.22,229.0,28.0,0.0341,0.373
BIZ_108,Happy Press Station,Cafe,Banjara Hills,Central,17.400231,78.451016,3,4.6,False,2025-09-01,3.6,745,11,0.197,0.388,17.4,3.47,3.56,156.0,36.0,0.0671,0.436
BIZ_108,Happy Press Station,Cafe,Banjara Hills,Central,17.400231,78.451016,3,4.7,False,2025-10-01,3.54,753,8,0.212,0.474,7.7,3.12,3.19,333.0,68.0,0.0817,0.438
BIZ_108,Happy Press Station,Cafe,Banjara Hills,Central,17.400231,78.451016,3,4.7,False,2025-11-01,3.71,765,12,0.195,0.341,6.0,3.24,3.33,209.0,33.0,0.0274,0.444
BIZ_108,Happy Press Station,Cafe,Banjara Hills,Central,17.400231,78.451016,3,4.8,False,2025-12-01,3.53,783,18,0.191,0.389,8.7,3.03,3.49,224.0,46.0,0.0256,0.403
BIZ_108,Happy Press Station,Cafe,Banjara Hills,Central,17.400231,78.451016,3,4.9,False,2026-01-01,3.53,799,16,0.126,0.506,3.6,2.81,,254.0,31.0,0.0275,0.462
BIZ_108,Happy Press Station,Cafe,Banjara Hills,Central,17.400231,78.451016,3,5.0,False,2026-02-01,3.53,813,14,0.054,0.44,5.0,3.52,2.91,259.0,72.0,0.0286,0.536
BIZ_108,Happy Press Station,Cafe,Banjara Hills,Central,17.400231,78.451016,3,5.1,False,2026-03-01,3.56,824,11,0.283,0.342,14.6,3.12,3.49,244.0,,0.064,0.452
BIZ_108,Happy Press Station,Cafe,Banjara Hills,Central,17.400231,78.451016,3,5.2,False,2026-04-01,3.61,837,13,0.113,0.701,2.0,3.53,3.5,307.0,70.0,0.0795,0.484
BIZ_108,Happy Press Station,Cafe,Banjara Hills,Central,17.400231,78.451016,3,5.2,False,2026-05-01,3.56,849,12,0.253,0.443,12.8,3.45,3.08,221.0,25.0,0.0613,0.347
BIZ_108,Happy Press Station,Cafe,Banjara Hills,Central,17.400231,78.451016,3,5.3,False,2026-06-01,3.66,853,4,0.061,0.502,6.5,3.58,3.44,,44.0,0.044,0.415
BIZ_109,Blend Studio,Coffee Shop,Attapur,South,17.358948,78.443121,4,7.3,False,2025-01-01,3.68,756,12,0.372,0.413,5.5,4.22,2.98,,56.0,0.0267,0.389
BIZ_109,Blend Studio,Coffee Shop,Attapur,South,17.358948,78.443121,4,7.4,False,2025-02-01,3.6,769,13,0.381,0.582,2.5,4.01,3.27,261.0,52.0,0.0245,0.426
BIZ_109,Blend Studio,Coffee Shop,Attapur,South,17.358948,78.443121,4,7.5,False,2025-03-01,3.71,779,10,0.424,0.428,5.2,3.23,3.11,175.0,53.0,0.0345,0.484
BIZ_109,Blend Studio,Coffee Shop,Attapur,South,17.358948,78.443121,4,7.5,False,2025-04-01,3.65,785,6,0.489,0.548,3.2,2.84,3.33,210.0,66.0,0.097,0.57
BIZ_109,Blend Studio,Coffee Shop,Attapur,South,17.358948,78.443121,4,7.6,False,2025-05-01,3.62,792,7,0.592,0.308,6.6,3.29,3.17,242.0,43.0,0.0377,0.459
BIZ_109,Blend Studio,Coffee Shop,Attapur,South,17.358948,78.443121,4,7.7,False,2025-06-01,3.61,799,7,0.541,0.505,4.9,2.84,3.48,213.0,87.0,0.0384,0.385
BIZ_109,Blend Studio,Coffee Shop,Attapur,South,17.358948,78.443121,4,7.8,False,2025-07-01,3.59,807,8,0.603,0.715,2.1,3.31,,249.0,63.0,0.0333,0.451
BIZ_109,Blend Studio,Coffee Shop,Attapur,South,17.358948,78.443121,4,7.9,False,2025-08-01,3.47,816,9,0.394,0.38,13.7,2.94,3.69,193.0,75.0,0.0407,0.471
BIZ_109,Blend Studio,Coffee Shop,Attapur,South,17.358948,78.443121,4,8.0,False,2025-09-01,3.45,821,5,0.539,0.532,10.4,3.48,3.16,258.0,62.0,0.023,0.414
BIZ_109,Blend Studio,Coffee Shop,Attapur,South,17.358948,78.443121,4,8.1,False,2025-10-01,3.43,831,10,0.38,0.491,6.0,3.64,3.08,276.0,45.0,0.0254,0.413
BIZ_109,Blend Studio,Coffee Shop,Attapur,South,17.358948,78.443121,4,8.1,False,2025-11-01,3.58,840,9,0.557,0.676,4.2,3.78,3.1,282.0,42.0,0.0443,0.418
BIZ_109,Blend Studio,Coffee Shop,Attapur,South,17.358948,78.443121,4,8.2,False,2025-12-01,3.53,846,6,0.603,0.451,5.5,3.36,3.1,,77.0,0.0553,0.438
BIZ_109,Blend Studio,Coffee Shop,Attapur,South,17.358948,78.443121,4,8.3,False,2026-01-01,3.47,859,13,0.388,0.654,4.0,3.75,3.12,295.0,46.0,0.036,0.506
BIZ_109,Blend Studio,Coffee Shop,Attapur,South,17.358948,78.443121,4,8.4,False,2026-02-01,3.62,870,11,0.406,0.566,3.3,3.54,3.33,184.0,57.0,0.0304,0.388
BIZ_109,Blend Studio,Coffee Shop,Attapur,South,17.358948,78.443121,4,8.5,False,2026-03-01,3.58,880,10,0.388,0.905,3.4,3.43,2.86,196.0,27.0,0.0406,0.38
BIZ_109,Blend Studio,Coffee Shop,Attapur,South,17.358948,78.443121,4,8.6,False,2026-04-01,3.61,892,12,0.448,0.414,5.9,,3.04,234.0,36.0,0.0356,0.436
BIZ_109,Blend Studio,Coffee Shop,Attapur,South,17.358948,78.443121,4,8.6,False,2026-05-01,3.51,898,6,0.51,0.406,7.2,3.46,3.26,266.0,54.0,0.025,0.386
BIZ_109,Blend Studio,Coffee Shop,Attapur,South,17.358948,78.443121,4,8.7,False,2026-06-01,3.65,903,5,0.479,0.518,3.4,3.72,3.1,132.0,0.0,0.0452,0.358
BIZ_110,Green Press,Cafe,Uppal,East,17.49459,78.480757,2,5.0,False,2025-01-01,3.58,516,12,0.106,0.481,7.5,2.78,3.81,406.0,59.0,0.0648,0.366
BIZ_110,Green Press,Cafe,Uppal,East,17.49459,78.480757,2,5.1,False,2025-02-01,3.83,520,4,0.252,0.581,2.7,3.62,3.42,140.0,40.0,0.0518,0.443
BIZ_110,Green Press,Cafe,Uppal,East,17.49459,78.480757,2,5.2,False,2025-03-01,3.71,527,7,0.302,,4.0,3.71,3.23,254.0,45.0,0.0223,0.468
BIZ_110,Green Press,Cafe,Uppal,East,17.49459,78.480757,2,5.2,False,2025-04-01,3.69,532,5,0.265,0.552,6.3,3.68,3.8,251.0,85.0,0.0294,0.449
BIZ_110,Green Press,Cafe,Uppal,East,17.49459,78.480757,2,5.3,False,2025-05-01,3.61,540,8,0.298,0.503,8.0,3.71,3.94,289.0,66.0,0.025,0.431
BIZ_110,Green Press,Cafe,Uppal,East,17.49459,78.480757,2,5.4,False,2025-06-01,3.66,542,2,0.149,0.596,7.5,3.4,3.87,264.0,45.0,0.1218,0.451
BIZ_110,Green Press,Cafe,Uppal,East,17.49459,78.480757,2,5.5,False,2025-07-01,3.72,546,4,0.312,0.385,11.6,2.87,3.49,205.0,45.0,0.0372,0.504
BIZ_110,Green Press,Cafe,Uppal,East,17.49459,78.480757,2,5.6,False,2025-08-01,3.57,555,9,0.25,0.506,5.0,3.18,3.89,218.0,24.0,0.0411,0.438
BIZ_110,Green Press,Cafe,Uppal,East,17.49459,78.480757,2,5.7,False,2025-09-01,3.76,559,4,0.289,0.577,8.3,3.82,3.75,162.0,37.0,0.0417,0.341
BIZ_110,Green Press,Cafe,Uppal,East,17.49459,78.480757,2,5.8,False,2025-10-01,3.71,564,5,0.118,0.628,2.9,3.28,4.21,167.0,31.0,0.0267,0.422
BIZ_110,Green Press,Cafe,Uppal,East,17.49459,78.480757,2,5.8,False,2025-11-01,3.63,574,10,0.102,0.473,11.9,3.85,4.04,288.0,43.0,0.0383,0.531
BIZ_110,Green Press,Cafe,Uppal,East,17.49459,78.480757,2,5.9,False,2025-12-01,3.68,586,12,0.047,0.68,3.1,3.41,3.79,274.0,59.0,0.0316,0.47
BIZ_110,Green Press,Cafe,Uppal,East,17.49459,78.480757,2,6.0,False,2026-01-01,3.81,600,14,0.2,,8.7,3.26,3.95,177.0,73.0,0.0272,0.544
BIZ_110,Green Press,Cafe,Uppal,East,17.49459,78.480757,2,6.1,False,2026-02-01,3.75,609,9,0.416,0.485,5.6,3.85,3.65,245.0,22.0,0.0263,0.423
BIZ_110,Green Press,Cafe,Uppal,East,17.49459,78.480757,2,6.2,False,2026-03-01,3.75,615,6,0.448,0.623,14.5,3.74,3.94,268.0,77.0,0.0287,0.42
BIZ_110,Green Press,Cafe,Uppal,East,17.49459,78.480757,2,6.2,False,2026-04-01,3.68,624,9,0.419,0.258,6.3,3.1,3.69,,40.0,0.0447,0.405
BIZ_110,Green Press,Cafe,Uppal,East,17.49459,78.480757,2,6.3,False,2026-05-01,3.97,635,11,0.446,0.464,5.2,3.83,4.18,214.0,74.0,0.0483,0.403
BIZ_110,Green Press,Cafe,Uppal,East,17.49459,78.480757,2,6.4,False,2026-06-01,3.76,641,6,0.345,0.622,8.1,3.71,3.82,257.0,,0.0393,0.466
BIZ_111,Crumb Lab,Bakery & Cafe,Alwal,East,17.466115,78.516919,3,1.1,False,2025-01-01,4.38,54,5,0.832,0.476,5.8,4.33,3.82,305.0,47.0,0.042,0.5
BIZ_111,Crumb Lab,Bakery & Cafe,Alwal,East,17.466115,78.516919,3,1.2,False,2025-02-01,4.24,58,4,0.711,0.701,4.9,4.68,4.01,269.0,55.0,0.093,0.567
BIZ_111,Crumb Lab,Bakery & Cafe,Alwal,East,17.466115,78.516919,3,1.3,False,2025-03-01,4.25,63,5,0.646,0.361,7.7,4.17,3.91,212.0,41.0,0.0468,0.418
BIZ_111,Crumb Lab,Bakery & Cafe,Alwal,East,17.466115,78.516919,3,1.4,False,2025-04-01,4.4,68,5,0.806,0.417,2.5,3.93,4.37,355.0,43.0,0.0355,0.51
BIZ_111,Crumb Lab,Bakery & Cafe,Alwal,East,17.466115,78.516919,3,1.4,False,2025-05-01,4.49,72,4,0.636,0.656,5.0,4.03,4.76,200.0,29.0,0.0252,0.442
BIZ_111,Crumb Lab,Bakery & Cafe,Alwal,East,17.466115,78.516919,3,1.5,False,2025-06-01,4.31,75,3,,0.581,6.1,3.95,4.24,194.0,44.0,0.0274,0.453
BIZ_111,Crumb Lab,Bakery & Cafe,Alwal,East,17.466115,78.516919,3,1.6,False,2025-07-01,4.39,78,3,0.64,0.461,3.3,3.54,4.15,217.0,52.0,0.057,0.5
BIZ_111,Crumb Lab,Bakery & Cafe,Alwal,East,17.466115,78.516919,3,1.7,False,2025-08-01,4.35,82,4,0.727,0.348,13.4,4.11,3.9,254.0,10.0,0.0581,0.419
BIZ_111,Crumb Lab,Bakery & Cafe,Alwal,East,17.466115,78.516919,3,1.8,False,2025-09-01,4.21,87,5,,0.459,3.8,4.37,3.98,225.0,56.0,0.0738,0.449
BIZ_111,Crumb Lab,Bakery & Cafe,Alwal,East,17.466115,78.516919,3,1.9,False,2025-10-01,4.22,92,5,0.77,0.5,2.9,4.19,4.14,260.0,66.0,0.0603,0.586
BIZ_111,Crumb Lab,Bakery & Cafe,Alwal,East,17.466115,78.516919,3,1.9,False,2025-11-01,4.27,96,4,0.834,0.484,4.4,3.71,4.19,245.0,42.0,0.0207,0.42
BIZ_111,Crumb Lab,Bakery & Cafe,Alwal,East,17.466115,78.516919,3,2.0,False,2025-12-01,4.34,102,6,0.652,0.566,4.8,3.88,3.97,304.0,70.0,0.055,0.438
BIZ_111,Crumb Lab,Bakery & Cafe,Alwal,East,17.466115,78.516919,3,2.1,False,2026-01-01,4.2,109,7,0.731,0.602,6.2,4.54,3.95,289.0,69.0,0.0406,0.451
BIZ_111,Crumb Lab,Bakery & Cafe,Alwal,East,17.466115,78.516919,3,2.2,False,2026-02-01,4.41,115,6,0.498,0.505,4.7,4.33,4.16,278.0,43.0,0.0789,0.478
BIZ_111,Crumb Lab,Bakery & Cafe,Alwal,East,17.466115,78.516919,3,2.3,False,2026-03-01,4.4,117,2,0.747,0.432,5.7,4.0,4.47,210.0,74.0,0.0325,0.532
BIZ_111,Crumb Lab,Bakery & Cafe,Alwal,East,17.466115,78.516919,3,2.4,False,2026-04-01,4.38,121,4,0.584,0.382,8.4,3.85,4.21,352.0,44.0,0.0405,0.481
BIZ_111,Crumb Lab,Bakery & Cafe,Alwal,East,17.466115,78.516919,3,2.4,False,2026-05-01,4.28,124,3,0.496,0.446,10.6,3.88,3.84,282.0,63.0,0.0522,0.438
BIZ_111,Crumb Lab,Bakery & Cafe,Alwal,East,17.466115,78.516919,3,2.5,False,2026-06-01,4.26,128,4,0.596,0.608,2.8,4.22,4.04,189.0,41.0,0.0273,0.422
BIZ_112,Silver Roast Station,Cafe,Hitech City,West,17.449906,78.384581,2,2.1,False,2025-01-01,4.04,9086,378,0.499,0.564,1.8,,4.12,1252.0,118.0,0.0829,0.394
BIZ_112,Silver Roast Station,Cafe,Hitech City,West,17.449906,78.384581,2,2.2,False,2025-02-01,4.09,9221,135,0.594,0.37,6.7,3.54,4.1,993.0,252.0,0.0216,0.466
BIZ_112,Silver Roast Station,Cafe,Hitech City,West,17.449906,78.384581,2,2.3,False,2025-03-01,4.16,9565,344,0.548,0.372,14.4,3.68,4.34,974.0,190.0,0.0221,0.421
BIZ_112,Silver Roast Station,Cafe,Hitech City,West,17.449906,78.384581,2,2.4,False,2025-04-01,4.17,10064,499,0.549,0.232,7.8,3.98,4.12,851.0,136.0,0.026,0.51
BIZ_112,Silver Roast Station,Cafe,Hitech City,West,17.449906,78.384581,2,2.4,False,2025-05-01,4.2,10233,169,0.606,0.575,4.2,4.36,4.3,957.0,86.0,0.0363,0.461
BIZ_112,Silver Roast Station,Cafe,Hitech City,West,17.449906,78.384581,2,2.5,False,2025-06-01,4.02,10538,305,,0.497,5.7,3.54,4.09,469.0,104.0,0.029,0.34
BIZ_112,Silver Roast Station,Cafe,Hitech City,West,17.449906,78.384581,2,2.6,False,2025-07-01,4.04,10670,132,0.564,0.609,5.9,3.85,3.65,813.0,228.0,0.0291,0.441
BIZ_112,Silver Roast Station,Cafe,Hitech City,West,17.449906,78.384581,2,2.7,False,2025-08-01,4.03,11028,358,0.357,0.511,4.6,4.19,4.21,434.0,199.0,0.0257,0.502
BIZ_112,Silver Roast Station,Cafe,Hitech City,West,17.449906,78.384581,2,2.8,False,2025-09-01,4.02,11565,537,0.552,0.386,3.1,4.12,3.76,557.0,122.0,0.0292,0.475
BIZ_112,Silver Roast Station,Cafe,Hitech City,West,17.449906,78.384581,2,2.9,False,2025-10-01,4.05,11979,414,0.505,0.536,3.9,4.35,4.33,970.0,197.0,0.0246,0.513
BIZ_112,Silver Roast Station,Cafe,Hitech City,West,17.449906,78.384581,2,2.9,False,2025-11-01,4.15,12368,389,0.483,0.422,10.6,3.75,4.18,717.0,163.0,0.0473,0.439
BIZ_112,Silver Roast Station,Cafe,Hitech City,West,17.449906,78.384581,2,3.0,False,2025-12-01,4.06,12713,345,0.528,0.359,4.7,4.05,3.75,1100.0,226.0,0.0748,0.456
BIZ_112,Silver Roast Station,Cafe,Hitech City,West,17.449906,78.384581,2,3.1,False,2026-01-01,4.1,12891,178,0.509,0.542,13.2,3.56,,555.0,116.0,0.0215,0.472
BIZ_112,Silver Roast Station,Cafe,Hitech City,West,17.449906,78.384581,2,3.2,False,2026-02-01,3.86,13283,392,0.45,0.651,20.0,3.55,3.43,920.0,170.0,0.0365,0.368
BIZ_112,Silver Roast Station,Cafe,Hitech City,West,17.449906,78.384581,2,3.3,False,2026-03-01,4.13,13780,497,0.403,0.493,6.7,4.53,4.67,654.0,157.0,0.0204,0.413
BIZ_112,Silver Roast Station,Cafe,Hitech City,West,17.449906,78.384581,2,3.4,False,2026-04-01,4.12,13944,164,0.564,,2.4,4.46,3.9,682.0,213.0,0.0716,0.45
BIZ_112,Silver Roast Station,Cafe,Hitech City,West,17.449906,78.384581,2,3.4,False,2026-05-01,4.06,14099,155,0.548,0.596,2.8,3.52,4.15,792.0,182.0,0.029,0.417
BIZ_112,Silver Roast Station,Cafe,Hitech City,West,17.449906,78.384581,2,3.5,False,2026-06-01,4.09,14267,168,0.483,0.499,4.9,4.01,3.84,553.0,159.0,,0.449
BIZ_113,Silver Drip Works,Bakery & Cafe,Tolichowki,South,17.391079,78.4373,3,13.7,False,2025-01-01,3.37,253,4,0.001,0.593,2.4,3.06,3.2,302.0,72.0,0.0312,0.439
BIZ_113,Silver Drip Works,Bakery & Cafe,Tolichowki,South,17.391079,78.4373,3,13.8,False,2025-02-01,3.39,256,3,0.003,0.533,2.8,2.9,2.87,218.0,57.0,0.0528,0.412
BIZ_113,Silver Drip Works,Bakery & Cafe,Tolichowki,South,17.391079,78.4373,3,13.9,False,2025-03-01,3.26,261,5,0.081,0.529,1.8,3.42,3.19,273.0,62.0,0.048,0.323
BIZ_113,Silver Drip Works,Bakery & Cafe,Tolichowki,South,17.391079,78.4373,3,13.9,False,2025-04-01,3.37,266,5,0.039,0.75,6.2,3.3,3.34,241.0,28.0,0.0985,0.45
BIZ_113,Silver Drip Works,Bakery & Cafe,Tolichowki,South,17.391079,78.4373,3,14.0,False,2025-05-01,3.36,271,5,0.041,0.435,3.8,2.89,3.65,262.0,57.0,0.0275,0.412
BIZ_113,Silver Drip Works,Bakery & Cafe,Tolichowki,South,17.391079,78.4373,3,14.1,False,2025-06-01,3.49,274,3,-0.175,0.54,8.0,3.02,2.96,228.0,21.0,0.0232,0.388
BIZ_113,Silver Drip Works,Bakery & Cafe,Tolichowki,South,17.391079,78.4373,3,14.2,False,2025-07-01,3.37,276,2,-0.01,0.565,6.4,3.33,3.33,254.0,50.0,0.0221,0.357
BIZ_113,Silver Drip Works,Bakery & Cafe,Tolichowki,South,17.391079,78.4373,3,14.3,False,2025-08-01,3.37,278,2,-0.134,0.765,6.7,3.79,3.08,222.0,51.0,0.0213,0.427
BIZ_113,Silver Drip Works,Bakery & Cafe,Tolichowki,South,17.391079,78.4373,3,14.4,False,2025-09-01,3.28,284,6,-0.155,0.53,7.9,2.82,2.7,205.0,61.0,0.0579,0.386
BIZ_113,Silver Drip Works,Bakery & Cafe,Tolichowki,South,17.391079,78.4373,3,14.4,False,2025-10-01,3.32,287,3,-0.065,0.507,5.1,3.65,2.77,314.0,61.0,0.0347,0.53
BIZ_113,Silver Drip Works,Bakery & Cafe,Tolichowki,South,17.391079,78.4373,3,14.5,False,2025-11-01,3.31,290,3,0.098,0.448,4.0,2.48,3.29,152.0,68.0,0.0562,0.421
BIZ_113,Silver Drip Works,Bakery & Cafe,Tolichowki,South,17.391079,78.4373,3,14.6,False,2025-12-01,3.25,292,2,0.098,0.702,,3.25,2.96,296.0,67.0,,0.441
BIZ_113,Silver Drip Works,Bakery & Cafe,Tolichowki,South,17.391079,78.4373,3,14.7,False,2026-01-01,3.53,297,5,-0.057,0.45,7.7,3.28,3.54,264.0,66.0,0.0275,0.449
BIZ_113,Silver Drip Works,Bakery & Cafe,Tolichowki,South,17.391079,78.4373,3,14.8,False,2026-02-01,3.37,305,8,-0.09,0.511,5.4,2.94,3.17,,63.0,0.0295,0.374
BIZ_113,Silver Drip Works,Bakery & Cafe,Tolichowki,South,17.391079,78.4373,3,14.9,False,2026-03-01,3.42,311,6,0.061,0.512,8.6,3.26,2.79,329.0,44.0,0.0708,0.452
BIZ_113,Silver Drip Works,Bakery & Cafe,Tolichowki,South,17.391079,78.4373,3,14.9,False,2026-04-01,3.36,314,3,-0.078,0.572,2.5,3.19,3.47,232.0,41.0,0.0366,0.498
BIZ_113,Silver Drip Works,Bakery & Cafe,Tolichowki,South,17.391079,78.4373,3,15.0,False,2026-05-01,3.54,318,4,0.013,0.571,8.1,3.48,3.4,300.0,63.0,0.0456,0.442
BIZ_113,Silver Drip Works,Bakery & Cafe,Tolichowki,South,17.391079,78.4373,3,15.1,False,2026-06-01,3.26,321,3,0.1,0.594,7.6,3.63,2.77,274.0,38.0,0.0332,0.416
BIZ_114,Cozy Sip,Coffee Shop,Attapur,South,17.371244,78.45659,2,1.9,False,2025-01-01,3.84,387,19,0.527,0.574,5.5,3.72,3.58,223.0,58.0,0.0228,0.414
BIZ_114,Cozy Sip,Coffee Shop,Attapur,South,17.371244,78.45659,2,2.0,False,2025-02-01,3.92,406,19,0.569,0.516,4.1,3.46,3.83,339.0,76.0,0.0221,0.546
BIZ_114,Cozy Sip,Coffee Shop,Attapur,South,17.371244,78.45659,2,2.1,False,2025-03-01,3.91,433,27,0.549,0.566,8.4,4.02,3.99,257.0,66.0,0.0238,0.418
BIZ_114,Cozy Sip,Coffee Shop,Attapur,South,17.371244,78.45659,2,2.1,False,2025-04-01,3.99,449,16,0.623,0.459,12.2,3.77,4.17,309.0,66.0,0.0615,0.48
BIZ_114,Cozy Sip,Coffee Shop,Attapur,South,17.371244,78.45659,2,2.2,False,2025-05-01,4.1,468,19,0.637,0.49,,4.62,4.08,,50.0,0.0486,0.369
BIZ_114,Cozy Sip,Coffee Shop,Attapur,South,17.371244,78.45659,2,2.3,False,2025-06-01,3.94,483,15,0.586,0.512,3.3,3.7,3.85,271.0,49.0,0.0462,0.489
BIZ_114,Cozy Sip,Coffee Shop,Attapur,South,17.371244,78.45659,2,2.4,False,2025-07-01,3.9,501,18,0.521,0.604,4.8,3.71,3.91,245.0,25.0,0.0468,0.446
BIZ_114,Cozy Sip,Coffee Shop,Attapur,South,17.371244,78.45659,2,2.5,False,2025-08-01,4.02,519,18,0.559,0.371,5.7,3.94,4.17,285.0,27.0,0.0241,0.37
BIZ_114,Cozy Sip,Coffee Shop,Attapur,South,17.371244,78.45659,2,2.6,False,2025-09-01,3.75,536,17,0.576,0.393,10.9,3.66,3.22,279.0,30.0,0.0306,0.465
BIZ_114,Cozy Sip,Coffee Shop,Attapur,South,17.371244,78.45659,2,2.6,False,2025-10-01,3.85,549,13,0.491,0.373,5.1,3.44,3.6,268.0,57.0,0.0429,0.472
BIZ_114,Cozy Sip,Coffee Shop,Attapur,South,17.371244,78.45659,2,2.7,False,2025-11-01,3.62,564,15,0.605,0.504,2.0,3.19,3.28,222.0,49.0,0.0251,0.435
BIZ_114,Cozy Sip,Coffee Shop,Attapur,South,17.371244,78.45659,2,2.8,False,2025-12-01,3.88,579,15,0.609,0.424,13.8,3.44,3.79,246.0,45.0,0.1043,0.374
BIZ_114,Cozy Sip,Coffee Shop,Attapur,South,17.371244,78.45659,2,2.9,False,2026-01-01,3.97,599,20,0.586,,3.4,,4.49,255.0,75.0,,0.455
BIZ_114,Cozy Sip,Coffee Shop,Attapur,South,17.371244,78.45659,2,3.0,False,2026-02-01,3.94,615,16,0.581,0.5,3.0,3.56,4.22,287.0,69.0,0.0325,0.434
BIZ_114,Cozy Sip,Coffee Shop,Attapur,South,17.371244,78.45659,2,3.1,False,2026-03-01,3.98,628,13,0.713,0.58,2.3,,4.2,328.0,63.0,0.026,0.429
BIZ_114,Cozy Sip,Coffee Shop,Attapur,South,17.371244,78.45659,2,3.1,False,2026-04-01,4.07,641,13,0.574,0.43,4.4,3.62,3.93,292.0,76.0,0.0409,0.504
BIZ_114,Cozy Sip,Coffee Shop,Attapur,South,17.371244,78.45659,2,3.2,False,2026-05-01,3.91,656,15,0.583,0.531,2.3,4.03,3.75,246.0,53.0,0.0239,0.464
BIZ_114,Cozy Sip,Coffee Shop,Attapur,South,17.371244,78.45659,2,3.3,False,2026-06-01,3.94,673,17,0.667,0.562,4.9,3.8,4.08,197.0,24.0,0.0561,0.501
BIZ_115,Velvet Steam Kitchen,Restaurant & Cafe,Hitech City,West,17.460413,78.388604,3,5.4,False,2025-01-01,4.58,1461,18,0.708,0.588,7.5,4.37,4.39,258.0,60.0,0.0217,0.48
BIZ_115,Velvet Steam Kitchen,Restaurant & Cafe,Hitech City,West,17.460413,78.388604,3,5.5,False,2025-02-01,4.59,1482,21,,0.604,3.9,4.34,4.33,340.0,52.0,0.0259,0.432
BIZ_115,Velvet Steam Kitchen,Restaurant & Cafe,Hitech City,West,17.460413,78.388604,3,5.6,False,2025-03-01,4.61,1498,16,0.892,0.4,9.0,4.72,4.33,234.0,60.0,0.0387,0.442
BIZ_115,Velvet Steam Kitchen,Restaurant & Cafe,Hitech City,West,17.460413,78.388604,3,5.7,False,2025-04-01,4.66,1508,10,0.817,0.679,4.0,4.01,4.31,218.0,82.0,0.0868,0.501
BIZ_115,Velvet Steam Kitchen,Restaurant & Cafe,Hitech City,West,17.460413,78.388604,3,5.7,False,2025-05-01,4.53,1534,26,0.886,0.694,2.8,4.15,3.88,190.0,,0.0543,0.416
BIZ_115,Velvet Steam Kitchen,Restaurant & Cafe,Hitech City,West,17.460413,78.388604,3,5.8,False,2025-06-01,4.7,1552,18,0.898,0.709,2.9,4.46,4.89,250.0,33.0,0.0277,0.501
BIZ_115,Velvet Steam Kitchen,Restaurant & Cafe,Hitech City,West,17.460413,78.388604,3,5.9,False,2025-07-01,4.51,1571,19,0.853,0.523,4.3,4.32,4.1,153.0,23.0,0.0402,0.503
BIZ_115,Velvet Steam Kitchen,Restaurant & Cafe,Hitech City,West,17.460413,78.388604,3,6.0,False,2025-08-01,4.53,1595,24,0.876,0.567,5.4,4.73,4.42,182.0,44.0,0.0436,0.52
BIZ_115,Velvet Steam Kitchen,Restaurant & Cafe,Hitech City,West,17.460413,78.388604,3,6.1,False,2025-09-01,4.45,1613,18,0.791,0.515,10.5,4.45,3.79,200.0,23.0,0.0281,0.461
BIZ_115,Velvet Steam Kitchen,Restaurant & Cafe,Hitech City,West,17.460413,78.388604,3,6.2,False,2025-10-01,4.69,1628,15,0.878,0.585,10.6,4.72,4.76,293.0,31.0,0.0716,0.49
BIZ_115,Velvet Steam Kitchen,Restaurant & Cafe,Hitech City,West,17.460413,78.388604,3,6.2,False,2025-11-01,4.61,1643,15,0.97,0.512,5.3,4.28,3.79,297.0,38.0,0.0217,0.422
BIZ_115,Velvet Steam Kitchen,Restaurant & Cafe,Hitech City,West,17.460413,78.388604,3,6.3,False,2025-12-01,4.61,1665,22,0.79,0.394,3.7,4.35,4.44,295.0,61.0,0.049,0.525
BIZ_115,Velvet Steam Kitchen,Restaurant & Cafe,Hitech City,West,17.460413,78.388604,3,6.4,False,2026-01-01,4.58,1689,24,0.884,0.58,,4.52,4.32,343.0,57.0,0.0802,0.438
BIZ_115,Velvet Steam Kitchen,Restaurant & Cafe,Hitech City,West,17.460413,78.388604,3,6.5,False,2026-02-01,4.51,1707,18,0.989,0.512,5.9,3.99,4.33,231.0,43.0,0.0565,0.506
BIZ_115,Velvet Steam Kitchen,Restaurant & Cafe,Hitech City,West,17.460413,78.388604,3,6.6,False,2026-03-01,4.63,1730,23,1.0,0.452,4.3,4.36,4.43,299.0,54.0,0.0234,0.505
BIZ_115,Velvet Steam Kitchen,Restaurant & Cafe,Hitech City,West,17.460413,78.388604,3,6.7,False,2026-04-01,4.69,1748,18,,0.305,7.5,3.96,4.26,,30.0,0.0365,0.434
BIZ_115,Velvet Steam Kitchen,Restaurant & Cafe,Hitech City,West,17.460413,78.388604,3,6.7,False,2026-05-01,4.67,1765,17,0.963,0.555,3.4,4.29,4.44,292.0,36.0,,0.422
BIZ_115,Velvet Steam Kitchen,Restaurant & Cafe,Hitech City,West,17.460413,78.388604,3,6.8,False,2026-06-01,4.63,1790,25,0.954,0.637,6.1,4.97,4.47,228.0,48.0,0.0681,0.523
BIZ_116,Pour Co,Tea House,Jubilee Hills,Central,17.395469,78.447842,4,4.7,False,2025-01-01,4.07,568,10,0.556,0.625,6.1,3.65,3.27,324.0,97.0,0.0208,0.411
BIZ_116,Pour Co,Tea House,Jubilee Hills,Central,17.395469,78.447842,4,4.8,False,2025-02-01,4.05,580,12,0.663,0.32,6.9,3.99,3.85,298.0,82.0,0.0549,0.61
BIZ_116,Pour Co,Tea House,Jubilee Hills,Central,17.395469,78.447842,4,4.9,False,2025-03-01,4.18,591,11,0.512,0.611,4.1,3.75,3.66,259.0,87.0,0.0221,0.487
BIZ_116,Pour Co,Tea House,Jubilee Hills,Central,17.395469,78.447842,4,5.0,False,2025-04-01,4.29,601,10,0.63,0.362,19.4,4.28,3.88,241.0,33.0,0.0413,0.37
BIZ_116,Pour Co,Tea House,Jubilee Hills,Central,17.395469,78.447842,4,5.0,False,2025-05-01,4.1,607,6,0.493,0.609,4.1,3.41,3.71,188.0,42.0,0.0669,0.469
BIZ_116,Pour Co,Tea House,Jubilee Hills,Central,17.395469,78.447842,4,5.1,False,2025-06-01,4.12,618,11,0.525,0.497,5.4,3.95,3.62,189.0,15.0,0.0541,0.414
BIZ_116,Pour Co,Tea House,Jubilee Hills,Central,17.395469,78.447842,4,5.2,False,2025-07-01,4.02,626,8,0.665,0.481,10.3,3.47,3.53,210.0,45.0,0.0541,0.394
BIZ_116,Pour Co,Tea House,Jubilee Hills,Central,17.395469,78.447842,4,5.3,False,2025-08-01,3.9,633,7,0.607,0.454,3.6,3.53,3.81,147.0,33.0,0.0395,0.435
BIZ_116,Pour Co,Tea House,Jubilee Hills,Central,17.395469,78.447842,4,5.4,False,2025-09-01,4.07,637,4,0.595,0.491,2.2,3.93,3.77,240.0,53.0,0.0201,0.477
BIZ_116,Pour Co,Tea House,Jubilee Hills,Central,17.395469,78.447842,4,5.5,False,2025-10-01,4.04,645,8,0.522,0.382,3.9,3.73,3.24,180.0,65.0,0.0217,0.437
BIZ_116,Pour Co,Tea House,Jubilee Hills,Central,17.395469,78.447842,4,5.5,False,2025-11-01,4.21,650,5,0.768,0.538,8.8,4.02,4.02,221.0,33.0,0.0348,0.552
BIZ_116,Pour Co,Tea House,Jubilee Hills,Central,17.395469,78.447842,4,5.6,False,2025-12-01,4.11,663,13,0.506,0.593,8.6,3.99,3.71,237.0,53.0,0.0545,0.489
BIZ_116,Pour Co,Tea House,Jubilee Hills,Central,17.395469,78.447842,4,5.7,False,2026-01-01,4.04,673,10,0.52,0.513,5.3,4.07,3.82,306.0,62.0,0.0309,0.458
BIZ_116,Pour Co,Tea House,Jubilee Hills,Central,17.395469,78.447842,4,5.8,False,2026-02-01,4.23,689,16,0.593,0.588,3.7,3.72,3.78,214.0,42.0,0.0249,0.43
BIZ_116,Pour Co,Tea House,Jubilee Hills,Central,17.395469,78.447842,4,5.9,False,2026-03-01,4.21,700,11,0.664,0.536,8.7,4.29,4.18,285.0,58.0,0.0378,0.488
BIZ_116,Pour Co,Tea House,Jubilee Hills,Central,17.395469,78.447842,4,6.0,False,2026-04-01,4.19,710,10,0.668,0.456,4.3,4.41,4.25,203.0,39.0,0.0489,0.472
BIZ_116,Pour Co,Tea House,Jubilee Hills,Central,17.395469,78.447842,4,6.0,False,2026-05-01,4.09,720,10,0.679,0.583,6.0,3.8,3.64,,52.0,0.0374,0.438
BIZ_116,Pour Co,Tea House,Jubilee Hills,Central,17.395469,78.447842,4,6.1,False,2026-06-01,4.16,729,9,0.615,0.591,3.6,4.36,3.92,170.0,68.0,0.0216,0.539
BIZ_117,The Stir Kitchen,Tea House,Begumpet,Central,17.400465,78.427379,3,7.7,False,2025-01-01,4.54,370,4,0.767,0.612,4.9,4.49,4.74,275.0,54.0,0.034,0.521
BIZ_117,The Stir Kitchen,Tea House,Begumpet,Central,17.400465,78.427379,3,7.8,False,2025-02-01,4.61,375,5,0.856,0.611,4.4,3.83,4.53,241.0,50.0,0.0328,0.412
BIZ_117,The Stir Kitchen,Tea House,Begumpet,Central,17.400465,78.427379,3,7.9,False,2025-03-01,4.56,382,7,0.933,0.528,10.5,4.88,4.48,250.0,77.0,0.0358,0.441
BIZ_117,The Stir Kitchen,Tea House,Begumpet,Central,17.400465,78.427379,3,8.0,False,2025-04-01,4.66,386,4,0.997,0.387,3.9,4.3,4.57,238.0,42.0,0.0396,0.402
BIZ_117,The Stir Kitchen,Tea House,Begumpet,Central,17.400465,78.427379,3,8.0,False,2025-05-01,4.63,388,2,0.846,0.541,3.9,4.6,3.91,322.0,41.0,0.0374,0.365
BIZ_117,The Stir Kitchen,Tea House,Begumpet,Central,17.400465,78.427379,3,8.1,False,2025-06-01,4.55,390,2,0.747,0.426,7.8,4.47,4.71,217.0,17.0,0.0858,0.579
BIZ_117,The Stir Kitchen,Tea House,Begumpet,Central,17.400465,78.427379,3,8.2,False,2025-07-01,4.47,395,5,0.892,0.636,3.6,3.85,4.1,209.0,52.0,0.1182,0.555
BIZ_117,The Stir Kitchen,Tea House,Begumpet,Central,17.400465,78.427379,3,8.3,False,2025-08-01,4.53,399,4,0.845,0.623,6.8,4.25,4.04,172.0,40.0,0.0317,0.445
BIZ_117,The Stir Kitchen,Tea House,Begumpet,Central,17.400465,78.427379,3,8.4,False,2025-09-01,4.57,404,5,0.857,0.547,4.3,4.62,4.57,280.0,60.0,0.0212,0.55
BIZ_117,The Stir Kitchen,Tea House,Begumpet,Central,17.400465,78.427379,3,8.4,False,2025-10-01,4.51,409,5,0.931,0.603,4.6,4.3,4.5,288.0,67.0,0.0534,0.451
BIZ_117,The Stir Kitchen,Tea House,Begumpet,Central,17.400465,78.427379,3,8.5,False,2025-11-01,4.53,413,4,0.79,0.586,6.5,5.0,4.3,242.0,67.0,0.021,0.519
BIZ_117,The Stir Kitchen,Tea House,Begumpet,Central,17.400465,78.427379,3,8.6,False,2025-12-01,4.52,417,4,0.956,0.557,4.0,4.46,4.56,232.0,53.0,0.0683,0.43
BIZ_117,The Stir Kitchen,Tea House,Begumpet,Central,17.400465,78.427379,3,8.7,False,2026-01-01,4.49,424,7,0.978,0.574,2.7,4.32,3.95,411.0,61.0,0.0279,0.468
BIZ_117,The Stir Kitchen,Tea House,Begumpet,Central,17.400465,78.427379,3,8.8,False,2026-02-01,4.66,431,7,0.969,0.567,3.3,4.74,4.49,270.0,49.0,0.1063,0.556
BIZ_117,The Stir Kitchen,Tea House,Begumpet,Central,17.400465,78.427379,3,8.9,False,2026-03-01,4.7,435,4,0.799,0.451,5.7,3.92,4.84,217.0,36.0,0.0246,0.409
BIZ_117,The Stir Kitchen,Tea House,Begumpet,Central,17.400465,78.427379,3,8.9,False,2026-04-01,4.58,438,3,0.884,0.598,5.7,4.31,4.32,208.0,37.0,0.0274,0.454
BIZ_117,The Stir Kitchen,Tea House,Begumpet,Central,17.400465,78.427379,3,9.0,False,2026-05-01,4.62,440,2,0.802,0.554,5.4,3.62,4.57,293.0,37.0,0.0215,0.471
BIZ_117,The Stir Kitchen,Tea House,Begumpet,Central,17.400465,78.427379,3,9.1,False,2026-06-01,4.64,444,4,0.896,0.431,2.9,4.46,4.13,174.0,57.0,0.0759,0.524
BIZ_118,Sip Co,Cafe,Sainikpuri,East,17.449871,78.552526,1,4.0,False,2025-01-01,3.94,1867,47,0.427,0.536,4.1,3.78,3.78,276.0,76.0,0.03,0.367
BIZ_118,Sip Co,Cafe,Sainikpuri,East,17.449871,78.552526,1,4.1,False,2025-02-01,3.84,1926,59,0.404,0.464,8.6,3.43,4.11,312.0,55.0,0.0251,0.449
BIZ_118,Sip Co,Cafe,Sainikpuri,East,17.449871,78.552526,1,4.2,False,2025-03-01,3.8,1983,57,0.44,,7.2,3.28,3.78,224.0,66.0,0.0538,0.362
BIZ_118,Sip Co,Cafe,Sainikpuri,East,17.449871,78.552526,1,4.2,False,2025-04-01,3.85,2027,44,0.457,0.509,4.8,4.39,3.76,322.0,55.0,0.0493,0.438
BIZ_118,Sip Co,Cafe,Sainikpuri,East,17.449871,78.552526,1,4.3,False,2025-05-01,3.87,2060,33,0.5,0.443,4.4,3.28,4.06,193.0,74.0,0.0278,0.548
BIZ_118,Sip Co,Cafe,Sainikpuri,East,17.449871,78.552526,1,4.4,False,2025-06-01,3.67,2097,37,0.395,0.485,8.0,3.64,3.7,164.0,58.0,0.0238,0.439
BIZ_118,Sip Co,Cafe,Sainikpuri,East,17.449871,78.552526,1,4.5,False,2025-07-01,3.92,2131,34,0.433,0.479,,3.96,4.36,274.0,45.0,0.0284,0.477
BIZ_118,Sip Co,Cafe,Sainikpuri,East,17.449871,78.552526,1,4.6,False,2025-08-01,3.91,2169,38,0.487,0.475,4.3,4.0,4.35,179.0,59.0,0.0248,0.387
BIZ_118,Sip Co,Cafe,Sainikpuri,East,17.449871,78.552526,1,4.7,False,2025-09-01,3.82,2202,33,0.64,0.367,4.5,3.62,4.18,,52.0,0.0412,0.417
BIZ_118,Sip Co,Cafe,Sainikpuri,East,17.449871,78.552526,1,4.8,False,2025-10-01,3.85,2244,42,0.5,0.458,2.8,3.5,4.12,250.0,59.0,0.0692,0.467
BIZ_118,Sip Co,Cafe,Sainikpuri,East,17.449871,78.552526,1,4.8,False,2025-11-01,3.65,2280,36,0.434,0.486,1.7,4.06,3.23,321.0,37.0,0.0354,0.414
BIZ_118,Sip Co,Cafe,Sainikpuri,East,17.449871,78.552526,1,4.9,False,2025-12-01,3.76,2309,29,0.576,0.433,5.3,3.0,4.18,373.0,76.0,0.0376,0.442
BIZ_118,Sip Co,Cafe,Sainikpuri,East,17.449871,78.552526,1,5.0,False,2026-01-01,3.69,2357,48,0.47,0.516,12.4,3.51,4.02,279.0,58.0,0.0357,0.361
BIZ_118,Sip Co,Cafe,Sainikpuri,East,17.449871,78.552526,1,5.1,False,2026-02-01,3.99,2413,56,0.552,0.452,1.8,4.02,4.28,289.0,80.0,0.0376,0.406
BIZ_118,Sip Co,Cafe,Sainikpuri,East,17.449871,78.552526,1,5.2,False,2026-03-01,3.94,2448,35,0.523,0.629,10.6,3.82,4.51,303.0,54.0,0.0297,0.52
BIZ_118,Sip Co,Cafe,Sainikpuri,East,17.449871,78.552526,1,5.2,False,2026-04-01,3.96,2503,55,0.517,0.596,9.2,3.75,4.17,325.0,65.0,0.0294,0.463
BIZ_118,Sip Co,Cafe,Sainikpuri,East,17.449871,78.552526,1,5.3,False,2026-05-01,3.89,2537,34,0.496,0.51,5.7,3.6,4.23,295.0,41.0,0.0265,0.491
BIZ_118,Sip Co,Cafe,Sainikpuri,East,17.449871,78.552526,1,5.4,False,2026-06-01,3.92,2577,40,0.567,0.27,8.2,3.19,4.25,124.0,44.0,0.0243,0.506
BIZ_119,Press Studio,Cafe,Uppal,East,17.462635,78.576174,3,3.9,False,2025-01-01,4.48,577,11,0.864,0.424,5.3,4.46,4.12,269.0,32.0,0.0233,0.528
BIZ_119,Press Studio,Cafe,Uppal,East,17.462635,78.576174,3,4.0,False,2025-02-01,4.49,595,18,0.769,0.598,2.9,4.21,4.25,253.0,51.0,0.0237,0.424
BIZ_119,Press Studio,Cafe,Uppal,East,17.462635,78.576174,3,4.1,False,2025-03-01,4.3,610,15,0.877,0.567,1.3,4.05,4.26,333.0,58.0,0.0216,0.401
BIZ_119,Press Studio,Cafe,Uppal,East,17.462635,78.576174,3,4.2,False,2025-04-01,4.5,626,16,0.711,0.501,3.4,4.43,4.21,243.0,43.0,0.04,0.492
BIZ_119,Press Studio,Cafe,Uppal,East,17.462635,78.576174,3,4.2,False,2025-05-01,4.49,636,10,0.886,0.501,8.6,3.97,4.76,303.0,12.0,0.0288,0.497
BIZ_119,Press Studio,Cafe,Uppal,East,17.462635,78.576174,3,4.3,False,2025-06-01,4.53,642,6,0.902,0.525,6.0,4.52,4.14,346.0,63.0,0.0242,0.493
BIZ_119,Press Studio,Cafe,Uppal,East,17.462635,78.576174,3,4.4,False,2025-07-01,4.4,649,7,0.81,0.41,9.5,3.55,4.44,208.0,50.0,0.0375,0.538
BIZ_119,Press Studio,Cafe,Uppal,East,17.462635,78.576174,3,4.5,False,2025-08-01,4.25,654,5,0.721,0.545,3.0,3.65,4.1,240.0,44.0,0.0451,0.512
BIZ_119,Press Studio,Cafe,Uppal,East,17.462635,78.576174,3,4.6,False,2025-09-01,4.37,661,7,0.879,0.389,7.5,3.9,3.68,148.0,37.0,0.0516,0.439
BIZ_119,Press Studio,Cafe,Uppal,East,17.462635,78.576174,3,4.7,False,2025-10-01,4.39,671,10,0.901,0.514,,3.98,4.23,305.0,41.0,0.033,0.478
BIZ_119,Press Studio,Cafe,Uppal,East,17.462635,78.576174,3,4.7,False,2025-11-01,4.45,692,21,0.749,0.472,8.0,4.33,4.51,249.0,56.0,0.0491,0.518
BIZ_119,Press Studio,Cafe,Uppal,East,17.462635,78.576174,3,4.8,False,2025-12-01,4.36,699,7,0.886,0.639,10.4,4.12,4.17,308.0,52.0,0.031,0.444
BIZ_119,Press Studio,Cafe,Uppal,East,17.462635,78.576174,3,4.9,False,2026-01-01,4.54,713,14,0.958,0.456,7.1,4.61,4.42,315.0,46.0,0.0205,0.43
BIZ_119,Press Studio,Cafe,Uppal,East,17.462635,78.576174,3,5.0,False,2026-02-01,4.44,726,13,0.898,0.343,6.8,4.13,4.23,334.0,87.0,0.0253,0.511
BIZ_119,Press Studio,Cafe,Uppal,East,17.462635,78.576174,3,5.1,False,2026-03-01,4.51,741,15,0.857,0.498,6.0,4.35,3.72,222.0,68.0,0.1012,0.419
BIZ_119,Press Studio,Cafe,Uppal,East,17.462635,78.576174,3,5.2,False,2026-04-01,4.61,747,6,0.626,0.596,7.9,4.54,4.09,247.0,45.0,,0.527
BIZ_119,Press Studio,Cafe,Uppal,East,17.462635,78.576174,3,5.2,False,2026-05-01,4.46,758,11,0.937,,3.5,4.4,4.54,262.0,55.0,0.0581,0.5
BIZ_119,Press Studio,Cafe,Uppal,East,17.462635,78.576174,3,5.3,False,2026-06-01,4.45,763,5,0.995,0.636,5.3,4.08,3.86,221.0,23.0,0.0337,0.502
BIZ_120,Stir Co,Bakery & Cafe,Ameerpet,Central,17.440268,78.44994,4,2.2,False,2025-01-01,4.49,6559,194,,0.413,5.2,4.54,4.04,,94.0,0.0231,0.413
BIZ_120,Stir Co,Bakery & Cafe,Ameerpet,Central,17.440268,78.44994,4,2.3,False,2025-02-01,4.56,6823,264,0.757,0.598,11.1,4.25,4.13,524.0,85.0,,0.405
BIZ_120,Stir Co,Bakery & Cafe,Ameerpet,Central,17.440268,78.44994,4,2.4,False,2025-03-01,4.76,7174,351,0.773,0.465,4.4,4.71,4.13,739.0,40.0,0.021,0.471
BIZ_120,Stir Co,Bakery & Cafe,Ameerpet,Central,17.440268,78.44994,4,2.5,False,2025-04-01,4.69,7370,196,0.678,0.55,3.5,4.82,4.59,637.0,116.0,0.0342,0.402
BIZ_120,Stir Co,Bakery & Cafe,Ameerpet,Central,17.440268,78.44994,4,2.5,False,2025-05-01,4.64,7600,230,0.616,0.537,2.0,4.59,4.13,436.0,130.0,0.0396,0.533
BIZ_120,Stir Co,Bakery & Cafe,Ameerpet,Central,17.440268,78.44994,4,2.6,False,2025-06-01,4.71,7843,243,0.654,0.371,5.7,4.85,4.35,317.0,60.0,0.0224,0.495
BIZ_120,Stir Co,Bakery & Cafe,Ameerpet,Central,17.440268,78.44994,4,2.7,False,2025-07-01,4.69,8009,166,0.778,0.341,4.8,5.0,4.0,625.0,95.0,0.0661,0.402
BIZ_120,Stir Co,Bakery & Cafe,Ameerpet,Central,17.440268,78.44994,4,2.8,False,2025-08-01,4.58,8313,304,0.737,0.496,5.4,4.03,4.11,521.0,,0.0292,0.489
BIZ_120,Stir Co,Bakery & Cafe,Ameerpet,Central,17.440268,78.44994,4,2.9,False,2025-09-01,4.51,8560,247,0.631,0.531,11.0,4.43,3.99,408.0,80.0,0.0327,0.471
BIZ_120,Stir Co,Bakery & Cafe,Ameerpet,Central,17.440268,78.44994,4,3.0,False,2025-10-01,4.6,8818,258,0.628,0.452,3.8,4.28,3.98,678.0,82.0,0.0442,0.536
BIZ_120,Stir Co,Bakery & Cafe,Ameerpet,Central,17.440268,78.44994,4,3.0,False,2025-11-01,4.65,9051,233,0.718,0.616,3.1,4.51,4.22,398.0,133.0,0.0499,0.483
BIZ_120,Stir Co,Bakery & Cafe,Ameerpet,Central,17.440268,78.44994,4,3.1,False,2025-12-01,4.58,9299,248,0.618,0.629,4.9,4.39,3.98,718.0,94.0,0.055,0.51
BIZ_120,Stir Co,Bakery & Cafe,Ameerpet,Central,17.440268,78.44994,4,3.2,False,2026-01-01,4.65,9556,257,0.577,0.668,6.6,4.43,4.41,698.0,101.0,0.0844,0.529
BIZ_120,Stir Co,Bakery & Cafe,Ameerpet,Central,17.440268,78.44994,4,3.3,False,2026-02-01,4.68,9765,209,0.639,0.48,5.9,4.48,4.43,662.0,170.0,0.0221,0.454
BIZ_120,Stir Co,Bakery & Cafe,Ameerpet,Central,17.440268,78.44994,4,3.4,False,2026-03-01,4.53,10082,317,0.627,0.212,10.1,4.41,4.62,610.0,158.0,0.025,0.451
BIZ_120,Stir Co,Bakery & Cafe,Ameerpet,Central,17.440268,78.44994,4,3.5,False,2026-04-01,4.72,10321,239,0.541,0.361,7.0,3.8,4.19,594.0,77.0,0.0448,0.433
BIZ_120,Stir Co,Bakery & Cafe,Ameerpet,Central,17.440268,78.44994,4,3.5,False,2026-05-01,4.77,10543,222,0.549,,9.4,4.23,4.11,730.0,115.0,0.0301,0.484
BIZ_120,Stir Co,Bakery & Cafe,Ameerpet,Central,17.440268,78.44994,4,3.6,False,2026-06-01,4.69,10769,226,0.74,0.311,,4.99,4.53,644.0,98.0,0.0241,0.544
BIZ_121,Bean Coffee,Coffee Shop,Nampally,Old City,17.356157,78.468017,2,10.6,False,2025-01-01,3.64,1056,11,0.32,0.559,3.0,3.18,3.45,297.0,92.0,0.0204,0.442
BIZ_121,Bean Coffee,Coffee Shop,Nampally,Old City,17.356157,78.468017,2,10.7,False,2025-02-01,3.61,1062,6,0.191,0.388,6.1,3.28,3.58,254.0,33.0,0.0597,0.476
BIZ_121,Bean Coffee,Coffee Shop,Nampally,Old City,17.356157,78.468017,2,10.8,False,2025-03-01,3.5,1065,3,0.262,0.511,17.0,3.27,3.25,353.0,63.0,0.0306,0.4
BIZ_121,Bean Coffee,Coffee Shop,Nampally,Old City,17.356157,78.468017,2,10.8,False,2025-04-01,3.69,1075,10,0.235,0.572,8.3,3.22,3.56,276.0,,0.0244,0.434
BIZ_121,Bean Coffee,Coffee Shop,Nampally,Old City,17.356157,78.468017,2,10.9,False,2025-05-01,3.61,1080,5,0.258,0.305,10.6,3.55,3.3,134.0,55.0,0.0619,0.419
BIZ_121,Bean Coffee,Coffee Shop,Nampally,Old City,17.356157,78.468017,2,11.0,False,2025-06-01,3.65,1087,7,0.141,0.615,1.5,3.32,3.69,200.0,16.0,0.0262,0.408
BIZ_121,Bean Coffee,Coffee Shop,Nampally,Old City,17.356157,78.468017,2,11.1,False,2025-07-01,3.55,1094,7,0.209,0.632,3.8,3.53,3.55,242.0,41.0,0.0323,0.5
BIZ_121,Bean Coffee,Coffee Shop,Nampally,Old City,17.356157,78.468017,2,11.2,False,2025-08-01,3.59,1103,9,0.316,0.689,3.6,3.7,3.65,273.0,52.0,0.0651,0.472
BIZ_121,Bean Coffee,Coffee Shop,Nampally,Old City,17.356157,78.468017,2,11.3,False,2025-09-01,3.64,1111,8,0.076,0.451,10.7,3.35,3.49,253.0,50.0,0.0688,0.356
BIZ_121,Bean Coffee,Coffee Shop,Nampally,Old City,17.356157,78.468017,2,11.3,False,2025-10-01,3.44,1114,3,0.097,0.435,12.7,3.22,3.35,177.0,47.0,0.0321,0.466
BIZ_121,Bean Coffee,Coffee Shop,Nampally,Old City,17.356157,78.468017,2,11.4,False,2025-11-01,3.43,1122,8,0.22,0.618,5.4,2.91,3.33,233.0,30.0,0.0407,0.413
BIZ_121,Bean Coffee,Coffee Shop,Nampally,Old City,17.356157,78.468017,2,11.5,False,2025-12-01,3.6,1128,6,0.254,0.522,7.8,3.57,3.54,368.0,,0.0409,0.47
BIZ_121,Bean Coffee,Coffee Shop,Nampally,Old City,17.356157,78.468017,2,11.6,False,2026-01-01,3.63,1137,9,0.119,0.636,9.3,3.32,3.62,247.0,52.0,0.0311,0.457
BIZ_121,Bean Coffee,Coffee Shop,Nampally,Old City,17.356157,78.468017,2,11.7,False,2026-02-01,3.57,1145,8,0.281,0.615,4.9,3.42,3.58,260.0,56.0,0.0917,0.426
BIZ_121,Bean Coffee,Coffee Shop,Nampally,Old City,17.356157,78.468017,2,11.8,False,2026-03-01,3.67,1151,6,0.251,0.632,3.3,3.04,3.56,218.0,62.0,0.0569,0.396
BIZ_121,Bean Coffee,Coffee Shop,Nampally,Old City,17.356157,78.468017,2,11.8,False,2026-04-01,3.53,1161,10,0.096,0.548,,3.56,3.44,243.0,48.0,0.0347,0.318
BIZ_121,Bean Coffee,Coffee Shop,Nampally,Old City,17.356157,78.468017,2,11.9,False,2026-05-01,3.58,1165,4,0.109,0.48,8.9,2.99,3.11,202.0,42.0,0.0224,0.475
BIZ_121,Bean Coffee,Coffee Shop,Nampally,Old City,17.356157,78.468017,2,12.0,False,2026-06-01,3.57,1173,8,0.158,0.617,4.1,3.0,3.51,309.0,70.0,0.0293,0.385
BIZ_122,Crimson Sip Cafe,Cafe,Sainikpuri,East,17.459847,78.513727,2,3.2,False,2025-01-01,4.0,2665,72,0.635,0.429,2.9,4.02,3.75,207.0,44.0,0.0612,0.477
BIZ_122,Crimson Sip Cafe,Cafe,Sainikpuri,East,17.459847,78.513727,2,3.3,False,2025-02-01,4.12,2727,62,0.583,0.484,6.1,4.23,4.35,260.0,65.0,0.0398,0.423
BIZ_122,Crimson Sip Cafe,Cafe,Sainikpuri,East,17.459847,78.513727,2,3.4,False,2025-03-01,4.18,2810,83,0.462,0.688,4.0,4.26,3.86,283.0,35.0,0.0833,0.431
BIZ_122,Crimson Sip Cafe,Cafe,Sainikpuri,East,17.459847,78.513727,2,3.5,False,2025-04-01,4.18,2882,72,0.688,0.429,4.8,4.07,4.12,250.0,67.0,,0.454
BIZ_122,Crimson Sip Cafe,Cafe,Sainikpuri,East,17.459847,78.513727,2,3.5,False,2025-05-01,4.25,2903,21,0.437,0.559,1.7,3.82,4.83,220.0,57.0,0.0373,0.507
BIZ_122,Crimson Sip Cafe,Cafe,Sainikpuri,East,17.459847,78.513727,2,3.6,False,2025-06-01,4.09,2950,47,0.585,0.548,5.6,3.48,4.11,271.0,36.0,0.0287,0.501
BIZ_122,Crimson Sip Cafe,Cafe,Sainikpuri,East,17.459847,78.513727,2,3.7,False,2025-07-01,4.19,3037,87,0.545,0.534,2.0,3.71,4.32,261.0,23.0,0.0413,0.528
BIZ_122,Crimson Sip Cafe,Cafe,Sainikpuri,East,17.459847,78.513727,2,3.8,False,2025-08-01,4.1,3116,79,0.541,0.428,11.3,4.39,3.85,169.0,45.0,0.0266,0.43
BIZ_122,Crimson Sip Cafe,Cafe,Sainikpuri,East,17.459847,78.513727,2,3.9,False,2025-09-01,4.11,3192,76,0.568,0.535,5.8,3.86,3.9,238.0,58.0,0.0221,0.359
BIZ_122,Crimson Sip Cafe,Cafe,Sainikpuri,East,17.459847,78.513727,2,4.0,False,2025-10-01,4.04,3266,74,0.403,0.259,2.6,4.24,4.02,228.0,65.0,0.0201,0.464
BIZ_122,Crimson Sip Cafe,Cafe,Sainikpuri,East,17.459847,78.513727,2,4.0,False,2025-11-01,4.12,3345,79,0.495,0.424,6.6,3.76,4.17,219.0,32.0,0.0331,0.47
BIZ_122,Crimson Sip Cafe,Cafe,Sainikpuri,East,17.459847,78.513727,2,4.1,False,2025-12-01,4.02,3434,89,0.538,0.527,7.8,3.54,4.11,,54.0,0.044,0.47
BIZ_122,Crimson Sip Cafe,Cafe,Sainikpuri,East,17.459847,78.513727,2,4.2,False,2026-01-01,4.04,3507,73,0.587,0.28,4.6,4.0,3.96,277.0,75.0,0.0206,0.39
BIZ_122,Crimson Sip Cafe,Cafe,Sainikpuri,East,17.459847,78.513727,2,4.3,False,2026-02-01,4.16,3577,70,0.462,0.504,4.4,4.11,3.94,293.0,45.0,0.0497,0.461
BIZ_122,Crimson Sip Cafe,Cafe,Sainikpuri,East,17.459847,78.513727,2,4.4,False,2026-03-01,4.22,3632,55,0.601,0.557,5.2,4.12,4.3,291.0,70.0,0.0472,0.488
BIZ_122,Crimson Sip Cafe,Cafe,Sainikpuri,East,17.459847,78.513727,2,4.5,False,2026-04-01,4.08,3687,55,0.518,0.323,11.7,4.32,4.59,202.0,52.0,0.0316,0.427
BIZ_122,Crimson Sip Cafe,Cafe,Sainikpuri,East,17.459847,78.513727,2,4.5,False,2026-05-01,4.28,3742,55,0.31,0.554,8.3,4.24,4.45,318.0,44.0,0.033,0.484
BIZ_122,Crimson Sip Cafe,Cafe,Sainikpuri,East,17.459847,78.513727,2,4.6,False,2026-06-01,4.22,3798,56,0.622,0.527,3.5,3.73,4.32,175.0,43.0,0.0384,0.478
BIZ_123,Little Aroma,Tea House,Koti,Old City,17.346625,78.489465,2,2.8,False,2025-01-01,5.0,187,6,1.0,0.658,2.7,5.0,5.0,244.0,29.0,0.0363,0.524
BIZ_123,Little Aroma,Tea House,Koti,Old City,17.346625,78.489465,2,2.9,False,2025-02-01,5.0,192,5,0.869,0.581,3.7,4.73,5.0,370.0,64.0,0.0811,0.575
BIZ_123,Little Aroma,Tea House,Koti,Old City,17.346625,78.489465,2,3.0,False,2025-03-01,5.0,199,7,0.88,0.581,4.0,4.77,5.0,273.0,58.0,0.0308,0.469
BIZ_123,Little Aroma,Tea House,Koti,Old City,17.346625,78.489465,2,3.0,False,2025-04-01,5.0,205,6,0.823,,5.6,4.54,5.0,239.0,63.0,0.0448,0.601
BIZ_123,Little Aroma,Tea House,Koti,Old City,17.346625,78.489465,2,3.1,False,2025-05-01,5.0,212,7,0.848,0.471,2.7,5.0,5.0,332.0,38.0,0.0238,0.501
BIZ_123,Little Aroma,Tea House,Koti,Old City,17.346625,78.489465,2,3.2,False,2025-06-01,4.97,218,6,0.842,0.478,4.6,4.95,4.98,212.0,15.0,0.0302,0.558
BIZ_123,Little Aroma,Tea House,Koti,Old City,17.346625,78.489465,2,3.3,False,2025-07-01,5.0,220,2,0.806,0.629,2.1,5.0,5.0,294.0,33.0,0.0696,0.511
BIZ_123,Little Aroma,Tea House,Koti,Old City,17.346625,78.489465,2,3.4,False,2025-08-01,5.0,225,5,1.0,0.495,5.3,4.43,4.99,310.0,58.0,0.0349,0.49
BIZ_123,Little Aroma,Tea House,Koti,Old City,17.346625,78.489465,2,3.5,False,2025-09-01,4.95,232,7,1.0,0.452,8.7,3.86,4.7,284.0,38.0,0.0223,0.421
BIZ_123,Little Aroma,Tea House,Koti,Old City,17.346625,78.489465,2,3.5,False,2025-10-01,4.8,239,7,0.963,0.487,5.3,4.26,4.9,243.0,38.0,0.025,0.434
BIZ_123,Little Aroma,Tea House,Koti,Old City,17.346625,78.489465,2,3.6,False,2025-11-01,4.9,244,5,0.909,0.643,2.8,4.51,5.0,303.0,61.0,0.0255,0.534
BIZ_123,Little Aroma,Tea House,Koti,Old City,17.346625,78.489465,2,3.7,False,2025-12-01,4.92,251,7,0.912,0.562,5.2,4.31,4.81,391.0,59.0,0.0322,0.403
BIZ_123,Little Aroma,Tea House,Koti,Old City,17.346625,78.489465,2,3.8,False,2026-01-01,5.0,258,7,0.998,0.346,7.2,4.58,5.0,254.0,53.0,0.0218,0.443
BIZ_123,Little Aroma,Tea House,Koti,Old City,17.346625,78.489465,2,3.9,False,2026-02-01,5.0,264,6,1.0,0.618,3.0,5.0,5.0,230.0,63.0,0.0422,0.461
BIZ_123,Little Aroma,Tea House,Koti,Old City,17.346625,78.489465,2,4.0,False,2026-03-01,4.86,269,5,1.0,0.356,13.6,4.63,4.64,189.0,78.0,0.0299,0.545
BIZ_123,Little Aroma,Tea House,Koti,Old City,17.346625,78.489465,2,4.0,False,2026-04-01,5.0,274,5,1.0,0.498,6.4,4.96,4.89,241.0,53.0,0.0212,0.488
BIZ_123,Little Aroma,Tea House,Koti,Old City,17.346625,78.489465,2,4.1,False,2026-05-01,5.0,279,5,1.0,0.742,2.2,4.94,,257.0,39.0,0.0439,0.503
BIZ_123,Little Aroma,Tea House,Koti,Old City,17.346625,78.489465,2,4.2,False,2026-06-01,5.0,281,2,1.0,0.397,10.4,4.33,4.67,185.0,47.0,0.0246,0.491
BIZ_124,Royal Sip,Coffee Shop,Charminar,Old City,17.379107,78.499017,3,2.0,False,2025-01-01,3.86,197,7,0.363,0.573,5.9,3.36,3.83,363.0,80.0,0.0459,0.406
BIZ_124,Royal Sip,Coffee Shop,Charminar,Old City,17.379107,78.499017,3,2.1,False,2025-02-01,3.82,208,11,0.257,0.408,6.6,3.63,3.6,266.0,51.0,0.0555,0.512
BIZ_124,Royal Sip,Coffee Shop,Charminar,Old City,17.379107,78.499017,3,2.2,False,2025-03-01,3.93,222,14,0.307,0.551,5.6,3.52,3.56,277.0,46.0,0.0359,0.423
BIZ_124,Royal Sip,Coffee Shop,Charminar,Old City,17.379107,78.499017,3,2.2,False,2025-04-01,3.74,228,6,0.294,0.522,6.5,3.6,3.54,256.0,76.0,0.0527,0.387
BIZ_124,Royal Sip,Coffee Shop,Charminar,Old City,17.379107,78.499017,3,2.3,False,2025-05-01,3.86,241,13,0.486,0.38,6.2,3.44,3.43,288.0,62.0,0.037,0.513
BIZ_124,Royal Sip,Coffee Shop,Charminar,Old City,17.379107,78.499017,3,2.4,False,2025-06-01,3.71,250,9,0.349,0.496,3.3,3.01,3.51,169.0,57.0,0.0585,0.415
BIZ_124,Royal Sip,Coffee Shop,Charminar,Old City,17.379107,78.499017,3,2.5,False,2025-07-01,3.66,260,10,0.512,0.61,5.6,3.5,3.73,206.0,62.0,0.0248,0.45
BIZ_124,Royal Sip,Coffee Shop,Charminar,Old City,17.379107,78.499017,3,2.6,False,2025-08-01,3.76,264,4,0.284,0.487,15.7,3.32,3.86,296.0,44.0,0.0478,0.514
BIZ_124,Royal Sip,Coffee Shop,Charminar,Old City,17.379107,78.499017,3,2.7,False,2025-09-01,3.75,270,6,0.308,0.429,6.1,3.3,3.36,229.0,22.0,0.0375,0.506
BIZ_124,Royal Sip,Coffee Shop,Charminar,Old City,17.379107,78.499017,3,2.8,False,2025-10-01,3.83,277,7,,0.52,2.5,3.17,3.64,228.0,78.0,0.0434,0.459
BIZ_124,Royal Sip,Coffee Shop,Charminar,Old City,17.379107,78.499017,3,2.8,False,2025-11-01,3.7,285,8,0.359,0.64,4.3,3.69,3.65,263.0,31.0,0.0471,0.421
BIZ_124,Royal Sip,Coffee Shop,Charminar,Old City,17.379107,78.499017,3,2.9,False,2025-12-01,3.7,297,12,0.466,0.655,,3.51,3.61,335.0,,0.09,0.449
BIZ_124,Royal Sip,Coffee Shop,Charminar,Old City,17.379107,78.499017,3,3.0,False,2026-01-01,3.66,306,9,0.516,0.685,2.6,3.21,3.14,299.0,61.0,0.0411,0.413
BIZ_124,Royal Sip,Coffee Shop,Charminar,Old City,17.379107,78.499017,3,3.1,False,2026-02-01,3.83,317,11,0.544,0.399,8.2,3.34,3.38,300.0,57.0,0.0816,0.401
BIZ_124,Royal Sip,Coffee Shop,Charminar,Old City,17.379107,78.499017,3,3.2,False,2026-03-01,3.7,325,8,,0.431,4.1,3.31,3.2,295.0,70.0,0.0508,0.361
BIZ_124,Royal Sip,Coffee Shop,Charminar,Old City,17.379107,78.499017,3,3.2,False,2026-04-01,3.83,334,9,0.443,0.496,3.6,4.04,3.61,205.0,56.0,0.0251,0.405
BIZ_124,Royal Sip,Coffee Shop,Charminar,Old City,17.379107,78.499017,3,3.3,False,2026-05-01,3.75,343,9,0.337,0.575,4.0,2.95,3.47,313.0,35.0,0.0345,0.465
BIZ_124,Royal Sip,Coffee Shop,Charminar,Old City,17.379107,78.499017,3,3.4,False,2026-06-01,4.02,350,7,0.434,0.294,9.7,3.87,3.72,210.0,42.0,0.0419,0.423
BIZ_125,Modern Bean,Bakery & Cafe,Uppal,East,17.471113,78.575513,2,2.1,False,2025-01-01,4.13,268,12,0.703,0.43,2.8,4.35,3.91,360.0,76.0,0.0515,0.4
BIZ_125,Modern Bean,Bakery & Cafe,Uppal,East,17.471113,78.575513,2,2.2,False,2025-02-01,4.32,276,8,0.557,0.581,7.4,4.29,4.22,252.0,94.0,0.0204,0.534
BIZ_125,Modern Bean,Bakery & Cafe,Uppal,East,17.471113,78.575513,2,2.3,False,2025-03-01,4.09,286,10,0.512,0.68,14.6,3.95,,263.0,51.0,0.0241,0.385
BIZ_125,Modern Bean,Bakery & Cafe,Uppal,East,17.471113,78.575513,2,2.4,False,2025-04-01,4.2,297,11,0.735,0.557,4.2,3.59,3.9,185.0,78.0,0.022,0.404
BIZ_125,Modern Bean,Bakery & Cafe,Uppal,East,17.471113,78.575513,2,2.4,False,2025-05-01,4.26,305,8,0.546,0.492,,4.19,4.4,223.0,45.0,0.0201,0.456
BIZ_125,Modern Bean,Bakery & Cafe,Uppal,East,17.471113,78.575513,2,2.5,False,2025-06-01,4.05,320,15,0.503,0.451,11.9,3.97,3.93,155.0,29.0,0.0489,0.458
BIZ_125,Modern Bean,Bakery & Cafe,Uppal,East,17.471113,78.575513,2,2.6,False,2025-07-01,4.05,326,6,0.551,0.44,,4.25,4.03,159.0,45.0,0.0238,0.462
BIZ_125,Modern Bean,Bakery & Cafe,Uppal,East,17.471113,78.575513,2,2.7,False,2025-08-01,4.2,332,6,0.719,0.553,5.4,4.36,3.9,243.0,49.0,0.0421,0.434
BIZ_125,Modern Bean,Bakery & Cafe,Uppal,East,17.471113,78.575513,2,2.8,False,2025-09-01,4.04,340,8,0.647,0.453,9.5,3.7,3.9,348.0,27.0,0.0279,0.396
BIZ_125,Modern Bean,Bakery & Cafe,Uppal,East,17.471113,78.575513,2,2.9,False,2025-10-01,4.1,350,10,0.581,0.706,4.6,4.13,4.17,238.0,49.0,0.0399,0.47
BIZ_125,Modern Bean,Bakery & Cafe,Uppal,East,17.471113,78.575513,2,2.9,False,2025-11-01,4.25,357,7,0.71,0.553,3.4,3.97,3.85,105.0,35.0,0.0382,0.429
BIZ_125,Modern Bean,Bakery & Cafe,Uppal,East,17.471113,78.575513,2,3.0,False,2025-12-01,4.24,364,7,0.71,0.452,3.2,4.55,4.47,328.0,62.0,0.0249,0.418
BIZ_125,Modern Bean,Bakery & Cafe,Uppal,East,17.471113,78.575513,2,3.1,False,2026-01-01,4.15,382,18,0.725,0.46,3.2,3.86,4.21,323.0,55.0,0.034,0.497
BIZ_125,Modern Bean,Bakery & Cafe,Uppal,East,17.471113,78.575513,2,3.2,False,2026-02-01,4.19,391,9,0.575,0.59,7.5,3.94,4.08,340.0,51.0,0.031,0.491
BIZ_125,Modern Bean,Bakery & Cafe,Uppal,East,17.471113,78.575513,2,3.3,False,2026-03-01,4.25,399,8,0.618,0.32,12.5,4.46,3.99,350.0,50.0,0.0302,0.451
BIZ_125,Modern Bean,Bakery & Cafe,Uppal,East,17.471113,78.575513,2,3.4,False,2026-04-01,4.07,407,8,0.533,0.425,4.1,3.3,4.45,260.0,39.0,0.0221,0.466
BIZ_125,Modern Bean,Bakery & Cafe,Uppal,East,17.471113,78.575513,2,3.4,False,2026-05-01,4.36,414,7,0.639,0.415,17.2,4.67,3.97,223.0,46.0,0.0227,0.495
BIZ_125,Modern Bean,Bakery & Cafe,Uppal,East,17.471113,78.575513,2,3.5,False,2026-06-01,4.05,427,13,0.68,0.576,6.4,3.4,3.75,192.0,53.0,0.0324,0.39
BIZ_126,Cedar Stir,Coffee Shop,Jubilee Hills,Central,17.473148,78.467757,3,2.0,False,2025-01-01,3.87,586,18,0.476,0.559,,3.96,3.75,236.0,66.0,0.0388,0.455
BIZ_126,Cedar Stir,Coffee Shop,Jubilee Hills,Central,17.473148,78.467757,3,2.1,False,2025-02-01,3.81,604,18,0.347,0.528,6.2,3.93,3.94,299.0,64.0,0.0724,0.345
BIZ_126,Cedar Stir,Coffee Shop,Jubilee Hills,Central,17.473148,78.467757,3,2.2,False,2025-03-01,4.04,629,25,0.408,0.379,14.4,4.25,4.05,282.0,88.0,0.0271,0.477
BIZ_126,Cedar Stir,Coffee Shop,Jubilee Hills,Central,17.473148,78.467757,3,2.2,False,2025-04-01,3.91,655,26,0.377,0.401,21.8,3.56,3.82,217.0,15.0,0.0271,0.408
BIZ_126,Cedar Stir,Coffee Shop,Jubilee Hills,Central,17.473148,78.467757,3,2.3,False,2025-05-01,3.87,672,17,0.278,0.455,8.0,3.51,3.62,335.0,62.0,0.0601,0.413
BIZ_126,Cedar Stir,Coffee Shop,Jubilee Hills,Central,17.473148,78.467757,3,2.4,False,2025-06-01,3.94,692,20,0.364,0.364,6.8,3.83,4.07,179.0,77.0,0.0259,0.522
BIZ_126,Cedar Stir,Coffee Shop,Jubilee Hills,Central,17.473148,78.467757,3,2.5,False,2025-07-01,3.9,712,20,0.175,0.488,6.5,3.08,3.85,177.0,47.0,0.0213,0.484
BIZ_126,Cedar Stir,Coffee Shop,Jubilee Hills,Central,17.473148,78.467757,3,2.6,False,2025-08-01,3.93,732,20,0.436,0.695,4.9,3.68,3.71,180.0,32.0,0.0282,0.368
BIZ_126,Cedar Stir,Coffee Shop,Jubilee Hills,Central,17.473148,78.467757,3,2.7,False,2025-09-01,3.78,761,29,0.37,0.561,1.0,3.51,3.32,152.0,28.0,0.0637,0.533
BIZ_126,Cedar Stir,Coffee Shop,Jubilee Hills,Central,17.473148,78.467757,3,2.8,False,2025-10-01,3.84,788,27,0.269,0.471,4.2,3.32,3.8,293.0,55.0,0.0411,0.451
BIZ_126,Cedar Stir,Coffee Shop,Jubilee Hills,Central,17.473148,78.467757,3,2.8,False,2025-11-01,3.73,801,13,0.265,0.559,4.8,3.35,3.63,169.0,49.0,0.0963,0.498
BIZ_126,Cedar Stir,Coffee Shop,Jubilee Hills,Central,17.473148,78.467757,3,2.9,False,2025-12-01,3.7,817,16,0.343,0.384,12.6,3.14,3.89,334.0,75.0,0.0342,0.424
BIZ_126,Cedar Stir,Coffee Shop,Jubilee Hills,Central,17.473148,78.467757,3,3.0,False,2026-01-01,4.01,843,26,0.343,0.421,13.1,3.66,4.28,256.0,50.0,,0.436
BIZ_126,Cedar Stir,Coffee Shop,Jubilee Hills,Central,17.473148,78.467757,3,3.1,False,2026-02-01,3.9,873,30,0.354,0.422,17.7,3.95,3.84,332.0,60.0,0.0345,0.566
BIZ_126,Cedar Stir,Coffee Shop,Jubilee Hills,Central,17.473148,78.467757,3,3.2,False,2026-03-01,3.91,907,34,0.387,0.596,7.1,4.03,3.96,265.0,45.0,0.0541,0.507
BIZ_126,Cedar Stir,Coffee Shop,Jubilee Hills,Central,17.473148,78.467757,3,3.2,False,2026-04-01,3.95,935,28,0.455,0.585,8.0,3.63,4.12,284.0,51.0,0.0678,0.455
BIZ_126,Cedar Stir,Coffee Shop,Jubilee Hills,Central,17.473148,78.467757,3,3.3,False,2026-05-01,4.02,942,7,0.368,0.518,2.4,3.36,3.93,,58.0,0.035,0.408
BIZ_126,Cedar Stir,Coffee Shop,Jubilee Hills,Central,17.473148,78.467757,3,3.4,False,2026-06-01,3.89,960,18,0.399,0.632,10.6,3.92,4.32,188.0,30.0,0.0349,0.425
BIZ_127,Aroma Coffee,Cafe,Kondapur,West,17.454689,78.377461,3,1.8,False,2025-01-01,4.55,135,7,0.777,0.514,2.7,,4.3,266.0,35.0,0.0841,0.525
BIZ_127,Aroma Coffee,Cafe,Kondapur,West,17.454689,78.377461,3,1.9,False,2025-02-01,4.31,140,5,0.81,0.58,5.7,4.76,3.91,212.0,83.0,0.0391,0.434
BIZ_127,Aroma Coffee,Cafe,Kondapur,West,17.454689,78.377461,3,2.0,False,2025-03-01,4.33,148,8,0.819,0.635,2.3,3.92,3.93,330.0,64.0,0.0324,0.503
BIZ_127,Aroma Coffee,Cafe,Kondapur,West,17.454689,78.377461,3,2.0,False,2025-04-01,4.42,154,6,0.774,0.62,8.4,4.26,4.28,200.0,29.0,0.0299,0.48
BIZ_127,Aroma Coffee,Cafe,Kondapur,West,17.454689,78.377461,3,2.1,False,2025-05-01,4.4,160,6,0.864,0.68,5.4,4.52,3.99,266.0,42.0,0.0236,0.469
BIZ_127,Aroma Coffee,Cafe,Kondapur,West,17.454689,78.377461,3,2.2,False,2025-06-01,4.26,166,6,0.886,0.463,5.0,4.01,3.58,99.0,63.0,0.0418,0.501
BIZ_127,Aroma Coffee,Cafe,Kondapur,West,17.454689,78.377461,3,2.3,False,2025-07-01,4.38,172,6,0.707,0.359,10.4,3.65,,208.0,23.0,0.0298,0.46
BIZ_127,Aroma Coffee,Cafe,Kondapur,West,17.454689,78.377461,3,2.4,False,2025-08-01,4.26,175,3,0.796,0.545,3.4,4.15,4.1,219.0,33.0,0.0395,0.535
BIZ_127,Aroma Coffee,Cafe,Kondapur,West,17.454689,78.377461,3,2.5,False,2025-09-01,4.31,180,5,0.843,0.32,9.9,3.92,4.0,281.0,22.0,0.0912,0.54
BIZ_127,Aroma Coffee,Cafe,Kondapur,West,17.454689,78.377461,3,2.5,False,2025-10-01,4.54,183,3,0.817,0.524,5.5,4.01,4.11,262.0,35.0,0.0219,0.477
BIZ_127,Aroma Coffee,Cafe,Kondapur,West,17.454689,78.377461,3,2.6,False,2025-11-01,4.35,187,4,0.812,0.638,5.4,4.47,4.18,236.0,66.0,0.0399,0.556
BIZ_127,Aroma Coffee,Cafe,Kondapur,West,17.454689,78.377461,3,2.7,False,2025-12-01,4.28,195,8,0.858,0.419,,4.22,4.55,292.0,54.0,0.0269,0.404
BIZ_127,Aroma Coffee,Cafe,Kondapur,West,17.454689,78.377461,3,2.8,False,2026-01-01,4.36,201,6,0.76,0.59,5.3,3.8,3.87,189.0,70.0,0.0683,0.461
BIZ_127,Aroma Coffee,Cafe,Kondapur,West,17.454689,78.377461,3,2.9,False,2026-02-01,4.22,210,9,0.804,0.356,8.6,4.12,4.32,266.0,56.0,0.0504,0.502
BIZ_127,Aroma Coffee,Cafe,Kondapur,West,17.454689,78.377461,3,3.0,False,2026-03-01,4.36,215,5,0.747,0.327,6.9,4.16,4.17,196.0,58.0,0.0305,0.487
BIZ_127,Aroma Coffee,Cafe,Kondapur,West,17.454689,78.377461,3,3.0,False,2026-04-01,4.39,223,8,0.72,0.563,5.5,3.99,4.25,293.0,51.0,0.0201,0.49
BIZ_127,Aroma Coffee,Cafe,Kondapur,West,17.454689,78.377461,3,3.1,False,2026-05-01,4.39,229,6,0.827,,5.4,,4.35,220.0,56.0,0.0209,0.541
BIZ_127,Aroma Coffee,Cafe,Kondapur,West,17.454689,78.377461,3,3.2,False,2026-06-01,4.31,235,6,0.73,0.687,4.5,4.49,3.92,155.0,39.0,0.0219,0.429
BIZ_128,Little Stir,Cafe,Banjara Hills,Central,17.439895,78.427783,3,3.3,False,2025-01-01,4.43,8628,259,0.819,0.649,5.5,4.03,4.0,843.0,151.0,0.0312,0.481
BIZ_128,Little Stir,Cafe,Banjara Hills,Central,17.439895,78.427783,3,3.4,False,2025-02-01,4.58,8824,196,0.989,0.473,4.4,4.54,4.0,1012.0,155.0,0.1094,0.541
BIZ_128,Little Stir,Cafe,Banjara Hills,Central,17.439895,78.427783,3,3.5,False,2025-03-01,4.5,8982,158,0.949,0.435,12.0,4.09,3.77,809.0,138.0,0.0211,0.531
BIZ_128,Little Stir,Cafe,Banjara Hills,Central,17.439895,78.427783,3,3.5,False,2025-04-01,4.66,9221,239,0.957,0.535,6.4,4.52,4.46,888.0,171.0,0.0206,0.496
BIZ_128,Little Stir,Cafe,Banjara Hills,Central,17.439895,78.427783,3,3.6,False,2025-05-01,4.65,9438,217,0.892,0.576,5.8,4.66,4.43,493.0,134.0,0.0233,0.507
BIZ_128,Little Stir,Cafe,Banjara Hills,Central,17.439895,78.427783,3,3.7,False,2025-06-01,4.55,9761,323,0.955,0.519,8.4,4.21,4.58,809.0,192.0,0.0243,0.398
BIZ_128,Little Stir,Cafe,Banjara Hills,Central,17.439895,78.427783,3,3.8,False,2025-07-01,4.48,9951,190,0.844,0.518,6.0,4.11,4.3,662.0,78.0,0.1042,0.459
BIZ_128,Little Stir,Cafe,Banjara Hills,Central,17.439895,78.427783,3,3.9,False,2025-08-01,4.6,10273,322,1.0,0.63,8.3,4.65,4.39,557.0,133.0,0.0252,0.435
BIZ_128,Little Stir,Cafe,Banjara Hills,Central,17.439895,78.427783,3,4.0,False,2025-09-01,4.53,10353,80,0.852,0.431,14.8,3.93,4.43,960.0,189.0,0.0215,0.489
BIZ_128,Little Stir,Cafe,Banjara Hills,Central,17.439895,78.427783,3,4.0,False,2025-10-01,4.54,10573,220,0.867,0.5,5.8,4.4,4.32,884.0,158.0,0.0425,0.498
BIZ_128,Little Stir,Cafe,Banjara Hills,Central,17.439895,78.427783,3,4.1,False,2025-11-01,4.67,10818,245,0.844,0.576,7.4,4.22,4.25,976.0,141.0,0.0235,0.451
BIZ_128,Little Stir,Cafe,Banjara Hills,Central,17.439895,78.427783,3,4.2,False,2025-12-01,4.51,10957,139,0.963,0.554,6.6,4.4,4.12,1021.0,220.0,0.0457,0.451
BIZ_128,Little Stir,Cafe,Banjara Hills,Central,17.439895,78.427783,3,4.3,False,2026-01-01,4.51,11178,221,1.0,0.399,3.5,3.76,3.99,765.0,,0.0912,0.494
BIZ_128,Little Stir,Cafe,Banjara Hills,Central,17.439895,78.427783,3,4.4,False,2026-02-01,4.68,11398,220,0.873,0.54,5.4,4.78,3.82,730.0,200.0,0.074,0.388
BIZ_128,Little Stir,Cafe,Banjara Hills,Central,17.439895,78.427783,3,4.5,False,2026-03-01,4.65,11636,238,0.977,0.78,2.9,4.26,4.57,1111.0,197.0,0.0593,0.439
BIZ_128,Little Stir,Cafe,Banjara Hills,Central,17.439895,78.427783,3,4.5,False,2026-04-01,4.79,11862,226,1.0,0.535,4.8,5.0,4.66,792.0,98.0,0.0491,0.457
BIZ_128,Little Stir,Cafe,Banjara Hills,Central,17.439895,78.427783,3,4.6,False,2026-05-01,4.69,12036,174,0.959,0.498,5.4,4.37,4.34,867.0,151.0,0.0308,0.414
BIZ_128,Little Stir,Cafe,Banjara Hills,Central,17.439895,78.427783,3,4.7,False,2026-06-01,4.64,12179,143,0.902,0.682,1.9,4.67,4.32,590.0,82.0,0.03,0.489
BIZ_129,Happy Bake,Cafe,Kompally,East,17.471728,78.557047,3,14.5,False,2025-01-01,6.0,589,7,0.614,0.473,2.8,3.62,3.73,325.0,57.0,0.0221,0.436
BIZ_129,Happy Bake,Cafe,Kompally,East,17.471728,78.557047,3,14.6,False,2025-02-01,4.13,595,6,0.713,0.546,13.8,3.87,4.14,,58.0,0.0347,0.426
BIZ_129,Happy Bake,Cafe,Kompally,East,17.471728,78.557047,3,14.7,False,2025-03-01,4.07,600,5,0.54,0.48,6.8,4.12,3.94,211.0,43.0,0.0647,0.423
BIZ_129,Happy Bake,Cafe,Kompally,East,17.471728,78.557047,3,14.8,False,2025-04-01,4.18,607,7,0.532,0.764,7.1,4.39,4.05,308.0,34.0,,0.52
BIZ_129,Happy Bake,Cafe,Kompally,East,17.471728,78.557047,3,14.8,False,2025-05-01,4.1,610,3,0.522,0.563,2.5,4.41,3.58,252.0,12.0,0.0365,0.508
BIZ_129,Happy Bake,Cafe,Kompally,East,17.471728,78.557047,3,14.9,False,2025-06-01,4.3,615,5,0.533,0.484,9.6,3.48,4.08,108.0,44.0,0.123,0.521
BIZ_129,Happy Bake,Cafe,Kompally,East,17.471728,78.557047,3,15.0,False,2025-07-01,3.98,619,4,0.656,0.759,9.5,4.19,3.77,268.0,46.0,0.0202,0.425
BIZ_129,Happy Bake,Cafe,Kompally,East,17.471728,78.557047,3,15.1,False,2025-08-01,4.2,624,5,0.702,0.578,2.7,4.13,3.57,200.0,46.0,0.0345,0.38
BIZ_129,Happy Bake,Cafe,Kompally,East,17.471728,78.557047,3,15.2,False,2025-09-01,4.11,628,4,0.63,0.353,10.3,4.51,4.25,246.0,30.0,0.0807,0.427
BIZ_129,Happy Bake,Cafe,Kompally,East,17.471728,78.557047,3,15.2,False,2025-10-01,4.08,632,4,0.48,0.676,5.3,3.85,3.49,212.0,80.0,0.0321,0.582
BIZ_129,Happy Bake,Cafe,Kompally,East,17.471728,78.557047,3,15.3,False,2025-11-01,3.89,637,5,0.449,0.494,,3.1,3.99,290.0,47.0,0.0525,0.519
BIZ_129,Happy Bake,Cafe,Kompally,East,17.471728,78.557047,3,15.4,False,2025-12-01,3.96,644,7,0.567,0.535,,3.94,3.53,308.0,85.0,0.044,0.517
BIZ_129,Happy Bake,Cafe,Kompally,East,17.471728,78.557047,3,15.5,False,2026-01-01,4.13,649,5,0.439,0.549,3.0,4.24,4.21,236.0,74.0,0.0417,0.482
BIZ_129,Happy Bake,Cafe,Kompally,East,17.471728,78.557047,3,15.6,False,2026-02-01,4.09,656,7,0.423,0.609,5.5,3.29,3.67,190.0,45.0,0.0412,0.502
BIZ_129,Happy Bake,Cafe,Kompally,East,17.471728,78.557047,3,15.7,False,2026-03-01,4.13,661,5,0.475,0.527,5.6,3.99,3.7,305.0,,0.057,0.45
BIZ_129,Happy Bake,Cafe,Kompally,East,17.471728,78.557047,3,15.8,False,2026-04-01,4.11,666,5,0.609,0.579,9.0,,3.46,179.0,67.0,0.0495,0.462
BIZ_129,Happy Bake,Cafe,Kompally,East,17.471728,78.557047,3,15.8,False,2026-05-01,4.1,670,4,0.5,0.449,6.4,3.66,,229.0,17.0,0.0378,0.421
BIZ_129,Happy Bake,Cafe,Kompally,East,17.471728,78.557047,3,15.9,False,2026-06-01,4.15,674,4,0.45,0.621,3.1,4.42,4.07,203.0,45.0,0.0217,0.463
BIZ_130,Swirl Corner,Restaurant & Cafe,Narsingi,South,17.401112,78.4523,2,7.8,False,2025-01-01,4.62,2146,28,0.701,0.674,3.0,4.02,4.36,314.0,50.0,0.026,0.436
BIZ_130,Swirl Corner,Restaurant & Cafe,Narsingi,South,17.401112,78.4523,2,7.9,False,2025-02-01,4.42,2178,32,0.656,,4.4,4.73,4.25,276.0,49.0,0.0285,0.514
BIZ_130,Swirl Corner,Restaurant & Cafe,Narsingi,South,17.401112,78.4523,2,8.0,False,2025-03-01,4.48,2207,29,0.57,0.388,6.9,4.06,4.35,276.0,45.0,0.0423,0.496
BIZ_130,Swirl Corner,Restaurant & Cafe,Narsingi,South,17.401112,78.4523,2,8.1,False,2025-04-01,4.5,2241,34,0.69,0.496,10.3,4.3,4.21,252.0,38.0,0.0204,0.472
BIZ_130,Swirl Corner,Restaurant & Cafe,Narsingi,South,17.401112,78.4523,2,8.1,False,2025-05-01,4.73,2252,11,0.683,,5.0,4.29,4.89,157.0,57.0,0.0414,0.359
BIZ_130,Swirl Corner,Restaurant & Cafe,Narsingi,South,17.401112,78.4523,2,8.2,False,2025-06-01,4.67,2265,13,0.841,0.595,7.4,4.79,4.7,223.0,62.0,0.0214,0.379
BIZ_130,Swirl Corner,Restaurant & Cafe,Narsingi,South,17.401112,78.4523,2,8.3,False,2025-07-01,4.63,2298,33,0.749,0.676,7.8,4.21,4.71,237.0,25.0,0.0305,0.452
BIZ_130,Swirl Corner,Restaurant & Cafe,Narsingi,South,17.401112,78.4523,2,8.4,False,2025-08-01,4.56,2319,21,0.598,0.365,7.1,4.23,4.54,270.0,46.0,0.026,0.422
BIZ_130,Swirl Corner,Restaurant & Cafe,Narsingi,South,17.401112,78.4523,2,8.5,False,2025-09-01,4.49,2341,22,0.645,0.535,6.3,4.26,4.53,249.0,36.0,0.0293,0.533
BIZ_130,Swirl Corner,Restaurant & Cafe,Narsingi,South,17.401112,78.4523,2,8.6,False,2025-10-01,4.42,2369,28,0.562,0.638,3.3,,3.94,190.0,57.0,0.0249,0.502
BIZ_130,Swirl Corner,Restaurant & Cafe,Narsingi,South,17.401112,78.4523,2,8.6,False,2025-11-01,4.4,2381,12,0.741,0.606,5.8,4.17,4.27,348.0,79.0,,0.573
BIZ_130,Swirl Corner,Restaurant & Cafe,Narsingi,South,17.401112,78.4523,2,8.7,False,2025-12-01,4.62,2403,22,0.638,0.639,3.6,4.49,4.28,310.0,63.0,0.042,0.521
BIZ_130,Swirl Corner,Restaurant & Cafe,Narsingi,South,17.401112,78.4523,2,8.8,False,2026-01-01,4.54,2434,31,0.799,0.57,5.5,4.52,4.66,194.0,63.0,0.0426,0.526
BIZ_130,Swirl Corner,Restaurant & Cafe,Narsingi,South,17.401112,78.4523,2,8.9,False,2026-02-01,4.7,2458,24,0.759,0.588,3.3,4.39,4.89,257.0,71.0,0.0516,0.487
BIZ_130,Swirl Corner,Restaurant & Cafe,Narsingi,South,17.401112,78.4523,2,9.0,False,2026-03-01,4.59,2481,23,0.883,0.59,5.6,4.81,3.95,260.0,46.0,0.0271,0.513
BIZ_130,Swirl Corner,Restaurant & Cafe,Narsingi,South,17.401112,78.4523,2,9.1,False,2026-04-01,4.63,2508,27,0.705,0.65,4.1,3.84,4.68,141.0,28.0,0.026,0.432
BIZ_130,Swirl Corner,Restaurant & Cafe,Narsingi,South,17.401112,78.4523,2,9.1,False,2026-05-01,4.59,2536,28,0.605,0.69,2.9,4.02,4.56,306.0,35.0,0.0249,0.454
BIZ_130,Swirl Corner,Restaurant & Cafe,Narsingi,South,17.401112,78.4523,2,9.2,False,2026-06-01,4.53,2558,22,0.819,0.593,1.5,4.0,4.55,205.0,38.0,0.0219,0.432
BIZ_131,Royal Aroma Studio,Cafe,Tolichowki,South,17.405974,78.434658,3,3.7,False,2025-01-01,3.85,745,15,0.324,0.665,2.9,3.7,3.74,323.0,69.0,0.0277,0.473
BIZ_131,Royal Aroma Studio,Cafe,Tolichowki,South,17.405974,78.434658,3,3.8,False,2025-02-01,3.77,774,29,0.403,0.587,6.7,3.89,3.42,253.0,66.0,0.0452,0.477
BIZ_131,Royal Aroma Studio,Cafe,Tolichowki,South,17.405974,78.434658,3,3.9,False,2025-03-01,3.75,797,23,0.243,0.577,6.4,3.38,3.32,309.0,40.0,0.0233,0.443
BIZ_131,Royal Aroma Studio,Cafe,Tolichowki,South,17.405974,78.434658,3,4.0,False,2025-04-01,3.73,816,19,0.273,0.49,3.5,3.28,3.16,257.0,37.0,0.0297,0.438
BIZ_131,Royal Aroma Studio,Cafe,Tolichowki,South,17.405974,78.434658,3,4.0,False,2025-05-01,3.72,834,18,0.285,0.569,5.1,3.55,3.73,257.0,72.0,0.0755,0.39
BIZ_131,Royal Aroma Studio,Cafe,Tolichowki,South,17.405974,78.434658,3,4.1,False,2025-06-01,3.68,851,17,0.296,0.585,3.5,3.2,3.53,256.0,43.0,0.0341,0.328
BIZ_131,Royal Aroma Studio,Cafe,Tolichowki,South,17.405974,78.434658,3,4.2,False,2025-07-01,3.69,868,17,0.266,0.483,3.2,3.49,3.18,246.0,43.0,0.0306,0.483
BIZ_131,Royal Aroma Studio,Cafe,Tolichowki,South,17.405974,78.434658,3,4.3,False,2025-08-01,3.68,888,20,0.153,0.442,11.2,3.48,3.16,151.0,31.0,0.0926,0.493
BIZ_131,Royal Aroma Studio,Cafe,Tolichowki,South,17.405974,78.434658,3,4.4,False,2025-09-01,3.65,906,18,0.294,0.487,1.7,3.85,3.55,168.0,,0.0541,0.5
BIZ_131,Royal Aroma Studio,Cafe,Tolichowki,South,17.405974,78.434658,3,4.5,False,2025-10-01,3.66,920,14,0.447,0.507,6.5,3.51,3.42,272.0,37.0,0.0271,0.533
BIZ_131,Royal Aroma Studio,Cafe,Tolichowki,South,17.405974,78.434658,3,4.5,False,2025-11-01,3.74,939,19,0.248,0.489,3.6,4.12,3.28,226.0,50.0,0.0789,0.345
BIZ_131,Royal Aroma Studio,Cafe,Tolichowki,South,17.405974,78.434658,3,4.6,False,2025-12-01,3.59,950,11,0.233,0.475,4.7,3.94,3.09,277.0,61.0,0.0419,0.455
BIZ_131,Royal Aroma Studio,Cafe,Tolichowki,South,17.405974,78.434658,3,4.7,False,2026-01-01,3.65,966,16,0.182,0.775,3.4,3.18,3.49,325.0,,0.0612,0.51
BIZ_131,Royal Aroma Studio,Cafe,Tolichowki,South,17.405974,78.434658,3,4.8,False,2026-02-01,3.86,983,17,0.24,0.511,2.5,3.58,4.09,274.0,40.0,0.0235,0.401
BIZ_131,Royal Aroma Studio,Cafe,Tolichowki,South,17.405974,78.434658,3,4.9,False,2026-03-01,3.77,1010,27,0.245,0.454,6.4,4.02,3.7,261.0,22.0,0.0728,0.442
BIZ_131,Royal Aroma Studio,Cafe,Tolichowki,South,17.405974,78.434658,3,5.0,False,2026-04-01,3.74,1028,18,0.197,0.605,5.9,3.46,3.42,292.0,47.0,0.027,0.415
BIZ_131,Royal Aroma Studio,Cafe,Tolichowki,South,17.405974,78.434658,3,5.0,False,2026-05-01,3.68,1048,20,0.287,0.593,4.5,3.72,3.21,186.0,60.0,0.0205,0.412
BIZ_131,Royal Aroma Studio,Cafe,Tolichowki,South,17.405974,78.434658,3,5.1,False,2026-06-01,3.7,1066,18,0.339,0.51,5.5,3.58,3.84,270.0,53.0,0.0305,0.452
BIZ_132,Silver Crumb,Cafe,Narsingi,South,17.388486,78.438068,3,3.9,False,2025-01-01,3.99,84,6,0.409,0.332,15.4,4.69,3.68,256.0,37.0,0.0269,0.452
BIZ_132,Silver Crumb,Cafe,Narsingi,South,17.388486,78.438068,3,4.0,False,2025-02-01,3.85,89,5,0.379,0.37,4.7,3.33,3.77,342.0,51.0,0.0258,0.43
BIZ_132,Silver Crumb,Cafe,Narsingi,South,17.388486,78.438068,3,4.1,False,2025-03-01,4.0,92,3,0.346,0.395,2.8,3.5,4.0,268.0,47.0,0.0319,0.371
BIZ_132,Silver Crumb,Cafe,Narsingi,South,17.388486,78.438068,3,4.2,False,2025-04-01,4.08,96,4,0.488,0.515,4.7,3.44,3.86,300.0,,0.0262,0.508
BIZ_132,Silver Crumb,Cafe,Narsingi,South,17.388486,78.438068,3,4.2,False,2025-05-01,4.09,101,5,0.388,0.484,4.2,4.2,4.01,282.0,36.0,0.0426,0.493
BIZ_132,Silver Crumb,Cafe,Narsingi,South,17.388486,78.438068,3,4.3,False,2025-06-01,4.02,108,7,0.506,0.214,7.7,3.68,4.02,194.0,59.0,0.0241,0.423
BIZ_132,Silver Crumb,Cafe,Narsingi,South,17.388486,78.438068,3,4.4,False,2025-07-01,4.04,111,3,0.489,0.483,6.1,4.28,4.12,146.0,41.0,0.0221,0.433
BIZ_132,Silver Crumb,Cafe,Narsingi,South,17.388486,78.438068,3,4.5,False,2025-08-01,3.84,116,5,0.588,0.322,5.3,3.78,3.78,217.0,43.0,0.0675,0.442
BIZ_132,Silver Crumb,Cafe,Narsingi,South,17.388486,78.438068,3,4.6,False,2025-09-01,3.92,116,0,0.399,0.409,8.1,3.76,3.99,171.0,73.0,0.0341,0.409
BIZ_132,Silver Crumb,Cafe,Narsingi,South,17.388486,78.438068,3,4.7,False,2025-10-01,4.04,121,5,0.442,0.362,7.5,2.96,3.55,338.0,71.0,0.0474,0.444
BIZ_132,Silver Crumb,Cafe,Narsingi,South,17.388486,78.438068,3,4.7,False,2025-11-01,4.06,125,4,0.501,0.466,5.5,4.02,4.0,190.0,45.0,0.0225,0.488
BIZ_132,Silver Crumb,Cafe,Narsingi,South,17.388486,78.438068,3,4.8,False,2025-12-01,3.89,129,4,0.471,0.525,4.7,3.59,3.52,228.0,65.0,0.0637,0.402
BIZ_132,Silver Crumb,Cafe,Narsingi,South,17.388486,78.438068,3,4.9,False,2026-01-01,3.93,133,4,0.471,0.499,4.7,3.86,3.93,211.0,53.0,0.0455,0.45
BIZ_132,Silver Crumb,Cafe,Narsingi,South,17.388486,78.438068,3,5.0,False,2026-02-01,4.05,138,5,0.51,0.437,2.8,4.27,3.73,276.0,54.0,,0.393
BIZ_132,Silver Crumb,Cafe,Narsingi,South,17.388486,78.438068,3,5.1,False,2026-03-01,4.09,142,4,0.618,0.408,2.6,4.08,3.42,196.0,43.0,0.067,0.506
BIZ_132,Silver Crumb,Cafe,Narsingi,South,17.388486,78.438068,3,5.2,False,2026-04-01,3.99,145,3,0.398,,3.3,3.8,4.04,318.0,49.0,0.023,0.434
BIZ_132,Silver Crumb,Cafe,Narsingi,South,17.388486,78.438068,3,5.2,False,2026-05-01,4.24,151,6,0.727,0.567,8.2,3.73,3.98,276.0,51.0,0.0216,0.402
BIZ_132,Silver Crumb,Cafe,Narsingi,South,17.388486,78.438068,3,5.3,False,2026-06-01,4.07,156,5,0.696,0.342,7.4,4.01,3.94,267.0,53.0,0.0266,0.487
BIZ_133,Filter Hub,Bakery & Cafe,Madhapur,West,17.462925,78.374844,2,4.0,False,2025-01-01,4.26,438,11,0.485,0.515,5.3,3.79,4.37,307.0,53.0,0.0424,0.388
BIZ_133,Filter Hub,Bakery & Cafe,Madhapur,West,17.462925,78.374844,2,4.1,False,2025-02-01,4.27,450,12,0.428,0.514,3.1,3.87,3.64,,51.0,0.0413,0.444
BIZ_133,Filter Hub,Bakery & Cafe,Madhapur,West,17.462925,78.374844,2,4.2,False,2025-03-01,4.23,461,11,0.442,0.596,5.4,4.17,4.33,275.0,56.0,0.0281,0.48
BIZ_133,Filter Hub,Bakery & Cafe,Madhapur,West,17.462925,78.374844,2,4.2,False,2025-04-01,4.18,467,6,0.697,0.377,21.6,3.81,4.58,234.0,61.0,0.0401,0.406
BIZ_133,Filter Hub,Bakery & Cafe,Madhapur,West,17.462925,78.374844,2,4.3,False,2025-05-01,4.33,476,9,0.552,0.476,4.8,3.86,4.32,153.0,63.0,,0.375
BIZ_133,Filter Hub,Bakery & Cafe,Madhapur,West,17.462925,78.374844,2,4.4,False,2025-06-01,4.39,484,8,0.571,0.629,7.3,3.96,4.27,161.0,21.0,,0.482
BIZ_133,Filter Hub,Bakery & Cafe,Madhapur,West,17.462925,78.374844,2,4.5,False,2025-07-01,4.3,494,10,0.621,0.503,13.5,3.73,4.06,223.0,43.0,0.0374,0.484
BIZ_133,Filter Hub,Bakery & Cafe,Madhapur,West,17.462925,78.374844,2,4.6,False,2025-08-01,4.26,503,9,0.579,0.374,9.0,4.14,3.9,286.0,51.0,0.0225,0.447
BIZ_133,Filter Hub,Bakery & Cafe,Madhapur,West,17.462925,78.374844,2,4.7,False,2025-09-01,4.14,508,5,0.512,0.486,,4.41,4.37,246.0,74.0,0.0811,0.509
BIZ_133,Filter Hub,Bakery & Cafe,Madhapur,West,17.462925,78.374844,2,4.8,False,2025-10-01,4.19,514,6,0.656,0.552,3.8,3.86,4.0,351.0,50.0,0.0721,0.547
BIZ_133,Filter Hub,Bakery & Cafe,Madhapur,West,17.462925,78.374844,2,4.8,False,2025-11-01,4.29,526,12,0.469,0.632,4.3,3.88,3.7,334.0,49.0,0.0815,0.447
BIZ_133,Filter Hub,Bakery & Cafe,Madhapur,West,17.462925,78.374844,2,4.9,False,2025-12-01,4.07,537,11,0.582,0.421,6.4,4.12,3.55,218.0,51.0,0.0208,0.474
BIZ_133,Filter Hub,Bakery & Cafe,Madhapur,West,17.462925,78.374844,2,5.0,False,2026-01-01,4.31,545,8,0.609,0.462,6.6,4.14,4.59,319.0,48.0,0.0263,0.49
BIZ_133,Filter Hub,Bakery & Cafe,Madhapur,West,17.462925,78.374844,2,5.1,False,2026-02-01,4.22,554,9,0.526,0.643,5.1,4.24,,299.0,76.0,0.0408,0.456
BIZ_133,Filter Hub,Bakery & Cafe,Madhapur,West,17.462925,78.374844,2,5.2,False,2026-03-01,4.28,561,7,0.514,0.36,3.9,4.28,4.66,271.0,43.0,0.02,0.464
BIZ_133,Filter Hub,Bakery & Cafe,Madhapur,West,17.462925,78.374844,2,5.2,False,2026-04-01,4.44,563,2,0.533,0.412,2.5,3.88,4.44,213.0,63.0,0.0221,0.428
BIZ_133,Filter Hub,Bakery & Cafe,Madhapur,West,17.462925,78.374844,2,5.3,False,2026-05-01,4.21,568,5,0.459,0.566,6.4,3.93,4.16,289.0,53.0,0.0863,0.5
BIZ_133,Filter Hub,Bakery & Cafe,Madhapur,West,17.462925,78.374844,2,5.4,False,2026-06-01,4.34,576,8,,0.479,5.4,3.77,4.33,262.0,56.0,0.0569,0.451
BIZ_134,Pour Kitchen,Cafe,Hitech City,West,17.451511,78.38917,2,7.8,False,2025-01-01,3.75,479,6,0.014,0.673,3.9,3.34,3.83,382.0,55.0,0.0218,0.395
BIZ_134,Pour Kitchen,Cafe,Hitech City,West,17.451511,78.38917,2,7.9,False,2025-02-01,3.62,485,6,0.102,0.356,16.8,3.36,4.3,315.0,53.0,0.0281,0.547
BIZ_134,Pour Kitchen,Cafe,Hitech City,West,17.451511,78.38917,2,8.0,False,2025-03-01,3.69,487,2,0.303,0.605,4.3,3.94,3.05,241.0,56.0,0.0504,0.534
BIZ_134,Pour Kitchen,Cafe,Hitech City,West,17.451511,78.38917,2,8.1,False,2025-04-01,3.61,492,5,0.127,0.661,3.7,3.66,3.3,235.0,40.0,0.0206,0.354
BIZ_134,Pour Kitchen,Cafe,Hitech City,West,17.451511,78.38917,2,8.1,False,2025-05-01,3.68,496,4,-0.008,0.443,5.4,3.2,3.86,217.0,60.0,0.0662,0.565
BIZ_134,Pour Kitchen,Cafe,Hitech City,West,17.451511,78.38917,2,8.2,False,2025-06-01,3.73,499,3,,0.852,2.0,3.51,3.74,217.0,17.0,0.0684,0.424
BIZ_134,Pour Kitchen,Cafe,Hitech City,West,17.451511,78.38917,2,8.3,False,2025-07-01,3.55,501,2,0.221,0.631,4.7,3.32,3.33,138.0,29.0,0.123,0.392
BIZ_134,Pour Kitchen,Cafe,Hitech City,West,17.451511,78.38917,2,8.4,False,2025-08-01,3.65,505,4,0.204,0.501,7.8,3.23,3.45,126.0,48.0,0.0232,0.468
BIZ_134,Pour Kitchen,Cafe,Hitech City,West,17.451511,78.38917,2,8.5,False,2025-09-01,3.54,509,4,0.138,0.642,4.8,3.03,3.59,189.0,15.0,0.0748,0.469
BIZ_134,Pour Kitchen,Cafe,Hitech City,West,17.451511,78.38917,2,8.6,False,2025-10-01,3.54,512,3,0.187,0.452,8.5,3.73,3.45,307.0,55.0,0.0259,0.389
BIZ_134,Pour Kitchen,Cafe,Hitech City,West,17.451511,78.38917,2,8.6,False,2025-11-01,3.57,514,2,0.223,0.43,7.0,3.8,3.28,356.0,85.0,0.0343,0.358
BIZ_134,Pour Kitchen,Cafe,Hitech City,West,17.451511,78.38917,2,8.7,False,2025-12-01,3.44,518,4,0.111,0.436,4.3,3.43,3.13,225.0,50.0,0.0637,0.398
BIZ_134,Pour Kitchen,Cafe,Hitech City,West,17.451511,78.38917,2,8.8,False,2026-01-01,3.56,523,5,0.057,0.581,4.4,3.54,3.95,232.0,62.0,0.0236,0.338
BIZ_134,Pour Kitchen,Cafe,Hitech City,West,17.451511,78.38917,2,8.9,False,2026-02-01,3.67,529,6,0.163,0.257,8.1,3.21,4.04,313.0,60.0,0.1268,0.454
BIZ_134,Pour Kitchen,Cafe,Hitech City,West,17.451511,78.38917,2,9.0,False,2026-03-01,3.58,534,5,0.002,0.564,3.5,4.05,3.44,320.0,76.0,0.027,0.436
BIZ_134,Pour Kitchen,Cafe,Hitech City,West,17.451511,78.38917,2,9.1,False,2026-04-01,3.73,539,5,0.1,0.562,2.1,3.3,3.82,306.0,41.0,0.0254,0.543
BIZ_134,Pour Kitchen,Cafe,Hitech City,West,17.451511,78.38917,2,9.1,False,2026-05-01,3.61,545,6,0.173,0.51,,3.72,3.84,210.0,57.0,0.0425,0.4
BIZ_134,Pour Kitchen,Cafe,Hitech City,West,17.451511,78.38917,2,9.2,False,2026-06-01,3.74,550,5,0.164,0.423,9.0,3.12,3.25,253.0,65.0,0.0218,0.414
BIZ_135,Jade Whisk,Bakery & Cafe,Kondapur,West,17.433998,78.369822,3,4.5,False,2025-01-01,3.94,39,4,0.209,0.462,7.9,4.34,3.63,329.0,69.0,0.0597,0.443
BIZ_135,Jade Whisk,Bakery & Cafe,Kondapur,West,17.433998,78.369822,3,4.6,False,2025-02-01,4.02,42,3,0.094,0.639,6.5,3.78,4.09,245.0,45.0,0.0451,0.428
BIZ_135,Jade Whisk,Bakery & Cafe,Kondapur,West,17.433998,78.369822,3,4.7,False,2025-03-01,3.89,46,4,0.245,0.337,13.2,3.28,3.65,231.0,69.0,,0.426
BIZ_135,Jade Whisk,Bakery & Cafe,Kondapur,West,17.433998,78.369822,3,4.8,False,2025-04-01,3.87,53,7,0.101,0.477,6.3,3.44,3.73,210.0,72.0,0.0564,0.441
BIZ_135,Jade Whisk,Bakery & Cafe,Kondapur,West,17.433998,78.369822,3,4.8,False,2025-05-01,4.05,61,8,0.214,0.401,5.9,3.62,4.02,241.0,29.0,0.0423,0.542
BIZ_135,Jade Whisk,Bakery & Cafe,Kondapur,West,17.433998,78.369822,3,4.9,False,2025-06-01,4.05,65,4,0.219,0.543,5.2,3.82,3.79,114.0,62.0,0.0528,0.386
BIZ_135,Jade Whisk,Bakery & Cafe,Kondapur,West,17.433998,78.369822,3,5.0,False,2025-07-01,3.95,70,5,0.35,0.471,,3.73,3.33,242.0,40.0,0.0678,0.39
BIZ_135,Jade Whisk,Bakery & Cafe,Kondapur,West,17.433998,78.369822,3,5.1,False,2025-08-01,3.93,73,3,0.219,0.606,,4.02,3.55,215.0,66.0,0.022,0.459
BIZ_135,Jade Whisk,Bakery & Cafe,Kondapur,West,17.433998,78.369822,3,5.2,False,2025-09-01,3.97,78,5,0.202,0.695,2.3,3.28,3.03,266.0,67.0,0.0217,0.438
BIZ_135,Jade Whisk,Bakery & Cafe,Kondapur,West,17.433998,78.369822,3,5.2,False,2025-10-01,3.88,80,2,0.278,0.411,8.7,3.98,3.87,267.0,37.0,0.0851,0.521
BIZ_135,Jade Whisk,Bakery & Cafe,Kondapur,West,17.433998,78.369822,3,5.3,False,2025-11-01,4.06,88,8,0.31,0.533,10.9,3.67,3.76,269.0,53.0,0.0226,0.369
BIZ_135,Jade Whisk,Bakery & Cafe,Kondapur,West,17.433998,78.369822,3,5.4,False,2025-12-01,3.86,93,5,0.418,0.463,5.0,4.19,3.59,276.0,54.0,0.0391,0.441
BIZ_135,Jade Whisk,Bakery & Cafe,Kondapur,West,17.433998,78.369822,3,5.5,False,2026-01-01,3.85,98,5,,0.732,5.4,3.36,3.41,319.0,70.0,0.0373,0.409
BIZ_135,Jade Whisk,Bakery & Cafe,Kondapur,West,17.433998,78.369822,3,5.6,False,2026-02-01,4.02,104,6,0.381,0.599,5.4,3.98,3.59,290.0,49.0,0.0295,0.454
BIZ_135,Jade Whisk,Bakery & Cafe,Kondapur,West,17.433998,78.369822,3,5.7,False,2026-03-01,4.02,108,4,0.441,0.621,3.1,3.97,4.01,206.0,63.0,0.0583,0.453
BIZ_135,Jade Whisk,Bakery & Cafe,Kondapur,West,17.433998,78.369822,3,5.8,False,2026-04-01,4.17,117,9,0.384,0.576,7.4,3.97,4.26,300.0,55.0,0.0253,0.551
BIZ_135,Jade Whisk,Bakery & Cafe,Kondapur,West,17.433998,78.369822,3,5.8,False,2026-05-01,3.95,120,3,0.294,0.403,4.1,4.03,,166.0,56.0,0.0599,0.385
BIZ_135,Jade Whisk,Bakery & Cafe,Kondapur,West,17.433998,78.369822,3,5.9,False,2026-06-01,4.06,126,6,0.311,0.573,11.4,3.96,3.76,269.0,32.0,0.0409,0.405
BIZ_136,Spice Lounge,Tea House,Gachibowli,West,17.41398,78.37287,3,1.0,False,2025-01-01,2.92,775,91,0.076,,6.2,2.69,2.77,249.0,59.0,0.0226,0.391
BIZ_136,Spice Lounge,Tea House,Gachibowli,West,17.41398,78.37287,3,1.1,False,2025-02-01,3.21,831,56,0.055,0.511,1.5,3.2,3.32,280.0,74.0,0.0916,0.379
BIZ_136,Spice Lounge,Tea House,Gachibowli,West,17.41398,78.37287,3,1.2,False,2025-03-01,3.15,903,72,-0.082,0.604,10.5,3.06,3.34,244.0,40.0,0.0363,0.398
BIZ_136,Spice Lounge,Tea House,Gachibowli,West,17.41398,78.37287,3,1.2,False,2025-04-01,3.03,948,45,-0.03,0.39,8.4,3.0,3.1,193.0,27.0,0.0234,0.402
BIZ_136,Spice Lounge,Tea House,Gachibowli,West,17.41398,78.37287,3,1.3,False,2025-05-01,3.15,1017,69,-0.06,0.626,9.7,2.8,2.85,268.0,71.0,0.0278,0.358
BIZ_136,Spice Lounge,Tea House,Gachibowli,West,17.41398,78.37287,3,1.4,False,2025-06-01,3.01,1088,71,0.069,0.335,7.5,,2.44,257.0,45.0,0.0691,0.457
BIZ_136,Spice Lounge,Tea House,Gachibowli,West,17.41398,78.37287,3,1.5,False,2025-07-01,3.02,1118,30,-0.026,0.463,6.4,3.09,3.07,258.0,43.0,0.0664,0.376
BIZ_136,Spice Lounge,Tea House,Gachibowli,West,17.41398,78.37287,3,1.6,False,2025-08-01,2.87,1173,55,-0.115,0.583,5.1,2.87,2.42,224.0,33.0,0.024,0.398
BIZ_136,Spice Lounge,Tea House,Gachibowli,West,17.41398,78.37287,3,1.7,False,2025-09-01,2.94,1240,67,-0.134,0.645,3.2,3.15,2.34,246.0,55.0,0.0512,0.43
BIZ_136,Spice Lounge,Tea House,Gachibowli,West,17.41398,78.37287,3,1.8,False,2025-10-01,2.85,1346,106,0.003,0.557,3.0,2.93,2.52,,24.0,0.0204,0.41
BIZ_136,Spice Lounge,Tea House,Gachibowli,West,17.41398,78.37287,3,1.8,False,2025-11-01,2.89,1417,71,-0.159,0.554,6.5,2.65,2.42,269.0,38.0,0.0711,0.461
BIZ_136,Spice Lounge,Tea House,Gachibowli,West,17.41398,78.37287,3,1.9,False,2025-12-01,2.95,1464,47,-0.085,0.516,5.4,,2.95,,79.0,0.0249,0.402
BIZ_136,Spice Lounge,Tea House,Gachibowli,West,17.41398,78.37287,3,2.0,False,2026-01-01,3.05,1532,68,-0.087,0.608,4.1,2.74,2.98,407.0,57.0,0.0499,0.353
BIZ_136,Spice Lounge,Tea House,Gachibowli,West,17.41398,78.37287,3,2.1,False,2026-02-01,3.07,1605,73,-0.132,0.584,4.7,2.8,2.81,161.0,48.0,0.0333,0.409
BIZ_136,Spice Lounge,Tea House,Gachibowli,West,17.41398,78.37287,3,2.2,False,2026-03-01,3.07,1651,46,-0.133,0.371,2.3,2.41,3.03,253.0,56.0,0.0364,0.339
BIZ_136,Spice Lounge,Tea House,Gachibowli,West,17.41398,78.37287,3,2.2,False,2026-04-01,3.07,1714,63,-0.0,0.502,17.4,2.95,3.01,182.0,40.0,0.0215,0.444
BIZ_136,Spice Lounge,Tea House,Gachibowli,West,17.41398,78.37287,3,2.3,False,2026-05-01,3.01,1761,47,-0.191,0.581,5.5,2.93,3.04,267.0,33.0,0.0967,0.315
BIZ_136,Spice Lounge,Tea House,Gachibowli,West,17.41398,78.37287,3,2.4,False,2026-06-01,3.02,1840,79,-0.041,0.572,3.3,3.35,3.16,175.0,36.0,0.0395,0.312
BIZ_137,Velvet Roast,Bakery & Cafe,Banjara Hills,Central,17.415959,78.453876,4,2.1,False,2025-01-01,3.9,107,6,0.579,0.845,4.9,3.9,3.28,365.0,49.0,0.0305,0.415
BIZ_137,Velvet Roast,Bakery & Cafe,Banjara Hills,Central,17.415959,78.453876,4,2.2,False,2025-02-01,3.99,113,6,0.533,0.431,7.5,3.65,3.41,356.0,64.0,0.0264,0.424
BIZ_137,Velvet Roast,Bakery & Cafe,Banjara Hills,Central,17.415959,78.453876,4,2.3,False,2025-03-01,3.96,122,9,0.363,0.498,8.2,3.46,3.52,208.0,62.0,0.0216,0.467
BIZ_137,Velvet Roast,Bakery & Cafe,Banjara Hills,Central,17.415959,78.453876,4,2.4,False,2025-04-01,3.89,127,5,0.512,0.686,7.0,4.09,3.49,291.0,51.0,0.0333,0.424
BIZ_137,Velvet Roast,Bakery & Cafe,Banjara Hills,Central,17.415959,78.453876,4,2.4,False,2025-05-01,4.05,133,6,0.525,0.526,3.5,4.13,3.86,169.0,,0.026,0.433
BIZ_137,Velvet Roast,Bakery & Cafe,Banjara Hills,Central,17.415959,78.453876,4,2.5,False,2025-06-01,3.98,136,3,0.446,0.389,12.1,,3.44,,33.0,0.0306,0.467
BIZ_137,Velvet Roast,Bakery & Cafe,Banjara Hills,Central,17.415959,78.453876,4,2.6,False,2025-07-01,3.89,141,5,0.534,0.431,2.9,3.99,2.93,137.0,50.0,0.0516,0.433
BIZ_137,Velvet Roast,Bakery & Cafe,Banjara Hills,Central,17.415959,78.453876,4,2.7,False,2025-08-01,3.87,147,6,0.573,0.563,4.8,3.91,3.55,219.0,32.0,0.0228,0.475
BIZ_137,Velvet Roast,Bakery & Cafe,Banjara Hills,Central,17.415959,78.453876,4,2.8,False,2025-09-01,3.85,151,4,0.39,0.664,2.3,3.46,3.25,246.0,51.0,0.0511,0.434
BIZ_137,Velvet Roast,Bakery & Cafe,Banjara Hills,Central,17.415959,78.453876,4,2.9,False,2025-10-01,3.97,154,3,0.657,0.488,3.8,3.66,3.29,289.0,25.0,0.029,0.451
BIZ_137,Velvet Roast,Bakery & Cafe,Banjara Hills,Central,17.415959,78.453876,4,2.9,False,2025-11-01,4.0,161,7,0.636,0.497,7.4,3.53,3.47,269.0,27.0,0.0564,0.406
BIZ_137,Velvet Roast,Bakery & Cafe,Banjara Hills,Central,17.415959,78.453876,4,3.0,False,2025-12-01,3.83,165,4,0.516,0.403,4.4,3.86,3.48,274.0,56.0,0.0249,0.51
BIZ_137,Velvet Roast,Bakery & Cafe,Banjara Hills,Central,17.415959,78.453876,4,3.1,False,2026-01-01,3.85,170,5,0.638,0.563,2.6,3.39,3.24,266.0,63.0,0.0201,0.439
BIZ_137,Velvet Roast,Bakery & Cafe,Banjara Hills,Central,17.415959,78.453876,4,3.2,False,2026-02-01,3.75,177,7,0.595,0.626,10.0,3.18,3.57,356.0,34.0,0.0214,0.408
BIZ_137,Velvet Roast,Bakery & Cafe,Banjara Hills,Central,17.415959,78.453876,4,3.3,False,2026-03-01,3.8,180,3,0.778,0.489,14.4,3.53,3.6,261.0,53.0,0.0274,0.426
BIZ_137,Velvet Roast,Bakery & Cafe,Banjara Hills,Central,17.415959,78.453876,4,3.4,False,2026-04-01,4.01,185,5,0.406,0.517,3.7,3.54,3.23,280.0,66.0,0.0318,0.519
BIZ_137,Velvet Roast,Bakery & Cafe,Banjara Hills,Central,17.415959,78.453876,4,3.4,False,2026-05-01,3.97,188,3,0.583,0.41,3.4,3.9,3.45,130.0,55.0,0.0387,0.406
BIZ_137,Velvet Roast,Bakery & Cafe,Banjara Hills,Central,17.415959,78.453876,4,3.5,False,2026-06-01,4.02,191,3,0.531,0.34,13.0,3.24,3.21,270.0,72.0,0.031,0.447
BIZ_138,Bake Studio,Cafe,Uppal,East,17.454319,78.581503,2,3.2,False,2025-01-01,3.99,307,5,0.484,0.465,5.1,,3.92,253.0,63.0,0.025,0.413
BIZ_138,Bake Studio,Cafe,Uppal,East,17.454319,78.581503,2,3.3,False,2025-02-01,4.21,315,8,0.577,0.552,4.6,3.66,3.96,338.0,45.0,0.0238,0.438
BIZ_138,Bake Studio,Cafe,Uppal,East,17.454319,78.581503,2,3.4,False,2025-03-01,4.15,322,7,0.634,0.564,2.4,4.22,4.3,322.0,45.0,0.0325,0.566
BIZ_138,Bake Studio,Cafe,Uppal,East,17.454319,78.581503,2,3.5,False,2025-04-01,4.25,330,8,0.614,0.518,2.2,3.86,4.02,216.0,76.0,0.0397,0.43
BIZ_138,Bake Studio,Cafe,Uppal,East,17.454319,78.581503,2,3.5,False,2025-05-01,4.25,340,10,0.591,0.549,13.1,3.64,3.82,135.0,33.0,0.044,0.42
BIZ_138,Bake Studio,Cafe,Uppal,East,17.454319,78.581503,2,3.6,False,2025-06-01,4.23,346,6,0.553,0.496,6.9,3.97,4.26,192.0,48.0,0.0438,0.486
BIZ_138,Bake Studio,Cafe,Uppal,East,17.454319,78.581503,2,3.7,False,2025-07-01,4.14,354,8,0.763,0.513,3.3,3.45,3.91,265.0,49.0,0.0676,0.413
BIZ_138,Bake Studio,Cafe,Uppal,East,17.454319,78.581503,2,3.8,False,2025-08-01,4.19,358,4,0.601,0.547,3.5,4.04,3.96,243.0,23.0,0.0248,0.461
BIZ_138,Bake Studio,Cafe,Uppal,East,17.454319,78.581503,2,3.9,False,2025-09-01,4.02,366,8,0.647,0.459,9.1,3.73,4.24,226.0,63.0,0.0262,0.478
BIZ_138,Bake Studio,Cafe,Uppal,East,17.454319,78.581503,2,4.0,False,2025-10-01,3.97,371,5,0.489,0.595,11.5,3.7,4.1,275.0,73.0,0.0289,0.465
BIZ_138,Bake Studio,Cafe,Uppal,East,17.454319,78.581503,2,4.0,False,2025-11-01,4.05,379,8,0.555,0.666,6.3,3.5,3.73,281.0,55.0,0.0932,0.489
BIZ_138,Bake Studio,Cafe,Uppal,East,17.454319,78.581503,2,4.1,False,2025-12-01,4.08,384,5,0.646,0.453,7.6,4.02,,269.0,66.0,0.0308,0.568
BIZ_138,Bake Studio,Cafe,Uppal,East,17.454319,78.581503,2,4.2,False,2026-01-01,4.11,392,8,0.62,0.527,1.6,3.86,4.56,276.0,82.0,0.0203,0.564
BIZ_138,Bake Studio,Cafe,Uppal,East,17.454319,78.581503,2,4.3,False,2026-02-01,4.25,398,6,0.61,0.549,3.2,4.28,4.04,206.0,57.0,0.0336,0.472
BIZ_138,Bake Studio,Cafe,Uppal,East,17.454319,78.581503,2,4.4,False,2026-03-01,4.22,405,7,0.662,,2.9,3.88,4.49,219.0,51.0,0.0233,0.41
BIZ_138,Bake Studio,Cafe,Uppal,East,17.454319,78.581503,2,4.5,False,2026-04-01,4.23,411,6,0.561,0.457,5.9,4.27,4.23,253.0,46.0,0.0561,0.417
BIZ_138,Bake Studio,Cafe,Uppal,East,17.454319,78.581503,2,4.5,False,2026-05-01,4.19,418,7,0.591,0.364,8.2,4.14,4.37,278.0,33.0,0.0256,0.418
BIZ_138,Bake Studio,Cafe,Uppal,East,17.454319,78.581503,2,4.6,False,2026-06-01,4.23,422,4,0.69,0.393,7.7,3.97,4.26,197.0,37.0,0.0208,0.48
BIZ_139,Cup Co,Restaurant & Cafe,Jubilee Hills,Central,17.433041,78.423969,2,10.5,False,2025-01-01,4.23,392,3,0.772,0.54,5.1,4.45,4.01,285.0,60.0,0.0607,0.45
BIZ_139,Cup Co,Restaurant & Cafe,Jubilee Hills,Central,17.433041,78.423969,2,10.6,False,2025-02-01,4.15,400,8,0.843,0.474,11.0,3.92,4.55,299.0,57.0,0.0327,0.504
BIZ_139,Cup Co,Restaurant & Cafe,Jubilee Hills,Central,17.433041,78.423969,2,10.7,False,2025-03-01,4.25,402,2,0.698,0.461,9.0,4.28,4.3,313.0,46.0,0.0354,0.481
BIZ_139,Cup Co,Restaurant & Cafe,Jubilee Hills,Central,17.433041,78.423969,2,10.8,False,2025-04-01,4.3,403,1,0.576,0.758,2.9,4.48,4.15,236.0,57.0,0.087,0.507
BIZ_139,Cup Co,Restaurant & Cafe,Jubilee Hills,Central,17.433041,78.423969,2,10.8,False,2025-05-01,4.29,407,4,0.603,0.435,3.7,4.14,4.25,255.0,44.0,0.0375,0.469
BIZ_139,Cup Co,Restaurant & Cafe,Jubilee Hills,Central,17.433041,78.423969,2,10.9,False,2025-06-01,6.0,411,4,,0.628,2.8,3.34,4.2,,40.0,0.0686,0.376
BIZ_139,Cup Co,Restaurant & Cafe,Jubilee Hills,Central,17.433041,78.423969,2,11.0,False,2025-07-01,4.22,412,1,0.649,0.547,4.0,4.16,4.29,292.0,51.0,,0.55
BIZ_139,Cup Co,Restaurant & Cafe,Jubilee Hills,Central,17.433041,78.423969,2,11.1,False,2025-08-01,4.18,415,3,0.758,0.632,4.9,4.41,4.51,200.0,47.0,0.0348,0.456
BIZ_139,Cup Co,Restaurant & Cafe,Jubilee Hills,Central,17.433041,78.423969,2,11.2,False,2025-09-01,4.19,420,5,0.498,,2.4,4.07,3.91,159.0,73.0,0.0296,0.423
BIZ_139,Cup Co,Restaurant & Cafe,Jubilee Hills,Central,17.433041,78.423969,2,11.2,False,2025-10-01,4.06,422,2,0.62,0.623,7.7,3.72,3.99,267.0,48.0,0.0434,0.459
BIZ_139,Cup Co,Restaurant & Cafe,Jubilee Hills,Central,17.433041,78.423969,2,11.3,False,2025-11-01,4.17,423,1,0.548,0.461,10.6,4.02,4.17,361.0,23.0,0.034,0.43
BIZ_139,Cup Co,Restaurant & Cafe,Jubilee Hills,Central,17.433041,78.423969,2,11.4,False,2025-12-01,4.24,429,6,0.56,0.633,4.3,4.3,4.73,290.0,52.0,0.0432,0.395
BIZ_139,Cup Co,Restaurant & Cafe,Jubilee Hills,Central,17.433041,78.423969,2,11.5,False,2026-01-01,4.26,434,5,0.64,0.5,12.3,4.14,4.11,263.0,70.0,0.0639,0.465
BIZ_139,Cup Co,Restaurant & Cafe,Jubilee Hills,Central,17.433041,78.423969,2,11.6,False,2026-02-01,4.17,438,4,0.567,0.56,,3.84,4.19,342.0,51.0,0.0318,0.503
BIZ_139,Cup Co,Restaurant & Cafe,Jubilee Hills,Central,17.433041,78.423969,2,11.7,False,2026-03-01,4.18,442,4,0.498,0.579,0.7,3.52,4.2,137.0,88.0,0.0247,0.478
BIZ_139,Cup Co,Restaurant & Cafe,Jubilee Hills,Central,17.433041,78.423969,2,11.8,False,2026-04-01,4.29,447,5,0.505,0.302,7.4,3.93,3.98,291.0,26.0,0.0257,0.504
BIZ_139,Cup Co,Restaurant & Cafe,Jubilee Hills,Central,17.433041,78.423969,2,11.8,False,2026-05-01,4.25,454,7,0.629,0.69,1.1,4.33,4.39,257.0,55.0,0.0573,0.435
BIZ_139,Cup Co,Restaurant & Cafe,Jubilee Hills,Central,17.433041,78.423969,2,11.9,False,2026-06-01,4.07,456,2,0.784,0.585,4.5,4.25,3.88,246.0,44.0,0.0252,0.442
BIZ_140,Happy Steam,Restaurant & Cafe,Attapur,South,17.407154,78.452451,3,5.6,False,2025-01-01,4.55,516,6,0.832,0.496,9.6,4.35,4.0,347.0,63.0,0.0634,0.461
BIZ_140,Happy Steam,Restaurant & Cafe,Attapur,South,17.407154,78.452451,3,5.7,False,2025-02-01,4.63,526,10,0.864,0.596,6.1,4.34,,362.0,60.0,0.0296,0.482
BIZ_140,Happy Steam,Restaurant & Cafe,Attapur,South,17.407154,78.452451,3,5.8,False,2025-03-01,4.55,531,5,0.763,0.61,5.7,4.9,4.5,300.0,83.0,0.0274,0.405
BIZ_140,Happy Steam,Restaurant & Cafe,Attapur,South,17.407154,78.452451,3,5.8,False,2025-04-01,4.57,540,9,0.884,0.601,3.1,4.81,4.54,294.0,33.0,0.0305,0.502
BIZ_140,Happy Steam,Restaurant & Cafe,Attapur,South,17.407154,78.452451,3,5.9,False,2025-05-01,4.68,545,5,0.83,0.569,12.4,4.95,4.57,210.0,,0.0362,0.486
BIZ_140,Happy Steam,Restaurant & Cafe,Attapur,South,17.407154,78.452451,3,6.0,False,2025-06-01,4.63,550,5,0.849,0.29,4.6,4.7,4.86,170.0,46.0,0.0287,0.457
BIZ_140,Happy Steam,Restaurant & Cafe,Attapur,South,17.407154,78.452451,3,6.1,False,2025-07-01,4.63,556,6,,0.512,6.9,4.72,4.87,190.0,33.0,,0.509
BIZ_140,Happy Steam,Restaurant & Cafe,Attapur,South,17.407154,78.452451,3,6.2,False,2025-08-01,4.49,559,3,0.837,,5.1,4.67,4.49,244.0,46.0,0.0231,0.424
BIZ_140,Happy Steam,Restaurant & Cafe,Attapur,South,17.407154,78.452451,3,6.3,False,2025-09-01,4.44,564,5,0.846,0.655,4.5,4.37,4.35,187.0,42.0,0.1121,0.357
BIZ_140,Happy Steam,Restaurant & Cafe,Attapur,South,17.407154,78.452451,3,6.3,False,2025-10-01,4.51,566,2,0.899,0.604,2.5,3.94,3.89,,44.0,0.0226,0.515
BIZ_140,Happy Steam,Restaurant & Cafe,Attapur,South,17.407154,78.452451,3,6.4,False,2025-11-01,4.47,572,6,0.842,0.388,8.2,4.5,3.91,312.0,66.0,0.0332,0.553
BIZ_140,Happy Steam,Restaurant & Cafe,Attapur,South,17.407154,78.452451,3,6.5,False,2025-12-01,4.55,579,7,0.854,0.433,15.1,4.04,4.56,317.0,51.0,0.031,0.435
BIZ_140,Happy Steam,Restaurant & Cafe,Attapur,South,17.407154,78.452451,3,6.6,False,2026-01-01,4.6,588,9,0.882,0.56,8.3,4.49,4.67,232.0,50.0,0.0412,0.463
BIZ_140,Happy Steam,Restaurant & Cafe,Attapur,South,17.407154,78.452451,3,6.7,False,2026-02-01,4.51,596,8,0.898,0.495,4.6,3.82,4.39,186.0,56.0,0.0341,0.565
BIZ_140,Happy Steam,Restaurant & Cafe,Attapur,South,17.407154,78.452451,3,6.8,False,2026-03-01,4.62,603,7,1.0,0.535,2.4,4.3,4.91,223.0,47.0,0.0673,0.461
BIZ_140,Happy Steam,Restaurant & Cafe,Attapur,South,17.407154,78.452451,3,6.8,False,2026-04-01,4.54,612,9,0.936,0.395,6.4,4.17,3.94,179.0,31.0,0.0228,0.498
BIZ_140,Happy Steam,Restaurant & Cafe,Attapur,South,17.407154,78.452451,3,6.9,False,2026-05-01,4.62,616,4,,0.418,16.0,4.47,4.68,257.0,68.0,0.0208,0.418
BIZ_140,Happy Steam,Restaurant & Cafe,Attapur,South,17.407154,78.452451,3,7.0,False,2026-06-01,4.58,623,7,0.941,0.487,23.0,4.33,3.96,278.0,52.0,0.0217,0.531
BIZ_141,The Brew Kitchen,Cafe,Hitech City,West,17.46218,78.367472,3,14.0,False,2025-01-01,3.92,397,1,0.292,0.547,4.5,3.46,3.52,321.0,44.0,0.0541,0.373
BIZ_141,The Brew Kitchen,Cafe,Hitech City,West,17.46218,78.367472,3,14.1,False,2025-02-01,3.61,403,6,0.504,0.674,2.7,3.71,2.97,272.0,63.0,0.0355,0.508
BIZ_141,The Brew Kitchen,Cafe,Hitech City,West,17.46218,78.367472,3,14.2,False,2025-03-01,3.7,408,5,0.372,0.553,11.8,3.42,3.4,302.0,58.0,0.031,0.359
BIZ_141,The Brew Kitchen,Cafe,Hitech City,West,17.46218,78.367472,3,14.2,False,2025-04-01,3.75,410,2,0.34,0.52,7.2,3.34,3.58,215.0,42.0,0.0282,0.433
BIZ_141,The Brew Kitchen,Cafe,Hitech City,West,17.46218,78.367472,3,14.3,False,2025-05-01,3.88,412,2,0.322,0.63,4.4,3.3,3.56,155.0,38.0,0.0392,0.419
BIZ_141,The Brew Kitchen,Cafe,Hitech City,West,17.46218,78.367472,3,14.4,False,2025-06-01,3.8,414,2,0.417,0.553,4.0,4.08,3.61,293.0,43.0,0.0225,0.47
BIZ_141,The Brew Kitchen,Cafe,Hitech City,West,17.46218,78.367472,3,14.5,False,2025-07-01,3.74,419,5,0.444,0.495,8.0,3.99,3.66,222.0,17.0,0.0276,0.428
BIZ_141,The Brew Kitchen,Cafe,Hitech City,West,17.46218,78.367472,3,14.6,False,2025-08-01,3.72,423,4,0.353,0.499,4.4,3.7,2.95,225.0,30.0,0.0203,0.421
BIZ_141,The Brew Kitchen,Cafe,Hitech City,West,17.46218,78.367472,3,14.7,False,2025-09-01,3.78,428,5,0.336,0.375,5.8,3.23,3.14,263.0,46.0,0.0329,0.341
BIZ_141,The Brew Kitchen,Cafe,Hitech City,West,17.46218,78.367472,3,14.8,False,2025-10-01,3.59,430,2,0.369,0.48,7.2,3.44,3.71,247.0,55.0,0.0243,0.497
BIZ_141,The Brew Kitchen,Cafe,Hitech City,West,17.46218,78.367472,3,14.8,False,2025-11-01,3.58,437,7,0.453,0.584,3.5,3.46,3.25,323.0,34.0,0.0358,0.376
BIZ_141,The Brew Kitchen,Cafe,Hitech City,West,17.46218,78.367472,3,14.9,False,2025-12-01,3.73,443,6,0.37,0.706,5.2,3.25,,235.0,49.0,0.0504,0.407
BIZ_141,The Brew Kitchen,Cafe,Hitech City,West,17.46218,78.367472,3,15.0,False,2026-01-01,3.71,450,7,0.42,0.581,13.3,3.72,3.42,342.0,53.0,0.0506,0.409
BIZ_141,The Brew Kitchen,Cafe,Hitech City,West,17.46218,78.367472,3,15.1,False,2026-02-01,3.71,457,7,0.388,0.587,2.3,3.49,3.01,256.0,57.0,0.0253,0.483
BIZ_141,The Brew Kitchen,Cafe,Hitech City,West,17.46218,78.367472,3,15.2,False,2026-03-01,3.79,459,2,0.431,0.486,5.3,3.16,3.7,251.0,73.0,0.0406,0.397
BIZ_141,The Brew Kitchen,Cafe,Hitech City,West,17.46218,78.367472,3,15.2,False,2026-04-01,3.71,463,4,0.544,0.517,4.6,3.99,3.65,299.0,36.0,0.024,0.494
BIZ_141,The Brew Kitchen,Cafe,Hitech City,West,17.46218,78.367472,3,15.3,False,2026-05-01,3.67,465,2,0.456,0.54,4.4,3.9,3.41,245.0,22.0,0.0219,0.368
BIZ_141,The Brew Kitchen,Cafe,Hitech City,West,17.46218,78.367472,3,15.4,False,2026-06-01,3.71,468,3,0.287,0.649,7.0,,3.45,219.0,16.0,0.0607,0.438
BIZ_142,Blue Spice,Coffee Shop,Begumpet,Central,17.413308,78.468915,3,2.3,False,2025-01-01,2.79,64,4,-0.087,0.497,4.0,2.97,2.72,286.0,44.0,0.0347,0.364
BIZ_142,Blue Spice,Coffee Shop,Begumpet,Central,17.413308,78.468915,3,2.4,False,2025-02-01,3.0,69,5,-0.048,0.607,4.3,2.53,2.98,301.0,51.0,0.0391,0.327
BIZ_142,Blue Spice,Coffee Shop,Begumpet,Central,17.413308,78.468915,3,2.5,False,2025-03-01,2.87,73,4,0.036,0.417,5.4,2.45,2.86,263.0,42.0,0.0299,0.384
BIZ_142,Blue Spice,Coffee Shop,Begumpet,Central,17.413308,78.468915,3,2.5,False,2025-04-01,2.94,77,4,-0.034,0.364,4.6,3.1,3.0,278.0,57.0,0.0263,0.356
BIZ_142,Blue Spice,Coffee Shop,Begumpet,Central,17.413308,78.468915,3,2.6,False,2025-05-01,2.98,85,8,0.019,0.477,3.1,2.81,3.03,195.0,54.0,0.0222,0.357
BIZ_142,Blue Spice,Coffee Shop,Begumpet,Central,17.413308,78.468915,3,2.7,False,2025-06-01,2.85,90,5,0.015,0.579,1.4,2.72,2.52,147.0,42.0,0.038,0.352
BIZ_142,Blue Spice,Coffee Shop,Begumpet,Central,17.413308,78.468915,3,2.8,False,2025-07-01,2.92,96,6,0.062,0.611,2.8,2.91,2.53,206.0,55.0,0.0256,0.323
BIZ_142,Blue Spice,Coffee Shop,Begumpet,Central,17.413308,78.468915,3,2.9,False,2025-08-01,2.84,101,5,0.111,0.533,4.1,3.11,2.49,160.0,53.0,0.0236,0.43
BIZ_142,Blue Spice,Coffee Shop,Begumpet,Central,17.413308,78.468915,3,3.0,False,2025-09-01,2.88,106,5,0.039,0.549,4.4,2.08,2.73,265.0,50.0,0.15,0.323
BIZ_142,Blue Spice,Coffee Shop,Begumpet,Central,17.413308,78.468915,3,3.0,False,2025-10-01,2.81,111,5,-0.087,0.45,20.5,2.27,2.51,208.0,48.0,0.0601,0.389
BIZ_142,Blue Spice,Coffee Shop,Begumpet,Central,17.413308,78.468915,3,3.1,False,2025-11-01,2.83,116,5,0.002,0.441,5.3,2.88,2.64,257.0,59.0,0.0454,0.317
BIZ_142,Blue Spice,Coffee Shop,Begumpet,Central,17.413308,78.468915,3,3.2,False,2025-12-01,2.88,124,8,-0.117,0.378,10.1,2.49,2.84,240.0,58.0,0.0305,0.467
BIZ_142,Blue Spice,Coffee Shop,Begumpet,Central,17.413308,78.468915,3,3.3,False,2026-01-01,2.99,130,6,0.142,0.559,4.5,2.66,2.89,218.0,70.0,0.0387,0.46
BIZ_142,Blue Spice,Coffee Shop,Begumpet,Central,17.413308,78.468915,3,3.4,False,2026-02-01,2.84,136,6,0.043,0.383,8.9,2.36,2.91,246.0,34.0,0.0202,0.397
BIZ_142,Blue Spice,Coffee Shop,Begumpet,Central,17.413308,78.468915,3,3.5,False,2026-03-01,2.99,140,4,0.108,0.555,11.7,2.92,2.77,376.0,52.0,0.0203,0.428
BIZ_142,Blue Spice,Coffee Shop,Begumpet,Central,17.413308,78.468915,3,3.5,False,2026-04-01,2.93,145,5,0.173,0.508,9.1,2.13,3.01,173.0,,0.0297,0.349
BIZ_142,Blue Spice,Coffee Shop,Begumpet,Central,17.413308,78.468915,3,3.6,False,2026-05-01,2.82,149,4,-0.022,0.663,5.8,2.64,2.69,263.0,64.0,0.0235,0.438
BIZ_142,Blue Spice,Coffee Shop,Begumpet,Central,17.413308,78.468915,3,3.7,False,2026-06-01,2.86,156,7,0.175,0.566,2.8,2.79,2.74,243.0,67.0,0.0424,0.318
BIZ_143,Crimson Blend,Cafe,Tolichowki,South,17.408208,78.41866,3,3.2,False,2025-01-01,5.0,403,11,0.919,0.507,4.6,4.76,4.88,318.0,98.0,0.0259,0.507
BIZ_143,Crimson Blend,Cafe,Tolichowki,South,17.408208,78.41866,3,3.3,False,2025-02-01,5.0,412,9,0.795,0.419,11.0,4.6,4.69,266.0,47.0,0.15,0.495
BIZ_143,Crimson Blend,Cafe,Tolichowki,South,17.408208,78.41866,3,3.4,False,2025-03-01,5.0,425,13,0.788,0.601,7.5,4.89,5.0,330.0,46.0,0.0284,0.463
BIZ_143,Crimson Blend,Cafe,Tolichowki,South,17.408208,78.41866,3,3.5,False,2025-04-01,4.98,430,5,0.882,0.607,5.6,4.42,5.0,282.0,61.0,0.0291,0.575
BIZ_143,Crimson Blend,Cafe,Tolichowki,South,17.408208,78.41866,3,3.5,False,2025-05-01,5.0,437,7,0.802,0.628,4.6,,,286.0,67.0,0.0573,0.516
BIZ_143,Crimson Blend,Cafe,Tolichowki,South,17.408208,78.41866,3,3.6,False,2025-06-01,5.0,443,6,0.827,0.447,5.3,4.6,4.9,227.0,48.0,0.0549,0.546
BIZ_143,Crimson Blend,Cafe,Tolichowki,South,17.408208,78.41866,3,3.7,False,2025-07-01,5.0,452,9,0.911,0.621,12.0,5.0,4.92,201.0,46.0,0.0244,0.545
BIZ_143,Crimson Blend,Cafe,Tolichowki,South,17.408208,78.41866,3,3.8,False,2025-08-01,4.93,465,13,0.901,0.802,2.6,4.8,4.64,177.0,59.0,0.028,0.531
BIZ_143,Crimson Blend,Cafe,Tolichowki,South,17.408208,78.41866,3,3.9,False,2025-09-01,4.94,476,11,1.0,0.45,4.8,4.14,4.95,337.0,27.0,0.0415,0.436
BIZ_143,Crimson Blend,Cafe,Tolichowki,South,17.408208,78.41866,3,4.0,False,2025-10-01,5.0,484,8,0.991,0.466,5.0,4.71,4.64,319.0,63.0,0.0626,0.387
BIZ_143,Crimson Blend,Cafe,Tolichowki,South,17.408208,78.41866,3,4.0,False,2025-11-01,5.0,498,14,0.887,0.564,6.0,5.0,4.93,274.0,70.0,0.0369,0.579
BIZ_143,Crimson Blend,Cafe,Tolichowki,South,17.408208,78.41866,3,4.1,False,2025-12-01,5.0,510,12,0.838,0.611,4.7,5.0,4.81,296.0,55.0,0.0616,0.41
BIZ_143,Crimson Blend,Cafe,Tolichowki,South,17.408208,78.41866,3,4.2,False,2026-01-01,5.0,525,15,0.876,0.335,15.5,5.0,5.0,278.0,53.0,0.0311,0.472
BIZ_143,Crimson Blend,Cafe,Tolichowki,South,17.408208,78.41866,3,4.3,False,2026-02-01,5.0,536,11,0.895,0.571,3.5,5.0,,262.0,65.0,0.043,0.551
BIZ_143,Crimson Blend,Cafe,Tolichowki,South,17.408208,78.41866,3,4.4,False,2026-03-01,5.0,545,9,0.919,0.569,5.4,5.0,4.61,212.0,42.0,0.0409,0.413
BIZ_143,Crimson Blend,Cafe,Tolichowki,South,17.408208,78.41866,3,4.5,False,2026-04-01,5.0,552,7,0.905,,3.6,5.0,4.38,232.0,61.0,0.0286,0.519
BIZ_143,Crimson Blend,Cafe,Tolichowki,South,17.408208,78.41866,3,4.5,False,2026-05-01,5.0,563,11,1.0,0.498,6.6,4.68,5.0,185.0,53.0,0.0355,0.505
BIZ_143,Crimson Blend,Cafe,Tolichowki,South,17.408208,78.41866,3,4.6,False,2026-06-01,5.0,570,7,0.806,0.596,6.0,5.0,4.71,,44.0,0.0417,0.401
BIZ_144,Filter Kitchen,Cafe,Gachibowli,West,17.430474,78.381753,3,1.5,False,2025-01-01,3.84,3735,247,0.426,0.429,12.0,3.94,3.3,382.0,70.0,0.0491,0.482
BIZ_144,Filter Kitchen,Cafe,Gachibowli,West,17.430474,78.381753,3,1.6,False,2025-02-01,3.91,4017,282,0.473,0.521,3.9,3.42,2.92,403.0,63.0,0.0277,0.373
BIZ_144,Filter Kitchen,Cafe,Gachibowli,West,17.430474,78.381753,3,1.7,False,2025-03-01,3.91,4271,254,0.358,0.494,5.3,3.53,3.72,290.0,80.0,0.0286,0.534
BIZ_144,Filter Kitchen,Cafe,Gachibowli,West,17.430474,78.381753,3,1.8,False,2025-04-01,4.05,4415,144,0.302,0.52,5.7,3.95,4.04,319.0,39.0,0.0634,0.516
BIZ_144,Filter Kitchen,Cafe,Gachibowli,West,17.430474,78.381753,3,1.8,False,2025-05-01,4.03,4611,196,0.408,0.713,3.1,4.07,3.38,363.0,18.0,0.0232,0.362
BIZ_144,Filter Kitchen,Cafe,Gachibowli,West,17.430474,78.381753,3,1.9,False,2025-06-01,3.81,4831,220,0.554,0.531,8.0,3.92,3.44,173.0,50.0,0.0475,0.433
BIZ_144,Filter Kitchen,Cafe,Gachibowli,West,17.430474,78.381753,3,2.0,False,2025-07-01,3.88,5040,209,0.536,0.44,10.1,3.8,3.85,279.0,64.0,0.0373,0.46
BIZ_144,Filter Kitchen,Cafe,Gachibowli,West,17.430474,78.381753,3,2.1,False,2025-08-01,3.83,5144,104,0.572,0.543,,3.02,3.86,239.0,44.0,0.0493,0.473
BIZ_144,Filter Kitchen,Cafe,Gachibowli,West,17.430474,78.381753,3,2.2,False,2025-09-01,3.88,5398,254,0.522,0.304,11.9,4.05,3.67,280.0,56.0,0.0382,0.346
BIZ_144,Filter Kitchen,Cafe,Gachibowli,West,17.430474,78.381753,3,2.2,False,2025-10-01,3.84,5538,140,0.396,0.5,8.2,3.73,3.47,284.0,75.0,0.0435,0.415
BIZ_144,Filter Kitchen,Cafe,Gachibowli,West,17.430474,78.381753,3,2.3,False,2025-11-01,3.94,5649,111,0.453,0.494,5.8,3.59,3.29,398.0,87.0,0.0375,0.454
BIZ_144,Filter Kitchen,Cafe,Gachibowli,West,17.430474,78.381753,3,2.4,False,2025-12-01,3.89,5791,142,,0.668,5.3,3.7,4.02,372.0,63.0,,0.365
BIZ_144,Filter Kitchen,Cafe,Gachibowli,West,17.430474,78.381753,3,2.5,False,2026-01-01,4.02,5996,205,0.515,0.559,5.5,3.64,4.1,331.0,47.0,0.03,0.389
BIZ_144,Filter Kitchen,Cafe,Gachibowli,West,17.430474,78.381753,3,2.6,False,2026-02-01,3.93,6082,86,0.53,0.598,4.7,3.88,3.61,240.0,66.0,0.0201,0.365
BIZ_144,Filter Kitchen,Cafe,Gachibowli,West,17.430474,78.381753,3,2.7,False,2026-03-01,4.01,6208,126,0.587,0.509,3.7,3.33,4.35,450.0,44.0,0.0349,0.429
BIZ_144,Filter Kitchen,Cafe,Gachibowli,West,17.430474,78.381753,3,2.8,False,2026-04-01,3.96,6426,218,0.462,,14.0,3.58,4.03,248.0,60.0,0.0473,0.492
BIZ_144,Filter Kitchen,Cafe,Gachibowli,West,17.430474,78.381753,3,2.8,False,2026-05-01,4.04,6623,197,0.568,0.464,9.9,3.98,3.8,277.0,69.0,0.0291,0.424
BIZ_144,Filter Kitchen,Cafe,Gachibowli,West,17.430474,78.381753,3,2.9,False,2026-06-01,4.04,6815,192,0.456,0.495,4.6,3.66,4.07,402.0,70.0,,0.314
BIZ_145,The Leaf,Cafe,Begumpet,Central,17.438817,78.476987,4,7.0,False,2025-01-01,4.91,629,10,0.983,0.423,6.3,4.76,4.53,258.0,59.0,0.0364,0.45
BIZ_145,The Leaf,Cafe,Begumpet,Central,17.438817,78.476987,4,7.1,False,2025-02-01,4.73,640,11,0.876,0.192,11.1,,3.87,240.0,43.0,0.0483,0.47
BIZ_145,The Leaf,Cafe,Begumpet,Central,17.438817,78.476987,4,7.2,False,2025-03-01,4.86,650,10,0.785,0.49,12.8,4.44,4.36,277.0,88.0,0.0426,0.453
BIZ_145,The Leaf,Cafe,Begumpet,Central,17.438817,78.476987,4,7.2,False,2025-04-01,4.79,659,9,0.849,0.573,2.9,,4.23,234.0,38.0,0.0284,0.465
BIZ_145,The Leaf,Cafe,Begumpet,Central,17.438817,78.476987,4,7.3,False,2025-05-01,4.92,666,7,0.842,,10.8,5.0,4.65,249.0,14.0,0.0232,0.438
BIZ_145,The Leaf,Cafe,Begumpet,Central,17.438817,78.476987,4,7.4,False,2025-06-01,4.78,676,10,0.965,0.633,7.0,4.54,4.2,197.0,40.0,0.0306,0.433
BIZ_145,The Leaf,Cafe,Begumpet,Central,17.438817,78.476987,4,7.5,False,2025-07-01,4.87,684,8,0.8,0.639,5.2,5.0,4.66,218.0,44.0,0.0454,0.402
BIZ_145,The Leaf,Cafe,Begumpet,Central,17.438817,78.476987,4,7.6,False,2025-08-01,4.81,691,7,0.948,0.518,6.1,4.39,3.96,,26.0,0.0216,0.472
BIZ_145,The Leaf,Cafe,Begumpet,Central,17.438817,78.476987,4,7.7,False,2025-09-01,4.59,698,7,0.939,0.57,1.8,3.98,4.48,234.0,17.0,0.0252,0.591
BIZ_145,The Leaf,Cafe,Begumpet,Central,17.438817,78.476987,4,7.8,False,2025-10-01,4.8,705,7,0.924,0.495,6.8,4.83,4.32,125.0,56.0,0.0672,0.488
BIZ_145,The Leaf,Cafe,Begumpet,Central,17.438817,78.476987,4,7.8,False,2025-11-01,4.72,715,10,1.0,0.579,2.3,4.73,4.74,212.0,66.0,0.0558,0.505
BIZ_145,The Leaf,Cafe,Begumpet,Central,17.438817,78.476987,4,7.9,False,2025-12-01,4.81,723,8,0.909,0.558,2.8,4.86,4.19,269.0,61.0,0.0235,0.475
BIZ_145,The Leaf,Cafe,Begumpet,Central,17.438817,78.476987,4,8.0,False,2026-01-01,4.91,728,5,0.905,0.388,5.5,4.71,5.0,254.0,72.0,0.0341,0.498
BIZ_145,The Leaf,Cafe,Begumpet,Central,17.438817,78.476987,4,8.1,False,2026-02-01,4.86,733,5,0.943,0.495,5.2,4.67,4.35,294.0,55.0,0.0238,0.459
BIZ_145,The Leaf,Cafe,Begumpet,Central,17.438817,78.476987,4,8.2,False,2026-03-01,4.97,742,9,1.0,0.448,6.9,4.83,4.45,330.0,65.0,0.0223,0.495
BIZ_145,The Leaf,Cafe,Begumpet,Central,17.438817,78.476987,4,8.2,False,2026-04-01,4.95,748,6,0.951,0.542,7.0,4.95,4.57,256.0,53.0,0.0204,0.466
BIZ_145,The Leaf,Cafe,Begumpet,Central,17.438817,78.476987,4,8.3,False,2026-05-01,4.78,758,10,1.0,0.587,4.0,4.7,4.63,264.0,37.0,0.0812,0.492
BIZ_145,The Leaf,Cafe,Begumpet,Central,17.438817,78.476987,4,8.4,False,2026-06-01,4.84,765,7,,0.556,12.5,5.0,4.69,345.0,41.0,0.0575,0.503
BIZ_146,Silver Swirl Hub,Restaurant & Cafe,Hitech City,West,17.436411,78.40278,3,9.5,False,2025-01-01,3.98,4881,14,0.301,0.409,5.5,3.87,3.91,544.0,73.0,0.1099,0.41
BIZ_146,Silver Swirl Hub,Restaurant & Cafe,Hitech City,West,17.436411,78.40278,3,9.6,False,2025-02-01,4.14,4906,25,0.161,0.523,4.2,4.24,3.98,704.0,93.0,0.0268,0.45
BIZ_146,Silver Swirl Hub,Restaurant & Cafe,Hitech City,West,17.436411,78.40278,3,9.7,False,2025-03-01,4.2,4943,37,0.419,0.467,13.8,3.97,3.89,405.0,108.0,0.0241,0.351
BIZ_146,Silver Swirl Hub,Restaurant & Cafe,Hitech City,West,17.436411,78.40278,3,9.8,False,2025-04-01,4.09,4965,22,0.174,0.521,4.8,3.82,3.96,397.0,148.0,0.089,0.444
BIZ_146,Silver Swirl Hub,Restaurant & Cafe,Hitech City,West,17.436411,78.40278,3,9.8,False,2025-05-01,4.12,4996,31,0.242,0.443,3.1,3.85,4.09,589.0,75.0,0.0516,0.467
BIZ_146,Silver Swirl Hub,Restaurant & Cafe,Hitech City,West,17.436411,78.40278,3,9.9,False,2025-06-01,4.06,5018,22,0.364,0.416,4.5,4.24,,485.0,127.0,0.0427,0.455
BIZ_146,Silver Swirl Hub,Restaurant & Cafe,Hitech City,West,17.436411,78.40278,3,10.0,False,2025-07-01,3.94,5042,24,0.345,0.451,2.5,3.47,3.69,563.0,62.0,0.0246,0.444
BIZ_146,Silver Swirl Hub,Restaurant & Cafe,Hitech City,West,17.436411,78.40278,3,10.1,False,2025-08-01,3.96,5078,36,0.353,0.78,4.7,4.24,4.05,423.0,71.0,0.0507,0.447
BIZ_146,Silver Swirl Hub,Restaurant & Cafe,Hitech City,West,17.436411,78.40278,3,10.2,False,2025-09-01,3.97,5125,47,0.36,0.491,,3.68,3.94,396.0,90.0,0.1039,0.477
BIZ_146,Silver Swirl Hub,Restaurant & Cafe,Hitech City,West,17.436411,78.40278,3,10.2,False,2025-10-01,4.1,5144,19,0.414,0.682,10.1,3.75,4.1,620.0,108.0,0.0335,0.447
BIZ_146,Silver Swirl Hub,Restaurant & Cafe,Hitech City,West,17.436411,78.40278,3,10.3,False,2025-11-01,4.03,5175,31,0.273,0.571,3.7,3.66,3.84,584.0,118.0,0.0675,0.352
BIZ_146,Silver Swirl Hub,Restaurant & Cafe,Hitech City,West,17.436411,78.40278,3,10.4,False,2025-12-01,4.19,5219,44,0.469,0.664,9.8,,3.93,539.0,98.0,0.0331,0.438
BIZ_146,Silver Swirl Hub,Restaurant & Cafe,Hitech City,West,17.436411,78.40278,3,10.5,False,2026-01-01,4.15,5264,45,0.254,0.519,5.1,3.85,3.77,489.0,131.0,0.0223,0.462
BIZ_146,Silver Swirl Hub,Restaurant & Cafe,Hitech City,West,17.436411,78.40278,3,10.6,False,2026-02-01,4.12,5322,58,0.581,0.56,7.6,3.44,3.82,518.0,79.0,0.0711,0.434
BIZ_146,Silver Swirl Hub,Restaurant & Cafe,Hitech City,West,17.436411,78.40278,3,10.7,False,2026-03-01,3.99,5369,47,0.36,0.756,3.5,3.11,4.02,422.0,106.0,0.0315,0.432
BIZ_146,Silver Swirl Hub,Restaurant & Cafe,Hitech City,West,17.436411,78.40278,3,10.8,False,2026-04-01,4.12,5415,46,0.428,0.542,8.3,3.85,4.27,304.0,115.0,0.0235,0.507
BIZ_146,Silver Swirl Hub,Restaurant & Cafe,Hitech City,West,17.436411,78.40278,3,10.8,False,2026-05-01,4.1,5445,30,0.322,0.398,8.7,3.79,4.16,307.0,101.0,0.0208,0.577
BIZ_146,Silver Swirl Hub,Restaurant & Cafe,Hitech City,West,17.436411,78.40278,3,10.9,False,2026-06-01,3.99,5500,55,0.41,0.466,6.9,4.1,3.41,487.0,83.0,0.0342,0.513
BIZ_147,Amber Steam Station,Restaurant & Cafe,Madhapur,West,17.434216,78.367972,3,2.3,False,2025-01-01,3.6,220,7,,0.272,5.3,3.0,3.83,280.0,43.0,0.0261,0.38
BIZ_147,Amber Steam Station,Restaurant & Cafe,Madhapur,West,17.434216,78.367972,3,2.4,False,2025-02-01,3.55,229,9,0.183,0.472,6.8,3.66,3.75,271.0,83.0,0.0263,0.369
BIZ_147,Amber Steam Station,Restaurant & Cafe,Madhapur,West,17.434216,78.367972,3,2.5,False,2025-03-01,3.71,236,7,0.105,0.497,12.8,3.77,3.38,260.0,68.0,0.0294,0.398
BIZ_147,Amber Steam Station,Restaurant & Cafe,Madhapur,West,17.434216,78.367972,3,2.5,False,2025-04-01,3.61,246,10,0.275,0.394,5.6,3.43,3.35,236.0,24.0,0.0298,0.429
BIZ_147,Amber Steam Station,Restaurant & Cafe,Madhapur,West,17.434216,78.367972,3,2.6,False,2025-05-01,3.49,258,12,0.167,0.432,4.5,3.47,3.52,209.0,50.0,0.0251,0.482
BIZ_147,Amber Steam Station,Restaurant & Cafe,Madhapur,West,17.434216,78.367972,3,2.7,False,2025-06-01,3.6,267,9,0.037,0.521,2.5,3.39,3.58,304.0,29.0,0.0308,0.41
BIZ_147,Amber Steam Station,Restaurant & Cafe,Madhapur,West,17.434216,78.367972,3,2.8,False,2025-07-01,3.43,273,6,0.284,0.521,3.7,3.09,3.42,217.0,72.0,0.025,0.389
BIZ_147,Amber Steam Station,Restaurant & Cafe,Madhapur,West,17.434216,78.367972,3,2.9,False,2025-08-01,3.54,280,7,0.066,0.58,2.8,3.33,3.18,189.0,68.0,0.0615,0.448
BIZ_147,Amber Steam Station,Restaurant & Cafe,Madhapur,West,17.434216,78.367972,3,3.0,False,2025-09-01,3.53,287,7,0.232,0.657,6.2,3.37,3.56,237.0,63.0,0.0383,0.37
BIZ_147,Amber Steam Station,Restaurant & Cafe,Madhapur,West,17.434216,78.367972,3,3.0,False,2025-10-01,3.51,295,8,0.25,0.58,7.6,2.9,3.63,225.0,41.0,0.0201,0.478
BIZ_147,Amber Steam Station,Restaurant & Cafe,Madhapur,West,17.434216,78.367972,3,3.1,False,2025-11-01,3.57,302,7,0.231,0.386,4.2,2.87,3.29,302.0,49.0,0.0282,0.455
BIZ_147,Amber Steam Station,Restaurant & Cafe,Madhapur,West,17.434216,78.367972,3,3.2,False,2025-12-01,3.65,313,11,0.213,0.513,5.5,2.81,3.15,274.0,53.0,0.052,0.438
BIZ_147,Amber Steam Station,Restaurant & Cafe,Madhapur,West,17.434216,78.367972,3,3.3,False,2026-01-01,3.68,322,9,0.246,0.634,6.1,3.48,3.46,269.0,70.0,0.0459,0.38
BIZ_147,Amber Steam Station,Restaurant & Cafe,Madhapur,West,17.434216,78.367972,3,3.4,False,2026-02-01,3.64,329,7,0.286,0.711,5.1,3.51,3.22,197.0,55.0,0.03,0.441
BIZ_147,Amber Steam Station,Restaurant & Cafe,Madhapur,West,17.434216,78.367972,3,3.5,False,2026-03-01,3.6,341,12,0.4,0.443,8.9,2.81,3.48,,38.0,0.0222,0.523
BIZ_147,Amber Steam Station,Restaurant & Cafe,Madhapur,West,17.434216,78.367972,3,3.5,False,2026-04-01,3.76,349,8,0.336,0.439,13.1,3.09,3.79,274.0,38.0,0.067,0.448
BIZ_147,Amber Steam Station,Restaurant & Cafe,Madhapur,West,17.434216,78.367972,3,3.6,False,2026-05-01,3.58,351,2,0.217,0.652,3.4,3.44,3.4,240.0,26.0,0.0319,0.426
BIZ_147,Amber Steam Station,Restaurant & Cafe,Madhapur,West,17.434216,78.367972,3,3.7,False,2026-06-01,3.64,354,3,0.388,0.532,9.7,3.81,3.78,185.0,40.0,0.053,0.466
BIZ_148,Grind Works,Bakery & Cafe,Hitech City,West,17.5073,78.379067,1,3.4,False,2025-01-01,4.14,871,29,0.523,0.623,4.2,3.4,4.53,307.0,36.0,0.0341,0.418
BIZ_148,Grind Works,Bakery & Cafe,Hitech City,West,17.5073,78.379067,1,3.5,False,2025-02-01,4.06,890,19,0.433,0.599,7.1,3.86,4.51,322.0,54.0,0.0389,0.48
BIZ_148,Grind Works,Bakery & Cafe,Hitech City,West,17.5073,78.379067,1,3.6,False,2025-03-01,3.96,912,22,0.457,0.624,2.6,3.76,4.37,306.0,51.0,0.0931,0.44
BIZ_148,Grind Works,Bakery & Cafe,Hitech City,West,17.5073,78.379067,1,3.6,False,2025-04-01,4.06,937,25,0.534,0.561,8.8,3.55,4.14,253.0,40.0,0.0261,0.429
BIZ_148,Grind Works,Bakery & Cafe,Hitech City,West,17.5073,78.379067,1,3.7,False,2025-05-01,4.18,958,21,0.62,0.631,5.1,4.34,4.36,176.0,39.0,0.0322,0.276
BIZ_148,Grind Works,Bakery & Cafe,Hitech City,West,17.5073,78.379067,1,3.8,False,2025-06-01,4.06,977,19,0.583,0.521,9.2,3.73,4.18,270.0,6.0,0.0204,0.33
BIZ_148,Grind Works,Bakery & Cafe,Hitech City,West,17.5073,78.379067,1,3.9,False,2025-07-01,4.09,998,21,0.516,0.489,15.6,4.04,4.19,150.0,22.0,0.0695,0.4
BIZ_148,Grind Works,Bakery & Cafe,Hitech City,West,17.5073,78.379067,1,4.0,False,2025-08-01,4.12,1015,17,0.346,0.364,8.8,3.54,4.79,170.0,43.0,0.0216,0.469
BIZ_148,Grind Works,Bakery & Cafe,Hitech City,West,17.5073,78.379067,1,4.1,False,2025-09-01,4.23,1039,24,0.319,0.476,5.4,3.93,4.12,186.0,60.0,0.0315,0.443
BIZ_148,Grind Works,Bakery & Cafe,Hitech City,West,17.5073,78.379067,1,4.2,False,2025-10-01,4.05,1056,17,0.508,0.499,3.0,3.94,4.2,256.0,41.0,0.0385,0.458
BIZ_148,Grind Works,Bakery & Cafe,Hitech City,West,17.5073,78.379067,1,4.2,False,2025-11-01,4.01,1089,33,0.455,0.465,9.8,3.29,4.18,265.0,61.0,0.0203,0.485
BIZ_148,Grind Works,Bakery & Cafe,Hitech City,West,17.5073,78.379067,1,4.3,False,2025-12-01,4.07,1119,30,0.449,0.543,6.4,,4.59,322.0,36.0,0.0316,0.452
BIZ_148,Grind Works,Bakery & Cafe,Hitech City,West,17.5073,78.379067,1,4.4,False,2026-01-01,4.06,1152,33,0.57,0.493,3.2,3.33,3.99,303.0,55.0,0.0837,0.426
BIZ_148,Grind Works,Bakery & Cafe,Hitech City,West,17.5073,78.379067,1,4.5,False,2026-02-01,4.19,1177,25,0.388,0.421,16.5,4.31,4.6,283.0,79.0,0.0514,0.413
BIZ_148,Grind Works,Bakery & Cafe,Hitech City,West,17.5073,78.379067,1,4.6,False,2026-03-01,4.05,1199,22,0.479,0.544,2.7,4.24,3.91,333.0,48.0,0.0313,0.362
BIZ_148,Grind Works,Bakery & Cafe,Hitech City,West,17.5073,78.379067,1,4.7,False,2026-04-01,4.19,1225,26,0.577,0.364,5.0,4.16,4.42,264.0,44.0,0.0357,0.48
BIZ_148,Grind Works,Bakery & Cafe,Hitech City,West,17.5073,78.379067,1,4.7,False,2026-05-01,4.13,1251,26,0.501,0.351,7.5,4.07,4.38,211.0,53.0,0.0276,0.587
BIZ_148,Grind Works,Bakery & Cafe,Hitech City,West,17.5073,78.379067,1,4.8,False,2026-06-01,4.16,1265,14,0.417,0.598,7.8,4.2,4.25,232.0,45.0,0.0264,0.499
BIZ_149,Ivory Rise,Restaurant & Cafe,Ameerpet,Central,17.405544,78.443852,2,0.9,False,2025-01-01,4.54,1300,150,0.657,0.584,9.0,4.38,4.44,315.0,57.0,0.0387,0.458
BIZ_149,Ivory Rise,Restaurant & Cafe,Ameerpet,Central,17.405544,78.443852,2,1.0,False,2025-02-01,4.41,1378,78,0.7,0.581,4.4,3.94,4.46,257.0,53.0,0.0362,0.484
BIZ_149,Ivory Rise,Restaurant & Cafe,Ameerpet,Central,17.405544,78.443852,2,1.1,False,2025-03-01,4.45,1471,93,0.626,0.593,2.3,4.3,3.93,256.0,64.0,0.0282,0.444
BIZ_149,Ivory Rise,Restaurant & Cafe,Ameerpet,Central,17.405544,78.443852,2,1.1,False,2025-04-01,4.56,1586,115,0.503,0.545,3.5,,4.8,288.0,66.0,0.0684,0.417
BIZ_149,Ivory Rise,Restaurant & Cafe,Ameerpet,Central,17.405544,78.443852,2,1.2,False,2025-05-01,4.48,1678,92,0.595,0.512,3.7,4.27,4.4,208.0,29.0,0.0425,0.405
BIZ_149,Ivory Rise,Restaurant & Cafe,Ameerpet,Central,17.405544,78.443852,2,1.3,False,2025-06-01,4.37,1855,177,0.672,0.477,6.2,4.24,4.21,191.0,41.0,0.0271,0.45
BIZ_149,Ivory Rise,Restaurant & Cafe,Ameerpet,Central,17.405544,78.443852,2,1.4,False,2025-07-01,4.42,1958,103,0.824,0.341,19.3,4.67,4.37,187.0,,0.0833,0.441
BIZ_149,Ivory Rise,Restaurant & Cafe,Ameerpet,Central,17.405544,78.443852,2,1.5,False,2025-08-01,4.35,2037,79,0.565,0.465,11.8,3.92,4.51,255.0,27.0,0.0475,0.459
BIZ_149,Ivory Rise,Restaurant & Cafe,Ameerpet,Central,17.405544,78.443852,2,1.6,False,2025-09-01,4.26,2138,101,0.596,0.576,5.7,3.56,4.33,317.0,43.0,0.0203,0.369
BIZ_149,Ivory Rise,Restaurant & Cafe,Ameerpet,Central,17.405544,78.443852,2,1.6,False,2025-10-01,4.4,2177,39,0.67,0.481,11.7,4.41,4.27,229.0,55.0,0.0328,0.465
BIZ_149,Ivory Rise,Restaurant & Cafe,Ameerpet,Central,17.405544,78.443852,2,1.7,False,2025-11-01,4.39,2262,85,0.726,0.506,3.4,4.79,4.5,308.0,69.0,0.0573,0.489
BIZ_149,Ivory Rise,Restaurant & Cafe,Ameerpet,Central,17.405544,78.443852,2,1.8,False,2025-12-01,4.33,2393,131,0.66,0.559,5.1,4.36,4.56,136.0,49.0,0.035,0.499
BIZ_149,Ivory Rise,Restaurant & Cafe,Ameerpet,Central,17.405544,78.443852,2,1.9,False,2026-01-01,4.45,2534,141,0.721,0.43,6.0,3.94,4.82,303.0,63.0,0.0231,0.552
BIZ_149,Ivory Rise,Restaurant & Cafe,Ameerpet,Central,17.405544,78.443852,2,2.0,False,2026-02-01,4.57,2672,138,0.9,0.431,,4.41,4.95,235.0,82.0,0.0329,0.466
BIZ_149,Ivory Rise,Restaurant & Cafe,Ameerpet,Central,17.405544,78.443852,2,2.1,False,2026-03-01,4.52,2828,156,0.713,0.452,2.8,4.58,4.55,249.0,45.0,0.0702,0.476
BIZ_149,Ivory Rise,Restaurant & Cafe,Ameerpet,Central,17.405544,78.443852,2,2.1,False,2026-04-01,4.51,2893,65,0.815,0.62,4.6,4.16,4.36,120.0,55.0,0.0371,0.434
BIZ_149,Ivory Rise,Restaurant & Cafe,Ameerpet,Central,17.405544,78.443852,2,2.2,False,2026-05-01,4.45,2957,64,0.523,0.511,11.5,4.2,4.2,301.0,58.0,0.0407,0.453
BIZ_149,Ivory Rise,Restaurant & Cafe,Ameerpet,Central,17.405544,78.443852,2,2.3,False,2026-06-01,4.46,3068,111,0.731,0.574,14.5,4.31,4.17,220.0,47.0,0.0319,0.447
BIZ_150,Spice Bar,Bakery & Cafe,Uppal,East,17.445955,78.590043,2,7.9,False,2025-01-01,3.98,332,5,0.536,0.598,1.6,3.79,4.09,395.0,37.0,0.0907,0.428
BIZ_150,Spice Bar,Bakery & Cafe,Uppal,East,17.445955,78.590043,2,8.0,False,2025-02-01,4.04,338,6,0.58,0.646,8.8,4.44,3.83,253.0,61.0,0.026,0.471
BIZ_150,Spice Bar,Bakery & Cafe,Uppal,East,17.445955,78.590043,2,8.1,False,2025-03-01,3.99,342,4,0.703,0.594,7.5,4.36,4.01,237.0,37.0,0.0309,0.447
BIZ_150,Spice Bar,Bakery & Cafe,Uppal,East,17.445955,78.590043,2,8.2,False,2025-04-01,4.15,342,0,0.528,0.607,2.0,3.88,3.86,199.0,43.0,0.0276,0.506
BIZ_150,Spice Bar,Bakery & Cafe,Uppal,East,17.445955,78.590043,2,8.2,False,2025-05-01,3.91,348,6,0.551,0.436,9.6,3.87,4.02,266.0,48.0,0.0506,0.49
BIZ_150,Spice Bar,Bakery & Cafe,Uppal,East,17.445955,78.590043,2,8.3,False,2025-06-01,4.02,353,5,0.752,0.623,4.1,3.8,3.76,334.0,67.0,0.0411,0.364
BIZ_150,Spice Bar,Bakery & Cafe,Uppal,East,17.445955,78.590043,2,8.4,False,2025-07-01,3.99,357,4,0.63,0.496,8.2,4.2,4.21,272.0,35.0,0.0201,0.534
BIZ_150,Spice Bar,Bakery & Cafe,Uppal,East,17.445955,78.590043,2,8.5,False,2025-08-01,4.07,364,7,0.605,0.59,3.2,3.7,3.57,201.0,12.0,0.0394,0.446
BIZ_150,Spice Bar,Bakery & Cafe,Uppal,East,17.445955,78.590043,2,8.6,False,2025-09-01,4.04,368,4,0.398,0.432,12.3,4.28,3.54,183.0,36.0,0.023,0.428
BIZ_150,Spice Bar,Bakery & Cafe,Uppal,East,17.445955,78.590043,2,8.7,False,2025-10-01,3.92,371,3,0.588,0.397,4.6,4.02,4.02,284.0,82.0,0.0421,0.46
BIZ_150,Spice Bar,Bakery & Cafe,Uppal,East,17.445955,78.590043,2,8.7,False,2025-11-01,3.8,378,7,0.576,0.57,6.3,3.64,3.81,250.0,64.0,0.0298,0.522
BIZ_150,Spice Bar,Bakery & Cafe,Uppal,East,17.445955,78.590043,2,8.8,False,2025-12-01,3.9,382,4,0.533,0.512,12.8,3.6,4.56,285.0,87.0,0.0409,0.464
BIZ_150,Spice Bar,Bakery & Cafe,Uppal,East,17.445955,78.590043,2,8.9,False,2026-01-01,4.06,389,7,0.694,0.411,7.0,4.24,3.8,193.0,35.0,0.0485,0.331
BIZ_150,Spice Bar,Bakery & Cafe,Uppal,East,17.445955,78.590043,2,9.0,False,2026-02-01,3.99,393,4,0.531,0.434,2.8,4.36,3.82,353.0,53.0,0.0404,0.419
BIZ_150,Spice Bar,Bakery & Cafe,Uppal,East,17.445955,78.590043,2,9.1,False,2026-03-01,3.96,399,6,0.579,0.534,12.7,3.52,3.72,311.0,64.0,0.035,0.445
BIZ_150,Spice Bar,Bakery & Cafe,Uppal,East,17.445955,78.590043,2,9.2,False,2026-04-01,4.04,404,5,0.519,0.44,3.8,3.95,4.23,290.0,44.0,0.0382,0.444
BIZ_150,Spice Bar,Bakery & Cafe,Uppal,East,17.445955,78.590043,2,9.2,False,2026-05-01,4.12,405,1,0.576,0.659,1.7,3.96,4.27,212.0,61.0,0.0276,0.413
BIZ_150,Spice Bar,Bakery & Cafe,Uppal,East,17.445955,78.590043,2,9.3,False,2026-06-01,4.05,411,6,0.531,0.672,4.6,3.92,4.04,207.0,50.0,0.0251,0.495
BIZ_047,Grand Roast Hub,Cafe,Miyapur,West,17.435996,78.38327,3,7.0,False,2026-06-01,3.8,6425,41,0.138,0.528,5.0,3.98,3.65,486.0,81.0,0.0398,0.425
BIZ_030,Cedar Drip Co,Cafe,Mehdipatnam,South,17.405353,78.462341,3,4.8,False,2025-08-01,3.93,4345,37,0.123,0.45,4.7,3.51,3.45,318.0,31.0,0.0204,0.448
BIZ_098,Crumb Kitchen,Tea House,Kondapur,West,17.427656,78.391333,1,3.0,False,2025-04-01,3.4,9935,232,,0.355,4.0,3.25,3.57,893.0,100.0,0.0625,0.513
BIZ_027,Pearl Roast,Coffee Shop,Ameerpet,Central,17.41593,78.417987,2,4.9,False,2026-06-01,4.25,216,2,0.586,0.648,4.9,,4.38,176.0,66.0,0.0303,0.451
BIZ_050,Crimson Cup Coffee,Cafe,Hitech City,West,17.435406,78.398535,2,6.0,False,2025-01-01,4.21,400,7,0.597,0.185,8.9,,3.97,267.0,77.0,,0.445
BIZ_075,Silver Filter Cafe,Coffee Shop,Hitech City,West,17.454225,78.378442,2,2.8,False,2026-04-01,3.67,259,5,0.305,0.411,5.0,3.53,3.79,170.0,49.0,0.0243,0.468
BIZ_083,Cozy Filter,Cafe,Charminar,Old City,17.355832,78.489794,3,2.9,False,2025-11-01,4.35,1524,60,0.939,0.725,2.8,4.61,3.97,243.0,94.0,0.044,0.427
BIZ_010,Thrivesome Cafe Co,Cafe,Miyapur,West,17.42984,78.352754,1,2.8,False,2025-10-01,4.85,287,6,1.0,0.603,4.4,5.0,4.78,208.0,40.0,0.0241,0.448
BIZ_077,Amber Stir,Coffee Shop,Hitech City,West,17.477599,78.411462,2,5.7,False,2025-08-01,3.89,209,2,0.062,0.445,8.0,3.7,3.85,224.0,52.0,0.0505,0.44
BIZ_092,Grand Cup Station,Restaurant & Cafe,Jubilee Hills,Central,17.404832,78.438742,2,2.0,False,2026-04-01,4.83,2546,170,0.749,0.59,7.1,4.2,4.97,265.0,46.0,0.0458,0.509
BIZ_122,Crimson Sip Cafe,Cafe,Sainikpuri,East,17.459847,78.513727,2,3.5,False,2025-04-01,4.18,2882,72,0.688,0.429,4.8,4.07,4.12,250.0,67.0,,0.454
BIZ_050,Crimson Cup Coffee,Cafe,Hitech City,West,17.435406,78.398535,2,6.8,False,2025-11-01,4.14,451,6,0.609,0.516,10.6,3.76,4.23,178.0,55.0,0.0235,0.411
BIZ_135,Jade Whisk,Bakery & Cafe,Kondapur,West,17.433998,78.369822,3,5.8,False,2026-05-01,3.95,120,3,0.294,0.403,4.1,4.03,,166.0,56.0,0.0599,0.385
